{
"type": "FeatureCollection",
"name": "world",
"features": [
{ "type": "Feature", "properties": { "NAME_CHN": "利比里亚", "NAME_ENG": "Liberia", "NR_C": 184, "NR_C_ID": 184, "SOC": "LBR" }, "geometry": { "type": "Polygon", "coordinates": [ [ [ -7.374573, 5.614619 ], [ -7.597046, 4.895309 ], [ -7.521515, 4.364213 ], [ -7.723389, 4.36832 ], [ -9.29306, 5.147025 ], [ -10.020905, 5.9439 ], [ -10.754242, 6.267523 ], [ -10.730896, 6.419025 ], [ -11.35437, 6.70689 ], [ -11.491699, 6.92779 ], [ -10.604553, 7.770866 ], [ -10.605927, 8.032034 ], [ -10.305176, 8.201976 ], [ -10.287323, 8.484597 ], [ -9.759979, 8.549788 ], [ -9.477081, 8.371845 ], [ -9.343872, 7.749094 ], [ -9.478455, 7.362467 ], [ -9.212036, 7.38562 ], [ -9.104919, 7.193551 ], [ -8.86322, 7.257583 ], [ -8.559723, 7.6933 ], [ -8.274078, 7.006853 ], [ -8.599548, 6.504993 ], [ -7.901917, 6.279808 ], [ -7.757721, 5.953461 ], [ -7.422638, 5.842813 ], [ -7.374573, 5.614619 ] ] ] } },
{ "type": "Feature", "properties": { "NAME_CHN": "法属加蓬", "NAME_ENG": null, "NR_C": null, "NR_C_ID": null, "SOC": null }, "geometry": { "type": "Polygon", "coordinates": [ [ [ 9.210856294878127, -0.656907672273951 ], [ 9.359917963706469, 0.077753409808587 ], [ 9.51004, 0.28427 ], [ 9.913788, 0.190887 ], [ 11.616108892204942, 0.206510821629097 ], [ 13.80164260007011, 1.250611945224603 ], [ 15.773562446597323, 1.39135936635835 ], [ 16.02377310498775, 0.385193101767048 ], [ 16.242218090619826, -0.250377725335005 ], [ 16.846161, -1.263325 ], [ 16.200714, -2.1981 ], [ 16.222687, -3.296824 ], [ 15.920563, -3.92728 ], [ 15.541534, -4.062905 ], [ 14.690094, -4.917201 ], [ 14.412689, -4.893941 ], [ 14.407196, -4.279311 ], [ 13.959503, -4.517559 ], [ 13.734283, -4.450474 ], [ 13.72879, -4.709197 ], [ 13.434906, -4.919938 ], [ 13.09845, -4.64213 ], [ 12.889709, -4.402552 ], [ 12.404938, -4.590114 ], [ 12.010803, -5.026651 ], [ 11.659726568486587, -4.372802130923306 ], [ 9.636746777244817, -2.413705912036539 ], [ 8.827554860748108, -0.73143850668812 ], [ 9.210856294878127, -0.656907672273951 ] ] ] } },
{ "type": "Feature", "properties": { "NAME_CHN": "法属刚果", "NAME_ENG": null, "NR_C": null, "NR_C_ID": null, "SOC": null }, "geometry": { "type": "Polygon", "coordinates": [ [ [ 18.06839, 1.521428 ], [ 18.094482, 2.237895 ], [ 18.642426, 3.209075 ], [ 18.635559, 3.470928 ], [ 18.463327024294465, 3.490200899771672 ], [ 18.18924, 3.480523 ], [ 17.547662487206082, 3.527466316978757 ], [ 17.175008315135226, 3.511495423890005 ], [ 16.971379428253634, 3.483546360984706 ], [ 16.822317759425289, 1.529773773127523 ], [ 17.375975386501974, -0.413351552670496 ], [ 17.329559, -0.999705 ], [ 17.709961, -0.541069 ], [ 17.774506, 0.107117 ], [ 17.962646, 0.407864 ], [ 17.844543, 0.936543 ], [ 18.06839, 1.521428 ] ] ] } },
{ "type": "Feature", "properties": { "NAME_CHN": "英属索马里", "NAME_ENG": null, "NR_C": null, "NR_C_ID": null, "SOC": null }, "geometry": { "type": "Polygon", "coordinates": [ [ [ 45.276088565506967, 10.58799567851699 ], [ 44.961548, 10.417586 ], [ 44.564667, 10.379765 ], [ 43.956299, 10.680851 ], [ 43.503113, 11.370992 ], [ 43.254547, 11.469258 ], [ 42.962036, 10.984335 ], [ 42.841187, 10.974898 ], [ 42.962036, 10.984335 ], [ 42.698364, 10.545871 ], [ 43.468781, 9.419258 ], [ 44.005737, 8.996313 ], [ 46.989899, 7.999397 ], [ 47.985535, 7.999397 ], [ 48.996696655796569, 8.994566365974894 ], [ 49.007343917855742, 11.227829582885006 ], [ 48.529358, 11.309054 ], [ 48.007507, 11.113727 ], [ 47.422485, 11.175707 ], [ 46.450195, 10.680851 ], [ 45.807495, 10.867024 ], [ 45.276088565506967, 10.58799567851699 ] ] ] } },
{ "type": "Feature", "properties": { "NAME_CHN": "埃塞俄比亚", "NAME_ENG": "Ethiopia", "NR_C": 169, "NR_C_ID": 169, "SOC": "ETH" }, "geometry": { "type": "Polygon", "coordinates": [ [ [ 43.659668, 4.867943 ], [ 43.235321, 4.696879 ], [ 43.080139, 4.602434 ], [ 42.849426, 4.279311 ], [ 42.08725, 4.179333 ], [ 41.835938, 3.946461 ], [ 41.169891, 3.942351 ], [ 40.774384, 4.282049 ], [ 39.869385, 3.875216 ], [ 39.546661, 3.405129 ], [ 38.530426, 3.658705 ], [ 38.129425, 3.617589 ], [ 36.868744, 4.444997 ], [ 36.037903, 4.449105 ], [ 35.816803, 4.777626 ], [ 35.862122, 5.313868 ], [ 35.319672, 5.334379 ], [ 35.127411, 5.624186 ], [ 34.937897, 6.551382 ], [ 34.193573, 7.038202 ], [ 33.671722, 7.6933 ], [ 33.045502, 7.791276 ], [ 33.217163, 8.430263 ], [ 33.769226, 8.362334 ], [ 34.140015, 8.5946 ], [ 34.116669, 9.45719 ], [ 34.107056, 9.557417 ], [ 34.344635, 10.160857 ], [ 34.299316, 10.587721 ], [ 34.60144, 10.904785 ], [ 34.786835, 10.70649 ], [ 34.972229, 10.900739 ], [ 35.054626, 11.734269 ], [ 35.689087, 12.660438 ], [ 36.154633, 12.680535 ], [ 36.548767, 14.268376 ], [ 37.076111, 14.267045 ], [ 37.304077, 14.445319 ], [ 37.574615, 14.095289 ], [ 37.916565, 14.894359 ], [ 38.454895, 14.41074 ], [ 39.092102, 14.627438 ], [ 39.25415, 14.42138 ], [ 39.563141, 14.55833 ], [ 40.193481, 14.450639 ], [ 40.826569, 14.159213 ], [ 42.40448, 12.462056 ], [ 41.837311, 11.727546 ], [ 41.772766, 11.488099 ], [ 41.815338, 10.95872 ], [ 42.632446, 11.089471 ], [ 42.841187, 10.974898 ], [ 42.962036, 10.984335 ], [ 42.698364, 10.545871 ], [ 43.468781, 9.419258 ], [ 44.005737, 8.996313 ], [ 46.989899, 7.999397 ], [ 47.985535, 7.999397 ], [ 44.982147, 4.917201 ], [ 44.01535, 4.960983 ], [ 43.659668, 4.867943 ] ] ] } },
{ "type": "Feature", "properties": { "NAME_CHN": "意属利比亚", "NAME_ENG": null, "NR_C": null, "NR_C_ID": null, "SOC": null }, "geometry": { "type": "Polygon", "coordinates": [ [ [ 15.748901, 31.400535 ], [ 15.211945, 32.38576 ], [ 13.390961, 32.900344 ], [ 12.312927, 32.835751 ], [ 11.565857, 33.168594 ], [ 11.488953, 32.667125 ], [ 11.598816, 32.523658 ], [ 10.644379, 31.893883 ], [ 10.291443, 31.689613 ], [ 10.137634, 31.487236 ], [ 10.307922, 30.909295 ], [ 10.213165, 30.713504 ], [ 9.889069, 30.349176 ], [ 9.575958, 30.240086 ], [ 9.53470861928305, 30.050451329474175 ], [ 9.792938, 29.431225 ], [ 10.473823735954948, 29.033213771067356 ], [ 10.721576544943712, 28.584899164325783 ], [ 11.512025983145962, 28.354842984550501 ], [ 11.028318117977424, 27.363831748595445 ], [ 10.556408005617868, 26.732651973314546 ], [ 10.355846207865063, 25.806528377808931 ], [ 10.181829353932461, 25.275629501404417 ], [ 10.040131, 24.877716 ], [ 10.239258, 24.612063 ], [ 11.012421, 24.460901 ], [ 11.62705407303358, 24.63265197331452 ], [ 12.435200140449309, 24.526472198033623 ], [ 13.078177668539197, 24.379000287921262 ], [ 13.57958216292122, 24.243326130617891 ], [ 13.965958567415617, 23.895292422752775 ], [ 14.188843, 22.644432 ], [ 15.99884, 23.450648 ], [ 17.698459833488819, 24.661291577669338 ], [ 19.061309377062091, 25.683428735349295 ], [ 19.969875739444273, 27.046278278922564 ], [ 20.438355270047584, 28.032924563071958 ], [ 20.637104161818687, 28.614974888973041 ], [ 21.02040559594867, 29.175730690755806 ], [ 21.730223066559748, 29.488050377824678 ], [ 22.695574826590814, 29.544835775473565 ], [ 24.015835321927433, 30.098493402550222 ], [ 24.860687, 31.406396 ], [ 25.149078, 31.651043 ], [ 25.040588, 31.926524 ], [ 23.325348, 32.1605 ], [ 23.091888, 32.341681 ], [ 23.111115, 32.635906 ], [ 22.149811, 32.933776 ], [ 21.630707, 32.925707 ], [ 20.576019, 32.552601 ], [ 20.100861, 32.188398 ], [ 19.925079, 31.829732 ], [ 20.176392, 31.152883 ], [ 20.056915, 30.849184 ], [ 19.607849, 30.411966 ], [ 19.025574, 30.269742 ], [ 17.84729, 30.926967 ], [ 15.748901, 31.400535 ] ] ] } },
{ "type": "Feature", "properties": { "NAME_CHN": "法属索马里", "NAME_ENG": "DJIBOUTI", "NR_C": 174, "NR_C_ID": 174, "SOC": "DJI" }, "geometry": { "type": "MultiPolygon", "coordinates": [ [ [ [ 42.841187, 10.974898 ], [ 42.632446, 11.089471 ], [ 41.815338, 10.95872 ], [ 41.772766, 11.488099 ], [ 41.837311, 11.727546 ], [ 42.40448, 12.462056 ], [ 42.463531, 12.523731 ], [ 42.696991, 12.360125 ], [ 43.135071, 12.70733 ], [ 43.356171, 12.382928 ], [ 43.367157, 11.978875 ], [ 42.514343, 11.576907 ], [ 42.631073, 11.461183 ], [ 43.146057, 11.615919 ], [ 43.254547, 11.469258 ], [ 42.962036, 10.984335 ], [ 42.841187, 10.974898 ] ] ], [ [ [ 43.202362, 11.714099 ], [ 43.199615, 11.731579 ], [ 43.211975, 11.731579 ], [ 43.202362, 11.714099 ] ] ], [ [ [ 43.194122, 11.720822 ], [ 43.180389, 11.72889 ], [ 43.199615, 11.723512 ], [ 43.194122, 11.720822 ] ] ] ] } },
{ "type": "Feature", "properties": { "NAME_CHN": "法属西非", "NAME_ENG": "ALGERIA", "NR_C": 159, "NR_C_ID": 159, "SOC": "DZA" }, "geometry": { "type": "MultiPolygon", "coordinates": [ [ [ [ 6.421509, 13.601943 ], [ 5.526123, 13.891411 ], [ 4.464569, 13.703364 ], [ 4.130859, 13.472435 ], [ 4.096527, 12.996529 ], [ 3.641968, 12.519709 ], [ 3.679047, 11.75847 ], [ 3.496399, 11.292894 ], [ 3.725739, 11.124507 ], [ 3.847961, 10.589071 ], [ 3.786163, 10.40543 ], [ 3.632355, 10.417586 ], [ 3.595276, 9.945856 ], [ 3.136597, 9.462608 ], [ 3.088531, 9.102097 ], [ 2.778168, 9.053277 ], [ 2.709503, 6.368529 ], [ 1.807251, 6.283904 ], [ 1.573792, 6.687795 ], [ 1.624603, 9.043784 ], [ 1.341705, 9.546583 ], [ 1.355438, 9.999958 ], [ 0.774536, 10.385168 ], [ 0.911865, 10.996468 ], [ 0.502625, 11.008601 ], [ 0.023346, 11.081385 ], [ -0.273285, 11.173013 ], [ -0.620728, 10.902088 ], [ -2.834473, 11.004556 ], [ -2.945709, 10.629566 ], [ -2.776794, 10.417586 ], [ -2.664185, 9.247159 ], [ -2.779541, 9.05599 ], [ -2.49527, 8.204694 ], [ -2.780914, 7.949077 ], [ -2.953949, 7.234423 ], [ -3.22998, 6.817353 ], [ -3.02536, 5.707547 ], [ -2.776794, 5.613252 ], [ -2.725983, 5.3795 ], [ -2.757568, 5.100519 ], [ -2.850194215238895, 5.037137577247091 ], [ -4.09559449613777, 5.291526622190911 ], [ -5.865257417486086, 5.039349655898776 ], [ -6.197069215238896, 4.875655835674056 ], [ -6.89608606917148, 4.650023813202147 ], [ -7.090748990519794, 4.517299094101023 ], [ -7.521515, 4.364213 ], [ -7.597046, 4.895309 ], [ -7.374573, 5.614619 ], [ -7.422638, 5.842813 ], [ -7.757721, 5.953461 ], [ -7.901917, 6.279808 ], [ -8.599548, 6.504993 ], [ -8.274078, 7.006853 ], [ -8.559723, 7.6933 ], [ -8.86322, 7.257583 ], [ -9.104919, 7.193551 ], [ -9.212036, 7.38562 ], [ -9.478455, 7.362467 ], [ -9.343872, 7.749094 ], [ -9.477081, 8.371845 ], [ -9.759979, 8.549788 ], [ -10.287323, 8.484597 ], [ -10.331268, 8.502254 ], [ -10.718536, 8.271291 ], [ -10.469971, 8.674706 ], [ -10.583954, 9.041072 ], [ -10.733643, 9.084468 ], [ -10.663605, 9.300017 ], [ -11.206055, 9.999958 ], [ -12.432404, 9.882275 ], [ -12.793579, 9.297307 ], [ -13.30719, 9.037003 ], [ -13.393030196629333, 9.332441299157205 ], [ -13.680600421348434, 9.726191299157204 ], [ -14.021260533707983, 9.960671636235855 ], [ -14.596400983146196, 10.465025568820122 ], [ -15.047545841246093, 10.912829595471337 ], [ -14.665375, 11.50694 ], [ -13.713684, 11.710065 ], [ -13.705444, 12.004398 ], [ -13.964996, 12.191046 ], [ -13.662872, 12.315853 ], [ -13.709564, 12.676516 ], [ -15.178986, 12.680535 ], [ -15.68985, 12.423166 ], [ -16.717072, 12.327927 ], [ -16.799631320224847, 12.475067703651591 ], [ -16.76718750000013, 12.557651973314512 ], [ -16.7966818820226, 12.752314894662828 ], [ -16.737693117977656, 13.023663209269568 ], [ -16.750275953364319, 13.064741075710616 ], [ -16.675745118950157, 13.164559157515299 ], [ -15.812073, 13.159725 ], [ -15.807953, 13.34152 ], [ -15.295715, 13.360227 ], [ -15.110321, 13.58993 ], [ -14.368744, 13.229251 ], [ -13.797455, 13.423016 ], [ -13.964996, 13.573911 ], [ -14.348145, 13.460415 ], [ -14.765892487087211, 13.642355042420379 ], [ -14.824452428412625, 13.770122187130374 ], [ -15.070496, 13.826079 ], [ -15.380771871004058, 13.754151294041623 ], [ -15.48111, 13.58726 ], [ -16.560516, 13.588595 ], [ -16.773086376404621, 13.940938490168449 ], [ -16.861569522472035, 14.265376692415639 ], [ -17.044434691011361, 14.448241860954965 ], [ -17.233198735955181, 14.675348602528002 ], [ -17.404266151685519, 14.728438490168452 ], [ -17.464729634831585, 14.651753096910024 ], [ -17.531091994382148, 14.746135119381931 ], [ -17.118170646067544, 14.949646355336988 ], [ -16.865387, 15.24709 ], [ -16.551878511236083, 15.766640737359459 ], [ -16.505585, 16.06165 ], [ -16.463395365168665, 16.47155646769653 ], [ -16.463395365168665, 16.648522759831366 ], [ -16.038676264045069, 17.657230624999904 ], [ -16.022186, 18.032281 ], [ -16.185608, 18.920577 ], [ -16.539917, 19.382409 ], [ -16.199341, 20.209367 ], [ -16.487732, 20.72786 ], [ -16.533051, 20.558224 ], [ -16.678619, 20.679045 ], [ -16.889589185393373, 21.066781186797666 ], [ -16.918945, 21.330315 ], [ -13.002319, 21.330315 ], [ -13.058624, 23.058253 ], [ -12.759247, 23.38764 ], [ -11.999817, 23.454428 ], [ -12.003937, 25.998784 ], [ -8.673706, 25.99755 ], [ -8.673706, 27.298571 ], [ -8.669586, 28.719496 ], [ -9.800614466292204, 28.332998707865162 ], [ -10.418904060510284, 28.409124600320613 ], [ -10.675588980166298, 28.395614867707142 ], [ -11.011080673400908, 28.53465253252082 ], [ -11.070185753584859, 28.576307541412358 ], [ -11.11859562878314, 28.681570874692348 ], [ -10.553790297073093, 28.985328768923502 ], [ -10.395426209215122, 29.146695019584463 ], [ -10.0186547774393, 28.879502530117936 ], [ -9.764972020586249, 29.167710159205434 ], [ -9.730447148351807, 29.515961044352828 ], [ -10.047925864768487, 29.560993486397734 ], [ -9.900065835674244, 29.75674783005617 ], [ -9.645996, 30.158189 ], [ -9.61441, 30.420256 ], [ -9.894562, 30.637912 ], [ -9.846497, 31.393502 ], [ -9.264221, 32.177937 ], [ -9.275208, 32.554916 ], [ -8.514404, 33.265102 ], [ -6.793671, 34.082237 ], [ -6.23695575842703, 35.150625112359521 ], [ -5.741450140449502, 34.880751516853898 ], [ -5.17073384831467, 34.690512752808957 ], [ -4.498261938202311, 34.655119494381992 ], [ -3.830214185393322, 34.774571741572998 ], [ -2.888974719101197, 35.019006432584263 ], [ -2.878467345505691, 35.060482907303353 ], [ -2.864918363764122, 35.121775919943801 ], [ -2.755789150280976, 35.103341931179756 ], [ -2.661407127809065, 35.097443054775262 ], [ -2.526470330056256, 35.095230976123574 ], [ -2.420290554775357, 35.148320863764027 ], [ -2.177699262640526, 35.102604571629193 ], [ -1.879068644662998, 35.111452886235945 ], [ -1.480894487359627, 35.314964122191 ], [ -1.295079880618054, 35.376902324438191 ], [ -1.185950667134908, 35.598110189606729 ], [ -0.940704, 35.733136 ], [ -0.622101, 35.721988 ], [ -0.379028, 35.914635 ], [ -0.10849, 35.794425 ], [ 0.344696, 36.203283 ], [ 1.060181, 36.489765 ], [ 2.548828, 36.592376 ], [ 2.975922, 36.815881 ], [ 4.788666, 36.896096 ], [ 5.300903, 36.641978 ], [ 6.403656, 37.089144 ], [ 6.915894, 36.886211 ], [ 7.182312, 36.931232 ], [ 7.212524, 37.091335 ], [ 7.852478, 36.846659 ], [ 8.64212, 36.946599 ], [ 8.672333, 36.824676 ], [ 9.213409, 37.243448 ], [ 9.755859, 37.349418 ], [ 9.827271, 37.142803 ], [ 9.882202, 37.27296 ], [ 10.28183, 37.185485 ], [ 10.132141, 37.147182 ], [ 10.387573, 36.721274 ], [ 11.038513, 37.093526 ], [ 11.136017, 36.876325 ], [ 10.818787, 36.465472 ], [ 10.546875, 36.373751 ], [ 10.471344, 36.134547 ], [ 10.655365, 35.817813 ], [ 11.0495, 35.633861 ], [ 11.160736, 35.231038 ], [ 10.732269, 34.656934 ], [ 10.106049, 34.302606 ], [ 10.012665, 34.007135 ], [ 10.447998, 33.630629 ], [ 10.701212298980803, 33.706307060400576 ], [ 10.736703172511357, 33.728488856357174 ], [ 10.741731046261519, 33.893817175553686 ], [ 10.951127200091788, 33.876071738788404 ], [ 11.061148908036508, 33.827567544963316 ], [ 10.880145453030678, 33.62290350760378 ], [ 10.873047278324568, 33.682054963488035 ], [ 10.829275200970219, 33.735291273783865 ], [ 10.766278900453486, 33.699208885694475 ], [ 10.741435288982098, 33.721982196209908 ], [ 10.742914075379202, 33.674956788781927 ], [ 10.694409881554112, 33.546006614954244 ], [ 10.736998929790779, 33.473841838775456 ], [ 10.913270268325864, 33.528261178188977 ], [ 10.920368443031975, 33.613439274662305 ], [ 11.052246, 33.627199 ], [ 11.120300363920764, 33.538908440248143 ], [ 11.09900583980243, 33.439533994362591 ], [ 11.298065, 33.280028 ], [ 11.14151, 33.317906 ], [ 11.184082, 33.209967 ], [ 11.565857, 33.168594 ], [ 11.488953, 32.667125 ], [ 11.598816, 32.523658 ], [ 10.644379, 31.893883 ], [ 10.291443, 31.689613 ], [ 10.137634, 31.487236 ], [ 10.307922, 30.909295 ], [ 10.213165, 30.713504 ], [ 9.889069, 30.349176 ], [ 9.575958, 30.240086 ], [ 9.53470861928305, 30.050451329474175 ], [ 9.792938, 29.431225 ], [ 10.473823735954948, 29.033213771067356 ], [ 10.721576544943712, 28.584899164325783 ], [ 11.512025983145962, 28.354842984550501 ], [ 11.028318117977424, 27.363831748595445 ], [ 10.556408005617868, 26.732651973314546 ], [ 10.355846207865063, 25.806528377808931 ], [ 10.181829353932461, 25.275629501404417 ], [ 10.040131, 24.877716 ], [ 10.239258, 24.612063 ], [ 11.012421, 24.460901 ], [ 11.62705407303358, 24.63265197331452 ], [ 12.435200140449309, 24.526472198033623 ], [ 13.078177668539197, 24.379000287921262 ], [ 13.57958216292122, 24.243326130617891 ], [ 13.965958567415617, 23.895292422752775 ], [ 14.188843, 22.644432 ], [ 15.99884, 23.450648 ], [ 22.5, 20.284097 ], [ 23.999634, 19.50802 ], [ 24.001007, 15.705019 ], [ 23.122101, 15.710307 ], [ 22.931213, 15.550283 ], [ 22.939453, 15.107924 ], [ 22.674408, 14.858523 ], [ 22.71698, 14.685896 ], [ 22.384644, 14.506485 ], [ 22.576904, 14.176523 ], [ 22.092133, 13.776734 ], [ 22.284393, 13.349537 ], [ 21.843567, 12.786357 ], [ 21.941071, 12.634978 ], [ 22.197876, 12.750195 ], [ 22.458801, 12.624258 ], [ 22.457428, 12.025889 ], [ 22.638702, 12.055437 ], [ 22.565918, 11.6213 ], [ 22.982025, 11.295588 ], [ 22.885895, 10.895345 ], [ 23.668671, 9.891746 ], [ 23.654938, 9.285109 ], [ 23.447571, 9.016659 ], [ 23.586273, 8.99767 ], [ 23.520355, 8.726291 ], [ 24.13147, 8.692354 ], [ 24.175415, 8.711359 ], [ 24.270172, 8.589169 ], [ 24.153442, 8.370486 ], [ 24.862061, 8.181587 ], [ 25.291901, 7.792636 ], [ 25.19989, 7.489112 ], [ 26.407013, 6.652331 ], [ 26.286163, 6.462693 ], [ 26.534729, 6.215647 ], [ 26.455078, 6.079108 ], [ 27.16095, 5.76767 ], [ 27.301025, 5.227717 ], [ 27.143097, 5.204468 ], [ 26.872559, 5.033491 ], [ 26.488037, 5.045803 ], [ 25.540466, 5.386336 ], [ 25.088654, 4.937724 ], [ 24.66156, 4.917201 ], [ 24.396515, 5.11283 ], [ 23.421478, 4.588745 ], [ 22.911987, 4.818681 ], [ 22.541199, 4.203986 ], [ 22.281647, 4.112218 ], [ 20.613098, 4.401183 ], [ 19.824829, 5.09368 ], [ 19.403229, 5.121037 ], [ 18.944725465238655, 4.776665316011115 ], [ 18.549042, 4.316285 ], [ 17.916916605865481, 5.004898700290304 ], [ 16.98703585849708, 6.966623181179664 ], [ 15.774805337718007, 9.528773464282732 ], [ 15.684357, 9.985081 ], [ 15.146027, 10.537771 ], [ 15.025177, 11.13394 ], [ 15.118561, 11.793424 ], [ 15.086975, 11.993652 ], [ 14.83429, 12.622918 ], [ 14.555511, 12.781 ], [ 14.459381, 13.074128 ], [ 14.085846, 13.078141 ], [ 13.634033, 13.710035 ], [ 12.87323, 13.495137 ], [ 12.476349, 13.062088 ], [ 11.521912, 13.353546 ], [ 10.669098, 13.357554 ], [ 10.06073, 13.20385 ], [ 9.650116, 12.803767 ], [ 8.970337, 12.833226 ], [ 7.825012, 13.340184 ], [ 6.928253, 12.989839 ], [ 6.421509, 13.601943 ] ] ], [ [ [ -1.139832, 35.732021 ], [ -1.124725, 35.743168 ], [ -1.132965, 35.727562 ], [ -1.139832, 35.732021 ] ] ], [ [ [ -0.895386, 35.7766 ], [ -0.904999, 35.781057 ], [ -0.894012, 35.785513 ], [ -0.895386, 35.7766 ] ] ] ] } },
{ "type": "Feature", "properties": { "NAME_CHN": "英属加纳", "NAME_ENG": "Ghana", "NR_C": 180, "NR_C_ID": 180, "SOC": "GHA" }, "geometry": { "type": "Polygon", "coordinates": [ [ [ -0.057678, 5.605052 ], [ -2.055817, 4.740675 ], [ -2.343628204002941, 4.928745723314506 ], [ -2.850194215238895, 5.037137577247091 ], [ -2.757568, 5.100519 ], [ -2.725983, 5.3795 ], [ -2.776794, 5.613252 ], [ -3.02536, 5.707547 ], [ -3.22998, 6.817353 ], [ -2.953949, 7.234423 ], [ -2.780914, 7.949077 ], [ -2.49527, 8.204694 ], [ -2.779541, 9.05599 ], [ -2.664185, 9.247159 ], [ -2.776794, 10.417586 ], [ -2.945709, 10.629566 ], [ -2.834473, 11.004556 ], [ -0.620728, 10.902088 ], [ -0.273285, 11.173013 ], [ 0.023346, 11.081385 ], [ -0.064545, 10.640363 ], [ -0.019839580407433, 10.158099655898774 ], [ 0.059795251053241, 9.640473251404391 ], [ 0.203125, 9.39545319218162 ], [ 0.246728515625023, 9.28851959843162 ], [ 0.197021484375, 8.90241119999412 ], [ 0.092976430828523, 8.51563125702237 ], [ 0.182565616221781, 8.203728167134729 ], [ 0.20247432408695, 7.964823672752705 ], [ 0.075292968750006, 7.574823309369108 ], [ 0.241113281250023, 7.312762762494117 ], [ 0.187255859375, 6.92145416874412 ], [ 0.210595703125023, 6.69721100468162 ], [ 0.08984375, 6.165301824994117 ], [ 0.515380859375, 6.047381903119117 ], [ 0.6552734375, 5.873797918744117 ], [ 0.669704928511967, 5.781255201271059 ], [ 0.287018, 5.775868 ], [ -0.057678, 5.605052 ] ] ] } },
{ "type": "Feature", "properties": { "NAME_CHN": "英属塞舌尔", "NAME_ENG": "SEYCHELLES", "NR_C": 197, "NR_C_ID": 197, "SOC": "SYC" }, "geometry": { "type": "MultiPolygon", "coordinates": [ [ [ [ 47.745209, -10.090558 ], [ 47.736969, -10.109486 ], [ 47.746582, -10.081093 ], [ 47.761688, -10.097318 ], [ 47.746582, -10.114894 ], [ 47.745209, -10.090558 ] ] ], [ [ [ 47.5914, -9.753724 ], [ 47.59552, -9.75643 ], [ 47.570801, -9.759137 ], [ 47.5914, -9.753724 ] ] ], [ [ [ 46.501007, -9.718532 ], [ 46.499634, -9.746956 ], [ 46.485901, -9.753724 ], [ 46.501007, -9.718532 ] ] ], [ [ [ 47.654572, -9.723947 ], [ 47.633972, -9.74831 ], [ 47.644958, -9.721239 ], [ 47.654572, -9.723947 ] ] ], [ [ [ 51.15921, -10.193297 ], [ 51.156464, -10.183836 ], [ 51.178436, -10.150043 ], [ 51.15921, -10.193297 ] ] ], [ [ [ 51.16333, -10.110838 ], [ 51.177063, -10.094614 ], [ 51.190796, -10.132469 ], [ 51.16333, -10.110838 ] ] ], [ [ [ 51.008148, -9.514079 ], [ 51.008148, -9.493763 ], [ 51.021881, -9.501889 ], [ 51.008148, -9.514079 ] ] ], [ [ [ 51.043854, -9.243093 ], [ 51.049347, -9.221405 ], [ 51.049347, -9.24987 ], [ 51.043854, -9.243093 ] ] ], [ [ [ 47.651825, -9.698228 ], [ 47.657318, -9.70635 ], [ 47.654572, -9.713118 ], [ 47.651825, -9.698228 ] ] ], [ [ [ 47.504883, -9.714472 ], [ 47.507629, -9.695521 ], [ 47.522736, -9.694167 ], [ 47.504883, -9.714472 ] ] ], [ [ [ 50.997162, -9.528977 ], [ 51.005402, -9.531686 ], [ 51.004028, -9.542521 ], [ 50.997162, -9.528977 ] ] ], [ [ [ 46.323853, -9.444998 ], [ 46.204376, -9.396226 ], [ 46.521606, -9.379967 ], [ 46.323853, -9.444998 ] ] ], [ [ [ 46.264801, -9.393516 ], [ 46.248322, -9.389452 ], [ 46.263428, -9.386742 ], [ 46.264801, -9.393516 ] ] ], [ [ [ 46.20163, -9.374548 ], [ 46.234589, -9.340672 ], [ 46.241455, -9.365063 ], [ 46.20163, -9.374548 ] ] ], [ [ [ 46.334839, -9.348803 ], [ 46.436462, -9.347448 ], [ 46.275787, -9.350158 ], [ 46.334839, -9.348803 ] ] ], [ [ [ 46.252441, -9.350158 ], [ 46.240082, -9.342027 ], [ 46.270294, -9.346092 ], [ 46.252441, -9.350158 ] ] ], [ [ [ 50.72113, -9.31899 ], [ 50.72937, -9.331186 ], [ 50.715637, -9.327121 ], [ 50.72113, -9.31899 ] ] ], [ [ [ 52.731628, -7.1554 ], [ 52.739868, -7.173113 ], [ 52.727509, -7.16085 ], [ 52.731628, -7.1554 ] ] ], [ [ [ 52.750854, -7.006853 ], [ 52.733002, -6.995948 ], [ 52.760468, -7.000038 ], [ 52.750854, -7.006853 ] ] ], [ [ [ 53.065338, -6.227934 ], [ 53.050232, -6.236125 ], [ 53.040619, -6.232029 ], [ 53.065338, -6.227934 ] ] ], [ [ [ 53.153229, -6.170593 ], [ 53.146362, -6.182881 ], [ 53.144989, -6.173324 ], [ 53.153229, -6.170593 ] ] ], [ [ [ 53.319397, -5.766303 ], [ 53.315277, -5.779966 ], [ 53.307037, -5.766303 ], [ 53.319397, -5.766303 ] ] ], [ [ [ 53.32077, -5.75264 ], [ 53.318024, -5.758105 ], [ 53.302917, -5.755372 ], [ 53.32077, -5.75264 ] ] ], [ [ [ 53.22464, -5.662452 ], [ 53.247986, -5.665185 ], [ 53.234253, -5.670651 ], [ 53.22464, -5.662452 ] ] ], [ [ [ 53.302917, -5.408211 ], [ 53.302917, -5.41368 ], [ 53.287811, -5.409578 ], [ 53.302917, -5.408211 ] ] ], [ [ [ 53.296051, -5.11283 ], [ 53.301544, -5.118301 ], [ 53.296051, -5.122404 ], [ 53.290558, -5.118301 ], [ 53.296051, -5.11283 ] ] ], [ [ [ 56.265106, -7.104981 ], [ 56.276093, -7.137686 ], [ 56.23764, -7.184013 ], [ 56.265106, -7.104981 ] ] ], [ [ [ 55.945129, -4.594221 ], [ 55.931396, -4.580532 ], [ 55.938263, -4.576425 ], [ 55.945129, -4.594221 ] ] ], [ [ [ 55.842133, -4.339565 ], [ 55.836639, -4.376536 ], [ 55.82016, -4.34915 ], [ 55.842133, -4.339565 ] ] ], [ [ [ 55.393066, -5.861939 ], [ 55.401306, -5.874234 ], [ 55.388947, -5.864671 ], [ 55.393066, -5.861939 ] ] ], [ [ [ 53.653107, -5.693882 ], [ 53.657227, -5.685683 ], [ 53.699799, -5.677484 ], [ 53.672333, -5.693882 ], [ 53.653107, -5.693882 ] ] ], [ [ [ 53.344116, -5.436921 ], [ 53.331757, -5.435554 ], [ 53.327637, -5.419148 ], [ 53.344116, -5.436921 ] ] ], [ [ [ 55.534515, -4.798154 ], [ 55.365601, -4.643498 ], [ 55.434265, -4.566842 ], [ 55.534515, -4.798154 ] ] ], [ [ [ 55.404053, -4.666767 ], [ 55.405426, -4.680455 ], [ 55.39444, -4.672242 ], [ 55.404053, -4.666767 ] ] ], [ [ [ 55.504303, -4.636655 ], [ 55.49469, -4.632548 ], [ 55.505676, -4.631179 ], [ 55.504303, -4.636655 ] ] ], [ [ [ 55.497437, -4.610647 ], [ 55.500183, -4.601065 ], [ 55.50705, -4.60654 ], [ 55.497437, -4.610647 ] ] ], [ [ [ 55.224152, -4.495655 ], [ 55.210419, -4.465534 ], [ 55.262604, -4.483333 ], [ 55.224152, -4.495655 ] ] ], [ [ [ 55.91629, -4.335456 ], [ 55.91217, -4.34915 ], [ 55.909424, -4.340934 ], [ 55.91629, -4.335456 ] ] ], [ [ [ 55.879211, -4.335456 ], [ 55.859985, -4.317655 ], [ 55.876465, -4.316285 ], [ 55.879211, -4.335456 ] ] ], [ [ [ 55.758362, -4.358735 ], [ 55.681458, -4.288897 ], [ 55.792694, -4.32724 ], [ 55.758362, -4.358735 ] ] ], [ [ [ 55.861359, -4.279311 ], [ 55.870972, -4.294375 ], [ 55.866852, -4.295744 ], [ 55.861359, -4.279311 ] ] ], [ [ [ 55.857239, -4.288897 ], [ 55.850372, -4.283419 ], [ 55.853119, -4.279311 ], [ 55.857239, -4.288897 ] ] ], [ [ [ 55.713043, -4.275202 ], [ 55.741882, -4.277941 ], [ 55.730896, -4.287527 ], [ 55.713043, -4.275202 ] ] ], [ [ [ 55.248871, -4.379275 ], [ 55.259857, -4.392967 ], [ 55.248871, -4.399814 ], [ 55.248871, -4.379275 ] ] ], [ [ [ 55.641632, -4.342303 ], [ 55.647125, -4.343673 ], [ 55.643005, -4.34915 ], [ 55.641632, -4.342303 ] ] ], [ [ [ 55.658112, -4.205356 ], [ 55.673218, -4.208095 ], [ 55.663605, -4.212204 ], [ 55.658112, -4.205356 ] ] ], [ [ [ 55.667725, -3.814927 ], [ 55.673218, -3.798484 ], [ 55.673218, -3.812187 ], [ 55.667725, -3.814927 ] ] ], [ [ [ 55.213165, -3.712152 ], [ 55.215912, -3.719004 ], [ 55.209045, -3.727227 ], [ 55.213165, -3.712152 ] ] ] ] } },
{ "type": "Feature", "properties": { "NAME_CHN": "比属刚果", "NAME_ENG": "D.R.CONGO", "NR_C": 193, "NR_C_ID": 193, "SOC": "COD" }, "geometry": { "type": "MultiPolygon", "coordinates": [ [ [ [ 22.277527, -11.249797 ], [ 22.17453, -10.875116 ], [ 22.335205, -10.753715 ], [ 22.328339, -10.385168 ], [ 22.19101, -9.926919 ], [ 21.792755, -9.420613 ], [ 21.960297, -8.496821 ], [ 21.74469, -7.932755 ], [ 21.780396, -7.283466 ], [ 20.541687, -7.282103 ], [ 20.626831, -6.912794 ], [ 19.543304, -7.000038 ], [ 19.37439, -7.999397 ], [ 18.532562, -7.920514 ], [ 17.560272, -8.12721 ], [ 16.953278, -7.203088 ], [ 16.729431, -6.188342 ], [ 16.600342, -5.917947 ], [ 16.511078, -5.878332 ], [ 13.047638, -5.870136 ], [ 12.447843882262811, -6.053970677239279 ], [ 12.204437, -5.766303 ], [ 12.524414, -5.741708 ], [ 12.457123, -5.088208 ], [ 13.09845, -4.64213 ], [ 13.434906, -4.919938 ], [ 13.72879, -4.709197 ], [ 13.734283, -4.450474 ], [ 13.959503, -4.517559 ], [ 14.407196, -4.279311 ], [ 14.412689, -4.893941 ], [ 14.690094, -4.917201 ], [ 15.541534, -4.062905 ], [ 15.920563, -3.92728 ], [ 16.222687, -3.296824 ], [ 16.200714, -2.1981 ], [ 16.846161, -1.263325 ], [ 17.329559, -0.999705 ], [ 17.709961, -0.541069 ], [ 17.774506, 0.107117 ], [ 17.962646, 0.407864 ], [ 17.844543, 0.936543 ], [ 18.06839, 1.521428 ], [ 18.094482, 2.237895 ], [ 18.642426, 3.209075 ], [ 18.635559, 3.470928 ], [ 18.549042, 4.316285 ], [ 18.944725465238655, 4.776665316011115 ], [ 19.403229, 5.121037 ], [ 19.824829, 5.09368 ], [ 20.613098, 4.401183 ], [ 22.281647, 4.112218 ], [ 22.541199, 4.203986 ], [ 22.911987, 4.818681 ], [ 23.421478, 4.588745 ], [ 24.396515, 5.11283 ], [ 24.66156, 4.917201 ], [ 25.088654, 4.937724 ], [ 25.540466, 5.386336 ], [ 26.488037, 5.045803 ], [ 26.872559, 5.033491 ], [ 27.143097, 5.204468 ], [ 27.301025, 5.227717 ], [ 27.766571, 4.785837 ], [ 27.780304, 4.601065 ], [ 28.412018, 4.271094 ], [ 28.778687, 4.558629 ], [ 29.245605, 4.345042 ], [ 29.465332, 4.668136 ], [ 29.615021, 4.661292 ], [ 30.222015, 3.93687 ], [ 30.546112, 3.868365 ], [ 30.558472, 3.59566 ], [ 30.771332, 3.675151 ], [ 30.874329, 3.540835 ], [ 30.747986, 2.451949 ], [ 31.305542, 2.156931 ], [ 29.962463, 0.806095 ], [ 29.97345, 0.517724 ], [ 29.711151, 0.065918 ], [ 29.616184256069108, -1.413243205839818 ], [ 29.360962, -1.514564 ], [ 29.264832, -1.638113 ], [ 29.126129, -1.882443 ], [ 29.168701, -2.147324 ], [ 28.870697, -2.41902 ], [ 28.856964, -2.530153 ], [ 28.895416, -2.663225 ], [ 29.019937580755812, -2.761452764081737 ], [ 29.245605, -3.070581 ], [ 29.391174, -4.444997 ], [ 29.332123, -4.811839 ], [ 29.598541, -5.663818 ], [ 29.610901, -6.304379 ], [ 30.222015, -6.994585 ], [ 30.774078, -8.223723 ], [ 28.902283, -8.475089 ], [ 28.89679, -8.795511 ], [ 28.359833, -9.333897 ], [ 28.527374, -9.360998 ], [ 28.697662, -9.806504 ], [ 28.576813, -10.23114 ], [ 28.696289, -10.661958 ], [ 28.394165, -11.474641 ], [ 28.43811, -11.831062 ], [ 29.058838, -12.389635 ], [ 29.499664, -12.470101 ], [ 29.488678, -12.238023 ], [ 29.807281, -12.156143 ], [ 29.808655, -13.455073 ], [ 29.610901, -13.408322 ], [ 29.588928, -13.213208 ], [ 29.003906, -13.416337 ], [ 28.44223, -12.515687 ], [ 27.917633, -12.240707 ], [ 27.631989, -12.275599 ], [ 27.206268, -11.568835 ], [ 27.02774, -11.611884 ], [ 26.883545, -11.984248 ], [ 25.989532, -11.941258 ], [ 25.337219, -11.62668 ], [ 25.352325, -11.195915 ], [ 24.445953, -11.475987 ], [ 24.288025, -11.383109 ], [ 24.382782, -11.092166 ], [ 24.058685, -10.889951 ], [ 23.083649, -11.124507 ], [ 22.561798, -11.030168 ], [ 22.277527, -11.249797 ] ] ] ] } },
{ "type": "Feature", "properties": { "NAME_CHN": "法属马达加斯加", "NAME_ENG": "MADAGASCAR", "NR_C": 200, "NR_C_ID": 200, "SOC": "MDG" }, "geometry": { "type": "MultiPolygon", "coordinates": [ [ [ [ 44.22821, -25.213639 ], [ 44.22821, -25.222335 ], [ 44.219971, -25.216124 ], [ 44.22821, -25.213639 ] ] ], [ [ [ 44.897003, -25.393661 ], [ 44.095001, -25.063209 ], [ 43.700867, -24.404637 ], [ 43.636322, -23.67094 ], [ 43.762665, -23.463246 ], [ 43.232574, -22.329752 ], [ 43.49762, -21.32136 ], [ 43.787384, -21.247142 ], [ 44.493256, -19.986255 ], [ 43.93158, -17.503938 ], [ 44.435577, -16.712494 ], [ 44.44931, -16.196212 ], [ 44.997253, -16.194894 ], [ 45.244446, -15.93492 ], [ 45.295258, -16.146092 ], [ 45.350189, -15.983774 ], [ 45.558929, -15.946805 ], [ 45.606995, -16.080125 ], [ 45.667419, -15.773752 ], [ 46.064301, -15.87813 ], [ 46.160431, -15.705019 ], [ 46.327972, -15.999615 ], [ 46.554565, -15.999615 ], [ 46.295013, -15.814717 ], [ 46.458435, -15.514559 ], [ 46.950073, -15.203362 ], [ 47.072296, -15.345113 ], [ 46.94046, -15.556898 ], [ 47.212372, -15.473534 ], [ 47.084656, -15.133113 ], [ 47.466431, -14.671283 ], [ 47.400513, -15.10925 ], [ 47.506256, -15.08008 ], [ 47.763062, -14.26039 ], [ 47.936096, -14.251073 ], [ 47.900391, -14.092625 ], [ 47.977295, -14.377485 ], [ 48.063812, -14.217795 ], [ 47.897644, -13.593935 ], [ 48.063812, -13.528519 ], [ 48.257446, -13.818078 ], [ 48.323364, -13.549881 ], [ 48.549957, -13.521843 ], [ 48.473053, -13.362899 ], [ 48.812256, -13.372251 ], [ 48.956451, -12.890796 ], [ 48.720245, -12.443282 ], [ 48.941345, -12.487532 ], [ 49.272308, -11.949319 ], [ 49.371185, -12.201784 ], [ 49.243469, -12.146746 ], [ 49.196777, -12.297068 ], [ 49.367065, -12.22326 ], [ 49.518127, -12.353417 ], [ 49.643097, -12.811801 ], [ 49.729614, -12.73814 ], [ 49.930115, -13.044697 ], [ 50.465698, -15.457651 ], [ 50.219879, -15.990375 ], [ 50.024872, -15.883413 ], [ 49.866943, -15.413967 ], [ 49.615631, -15.560867 ], [ 49.695282, -16.113111 ], [ 49.85733, -16.230498 ], [ 49.718628, -16.720385 ], [ 49.829865, -16.846605 ], [ 49.641724, -16.849234 ], [ 49.483795, -17.105355 ], [ 49.428864, -18.165426 ], [ 47.135468, -24.930031 ], [ 45.516357, -25.579608 ], [ 45.137329, -25.598187 ], [ 44.897003, -25.393661 ] ], [ [ 44.464417, -20.015936 ], [ 44.480896, -20.028839 ], [ 44.502869, -20.021097 ], [ 44.464417, -20.015936 ] ], [ [ 48.047333, -14.026018 ], [ 48.026733, -14.028682 ], [ 48.02536, -14.035344 ], [ 48.047333, -14.026018 ] ], [ [ 44.033203, -17.340152 ], [ 44.030457, -17.346706 ], [ 44.038696, -17.342773 ], [ 44.033203, -17.340152 ] ] ], [ [ [ 40.333557, -22.343725 ], [ 40.391235, -22.337374 ], [ 40.374756, -22.364046 ], [ 40.333557, -22.343725 ] ] ], [ [ [ 43.239441, -22.212835 ], [ 43.231201, -22.202663 ], [ 43.251801, -22.18359 ], [ 43.239441, -22.212835 ] ] ], [ [ [ 43.575897, -21.289374 ], [ 43.58551, -21.307287 ], [ 43.562164, -21.293213 ], [ 43.575897, -21.289374 ] ] ], [ [ [ 43.71048, -21.112687 ], [ 43.7146, -21.126779 ], [ 43.709106, -21.122936 ], [ 43.71048, -21.112687 ] ] ], [ [ [ 44.44931, -19.881683 ], [ 44.441071, -19.864894 ], [ 44.45343, -19.854561 ], [ 44.44931, -19.881683 ] ] ], [ [ [ 44.410858, -19.751194 ], [ 44.405365, -19.762826 ], [ 44.405365, -19.752487 ], [ 44.410858, -19.751194 ] ] ], [ [ [ 44.397125, -19.755072 ], [ 44.408112, -19.727928 ], [ 44.417725, -19.722757 ], [ 44.397125, -19.755072 ] ] ], [ [ [ 44.424591, -19.611544 ], [ 44.402618, -19.638707 ], [ 44.409485, -19.612837 ], [ 44.424591, -19.611544 ] ] ], [ [ [ 44.364166, -19.300775 ], [ 44.376526, -19.308551 ], [ 44.379272, -19.327991 ], [ 44.364166, -19.300775 ] ] ], [ [ [ 42.720337, -17.047594 ], [ 42.758789, -17.05941 ], [ 42.73407, -17.063349 ], [ 42.720337, -17.047594 ] ] ], [ [ [ 45.973663, -15.813396 ], [ 45.973663, -15.784325 ], [ 45.98053, -15.801504 ], [ 45.973663, -15.813396 ] ] ], [ [ [ 46.318359, -15.946805 ], [ 46.351318, -15.962649 ], [ 46.325226, -15.960009 ], [ 46.318359, -15.946805 ] ] ], [ [ [ 46.41861, -15.9336 ], [ 46.450195, -15.967931 ], [ 46.395264, -15.9336 ], [ 46.41861, -15.9336 ] ] ], [ [ [ 46.387024, -15.953407 ], [ 46.370544, -15.925677 ], [ 46.408997, -15.96397 ], [ 46.387024, -15.953407 ] ] ], [ [ [ 47.036591, -15.554253 ], [ 47.036591, -15.514559 ], [ 47.04895, -15.534407 ], [ 47.036591, -15.554253 ] ] ], [ [ [ 47.025604, -15.517205 ], [ 47.014618, -15.497356 ], [ 47.031097, -15.502649 ], [ 47.025604, -15.517205 ] ] ], [ [ [ 47.04071, -15.489415 ], [ 47.047577, -15.490739 ], [ 47.043457, -15.510589 ], [ 47.04071, -15.489415 ] ] ], [ [ [ 47.076416, -15.480151 ], [ 47.080536, -15.492062 ], [ 47.068176, -15.482798 ], [ 47.076416, -15.480151 ] ] ], [ [ [ 47.208252, -15.444415 ], [ 47.195892, -15.451033 ], [ 47.197266, -15.444415 ], [ 47.208252, -15.444415 ] ] ], [ [ [ 47.215118, -15.429853 ], [ 47.200012, -15.43912 ], [ 47.187653, -15.433825 ], [ 47.215118, -15.429853 ] ] ], [ [ [ 47.610626, -14.51978 ], [ 47.632599, -14.564976 ], [ 47.58316, -14.583583 ], [ 47.610626, -14.51978 ] ] ], [ [ [ 47.640839, -14.360191 ], [ 47.646332, -14.369504 ], [ 47.636719, -14.373495 ], [ 47.640839, -14.360191 ] ] ], [ [ [ 47.828979, -14.17386 ], [ 47.796021, -14.175192 ], [ 47.796021, -14.149892 ], [ 47.828979, -14.17386 ] ] ], [ [ [ 47.756195, -14.10994 ], [ 47.760315, -14.119263 ], [ 47.738342, -14.12459 ], [ 47.756195, -14.10994 ] ] ], [ [ [ 46.355438, -15.942843 ], [ 46.347198, -15.926997 ], [ 46.374664, -15.954727 ], [ 46.355438, -15.942843 ] ] ], [ [ [ 46.435089, -15.946805 ], [ 46.422729, -15.923035 ], [ 46.430969, -15.9336 ], [ 46.435089, -15.946805 ] ] ], [ [ [ 46.343079, -15.938882 ], [ 46.323853, -15.923035 ], [ 46.340332, -15.930959 ], [ 46.343079, -15.938882 ] ] ], [ [ [ 46.466675, -15.929638 ], [ 46.469421, -15.924356 ], [ 46.477661, -15.9336 ], [ 46.466675, -15.929638 ] ] ], [ [ [ 46.355438, -15.899263 ], [ 46.381531, -15.926997 ], [ 46.373291, -15.921715 ], [ 46.355438, -15.899263 ] ] ], [ [ [ 46.365051, -15.895301 ], [ 46.417236, -15.928318 ], [ 46.389771, -15.925677 ], [ 46.365051, -15.895301 ] ] ], [ [ [ 46.417236, -15.897942 ], [ 46.426849, -15.907188 ], [ 46.430969, -15.919074 ], [ 46.417236, -15.897942 ] ] ], [ [ [ 46.392517, -15.891338 ], [ 46.39389, -15.896622 ], [ 46.382904, -15.892659 ], [ 46.392517, -15.891338 ] ] ], [ [ [ 46.395264, -15.860958 ], [ 46.429596, -15.871525 ], [ 46.454315, -15.909829 ], [ 46.395264, -15.860958 ] ] ], [ [ [ 46.069794, -15.8636 ], [ 46.054688, -15.860958 ], [ 46.051941, -15.855674 ], [ 46.069794, -15.8636 ] ] ], [ [ [ 45.983276, -15.830572 ], [ 45.994263, -15.834536 ], [ 45.97229, -15.841142 ], [ 45.983276, -15.830572 ] ] ], [ [ [ 47.007751, -15.500002 ], [ 47.039337, -15.537053 ], [ 47.035217, -15.54896 ], [ 47.007751, -15.500002 ] ] ], [ [ [ 49.803772, -17.104043 ], [ 49.806519, -17.126355 ], [ 49.798279, -17.12373 ], [ 49.803772, -17.104043 ] ] ], [ [ [ 49.936981, -16.9018 ], [ 49.816132, -17.109293 ], [ 50.009766, -16.713809 ], [ 49.936981, -16.9018 ] ] ], [ [ [ 54.51416, -15.879451 ], [ 54.525146, -15.884734 ], [ 54.525146, -15.89398 ], [ 54.51416, -15.879451 ] ] ], [ [ [ 49.758453, -15.509266 ], [ 49.770813, -15.477504 ], [ 49.77356, -15.506619 ], [ 49.758453, -15.509266 ] ] ], [ [ [ 48.153076, -13.290738 ], [ 48.172302, -13.300094 ], [ 48.14621, -13.318803 ], [ 48.153076, -13.290738 ] ] ], [ [ [ 48.544464, -12.98181 ], [ 48.547211, -12.975118 ], [ 48.554077, -12.985824 ], [ 48.544464, -12.98181 ] ] ], [ [ [ 48.619995, -12.821175 ], [ 48.595276, -12.936307 ], [ 48.548584, -12.884102 ], [ 48.619995, -12.821175 ] ] ], [ [ [ 48.68454, -12.759571 ], [ 48.6763, -12.748856 ], [ 48.691406, -12.730103 ], [ 48.68454, -12.759571 ] ] ], [ [ [ 49.85733, -12.874731 ], [ 49.85321, -12.86536 ], [ 49.860077, -12.868037 ], [ 49.85733, -12.874731 ] ] ], [ [ [ 49.828491, -12.799749 ], [ 49.822998, -12.781 ], [ 49.835358, -12.819836 ], [ 49.828491, -12.799749 ] ] ], [ [ [ 49.772186, -12.771625 ], [ 49.777679, -12.755553 ], [ 49.791412, -12.767607 ], [ 49.772186, -12.771625 ] ] ], [ [ [ 49.669189, -12.703311 ], [ 49.64447, -12.681875 ], [ 49.66095, -12.665797 ], [ 49.669189, -12.703311 ] ] ], [ [ [ 49.595032, -12.632298 ], [ 49.575806, -12.612197 ], [ 49.606018, -12.622918 ], [ 49.595032, -12.632298 ] ] ], [ [ [ 49.601898, -12.597455 ], [ 49.610138, -12.612197 ], [ 49.579926, -12.596114 ], [ 49.601898, -12.597455 ] ] ], [ [ [ 49.560699, -12.413777 ], [ 49.542847, -12.393659 ], [ 49.553833, -12.392318 ], [ 49.560699, -12.413777 ] ] ], [ [ [ 49.376678, -12.166883 ], [ 49.393158, -12.165541 ], [ 49.390411, -12.173595 ], [ 49.376678, -12.166883 ] ] ], [ [ [ 48.336847, -13.75903 ], [ 48.326111, -13.76473 ], [ 48.323364, -13.75806 ], [ 48.336847, -13.75903 ] ] ], [ [ [ 48.330231, -13.752725 ], [ 48.341217, -13.742053 ], [ 48.34259, -13.750057 ], [ 48.330231, -13.752725 ] ] ], [ [ [ 48.179169, -13.716706 ], [ 48.186035, -13.714038 ], [ 48.188782, -13.726045 ], [ 48.179169, -13.716706 ] ] ], [ [ [ 48.434601, -13.532525 ], [ 48.433228, -13.524514 ], [ 48.442841, -13.535195 ], [ 48.434601, -13.532525 ] ] ], [ [ [ 48.442841, -13.504485 ], [ 48.44696, -13.511161 ], [ 48.429108, -13.512497 ], [ 48.442841, -13.504485 ] ] ], [ [ [ 48.361816, -13.44973 ], [ 48.328857, -13.48846 ], [ 48.326111, -13.447059 ], [ 48.361816, -13.44973 ] ] ], [ [ [ 48.493652, -13.354882 ], [ 48.4552, -13.305439 ], [ 48.496399, -13.314794 ], [ 48.493652, -13.354882 ] ] ], [ [ [ 48.339844, -13.349537 ], [ 48.206635, -13.401643 ], [ 48.168182, -13.25866 ], [ 48.300018, -13.199839 ], [ 48.339844, -13.349537 ] ] ], [ [ [ 47.785034, -14.042005 ], [ 47.789154, -13.970052 ], [ 47.831726, -14.056659 ], [ 47.785034, -14.042005 ] ] ], [ [ [ 47.760315, -13.943397 ], [ 47.775421, -13.94473 ], [ 47.765808, -13.956725 ], [ 47.760315, -13.943397 ] ] ], [ [ [ 47.82074, -13.581921 ], [ 47.826233, -13.595269 ], [ 47.80838, -13.593935 ], [ 47.82074, -13.581921 ] ] ], [ [ [ 47.279663, -11.564798 ], [ 47.287903, -11.548653 ], [ 47.300262, -11.567489 ], [ 47.279663, -11.564798 ] ] ], [ [ [ 48.854828, -12.567968 ], [ 48.849335, -12.558585 ], [ 48.857574, -12.562606 ], [ 48.854828, -12.567968 ] ] ], [ [ [ 48.665314, -12.460715 ], [ 48.66806, -12.444623 ], [ 48.67218, -12.460715 ], [ 48.665314, -12.460715 ] ] ], [ [ [ 48.701019, -12.392318 ], [ 48.702393, -12.376222 ], [ 48.712006, -12.389635 ], [ 48.701019, -12.392318 ] ] ], [ [ [ 49.007263, -12.24876 ], [ 49.01413, -12.225944 ], [ 49.016876, -12.236681 ], [ 49.007263, -12.24876 ] ] ], [ [ [ 49.368439, -12.121236 ], [ 49.379425, -12.144061 ], [ 49.357452, -12.130635 ], [ 49.368439, -12.121236 ] ] ], [ [ [ 49.052582, -12.109152 ], [ 49.051208, -12.114523 ], [ 49.047089, -12.121236 ], [ 49.052582, -12.109152 ] ] ] ] } },
{ "type": "Feature", "properties": { "NAME_CHN": "西属西撒哈拉", "NAME_ENG": "WESTERN SAHARA", "NR_C": 2597, "NR_C_ID": 2597, "SOC": "ESH" }, "geometry": { "type": "MultiPolygon", "coordinates": [ [ [ [ -16.970698735955171, 21.096275568820133 ], [ -17.052155, 20.774091 ], [ -17.100474016854044, 20.87064354634823 ], [ -16.953278, 21.833456 ], [ -16.781616, 22.206478 ], [ -16.493225, 22.324671 ], [ -15.711823, 23.895883 ], [ -16.001587, 23.654588 ], [ -14.890594, 24.700677 ], [ -14.493713, 26.146809 ], [ -13.573608, 26.73212 ], [ -13.168488, 27.666502 ], [ -12.907562, 27.954378 ], [ -12.231903, 28.055015 ], [ -12.301941, 27.976211 ], [ -11.524658, 28.298335 ], [ -11.11859562878314, 28.681570874692348 ], [ -11.070185753584859, 28.576307541412358 ], [ -11.011080673400908, 28.53465253252082 ], [ -10.675588980166298, 28.395614867707142 ], [ -10.418904060510284, 28.409124600320613 ], [ -9.800614466292204, 28.332998707865162 ], [ -8.669586, 28.719496 ], [ -8.670959, 27.661636 ], [ -8.673706, 25.99755 ], [ -12.003937, 25.998784 ], [ -11.999817, 23.454428 ], [ -12.759247, 23.38764 ], [ -13.058624, 23.058253 ], [ -13.002319, 21.330315 ], [ -16.918945, 21.330315 ], [ -16.970698735955171, 21.096275568820133 ] ] ], [ [ [ -16.0112, 23.543845 ], [ -16.004333, 23.532514 ], [ -16.008453, 23.529996 ], [ -16.0112, 23.543845 ] ] ] ] } },
{ "type": "Feature", "properties": { "NAME_CHN": "法属科摩罗", "NAME_ENG": "MAYOTTE", "NR_C": 210, "NR_C_ID": 210, "SOC": "COM" }, "geometry": { "type": "MultiPolygon", "coordinates": [ [ [ [ 45.249939, -12.838582 ], [ 45.248566, -12.843938 ], [ 45.240326, -12.834565 ], [ 45.249939, -12.838582 ] ] ], [ [ [ 45.10025, -12.680535 ], [ 45.236206, -12.759571 ], [ 45.175781, -12.995191 ], [ 45.10025, -12.680535 ] ] ], [ [ [ 45.236206, -12.810462 ], [ 45.227966, -12.81448 ], [ 45.232086, -12.802427 ], [ 45.236206, -12.810462 ] ] ], [ [ [ 45.265045, -12.789036 ], [ 45.284271, -12.756892 ], [ 45.278778, -12.811801 ], [ 45.265045, -12.789036 ] ] ], [ [ [ 45.021973, -12.655078 ], [ 45.024719, -12.633638 ], [ 45.038452, -12.644358 ], [ 45.021973, -12.655078 ] ] ], [ [ [ 43.667908, -12.389635 ], [ 43.666534, -12.413777 ], [ 43.658295, -12.395 ], [ 43.667908, -12.389635 ] ] ], [ [ [ 43.655548, -12.399024 ], [ 43.643188, -12.404389 ], [ 43.656921, -12.395 ], [ 43.655548, -12.399024 ] ] ], [ [ [ 43.70224, -12.412436 ], [ 43.696747, -12.389635 ], [ 43.70224, -12.38427 ], [ 43.70224, -12.412436 ] ] ], [ [ [ 43.729706, -12.264864 ], [ 43.862915, -12.386952 ], [ 43.655548, -12.353417 ], [ 43.729706, -12.264864 ] ] ], [ [ [ 44.486389, -12.114523 ], [ 44.515228, -12.380246 ], [ 44.203491, -12.168226 ], [ 44.486389, -12.114523 ] ] ], [ [ [ 43.405609, -11.435609 ], [ 43.460541, -11.939914 ], [ 43.216095, -11.731579 ], [ 43.26828, -11.391187 ], [ 43.405609, -11.435609 ] ] ] ] } },
{ "type": "Feature", "properties": { "NAME_CHN": "西属赤道几内亚", "NAME_ENG": "EQUATORIAL GUINEA", "NR_C": 186, "NR_C_ID": 186, "SOC": "GNQ" }, "geometry": { "type": "MultiPolygon", "coordinates": [ [ [ [ 5.625, -1.456905 ], [ 5.61264, -1.400617 ], [ 5.631866, -1.419838 ], [ 5.625, -1.456905 ] ] ], [ [ [ 9.343872, 0.881618 ], [ 9.299927, 0.880245 ], [ 9.308167, 0.920065 ], [ 9.343872, 0.881618 ] ] ], [ [ [ 8.732758, 3.760115 ], [ 8.934631, 3.708041 ], [ 8.764343, 3.317389 ], [ 8.447113, 3.276259 ], [ 8.732758, 3.760115 ] ] ], [ [ [ 9.501801, 0.973616 ], [ 9.501801, 0.996959 ], [ 9.51004, 0.979109 ], [ 9.501801, 0.973616 ] ] ], [ [ [ 10.415039, 0.998332 ], [ 9.949493, 0.921439 ], [ 9.670585718047629, 1.016131608145951 ], [ 9.361725, 1.141129 ], [ 9.814911, 1.931854 ], [ 9.780579, 2.324344 ], [ 10.041504, 2.16242 ], [ 11.335144, 2.173398 ], [ 11.335144, 0.999705 ], [ 10.415039, 0.998332 ] ] ] ] } },
{ "type": "Feature", "properties": { "NAME_CHN": "法属留尼汪", "NAME_ENG": "Reunion", "NR_C": 203, "NR_C_ID": 203, "SOC": "REU" }, "geometry": { "type": "Polygon", "coordinates": [ [ [ 55.453491, -20.856245 ], [ 55.692444, -20.931941 ], [ 55.814667, -21.336711 ], [ 55.301056, -21.221541 ], [ 55.218658, -21.030674 ], [ 55.453491, -20.856245 ] ] ] } },
{ "type": "Feature", "properties": { "NAME_CHN": "意属厄立特里亚", "NAME_ENG": "ERITREA", "NR_C": 172, "NR_C_ID": 172, "SOC": "ERI" }, "geometry": { "type": "MultiPolygon", "coordinates": [ [ [ [ 43.141937, 12.712688 ], [ 43.140564, 12.719386 ], [ 43.14743, 12.719386 ], [ 43.141937, 12.712688 ] ] ], [ [ [ 42.809601, 12.872054 ], [ 42.808228, 12.861343 ], [ 42.784882, 12.872054 ], [ 42.809601, 12.872054 ] ] ], [ [ [ 42.856293, 12.868037 ], [ 42.848053, 12.872054 ], [ 42.861786, 12.87607 ], [ 42.856293, 12.868037 ] ] ], [ [ [ 42.962036, 12.894812 ], [ 42.962036, 12.904182 ], [ 42.973022, 12.897489 ], [ 42.962036, 12.894812 ] ] ], [ [ [ 42.992249, 12.902844 ], [ 42.963409, 12.914891 ], [ 42.963409, 12.928276 ], [ 42.992249, 12.902844 ] ] ], [ [ [ 42.920837, 12.926938 ], [ 42.886505, 12.953706 ], [ 42.960663, 12.930953 ], [ 42.920837, 12.926938 ] ] ], [ [ [ 42.95929, 12.948352 ], [ 42.974396, 12.951029 ], [ 42.977142, 12.930953 ], [ 42.95929, 12.948352 ] ] ], [ [ [ 42.816467, 12.949691 ], [ 42.797241, 12.956383 ], [ 42.815094, 12.964412 ], [ 42.816467, 12.949691 ] ] ], [ [ [ 42.841187, 12.975118 ], [ 42.849426, 12.940322 ], [ 42.824707, 12.983148 ], [ 42.841187, 12.975118 ] ] ], [ [ [ 42.874146, 12.975118 ], [ 42.885132, 12.975118 ], [ 42.883759, 12.963074 ], [ 42.874146, 12.975118 ] ] ], [ [ [ 42.920837, 12.984486 ], [ 42.916718, 12.996529 ], [ 42.933197, 12.977795 ], [ 42.920837, 12.984486 ] ] ], [ [ [ 42.864532, 13.040683 ], [ 42.872772, 13.004558 ], [ 42.832947, 13.021952 ], [ 42.864532, 13.040683 ] ] ], [ [ [ 42.219086, 13.604613 ], [ 42.213593, 13.597939 ], [ 42.216339, 13.620629 ], [ 42.219086, 13.604613 ] ] ], [ [ [ 42.188873, 13.61796 ], [ 42.201233, 13.631307 ], [ 42.19162, 13.612621 ], [ 42.188873, 13.61796 ] ] ], [ [ [ 42.150421, 13.657997 ], [ 42.143555, 13.652659 ], [ 42.140808, 13.663335 ], [ 42.150421, 13.657997 ] ] ], [ [ [ 41.929321, 13.87008 ], [ 41.930695, 13.879413 ], [ 41.940308, 13.883412 ], [ 41.929321, 13.87008 ] ] ], [ [ [ 41.969147, 13.880746 ], [ 41.988373, 13.89541 ], [ 41.988373, 13.886079 ], [ 41.969147, 13.880746 ] ] ], [ [ [ 39.446411, 15.679899 ], [ 39.715576, 15.084058 ], [ 39.870758, 15.498679 ], [ 40.084991, 15.326572 ], [ 40.160522, 14.977953 ], [ 40.521698, 15.021728 ], [ 40.774384, 14.704493 ], [ 41.183624, 14.619465 ], [ 41.691742, 13.934067 ], [ 42.227325, 13.633976 ], [ 42.388, 13.202513 ], [ 42.545929, 13.222567 ], [ 42.773895, 12.845277 ], [ 42.999115, 12.889457 ], [ 43.135071, 12.70733 ], [ 42.696991, 12.360125 ], [ 42.463531, 12.523731 ], [ 42.40448, 12.462056 ], [ 40.826569, 14.159213 ], [ 40.193481, 14.450639 ], [ 39.563141, 14.55833 ], [ 39.25415, 14.42138 ], [ 39.092102, 14.627438 ], [ 38.454895, 14.41074 ], [ 37.916565, 14.894359 ], [ 37.574615, 14.095289 ], [ 37.304077, 14.445319 ], [ 37.076111, 14.267045 ], [ 36.548767, 14.268376 ], [ 36.438904, 15.156974 ], [ 36.962128, 16.28587 ], [ 37.001953, 17.0686 ], [ 37.394714, 17.047594 ], [ 37.515564, 17.336219 ], [ 38.259888, 17.558937 ], [ 38.564758, 18.00355 ], [ 38.906708, 17.437131 ], [ 39.446411, 15.679899 ] ] ], [ [ [ 40.880127, 14.744339 ], [ 40.886993, 14.750979 ], [ 40.89798, 14.749651 ], [ 40.880127, 14.744339 ] ] ], [ [ [ 40.78537, 14.743011 ], [ 40.804596, 14.761603 ], [ 40.810089, 14.758947 ], [ 40.78537, 14.743011 ] ] ], [ [ [ 40.808716, 14.784177 ], [ 40.786743, 14.777538 ], [ 40.800476, 14.792144 ], [ 40.808716, 14.784177 ] ] ], [ [ [ 40.76889, 14.846576 ], [ 40.756531, 14.834629 ], [ 40.740051, 14.863832 ], [ 40.76889, 14.846576 ] ] ], [ [ [ 41.279755, 15.253714 ], [ 41.277008, 15.261664 ], [ 41.296234, 15.257689 ], [ 41.279755, 15.253714 ] ] ], [ [ [ 41.072388, 15.363653 ], [ 41.082001, 15.372922 ], [ 41.087494, 15.366302 ], [ 41.072388, 15.363653 ] ] ], [ [ [ 40.760651, 15.477504 ], [ 40.741425, 15.465593 ], [ 40.737305, 15.492062 ], [ 40.760651, 15.477504 ] ] ], [ [ [ 40.840302, 15.496032 ], [ 40.845795, 15.513236 ], [ 40.852661, 15.496032 ], [ 40.840302, 15.496032 ] ] ], [ [ [ 40.79361, 15.485445 ], [ 40.782623, 15.500002 ], [ 40.819702, 15.522498 ], [ 40.79361, 15.485445 ] ] ], [ [ [ 40.583496, 14.96336 ], [ 40.57663, 14.962033 ], [ 40.590363, 14.96734 ], [ 40.583496, 14.96336 ] ] ], [ [ [ 40.487366, 14.995199 ], [ 40.496979, 15.015096 ], [ 40.514832, 15.000505 ], [ 40.487366, 14.995199 ] ] ], [ [ [ 40.402222, 15.020401 ], [ 40.399475, 15.032338 ], [ 40.422821, 15.037643 ], [ 40.402222, 15.020401 ] ] ], [ [ [ 40.505219, 15.068145 ], [ 40.466766, 15.064167 ], [ 40.488739, 15.076102 ], [ 40.505219, 15.068145 ] ] ], [ [ [ 40.174255, 15.028359 ], [ 40.189362, 15.028359 ], [ 40.178375, 15.017749 ], [ 40.174255, 15.028359 ] ] ], [ [ [ 40.333557, 15.078754 ], [ 40.317078, 15.07345 ], [ 40.33905, 15.088036 ], [ 40.333557, 15.078754 ] ] ], [ [ [ 40.274506, 15.082732 ], [ 40.256653, 15.074776 ], [ 40.264893, 15.088036 ], [ 40.274506, 15.082732 ] ] ], [ [ [ 40.332184, 15.121182 ], [ 40.297852, 15.114553 ], [ 40.326691, 15.139741 ], [ 40.332184, 15.121182 ] ] ], [ [ [ 40.275879, 15.115879 ], [ 40.22644, 15.147695 ], [ 40.293732, 15.19541 ], [ 40.275879, 15.115879 ] ] ], [ [ [ 40.344543, 15.146369 ], [ 40.337677, 15.146369 ], [ 40.340424, 15.159625 ], [ 40.344543, 15.146369 ] ] ], [ [ [ 40.168762, 15.164927 ], [ 40.163269, 15.164927 ], [ 40.172882, 15.179506 ], [ 40.168762, 15.164927 ] ] ], [ [ [ 40.657654, 15.367626 ], [ 40.654907, 15.386164 ], [ 40.66452, 15.383515 ], [ 40.657654, 15.367626 ] ] ], [ [ [ 40.730438, 15.427206 ], [ 40.722198, 15.425882 ], [ 40.729065, 15.43912 ], [ 40.730438, 15.427206 ] ] ], [ [ [ 40.366516, 15.474857 ], [ 40.332184, 15.482798 ], [ 40.380249, 15.47221 ], [ 40.366516, 15.474857 ] ] ], [ [ [ 40.56015, 15.537053 ], [ 40.558777, 15.560867 ], [ 40.584869, 15.547637 ], [ 40.56015, 15.537053 ] ] ], [ [ [ 40.992737, 15.55293 ], [ 40.995483, 15.574096 ], [ 41.00647, 15.564836 ], [ 40.992737, 15.55293 ] ] ], [ [ [ 40.782623, 15.571451 ], [ 40.800476, 15.578065 ], [ 40.803223, 15.555575 ], [ 40.782623, 15.571451 ] ] ], [ [ [ 40.779877, 15.642874 ], [ 40.800476, 15.632294 ], [ 40.778503, 15.621714 ], [ 40.779877, 15.642874 ] ] ], [ [ [ 40.783997, 15.695764 ], [ 40.775757, 15.682543 ], [ 40.774384, 15.694442 ], [ 40.783997, 15.695764 ] ] ], [ [ [ 40.734558, 15.74071 ], [ 40.76889, 15.745997 ], [ 40.767517, 15.736745 ], [ 40.734558, 15.74071 ] ] ], [ [ [ 40.128937, 15.156974 ], [ 40.133057, 15.16095 ], [ 40.135803, 15.14902 ], [ 40.128937, 15.156974 ] ] ], [ [ [ 40.080872, 15.19276 ], [ 40.089111, 15.198061 ], [ 40.076752, 15.176856 ], [ 40.080872, 15.19276 ] ] ], [ [ [ 40.052032, 15.191434 ], [ 40.047913, 15.198061 ], [ 40.083618, 15.204687 ], [ 40.052032, 15.191434 ] ] ], [ [ [ 40.093231, 15.207337 ], [ 40.102844, 15.209988 ], [ 40.094604, 15.199386 ], [ 40.093231, 15.207337 ] ] ], [ [ [ 39.738922, 15.457651 ], [ 39.747162, 15.490739 ], [ 39.756775, 15.427206 ], [ 39.738922, 15.457651 ] ] ], [ [ [ 39.814453, 15.498679 ], [ 39.818573, 15.493386 ], [ 39.811707, 15.480151 ], [ 39.814453, 15.498679 ] ] ], [ [ [ 39.894104, 15.501326 ], [ 39.895477, 15.481475 ], [ 39.884491, 15.489415 ], [ 39.894104, 15.501326 ] ] ], [ [ [ 40.120697, 15.22854 ], [ 40.124817, 15.245765 ], [ 40.127563, 15.237815 ], [ 40.120697, 15.22854 ] ] ], [ [ [ 40.082245, 15.24444 ], [ 40.079498, 15.23119 ], [ 40.069885, 15.229865 ], [ 40.082245, 15.24444 ] ] ], [ [ [ 39.979248, 15.547637 ], [ 40.010834, 15.526468 ], [ 39.999847, 15.519852 ], [ 39.979248, 15.547637 ] ] ], [ [ [ 40.11795, 15.78036 ], [ 40.112457, 15.796218 ], [ 40.139923, 15.800182 ], [ 40.11795, 15.78036 ] ] ], [ [ [ 39.896851, 15.699731 ], [ 39.910583, 15.699731 ], [ 39.906464, 15.691798 ], [ 39.896851, 15.699731 ] ] ], [ [ [ 39.910583, 15.716917 ], [ 39.896851, 15.705019 ], [ 39.898224, 15.715595 ], [ 39.910583, 15.716917 ] ] ], [ [ [ 39.911957, 15.821324 ], [ 39.90921, 15.80811 ], [ 39.90097, 15.812074 ], [ 39.911957, 15.821324 ] ] ], [ [ [ 39.924316, 15.891338 ], [ 39.932556, 15.904546 ], [ 39.932556, 15.888697 ], [ 39.924316, 15.891338 ] ] ], [ [ [ 40.267639, 15.224564 ], [ 40.227814, 15.229865 ], [ 40.25116, 15.248415 ], [ 40.267639, 15.224564 ] ] ], [ [ [ 40.172882, 15.274912 ], [ 40.157776, 15.260339 ], [ 40.161896, 15.273587 ], [ 40.172882, 15.274912 ] ] ], [ [ [ 40.084991, 15.777717 ], [ 40.418701, 15.556898 ], [ 39.960022, 15.613779 ], [ 39.933492100380811, 15.712378725919963 ], [ 40.075378, 15.658743 ], [ 39.92157, 15.722204 ], [ 40.036926, 15.81736 ], [ 40.084991, 15.777717 ] ] ], [ [ [ 40.697479, 15.563513 ], [ 40.704346, 15.579388 ], [ 40.704346, 15.568805 ], [ 40.697479, 15.563513 ] ] ], [ [ [ 40.645294, 15.58997 ], [ 40.635681, 15.600552 ], [ 40.645294, 15.597907 ], [ 40.645294, 15.58997 ] ] ], [ [ [ 40.712585, 15.656098 ], [ 40.727692, 15.661387 ], [ 40.712585, 15.638907 ], [ 40.712585, 15.656098 ] ] ], [ [ [ 40.649414, 15.71956 ], [ 40.645294, 15.695764 ], [ 40.641174, 15.711629 ], [ 40.649414, 15.71956 ] ] ], [ [ [ 40.477753, 15.752606 ], [ 40.496979, 15.752606 ], [ 40.494232, 15.745997 ], [ 40.477753, 15.752606 ] ] ], [ [ [ 40.448914, 15.786968 ], [ 40.437927, 15.776395 ], [ 40.437927, 15.784325 ], [ 40.448914, 15.786968 ] ] ], [ [ [ 40.700226, 15.821324 ], [ 40.690613, 15.792254 ], [ 40.683746, 15.816038 ], [ 40.700226, 15.821324 ] ] ], [ [ [ 40.35965, 15.822645 ], [ 40.370636, 15.810753 ], [ 40.35553, 15.806789 ], [ 40.35965, 15.822645 ] ] ], [ [ [ 40.565643, 15.83982 ], [ 40.575256, 15.837178 ], [ 40.571136, 15.820002 ], [ 40.565643, 15.83982 ] ] ], [ [ [ 40.490112, 15.845105 ], [ 40.507965, 15.855674 ], [ 40.494232, 15.837178 ], [ 40.490112, 15.845105 ] ] ], [ [ [ 40.369263, 15.896622 ], [ 40.372009, 15.882093 ], [ 40.350037, 15.880772 ], [ 40.369263, 15.896622 ] ] ], [ [ [ 40.605469, 15.903225 ], [ 40.601349, 15.872846 ], [ 40.594482, 15.883413 ], [ 40.605469, 15.903225 ] ] ], [ [ [ 40.25116, 15.80811 ], [ 40.277252, 15.820002 ], [ 40.270386, 15.805468 ], [ 40.25116, 15.80811 ] ] ], [ [ [ 40.185242, 15.91247 ], [ 40.186615, 15.899263 ], [ 40.168762, 15.896622 ], [ 40.185242, 15.91247 ] ] ], [ [ [ 40.2388, 15.921715 ], [ 40.252533, 15.925677 ], [ 40.240173, 15.915112 ], [ 40.2388, 15.921715 ] ] ], [ [ [ 40.196228, 15.978493 ], [ 40.208588, 15.981133 ], [ 40.194855, 15.971892 ], [ 40.196228, 15.978493 ] ] ], [ [ [ 40.557404, 15.91247 ], [ 40.56839, 15.904546 ], [ 40.558777, 15.897942 ], [ 40.557404, 15.91247 ] ] ], [ [ [ 40.293732, 15.993015 ], [ 40.277252, 15.979813 ], [ 40.278625, 15.999615 ], [ 40.293732, 15.993015 ] ] ], [ [ [ 40.128937, 16.045813 ], [ 40.166016, 16.060331 ], [ 40.186615, 16.032615 ], [ 40.128937, 16.045813 ] ] ], [ [ [ 40.135803, 16.085403 ], [ 40.174255, 16.189618 ], [ 40.197601, 16.156645 ], [ 40.135803, 16.085403 ] ] ], [ [ [ 40.157776, 16.213356 ], [ 40.166016, 16.234454 ], [ 40.170135, 16.229179 ], [ 40.157776, 16.213356 ] ] ], [ [ [ 40.207214, 16.242365 ], [ 40.215454, 16.283233 ], [ 40.240173, 16.239728 ], [ 40.207214, 16.242365 ] ] ], [ [ [ 40.137177, 15.854352 ], [ 40.13031, 15.845105 ], [ 40.098724, 15.862279 ], [ 40.137177, 15.854352 ] ] ], [ [ [ 40.078125, 15.882093 ], [ 40.082245, 15.895301 ], [ 40.083618, 15.874167 ], [ 40.078125, 15.882093 ] ] ], [ [ [ 40.054779, 15.941523 ], [ 40.014954, 15.937561 ], [ 40.050659, 15.957368 ], [ 40.054779, 15.941523 ] ] ], [ [ [ 40.159149, 15.930959 ], [ 40.13443, 15.957368 ], [ 40.157776, 15.945484 ], [ 40.159149, 15.930959 ] ] ], [ [ [ 39.655151, 15.901905 ], [ 39.609833, 15.895301 ], [ 39.635925, 15.923035 ], [ 39.655151, 15.901905 ] ] ], [ [ [ 39.5961, 15.941523 ], [ 39.594727, 15.957368 ], [ 39.607086, 15.9336 ], [ 39.5961, 15.941523 ] ] ], [ [ [ 39.936676, 15.977173 ], [ 39.946289, 15.970571 ], [ 39.939423, 15.957368 ], [ 39.936676, 15.977173 ] ] ], [ [ [ 39.464264, 16.09464 ], [ 39.453278, 16.035255 ], [ 39.427185, 16.154007 ], [ 39.464264, 16.09464 ] ] ], [ [ [ 40.075378, 16.011496 ], [ 39.981995, 16.011496 ], [ 40.043793, 16.114431 ], [ 40.075378, 16.011496 ] ] ], [ [ [ 39.966888, 16.047133 ], [ 39.972382, 16.053732 ], [ 39.973755, 16.037895 ], [ 39.966888, 16.047133 ] ] ], [ [ [ 39.980621, 16.098598 ], [ 39.983368, 16.088042 ], [ 39.975128, 16.090681 ], [ 39.980621, 16.098598 ] ] ], [ [ [ 40.019073, 16.159283 ], [ 40.03418, 16.171154 ], [ 40.020447, 16.154007 ], [ 40.019073, 16.159283 ] ] ], [ [ [ 39.957275, 16.143454 ], [ 39.968262, 16.154007 ], [ 39.968262, 16.13422 ], [ 39.957275, 16.143454 ] ] ], [ [ [ 39.743042, 16.29246 ], [ 39.752655, 16.305641 ], [ 39.759521, 16.293779 ], [ 39.743042, 16.29246 ] ] ], [ [ [ 39.744415, 16.314868 ], [ 39.755402, 16.317504 ], [ 39.751282, 16.309596 ], [ 39.744415, 16.314868 ] ] ], [ [ [ 39.810333, 16.332001 ], [ 39.818573, 16.324093 ], [ 39.802094, 16.309596 ], [ 39.810333, 16.332001 ] ] ], [ [ [ 39.962769, 16.161921 ], [ 39.964142, 16.180386 ], [ 39.975128, 16.180386 ], [ 39.962769, 16.161921 ] ] ], [ [ [ 40.083618, 16.193575 ], [ 40.078125, 16.171154 ], [ 40.056152, 16.165878 ], [ 40.083618, 16.193575 ] ] ], [ [ [ 40.024567, 16.221268 ], [ 39.999847, 16.193575 ], [ 39.998474, 16.204125 ], [ 40.024567, 16.221268 ] ] ], [ [ [ 40.093231, 16.480864 ], [ 40.083618, 16.466378 ], [ 40.080872, 16.475596 ], [ 40.093231, 16.480864 ] ] ], [ [ [ 39.895477, 16.312232 ], [ 39.855652, 16.334636 ], [ 39.899597, 16.345179 ], [ 39.895477, 16.312232 ] ] ], [ [ [ 39.554901, 16.353086 ], [ 39.568634, 16.345179 ], [ 39.527435, 16.335954 ], [ 39.554901, 16.353086 ] ] ], [ [ [ 39.148407, 16.619086 ], [ 39.1539, 16.616454 ], [ 39.14978, 16.607242 ], [ 39.148407, 16.619086 ] ] ], [ [ [ 39.324188, 16.607242 ], [ 39.314575, 16.613822 ], [ 39.321442, 16.620402 ], [ 39.324188, 16.607242 ] ] ], [ [ [ 40.178375, 16.54143 ], [ 40.131683, 16.474279 ], [ 40.14267, 16.54538 ], [ 40.178375, 16.54143 ] ] ] ] } },
{ "type": "Feature", "properties": { "NAME_CHN": "德属坦桑尼亚", "NAME_ENG": "TANZANIA", "NR_C": 195, "NR_C_ID": 195, "SOC": "TZA" }, "geometry": { "type": "MultiPolygon", "coordinates": [ [ [ [ 38.626556, -11.294241 ], [ 38.480988, -11.416764 ], [ 37.927551, -11.290201 ], [ 37.794342, -11.567489 ], [ 37.452393, -11.734269 ], [ 37.025299, -11.568835 ], [ 36.188965, -11.716788 ], [ 35.834656, -11.407341 ], [ 35.647888, -11.593051 ], [ 34.958496, -11.571525 ], [ 34.602814, -11.030168 ], [ 34.524536, -10.016187 ], [ 34.035645, -9.492408 ], [ 33.939514, -9.711764 ], [ 33.460236, -9.619706 ], [ 32.431641, -9.118368 ], [ 31.983948, -9.070907 ], [ 31.37558, -8.587811 ], [ 30.978699, -8.538923 ], [ 30.774078, -8.223723 ], [ 30.222015, -6.994585 ], [ 29.610901, -6.304379 ], [ 29.598541, -5.663818 ], [ 29.332123, -4.811839 ], [ 29.391174, -4.444997 ], [ 29.245605, -3.070581 ], [ 29.019937580755812, -2.761452764081737 ], [ 28.895416, -2.663225 ], [ 28.856964, -2.530153 ], [ 28.870697, -2.41902 ], [ 29.168701, -2.147324 ], [ 29.126129, -1.882443 ], [ 29.264832, -1.638113 ], [ 29.360962, -1.514564 ], [ 29.616184256069108, -1.413243205839818 ], [ 29.818268, -1.315497 ], [ 29.913025, -1.482989 ], [ 30.047607, -1.436312 ], [ 30.443115, -1.053255 ], [ 34.105682, -1.024421 ], [ 37.608948, -3.007499 ], [ 37.716064, -3.295453 ], [ 37.608948, -3.520275 ], [ 39.221191, -4.677717 ], [ 38.781738, -6.00263 ], [ 38.827057, -6.423119 ], [ 39.046783, -6.469516 ], [ 39.287109, -6.871893 ], [ 39.545288, -6.993222 ], [ 39.280243, -7.506812 ], [ 39.251404, -7.818487 ], [ 39.442291, -7.815766 ], [ 39.449158, -8.006197 ], [ 39.267883, -8.32293 ], [ 39.556274, -8.928487 ], [ 39.447784, -8.890499 ], [ 39.482117, -9.098029 ], [ 39.615326, -9.066839 ], [ 39.561768, -9.426032 ], [ 39.803467, -9.868746 ], [ 39.70871, -9.982376 ], [ 40.44342, -10.348695 ], [ 40.008087, -10.806328 ], [ 38.626556, -11.294241 ] ] ], [ [ [ 39.513702, -8.994957 ], [ 39.490356, -8.966471 ], [ 39.527435, -8.950193 ], [ 39.513702, -8.994957 ] ] ], [ [ [ 39.469757, -8.632619 ], [ 39.449158, -8.646196 ], [ 39.445038, -8.64348 ], [ 39.469757, -8.632619 ] ] ], [ [ [ 39.505463, -8.503612 ], [ 39.520569, -8.542998 ], [ 39.501343, -8.525342 ], [ 39.505463, -8.503612 ] ] ], [ [ [ 39.517822, -7.940916 ], [ 39.532928, -7.950437 ], [ 39.506836, -7.942276 ], [ 39.517822, -7.940916 ] ] ], [ [ [ 39.296722, -7.804881 ], [ 39.295349, -7.785833 ], [ 39.311829, -7.774948 ], [ 39.296722, -7.804881 ] ] ], [ [ [ 39.377747, -7.416942 ], [ 39.398346, -7.401962 ], [ 39.417572, -7.426475 ], [ 39.377747, -7.416942 ] ] ], [ [ [ 39.289856, -6.371259 ], [ 39.295349, -6.383542 ], [ 39.287109, -6.375353 ], [ 39.289856, -6.371259 ] ] ], [ [ [ 39.311829, -6.268888 ], [ 39.310455, -6.259332 ], [ 39.326935, -6.264793 ], [ 39.311829, -6.268888 ] ] ], [ [ [ 40.374756, -10.286545 ], [ 40.370636, -10.274384 ], [ 40.377502, -10.277086 ], [ 40.374756, -10.286545 ] ] ], [ [ [ 40.336304, -10.241952 ], [ 40.345917, -10.264925 ], [ 40.322571, -10.25006 ], [ 40.336304, -10.241952 ] ] ], [ [ [ 39.756775, -8.025235 ], [ 39.763641, -7.983078 ], [ 39.80484, -7.965398 ], [ 39.756775, -8.025235 ] ] ], [ [ [ 39.580994, -9.093961 ], [ 39.582367, -9.099385 ], [ 39.572754, -9.098029 ], [ 39.580994, -9.093961 ] ] ], [ [ [ 39.535675, -9.054634 ], [ 39.528809, -9.061414 ], [ 39.523315, -9.046496 ], [ 39.535675, -9.054634 ] ] ], [ [ [ 39.605713, -8.269932 ], [ 39.611206, -8.27265 ], [ 39.598846, -8.279445 ], [ 39.605713, -8.269932 ] ] ], [ [ [ 39.714203, -8.049711 ], [ 39.741669, -8.053791 ], [ 39.722443, -8.070107 ], [ 39.714203, -8.049711 ] ] ], [ [ [ 39.756775, -7.970838 ], [ 39.763641, -7.974918 ], [ 39.754028, -7.989878 ], [ 39.756775, -7.970838 ] ] ], [ [ [ 39.80896, -7.946357 ], [ 39.814453, -7.927315 ], [ 39.815826, -7.938196 ], [ 39.80896, -7.946357 ] ] ], [ [ [ 39.829559, -7.910992 ], [ 39.58786, -7.944996 ], [ 39.90509, -7.641581 ], [ 39.829559, -7.910992 ] ] ], [ [ [ 39.933929, -6.900524 ], [ 39.933929, -6.905977 ], [ 39.928436, -6.903251 ], [ 39.933929, -6.900524 ] ] ], [ [ [ 39.743042, -5.428718 ], [ 39.752655, -5.439655 ], [ 39.734802, -5.462896 ], [ 39.743042, -5.428718 ] ] ], [ [ [ 39.616699, -5.438288 ], [ 39.657898, -5.4793 ], [ 39.578247, -5.410945 ], [ 39.616699, -5.438288 ] ] ], [ [ [ 39.634552, -5.374031 ], [ 39.631805, -5.383601 ], [ 39.611206, -5.372663 ], [ 39.634552, -5.374031 ] ] ], [ [ [ 39.605713, -5.235922 ], [ 39.613953, -5.238657 ], [ 39.598846, -5.245495 ], [ 39.605713, -5.235922 ] ] ], [ [ [ 39.803467, -5.387703 ], [ 39.782867, -5.412312 ], [ 39.799347, -5.376765 ], [ 39.803467, -5.387703 ] ] ], [ [ [ 39.69223, -4.914465 ], [ 39.876251, -4.981505 ], [ 39.711456, -5.445124 ], [ 39.69223, -4.914465 ] ] ], [ [ [ 39.859772, -5.074529 ], [ 39.839172, -5.097784 ], [ 39.862518, -5.038963 ], [ 39.859772, -5.074529 ] ] ], [ [ [ 39.825439, -4.932251 ], [ 39.82132, -4.950038 ], [ 39.815826, -4.928147 ], [ 39.825439, -4.932251 ] ] ], [ [ [ 39.616699, -5.145657 ], [ 39.630432, -5.147025 ], [ 39.618073, -5.14976 ], [ 39.616699, -5.145657 ] ] ], [ [ [ 39.649658, -5.134715 ], [ 39.642792, -5.152496 ], [ 39.637299, -5.144289 ], [ 39.649658, -5.134715 ] ] ], [ [ [ 39.635925, -5.126508 ], [ 39.635925, -5.099151 ], [ 39.645538, -5.11283 ], [ 39.635925, -5.126508 ] ] ], [ [ [ 39.660645, -5.044435 ], [ 39.662018, -5.058114 ], [ 39.656525, -5.058114 ], [ 39.660645, -5.044435 ] ] ], [ [ [ 39.662018, -5.004762 ], [ 39.640045, -5.092312 ], [ 39.648285, -5.030755 ], [ 39.662018, -5.004762 ] ] ], [ [ [ 39.659271, -4.99245 ], [ 39.670258, -4.959615 ], [ 39.668884, -5.000658 ], [ 39.659271, -4.99245 ] ] ], [ [ [ 39.259644, -6.687795 ], [ 39.269257, -6.693251 ], [ 39.27063, -6.702798 ], [ 39.259644, -6.687795 ] ] ], [ [ [ 39.251404, -6.646875 ], [ 39.252777, -6.655059 ], [ 39.245911, -6.646875 ], [ 39.251404, -6.646875 ] ] ], [ [ [ 39.190979, -6.274348 ], [ 39.197845, -6.289364 ], [ 39.185486, -6.278443 ], [ 39.190979, -6.274348 ] ] ], [ [ [ 39.256897, -5.812757 ], [ 39.25415, -5.823687 ], [ 39.248657, -5.819588 ], [ 39.256897, -5.812757 ] ] ], [ [ [ 39.432678, -6.075011 ], [ 39.512329, -6.476338 ], [ 39.185486, -6.165132 ], [ 39.299469, -5.718479 ], [ 39.432678, -6.075011 ] ] ], [ [ [ 39.219818, -5.856475 ], [ 39.229431, -5.76767 ], [ 39.247284, -5.807292 ], [ 39.219818, -5.856475 ] ] ], [ [ [ 39.152527, -5.173011 ], [ 39.147034, -5.197629 ], [ 39.134674, -5.204468 ], [ 39.152527, -5.173011 ] ] ], [ [ [ 39.169006, -5.12514 ], [ 39.155273, -5.104623 ], [ 39.169006, -5.085473 ], [ 39.169006, -5.12514 ] ] ], [ [ [ 39.167633, -5.004762 ], [ 39.16626, -5.014339 ], [ 39.16214, -5.010235 ], [ 39.167633, -5.004762 ] ] ] ] } },
{ "type": "Feature", "properties": { "NAME_CHN": "葡属几内亚比绍", "NAME_ENG": "GUINEA-BISSAU", "NR_C": 173, "NR_C_ID": 173, "SOC": "GNB" }, "geometry": { "type": "MultiPolygon", "coordinates": [ [ [ [ -15.207825, 10.877814 ], [ -15.203705, 10.87107 ], [ -15.216064, 10.860281 ], [ -15.207825, 10.877814 ] ] ], [ [ [ -15.192719, 10.919618 ], [ -15.187225, 10.914224 ], [ -15.192719, 10.906133 ], [ -15.192719, 10.919618 ] ] ], [ [ [ -15.275116, 11.018037 ], [ -15.286102, 11.03556 ], [ -15.276489, 11.036908 ], [ -15.275116, 11.018037 ] ] ], [ [ [ -15.24353, 11.030168 ], [ -15.169373, 11.06656 ], [ -15.221558, 10.996468 ], [ -15.24353, 11.030168 ] ] ], [ [ [ -15.67337, 10.996468 ], [ -15.656891, 11.000512 ], [ -15.647278, 10.969505 ], [ -15.67337, 10.996468 ] ] ], [ [ [ -15.703583, 11.008601 ], [ -15.707703, 10.999164 ], [ -15.715942, 11.020732 ], [ -15.703583, 11.008601 ] ] ], [ [ [ -15.614319, 11.043647 ], [ -15.651398, 11.02882 ], [ -15.650024, 11.049038 ], [ -15.614319, 11.043647 ] ] ], [ [ [ -15.787354, 11.203998 ], [ -15.661011, 11.307708 ], [ -15.731049, 11.179749 ], [ -15.787354, 11.203998 ] ] ], [ [ [ -15.838165, 11.212081 ], [ -15.909576, 11.236327 ], [ -15.853271, 11.309054 ], [ -15.838165, 11.212081 ] ] ], [ [ [ -15.729675, 11.309054 ], [ -15.735168, 11.290201 ], [ -15.740662, 11.299628 ], [ -15.729675, 11.309054 ] ] ], [ [ [ -15.715942, 11.325213 ], [ -15.714569, 11.341372 ], [ -15.707703, 11.327906 ], [ -15.715942, 11.325213 ] ] ], [ [ [ -15.047545841246093, 10.912829595471337 ], [ -14.994965, 11.210734 ], [ -15.228424, 11.073298 ], [ -15.427551, 11.239021 ], [ -15.353394, 11.405995 ], [ -15.516815, 11.340025 ], [ -15.286102, 11.625335 ], [ -14.975739, 11.59036 ], [ -15.266876, 11.637441 ], [ -15.227051, 11.75847 ], [ -15.431671, 11.544616 ], [ -15.455801795827247, 11.586102557243924 ], [ -15.45180907255506, 11.643997044690639 ], [ -15.512365375516566, 11.668618838202462 ], [ -15.556641, 11.718133 ], [ -15.445154533768084, 11.868920455690526 ], [ -15.19494387537768, 11.879567717749692 ], [ -15.10976577890435, 11.899531334110629 ], [ -15.032043, 11.973501 ], [ -15.437834541102411, 11.941122201529247 ], [ -15.802503266628852, 11.744147853434672 ], [ -15.961761, 11.734269 ], [ -15.880737, 11.945288 ], [ -16.118317, 11.879446 ], [ -16.386108, 12.071553 ], [ -16.138916, 12.293043 ], [ -16.472626, 12.17628 ], [ -16.717072, 12.327927 ], [ -15.68985, 12.423166 ], [ -15.178986, 12.680535 ], [ -13.709564, 12.676516 ], [ -13.662872, 12.315853 ], [ -13.964996, 12.191046 ], [ -13.705444, 12.004398 ], [ -13.713684, 11.710065 ], [ -14.665375, 11.50694 ], [ -15.047545841246093, 10.912829595471337 ] ] ], [ [ [ -15.515442, 11.564798 ], [ -15.633545, 11.532507 ], [ -15.478363, 11.632061 ], [ -15.515442, 11.564798 ] ] ], [ [ [ -16.001587, 11.036908 ], [ -15.99472, 11.050386 ], [ -15.987854, 11.042299 ], [ -16.001587, 11.036908 ] ] ], [ [ [ -15.937042, 11.046343 ], [ -15.970001, 11.201304 ], [ -15.899963, 11.136635 ], [ -15.937042, 11.046343 ] ] ], [ [ [ -16.037292, 11.092166 ], [ -16.063385, 11.167624 ], [ -15.985107, 11.209387 ], [ -16.037292, 11.092166 ] ] ], [ [ [ -16.048279, 11.113727 ], [ -16.250153, 11.096209 ], [ -16.12381, 11.206692 ], [ -16.048279, 11.113727 ] ] ], [ [ [ -16.254272, 11.216122 ], [ -16.273499, 11.287507 ], [ -16.166382, 11.294241 ], [ -16.254272, 11.216122 ] ] ], [ [ [ -16.399841, 11.27404 ], [ -16.405334, 11.305014 ], [ -16.383362, 11.294241 ], [ -16.399841, 11.27404 ] ] ], [ [ [ -16.489105, 11.284814 ], [ -16.484985, 11.309054 ], [ -16.424561, 11.299628 ], [ -16.489105, 11.284814 ] ] ], [ [ [ -16.121063, 11.299628 ], [ -16.136169, 11.346757 ], [ -16.02356, 11.348104 ], [ -16.121063, 11.299628 ] ] ], [ [ [ -16.159515, 11.344064 ], [ -16.184235, 11.340025 ], [ -16.181488, 11.356182 ], [ -16.159515, 11.344064 ] ] ], [ [ [ -15.943909, 11.213428 ], [ -15.930176, 11.209387 ], [ -15.937042, 11.205345 ], [ -15.943909, 11.213428 ] ] ], [ [ [ -15.923309, 11.310401 ], [ -15.926056, 11.314441 ], [ -15.916443, 11.318481 ], [ -15.923309, 11.310401 ] ] ], [ [ [ -15.996094, 11.392533 ], [ -16.013947, 11.372339 ], [ -16.022186, 11.381763 ], [ -15.996094, 11.392533 ] ] ], [ [ [ -15.91095, 11.482716 ], [ -16.081238, 11.455799 ], [ -15.978241, 11.525779 ], [ -15.91095, 11.482716 ] ] ], [ [ [ -16.169128, 11.389841 ], [ -16.075745, 11.422149 ], [ -16.147156, 11.365607 ], [ -16.169128, 11.389841 ] ] ], [ [ [ -16.311951, 11.408687 ], [ -16.314697, 11.431571 ], [ -16.306458, 11.424841 ], [ -16.311951, 11.408687 ] ] ], [ [ [ -16.299591, 11.439647 ], [ -16.169128, 11.539234 ], [ -16.21994, 11.445031 ], [ -16.299591, 11.439647 ] ] ], [ [ [ -16.270752, 11.529815 ], [ -16.42868, 11.539234 ], [ -16.281738, 11.595741 ], [ -16.270752, 11.529815 ] ] ], [ [ [ -15.946655, 11.520396 ], [ -15.964508, 11.525779 ], [ -15.961761, 11.543271 ], [ -15.946655, 11.520396 ] ] ], [ [ [ -15.993347, 11.583633 ], [ -15.971375, 11.549998 ], [ -16.004333, 11.521742 ], [ -15.993347, 11.583633 ] ] ], [ [ [ -15.91095, 11.531161 ], [ -15.978241, 11.594396 ], [ -15.916443, 11.595741 ], [ -15.91095, 11.531161 ] ] ], [ [ [ -15.89035, 11.591705 ], [ -15.88623, 11.601122 ], [ -15.884857, 11.593051 ], [ -15.89035, 11.591705 ] ] ], [ [ [ -15.986481, 11.831062 ], [ -16.012573, 11.805523 ], [ -15.991974, 11.843159 ], [ -15.986481, 11.831062 ] ] ], [ [ [ -15.983734, 11.89826 ], [ -16.020605775372076, 11.903024966973792 ], [ -15.979614, 11.904979 ], [ -15.983734, 11.89826 ] ] ], [ [ [ -16.033582126006689, 11.761782381220156 ], [ -16.081494805272939, 11.758455111826667 ], [ -16.148705647021426, 11.804371429456822 ], [ -16.160889, 11.874071 ], [ -16.094803882846897, 11.864262278539631 ], [ -15.997467, 11.887509 ], [ -16.033582126006689, 11.761782381220156 ] ] ], [ [ [ -16.237793, 11.904979 ], [ -16.170665625018458, 11.882229533264477 ], [ -16.225232843071684, 11.840305938906511 ], [ -16.343536, 11.855255 ], [ -16.283792784397097, 11.886222256536664 ], [ -16.282461876639701, 11.973396714646087 ], [ -16.237793, 11.904979 ] ] ], [ [ [ -15.807953, 11.300974 ], [ -15.823059, 11.366953 ], [ -15.783234, 11.372339 ], [ -15.807953, 11.300974 ] ] ], [ [ [ -15.770874, 11.360222 ], [ -15.77774, 11.342718 ], [ -15.78598, 11.345411 ], [ -15.770874, 11.360222 ] ] ], [ [ [ -15.868378, 11.375031 ], [ -15.847778, 11.376378 ], [ -15.901337, 11.331946 ], [ -15.868378, 11.375031 ] ] ], [ [ [ -15.725555, 11.447723 ], [ -15.666504, 11.50694 ], [ -15.654144, 11.463874 ], [ -15.725555, 11.447723 ] ] ], [ [ [ -15.877991, 11.554035 ], [ -15.868378, 11.556726 ], [ -15.877991, 11.547307 ], [ -15.877991, 11.554035 ] ] ], [ [ [ -15.623932, 11.688549 ], [ -15.626678, 11.700652 ], [ -15.612946, 11.706031 ], [ -15.623932, 11.688549 ] ] ] ] } },
{ "type": "Feature", "properties": { "NAME_CHN": "德属喀麦隆", "NAME_ENG": "Cameroon", "NR_C": 2344, "NR_C_ID": 2344, "SOC": "CMR" }, "geometry": { "type": "MultiPolygon", "coordinates": [ [ [ [ 9.640503, 3.635406 ], [ 9.632263, 3.606625 ], [ 9.633636, 3.628553 ], [ 9.640503, 3.635406 ] ] ], [ [ [ 11.335144, 2.173398 ], [ 10.041504, 2.16242 ], [ 9.780579, 2.324344 ], [ 9.975586, 3.084294 ], [ 9.545746, 3.810816 ], [ 9.713287, 3.853293 ], [ 9.717407, 4.090302 ], [ 9.430389, 3.883437 ], [ 9.216156, 3.943721 ], [ 8.644867, 4.71604 ], [ 8.714905, 4.507976 ], [ 8.502045, 4.507976 ], [ 8.816528, 5.18532 ], [ 8.842621, 5.826419 ], [ 10.155487, 7.039564 ], [ 10.241302010182459, 7.0739089957864 ], [ 10.428222656249883, 7.169028377808877 ], [ 10.606294987710557, 7.319449726123483 ], [ 10.972394004564489, 7.600383714887528 ], [ 11.233419285463366, 7.901226411516741 ], [ 11.640441757373473, 8.206493265449328 ], [ 12.01207097085662, 8.595819108145957 ], [ 12.542969847261114, 9.047083153089776 ], [ 12.855377, 9.385387 ], [ 13.235779, 9.568251 ], [ 13.248138, 10.016187 ], [ 13.126958611306058, 10.276998883426852 ], [ 13.348166476474598, 10.821170231741458 ], [ 13.516284454002687, 11.188375287921234 ], [ 13.59591928546336, 11.405158995786403 ], [ 13.719795689957742, 11.630791018258313 ], [ 13.905610296699317, 11.962602816011119 ], [ 14.173737, 12.40573 ], [ 14.085846, 13.078141 ], [ 14.459381, 13.074128 ], [ 14.555511, 12.781 ], [ 14.83429, 12.622918 ], [ 15.086975, 11.993652 ], [ 15.118561, 11.793424 ], [ 15.025177, 11.13394 ], [ 15.146027, 10.537771 ], [ 15.684357, 9.985081 ], [ 15.774805337718007, 9.528773464282732 ], [ 16.98703585849708, 6.966623181179664 ], [ 17.916916605865481, 5.004898700290304 ], [ 18.549042, 4.316285 ], [ 18.635559, 3.470928 ], [ 18.463327024294465, 3.490200899771672 ], [ 18.18924, 3.480523 ], [ 17.547662487206082, 3.527466316978757 ], [ 17.175008315135226, 3.511495423890005 ], [ 16.971379428253634, 3.483546360984706 ], [ 16.822317759425289, 1.529773773127523 ], [ 17.375975386501974, -0.413351552670496 ], [ 17.329559, -0.999705 ], [ 17.709961, -0.541069 ], [ 17.329559, -0.999705 ], [ 16.846161, -1.263325 ], [ 16.200714, -2.1981 ], [ 16.846161, -1.263325 ], [ 16.242218090619826, -0.250377725335005 ], [ 16.02377310498775, 0.385193101767048 ], [ 15.773562446597323, 1.39135936635835 ], [ 13.80164260007011, 1.250611945224603 ], [ 11.616108892204942, 0.206510821629097 ], [ 10.284437543890334, 0.175541720505502 ], [ 9.913788, 0.190887 ], [ 9.51004, 0.28427 ], [ 9.310913, 0.517724 ], [ 9.503174, 0.668778 ], [ 9.613037, 0.517724 ], [ 9.670585718047629, 1.016131608145951 ], [ 9.949493, 0.921439 ], [ 10.415039, 0.998332 ], [ 11.335144, 0.999705 ], [ 11.335144, 2.173398 ] ] ], [ [ [ 8.526764, 4.677717 ], [ 8.54187, 4.68593 ], [ 8.543243, 4.668136 ], [ 8.526764, 4.677717 ] ] ] ] } },
{ "type": "Feature", "properties": { "NAME_CHN": "意属索马里", "NAME_ENG": "SOMALIA", "NR_C": 190, "NR_C_ID": 190, "SOC": "SOM" }, "geometry": { "type": "MultiPolygon", "coordinates": [ [ [ [ 44.402618, 1.434939 ], [ 43.494723986722441, 0.647112911588586 ], [ 42.5950303427229, -0.289846149618039 ], [ 42.676215715924045, 0.110757085358112 ], [ 42.710819317616334, 0.608516586624131 ], [ 42.488557722131247, 1.328537683375221 ], [ 42.259641587859164, 2.23887858943393 ], [ 42.605677604782066, 2.989510564605146 ], [ 42.547117663456653, 3.372811998735129 ], [ 42.557764925515819, 3.87323331551594 ], [ 42.08725, 4.179333 ], [ 42.849426, 4.279311 ], [ 43.080139, 4.602434 ], [ 43.235321, 4.696879 ], [ 43.659668, 4.867943 ], [ 44.01535, 4.960983 ], [ 44.982147, 4.917201 ], [ 47.985535, 7.999397 ], [ 48.996696655796569, 8.994566365974894 ], [ 49.007343917855742, 11.227829582885006 ], [ 49.421997, 11.333293 ], [ 50.269318, 11.583633 ], [ 50.449770654423489, 11.704627286972039 ], [ 50.566890537074315, 11.915797984478836 ], [ 50.773315, 11.984248 ], [ 51.28418, 11.835094 ], [ 51.266060745626227, 11.676234588147596 ], [ 51.13651905723971, 11.484583871082604 ], [ 51.074066, 11.261919 ], [ 51.168823, 10.574222 ], [ 51.111675445768327, 10.549399353552509 ], [ 51.060213679149022, 10.442926732960846 ], [ 51.233368, 10.432443 ], [ 51.201289901432972, 10.473981247300081 ], [ 51.207500804300821, 10.529879373110704 ], [ 51.296671624046326, 10.476643062814873 ], [ 51.388060623387503, 10.477530334653135 ], [ 51.413269, 10.439196 ], [ 51.374307909894426, 10.363072267517101 ], [ 51.2669480174645, 10.377268616929321 ], [ 51.261624386434917, 10.410097674945085 ], [ 51.081508203267354, 10.400337684724182 ], [ 50.896912, 10.305461 ], [ 50.810394, 9.384032 ], [ 50.129242, 8.197898 ], [ 49.839478, 7.964038 ], [ 48.985291, 6.044967 ], [ 47.969055, 4.475118 ], [ 46.002502, 2.423136 ], [ 44.402618, 1.434939 ] ] ] ] } },
{ "type": "Feature", "properties": { "NAME_CHN": "西属摩洛哥", "NAME_ENG": "MOROCCO", "NR_C": 162, "NR_C_ID": 162, "SOC": "MAR" }, "geometry": { "type": "MultiPolygon", "coordinates": [ [ [ [ -2.888974719101197, 35.019006432584263 ], [ -3.830214185393322, 34.774571741572998 ], [ -4.498261938202311, 34.655119494381992 ], [ -5.17073384831467, 34.690512752808957 ], [ -5.741450140449502, 34.880751516853898 ], [ -6.23695575842703, 35.150625112359521 ], [ -5.924377, 35.796652 ], [ -5.402527, 35.927981 ], [ -5.064697, 35.418153 ], [ -4.428864, 35.160337 ], [ -3.68042, 35.297194 ], [ -3.33847, 35.195134 ], [ -3.186407127809066, 35.243440245786502 ], [ -3.089075667134908, 35.293580695224705 ], [ -2.996168363764121, 35.435153728932562 ], [ -2.949714712078728, 35.433679009831437 ], [ -2.946027914325919, 35.338559627808969 ], [ -2.864918363764122, 35.121775919943801 ], [ -2.878467345505691, 35.060482907303353 ], [ -2.888974719101197, 35.019006432584263 ] ] ] ] } },
{ "type": "Feature", "properties": { "NAME_CHN": "英属冈比亚", "NAME_ENG": "Gambia", "NR_C": 170, "NR_C_ID": 170, "SOC": "GMB" }, "geometry": { "type": "Polygon", "coordinates": [ [ [ -15.070496, 13.826079 ], [ -14.824452428412625, 13.770122187130374 ], [ -14.765892487087211, 13.642355042420379 ], [ -14.348145, 13.460415 ], [ -13.964996, 13.573911 ], [ -13.797455, 13.423016 ], [ -14.368744, 13.229251 ], [ -15.110321, 13.58993 ], [ -15.295715, 13.360227 ], [ -15.807953, 13.34152 ], [ -15.812073, 13.159725 ], [ -16.675745118950157, 13.164559157515299 ], [ -16.750275953364319, 13.064741075710616 ], [ -16.802580758427094, 13.361373883426875 ], [ -16.685486, 13.48846 ], [ -16.584322331460804, 13.449857029494291 ], [ -16.569575140449565, 13.302385119381931 ], [ -16.454773, 13.269353 ], [ -16.357215589887769, 13.278789613763955 ], [ -16.239238061797881, 13.32155646769654 ], [ -16.144856039325973, 13.432160400280809 ], [ -16.07406952247204, 13.411514332865078 ], [ -15.867608848314736, 13.454281186797663 ], [ -16.144856039325969, 13.452806467696538 ], [ -16.310024578651813, 13.343677254213393 ], [ -16.498788623595633, 13.361373883426875 ], [ -16.475193117977657, 13.432160400280807 ], [ -16.560516, 13.588595 ], [ -15.48111, 13.58726 ], [ -15.380771871004058, 13.754151294041623 ], [ -15.070496, 13.826079 ] ] ] } },
{ "type": "Feature", "properties": { "NAME_CHN": "德属多哥", "NAME_ENG": "Togo", "NR_C": 183, "NR_C_ID": 183, "SOC": "TGO" }, "geometry": { "type": "Polygon", "coordinates": [ [ [ 0.502625, 11.008601 ], [ 0.911865, 10.996468 ], [ 0.774536, 10.385168 ], [ 1.355438, 9.999958 ], [ 1.341705, 9.546583 ], [ 1.624603, 9.043784 ], [ 1.573792, 6.687795 ], [ 1.807251, 6.283904 ], [ 1.192017, 6.105053 ], [ 0.928345, 5.785432 ], [ 0.669704928511967, 5.781255201271059 ], [ 0.6552734375, 5.873797918744117 ], [ 0.515380859375, 6.047381903119117 ], [ 0.08984375, 6.165301824994117 ], [ 0.210595703125023, 6.69721100468162 ], [ 0.187255859375, 6.92145416874412 ], [ 0.241113281250023, 7.312762762494117 ], [ 0.075292968750006, 7.574823309369108 ], [ 0.20247432408695, 7.964823672752705 ], [ 0.182565616221781, 8.203728167134729 ], [ 0.092976430828523, 8.51563125702237 ], [ 0.197021484375, 8.90241119999412 ], [ 0.246728515625023, 9.28851959843162 ], [ 0.203125, 9.39545319218162 ], [ 0.059795251053241, 9.640473251404391 ], [ -0.019839580407433, 10.158099655898774 ], [ -0.064545, 10.640363 ], [ 0.023346, 11.081385 ], [ 0.216852835322905, 11.050673391853829 ], [ 0.502625, 11.008601 ] ] ] } },
{ "type": "Feature", "properties": { "NAME_CHN": "葡属安哥拉", "NAME_ENG": "ANGOLA", "NR_C": 196, "NR_C_ID": 196, "SOC": "AGO" }, "geometry": { "type": "MultiPolygon", "coordinates": [ [ [ [ 22.497253, -16.817687 ], [ 23.428345, -17.638787 ], [ 20.838318, -18.042727 ], [ 20.316467, -17.865054 ], [ 18.910217, -17.823223 ], [ 18.422699, -17.39389 ], [ 13.971863, -17.434511 ], [ 13.460999, -17.013454 ], [ 13.142395, -16.959606 ], [ 12.540894, -17.247056 ], [ 12.083588, -17.144727 ], [ 11.758118, -17.252302 ], [ 11.732025, -15.882093 ], [ 12.150879, -15.184808 ], [ 12.534027, -13.41233 ], [ 12.97348, -12.983148 ], [ 12.940521, -12.830548 ], [ 13.654633, -12.236681 ], [ 13.864746, -11.008601 ], [ 12.992706, -9.074976 ], [ 13.400574, -8.745294 ], [ 13.386841, -8.362334 ], [ 12.821045, -6.974139 ], [ 12.277222, -6.109149 ], [ 12.447843882262811, -6.053970677239279 ], [ 13.047638, -5.870136 ], [ 16.511078, -5.878332 ], [ 16.600342, -5.917947 ], [ 16.729431, -6.188342 ], [ 16.953278, -7.203088 ], [ 17.560272, -8.12721 ], [ 18.532562, -7.920514 ], [ 19.37439, -7.999397 ], [ 19.543304, -7.000038 ], [ 20.626831, -6.912794 ], [ 20.541687, -7.282103 ], [ 21.780396, -7.283466 ], [ 21.74469, -7.932755 ], [ 21.960297, -8.496821 ], [ 21.792755, -9.420613 ], [ 22.19101, -9.926919 ], [ 22.328339, -10.385168 ], [ 22.335205, -10.753715 ], [ 22.17453, -10.875116 ], [ 22.261047, -11.233633 ], [ 22.561798, -11.030168 ], [ 23.083649, -11.124507 ], [ 24.058685, -10.889951 ], [ 24.082031, -11.397918 ], [ 23.970795, -11.656271 ], [ 24.076538, -12.404389 ], [ 23.903503, -12.833226 ], [ 24.040833, -12.991177 ], [ 22.000122, -13.004558 ], [ 22.002869, -16.208081 ], [ 22.497253, -16.817687 ] ] ], [ [ [ 13.136902, -8.936627 ], [ 13.131409, -8.929844 ], [ 13.142395, -8.9312 ], [ 13.136902, -8.936627 ] ] ], [ [ [ 13.099823, -8.937983 ], [ 13.127289, -8.90271 ], [ 13.121796, -8.93934 ], [ 13.099823, -8.937983 ] ] ], [ [ [ 13.224792, -8.784654 ], [ 13.261871, -8.756152 ], [ 13.195953, -8.828081 ], [ 13.224792, -8.784654 ] ] ], [ [ [ 12.153625, -5.691149 ], [ 12.22229, -5.446491 ], [ 12.010803, -5.026651 ], [ 12.404938, -4.590114 ], [ 12.889709, -4.402552 ], [ 13.09845, -4.64213 ], [ 12.457123, -5.088208 ], [ 12.524414, -5.741708 ], [ 12.153625, -5.691149 ] ] ] ] } },
{ "type": "Feature", "properties": { "NAME_CHN": "英属埃及", "NAME_ENG": "EGYPT", "NR_C": 163, "NR_C_ID": 163, "SOC": "EGY" }, "geometry": { "type": "MultiPolygon", "coordinates": [ [ [ [ 36.227417, 23.567763 ], [ 36.22879, 23.574057 ], [ 36.24115, 23.565246 ], [ 36.227417, 23.567763 ] ] ], [ [ [ 36.182098, 23.594194 ], [ 36.197205, 23.621878 ], [ 36.208191, 23.608037 ], [ 36.182098, 23.594194 ] ] ], [ [ [ 35.513306, 23.80545 ], [ 35.503693, 23.799167 ], [ 35.511932, 23.816757 ], [ 35.513306, 23.80545 ] ] ], [ [ [ 35.606689, 23.825551 ], [ 35.601196, 23.812988 ], [ 35.60257, 23.831832 ], [ 35.606689, 23.825551 ] ] ], [ [ [ 35.805817, 23.834345 ], [ 35.814056, 23.844394 ], [ 35.818176, 23.834345 ], [ 35.805817, 23.834345 ] ] ], [ [ [ 35.382843, 24.295789 ], [ 35.345764, 24.329579 ], [ 35.370483, 24.323322 ], [ 35.382843, 24.295789 ] ] ], [ [ [ 35.382843, 24.322071 ], [ 35.380096, 24.327077 ], [ 35.389709, 24.330831 ], [ 35.382843, 24.322071 ] ] ], [ [ [ 33.892822, 27.051788 ], [ 33.939514, 26.662187 ], [ 35.141144, 24.513391 ], [ 35.793457, 23.907182 ], [ 35.474854, 23.929779 ], [ 35.623169, 23.146674 ], [ 35.844269, 22.762253 ], [ 36.184845, 22.655839 ], [ 36.890717, 22.064005 ], [ 36.973114, 21.395541 ], [ 37.31369, 21.070405 ], [ 37.10495, 21.21642 ], [ 37.19696, 19.638707 ], [ 37.42218, 18.847812 ], [ 38.564758, 18.00355 ], [ 38.259888, 17.558937 ], [ 37.515564, 17.336219 ], [ 37.394714, 17.047594 ], [ 37.001953, 17.0686 ], [ 36.962128, 16.28587 ], [ 36.438904, 15.156974 ], [ 36.548767, 14.268376 ], [ 36.154633, 12.680535 ], [ 35.689087, 12.660438 ], [ 35.054626, 11.734269 ], [ 34.972229, 10.900739 ], [ 34.786835, 10.70649 ], [ 34.60144, 10.904785 ], [ 34.299316, 10.587721 ], [ 34.344635, 10.160857 ], [ 34.107056, 9.557417 ], [ 34.140015, 8.5946 ], [ 33.769226, 8.362334 ], [ 33.217163, 8.430263 ], [ 33.045502, 7.791276 ], [ 33.671722, 7.6933 ], [ 34.193573, 7.038202 ], [ 34.937897, 6.551382 ], [ 35.127411, 5.624186 ], [ 35.319672, 5.334379 ], [ 35.862122, 5.313868 ], [ 35.816803, 4.777626 ], [ 36.037903, 4.449105 ], [ 36.868744, 4.444997 ], [ 38.129425, 3.617589 ], [ 38.530426, 3.658705 ], [ 39.546661, 3.405129 ], [ 39.869385, 3.875216 ], [ 40.774384, 4.282049 ], [ 41.169891, 3.942351 ], [ 41.835938, 3.946461 ], [ 42.08725, 4.179333 ], [ 42.557764925515819, 3.87323331551594 ], [ 42.547117663456653, 3.372811998735129 ], [ 42.605677604782066, 2.989510564605146 ], [ 42.259641587859164, 2.23887858943393 ], [ 42.488557722131247, 1.328537683375221 ], [ 42.710819317616334, 0.608516586624131 ], [ 42.676215715924045, 0.110757085358112 ], [ 42.5950303427229, -0.289846149618039 ], [ 42.147675, -0.822573 ], [ 41.992493, -0.723705 ], [ 42.072144, -0.900842 ], [ 41.97876, -1.007944 ], [ 41.912842, -0.873379 ], [ 41.908722, -1.193304 ], [ 41.702728, -1.198796 ], [ 41.844177, -1.231747 ], [ 41.566772, -1.661449 ], [ 41.282501, -1.975774 ], [ 41.016083, -2.049886 ], [ 40.98587, -1.908521 ], [ 40.940552, -2.080079 ], [ 40.847168, -1.975774 ], [ 40.955658, -2.313367 ], [ 40.771637, -2.25299 ], [ 40.771637, -2.451949 ], [ 40.189362, -2.72907 ], [ 40.123444, -3.287227 ], [ 39.777374, -3.587436 ], [ 39.830933, -3.825889 ], [ 39.565887, -4.045097 ], [ 39.675751, -4.090302 ], [ 39.458771, -4.572318 ], [ 39.322815, -4.56958 ], [ 39.221191, -4.677717 ], [ 37.608948, -3.520275 ], [ 37.716064, -3.295453 ], [ 37.608948, -3.007499 ], [ 34.105682, -1.024421 ], [ 30.443115, -1.053255 ], [ 30.047607, -1.436312 ], [ 29.913025, -1.482989 ], [ 29.818268, -1.315497 ], [ 29.616184256069108, -1.413243205839818 ], [ 29.711151, 0.065918 ], [ 29.97345, 0.517724 ], [ 29.962463, 0.806095 ], [ 31.305542, 2.156931 ], [ 30.747986, 2.451949 ], [ 30.874329, 3.540835 ], [ 30.771332, 3.675151 ], [ 30.558472, 3.59566 ], [ 30.546112, 3.868365 ], [ 30.222015, 3.93687 ], [ 29.615021, 4.661292 ], [ 29.465332, 4.668136 ], [ 29.245605, 4.345042 ], [ 28.778687, 4.558629 ], [ 28.412018, 4.271094 ], [ 27.780304, 4.601065 ], [ 27.766571, 4.785837 ], [ 27.301025, 5.227717 ], [ 27.16095, 5.76767 ], [ 26.455078, 6.079108 ], [ 26.534729, 6.215647 ], [ 26.286163, 6.462693 ], [ 26.407013, 6.652331 ], [ 25.19989, 7.489112 ], [ 25.291901, 7.792636 ], [ 24.862061, 8.181587 ], [ 24.153442, 8.370486 ], [ 24.270172, 8.589169 ], [ 24.175415, 8.711359 ], [ 24.13147, 8.692354 ], [ 23.520355, 8.726291 ], [ 23.586273, 8.99767 ], [ 23.447571, 9.016659 ], [ 23.654938, 9.285109 ], [ 23.668671, 9.891746 ], [ 22.885895, 10.895345 ], [ 22.982025, 11.295588 ], [ 22.565918, 11.6213 ], [ 22.638702, 12.055437 ], [ 22.457428, 12.025889 ], [ 22.458801, 12.624258 ], [ 22.197876, 12.750195 ], [ 21.941071, 12.634978 ], [ 21.843567, 12.786357 ], [ 22.284393, 13.349537 ], [ 22.092133, 13.776734 ], [ 22.576904, 14.176523 ], [ 22.384644, 14.506485 ], [ 22.71698, 14.685896 ], [ 22.674408, 14.858523 ], [ 22.939453, 15.107924 ], [ 22.931213, 15.550283 ], [ 23.122101, 15.710307 ], [ 24.001007, 15.705019 ], [ 23.999634, 19.50802 ], [ 22.5, 20.284097 ], [ 15.99884, 23.450648 ], [ 17.698459833488819, 24.661291577669338 ], [ 19.061309377062091, 25.683428735349295 ], [ 19.969875739444273, 27.046278278922564 ], [ 20.438355270047584, 28.032924563071958 ], [ 20.637104161818687, 28.614974888973041 ], [ 21.02040559594867, 29.175730690755806 ], [ 21.730223066559748, 29.488050377824678 ], [ 22.695574826590814, 29.544835775473565 ], [ 24.015835321927433, 30.098493402550222 ], [ 24.860687, 31.406396 ], [ 25.149078, 31.651043 ], [ 25.275421, 31.503629 ], [ 25.915375, 31.624152 ], [ 27.344971, 31.370054 ], [ 27.46582, 31.210452 ], [ 27.861328, 31.245682 ], [ 27.936859, 31.094102 ], [ 28.424377, 31.089398 ], [ 29.091797, 30.813808 ], [ 30.06546, 31.329006 ], [ 30.252228, 31.298501 ], [ 30.356598, 31.509484 ], [ 30.970459, 31.582045 ], [ 30.546112, 31.389985 ], [ 30.72876, 31.385296 ], [ 31.102295, 31.488407 ], [ 31.026764, 31.600762 ], [ 31.554108, 31.439209 ], [ 31.898247424083699, 31.545578316268681 ], [ 32.203674, 31.284419 ], [ 31.886444, 31.535238 ], [ 31.784821, 31.273856 ], [ 32.052612, 31.21515 ], [ 32.091064, 31.05411 ], [ 32.106171, 31.205754 ], [ 32.281952, 31.131726 ], [ 32.210541, 31.286766 ], [ 32.317657, 31.098806 ], [ 32.350616, 31.236289 ], [ 32.593689, 31.05411 ], [ 32.924652, 31.139954 ], [ 32.707672, 31.023517 ], [ 34.218560697631553, 31.326850618734749 ], [ 34.267717975988731, 31.219455320181059 ], [ 34.903564, 29.493402 ], [ 34.260864, 27.72973 ], [ 33.241882, 28.551957 ], [ 33.178711, 29.000934 ], [ 32.747498, 29.446773 ], [ 32.581329, 29.99776 ], [ 32.341003, 29.588983 ], [ 32.590942, 29.347467 ], [ 32.865601, 28.571256 ], [ 33.561859, 27.887639 ], [ 33.497314, 27.649472 ], [ 33.892822, 27.051788 ] ] ], [ [ [ 33.964233, 26.652368 ], [ 33.9505, 26.676913 ], [ 33.973846, 26.69041 ], [ 33.964233, 26.652368 ] ] ], [ [ [ 33.997192, 26.702679 ], [ 33.955994, 26.789751 ], [ 33.993073, 26.766457 ], [ 33.997192, 26.702679 ] ] ], [ [ [ 33.976593, 26.837551 ], [ 33.987579, 26.828973 ], [ 33.980713, 26.815492 ], [ 33.976593, 26.837551 ] ] ], [ [ [ 35.410309, 24.333333 ], [ 35.396576, 24.319568 ], [ 35.402069, 24.335836 ], [ 35.410309, 24.333333 ] ] ], [ [ [ 35.391083, 24.348348 ], [ 35.38147, 24.363361 ], [ 35.403442, 24.343343 ], [ 35.391083, 24.348348 ] ] ], [ [ [ 35.378723, 24.423394 ], [ 35.389709, 24.377121 ], [ 35.371857, 24.382124 ], [ 35.378723, 24.423394 ] ] ], [ [ [ 33.722534, 27.510707 ], [ 33.736267, 27.524105 ], [ 33.739014, 27.518015 ], [ 33.722534, 27.510707 ] ] ], [ [ [ 33.75, 27.521669 ], [ 33.760986, 27.516797 ], [ 33.75, 27.513143 ], [ 33.75, 27.521669 ] ] ], [ [ [ 33.767853, 27.548459 ], [ 33.75824, 27.555764 ], [ 33.756866, 27.565504 ], [ 33.767853, 27.548459 ] ] ], [ [ [ 33.765106, 27.623924 ], [ 33.804932, 27.577677 ], [ 33.778839, 27.550894 ], [ 33.765106, 27.623924 ] ] ], [ [ [ 33.678589, 27.640957 ], [ 33.681335, 27.627574 ], [ 33.667603, 27.645823 ], [ 33.678589, 27.640957 ] ] ], [ [ [ 33.626404, 27.665285 ], [ 33.62915, 27.682312 ], [ 33.64151, 27.653122 ], [ 33.626404, 27.665285 ] ] ], [ [ [ 33.74176, 27.675015 ], [ 33.704681, 27.645823 ], [ 33.734894, 27.706631 ], [ 33.74176, 27.675015 ] ] ], [ [ [ 33.699188, 27.687176 ], [ 33.673096, 27.702984 ], [ 33.674469, 27.720005 ], [ 33.699188, 27.687176 ] ] ], [ [ [ 33.708801, 27.751608 ], [ 33.700562, 27.764975 ], [ 33.703308, 27.775912 ], [ 33.708801, 27.751608 ] ] ], [ [ [ 33.614044, 27.767406 ], [ 33.608551, 27.752823 ], [ 33.587952, 27.771051 ], [ 33.614044, 27.767406 ] ] ], [ [ [ 33.380585, 31.089398 ], [ 33.372345, 31.092926 ], [ 33.373718, 31.09763 ], [ 33.380585, 31.089398 ] ] ], [ [ [ 33.388824, 31.098806 ], [ 33.384705, 31.095278 ], [ 33.383331, 31.102334 ], [ 33.388824, 31.098806 ] ] ], [ [ [ 33.296814, 31.096454 ], [ 33.287201, 31.09763 ], [ 33.305054, 31.104685 ], [ 33.296814, 31.096454 ] ] ], [ [ [ 33.373718, 31.107037 ], [ 33.364105, 31.103509 ], [ 33.359985, 31.108213 ], [ 33.373718, 31.107037 ] ] ], [ [ [ 33.868103, 27.159364 ], [ 33.86673, 27.169139 ], [ 33.873596, 27.172804 ], [ 33.868103, 27.159364 ] ] ], [ [ [ 33.986206, 27.169139 ], [ 33.97934, 27.165473 ], [ 33.986206, 27.178912 ], [ 33.986206, 27.169139 ] ] ], [ [ [ 33.972473, 27.188685 ], [ 33.97522, 27.214335 ], [ 33.984833, 27.188685 ], [ 33.972473, 27.188685 ] ] ], [ [ [ 33.874969, 27.222884 ], [ 33.885956, 27.21922 ], [ 33.87085, 27.20945 ], [ 33.874969, 27.222884 ] ] ], [ [ [ 33.946381, 27.205786 ], [ 33.905182, 27.268058 ], [ 33.961487, 27.186242 ], [ 33.946381, 27.205786 ] ] ], [ [ [ 33.986206, 27.491218 ], [ 34.042511, 27.454665 ], [ 33.917542, 27.52654 ], [ 33.986206, 27.491218 ] ] ], [ [ [ 33.778839, 27.548459 ], [ 33.788452, 27.556982 ], [ 33.789825, 27.543589 ], [ 33.778839, 27.548459 ] ] ], [ [ [ 33.861237, 27.547242 ], [ 33.844757, 27.548459 ], [ 33.843384, 27.556982 ], [ 33.861237, 27.547242 ] ] ], [ [ [ 33.869476, 27.559417 ], [ 33.879089, 27.563069 ], [ 33.879089, 27.555764 ], [ 33.869476, 27.559417 ] ] ], [ [ [ 33.87085, 27.594718 ], [ 33.887329, 27.588632 ], [ 33.887329, 27.574025 ], [ 33.87085, 27.594718 ] ] ], [ [ [ 33.784332, 27.631224 ], [ 33.789825, 27.616623 ], [ 33.784332, 27.61784 ], [ 33.784332, 27.631224 ] ] ], [ [ [ 33.817291, 27.630007 ], [ 33.784332, 27.653122 ], [ 33.799438, 27.662853 ], [ 33.817291, 27.630007 ] ] ], [ [ [ 33.795319, 27.667718 ], [ 33.785706, 27.671367 ], [ 33.807678, 27.683528 ], [ 33.795319, 27.667718 ] ] ], [ [ [ 35.157623, 24.67697 ], [ 35.182343, 24.642024 ], [ 35.154877, 24.660746 ], [ 35.157623, 24.67697 ] ] ], [ [ [ 35.145264, 24.690696 ], [ 35.138397, 24.710658 ], [ 35.14389, 24.70941 ], [ 35.145264, 24.690696 ] ] ], [ [ [ 34.999695, 24.969875 ], [ 34.994202, 24.978589 ], [ 35.005188, 24.97112 ], [ 34.999695, 24.969875 ] ] ], [ [ [ 32.086945, 31.124673 ], [ 32.080078, 31.132901 ], [ 32.088318, 31.13055 ], [ 32.086945, 31.124673 ] ] ], [ [ [ 32.063599, 31.138779 ], [ 32.071838, 31.129375 ], [ 32.062225, 31.132901 ], [ 32.063599, 31.138779 ] ] ], [ [ [ 32.077332, 31.17756 ], [ 32.085571, 31.17756 ], [ 32.086945, 31.169335 ], [ 32.077332, 31.17756 ] ] ], [ [ [ 32.058105, 31.20458 ], [ 32.066345, 31.206929 ], [ 32.073212, 31.195182 ], [ 32.058105, 31.20458 ] ] ], [ [ [ 32.03476, 31.239811 ], [ 32.045746, 31.240985 ], [ 32.038879, 31.236289 ], [ 32.03476, 31.239811 ] ] ], [ [ [ 32.025146, 31.258596 ], [ 32.023773, 31.262118 ], [ 32.029266, 31.260944 ], [ 32.025146, 31.258596 ] ] ], [ [ [ 32.023773, 31.269161 ], [ 32.032013, 31.270335 ], [ 32.025146, 31.264466 ], [ 32.023773, 31.269161 ] ] ], [ [ [ 31.960602, 31.257422 ], [ 31.941376, 31.255074 ], [ 31.924896, 31.282072 ], [ 31.960602, 31.257422 ] ] ], [ [ [ 31.993561, 31.286766 ], [ 31.979828, 31.25977 ], [ 31.985321, 31.290287 ], [ 31.993561, 31.286766 ] ] ], [ [ [ 32.070465, 31.280898 ], [ 32.080078, 31.28794 ], [ 32.082825, 31.270335 ], [ 32.070465, 31.280898 ] ] ], [ [ [ 31.90979, 31.282072 ], [ 31.948242, 31.331352 ], [ 31.988068, 31.302022 ], [ 31.90979, 31.282072 ] ] ], [ [ [ 32.077332, 31.309062 ], [ 32.089691, 31.310235 ], [ 32.089691, 31.289113 ], [ 32.077332, 31.309062 ] ] ], [ [ [ 32.880707, 31.107037 ], [ 32.888947, 31.09763 ], [ 32.880707, 31.094102 ], [ 32.880707, 31.107037 ] ] ], [ [ [ 32.232513, 31.144656 ], [ 32.246246, 31.124673 ], [ 32.225647, 31.144656 ], [ 32.232513, 31.144656 ] ] ], [ [ [ 32.221527, 31.17991 ], [ 32.23526, 31.169335 ], [ 32.214661, 31.17756 ], [ 32.221527, 31.17991 ] ] ], [ [ [ 32.203674, 31.17051 ], [ 32.206421, 31.178735 ], [ 32.211914, 31.176385 ], [ 32.203674, 31.17051 ] ] ], [ [ [ 33.343506, 31.112916 ], [ 33.306427, 31.107037 ], [ 33.314667, 31.112916 ], [ 33.343506, 31.112916 ] ] ], [ [ [ 33.020782, 31.176385 ], [ 33.265228, 31.211627 ], [ 32.927399, 31.144656 ], [ 33.020782, 31.176385 ] ] ], [ [ [ 32.242126, 31.198706 ], [ 32.206421, 31.210452 ], [ 32.241621625491788, 31.207971381809269 ], [ 32.242126, 31.198706 ] ] ], [ [ [ 32.172089, 31.20458 ], [ 32.150116, 31.226894 ], [ 32.203674, 31.206929 ], [ 32.172089, 31.20458 ] ] ], [ [ [ 32.11441, 31.212801 ], [ 32.113037, 31.218674 ], [ 32.12265, 31.213976 ], [ 32.11441, 31.212801 ] ] ], [ [ [ 32.117157, 31.230417 ], [ 32.113037, 31.218674 ], [ 32.110291, 31.224546 ], [ 32.117157, 31.230417 ] ] ], [ [ [ 32.13913, 31.240985 ], [ 32.177582, 31.236289 ], [ 32.183075, 31.217499 ], [ 32.13913, 31.240985 ] ] ], [ [ [ 32.33963, 31.224546 ], [ 32.313538, 31.224546 ], [ 32.313538, 31.245682 ], [ 32.33963, 31.224546 ] ] ], [ [ [ 32.096558, 31.232766 ], [ 32.081451, 31.249204 ], [ 32.099304, 31.24803 ], [ 32.096558, 31.232766 ] ] ], [ [ [ 32.268219, 31.255074 ], [ 32.257233, 31.243334 ], [ 32.250366, 31.25977 ], [ 32.268219, 31.255074 ] ] ], [ [ [ 32.154236, 31.262118 ], [ 32.163849, 31.265639 ], [ 32.174835, 31.251552 ], [ 32.154236, 31.262118 ] ] ], [ [ [ 32.11441, 31.256248 ], [ 32.103424, 31.258596 ], [ 32.108917, 31.262118 ], [ 32.11441, 31.256248 ] ] ], [ [ [ 32.085571, 31.260944 ], [ 32.085571, 31.267987 ], [ 32.096558, 31.263292 ], [ 32.085571, 31.260944 ] ] ], [ [ [ 32.13089, 31.270335 ], [ 32.129517, 31.283245 ], [ 32.13913, 31.269161 ], [ 32.13089, 31.270335 ] ] ], [ [ [ 32.152863, 31.271508 ], [ 32.147369, 31.272682 ], [ 32.148743, 31.283245 ], [ 32.152863, 31.271508 ] ] ], [ [ [ 32.110291, 31.278551 ], [ 32.099304, 31.285593 ], [ 32.124023, 31.286766 ], [ 32.110291, 31.278551 ] ] ], [ [ [ 31.92627, 31.251552 ], [ 31.919403, 31.25977 ], [ 31.930389, 31.258596 ], [ 31.92627, 31.251552 ] ] ], [ [ [ 31.810913, 31.296155 ], [ 31.819153, 31.298501 ], [ 31.816406, 31.285593 ], [ 31.810913, 31.296155 ] ] ], [ [ [ 31.828766, 31.300848 ], [ 31.828766, 31.316101 ], [ 31.838379, 31.310235 ], [ 31.828766, 31.300848 ] ] ], [ [ [ 31.900177, 31.337217 ], [ 31.893311, 31.345427 ], [ 31.908417, 31.340736 ], [ 31.900177, 31.337217 ] ] ], [ [ [ 32.01416, 31.332525 ], [ 32.041626, 31.300848 ], [ 32.040253, 31.270335 ], [ 32.01416, 31.332525 ] ] ], [ [ [ 32.052612, 31.350119 ], [ 32.104797, 31.32314 ], [ 32.106171, 31.316101 ], [ 32.052612, 31.350119 ] ] ], [ [ [ 31.970215, 31.337217 ], [ 31.966095, 31.329006 ], [ 31.952362, 31.333698 ], [ 31.970215, 31.337217 ] ] ], [ [ [ 31.92215, 31.344254 ], [ 31.941376, 31.336044 ], [ 31.935883, 31.331352 ], [ 31.92215, 31.344254 ] ] ], [ [ [ 32.037506, 31.359501 ], [ 32.016907, 31.360673 ], [ 32.01416, 31.367709 ], [ 32.037506, 31.359501 ] ] ], [ [ [ 31.961975, 31.39233 ], [ 32.001801, 31.368881 ], [ 31.978455, 31.370054 ], [ 31.961975, 31.39233 ] ] ], [ [ [ 31.904297, 31.448582 ], [ 31.971588, 31.373572 ], [ 31.919403, 31.413428 ], [ 31.904297, 31.448582 ] ] ], [ [ [ 31.915283, 31.401707 ], [ 31.896057, 31.423976 ], [ 31.953735, 31.378262 ], [ 31.915283, 31.401707 ] ] ], [ [ [ 31.886444, 31.400535 ], [ 31.887817, 31.415772 ], [ 31.894684, 31.406396 ], [ 31.886444, 31.400535 ] ] ], [ [ [ 30.859222, 31.464982 ], [ 30.827637, 31.440381 ], [ 30.823517, 31.449753 ], [ 30.859222, 31.464982 ] ] ], [ [ [ 30.794678, 31.461468 ], [ 30.800171, 31.476695 ], [ 30.802917, 31.463811 ], [ 30.794678, 31.461468 ] ] ], [ [ [ 31.891937, 31.479038 ], [ 31.894684, 31.487236 ], [ 31.89743, 31.473182 ], [ 31.891937, 31.479038 ] ] ], [ [ [ 31.890564, 31.517679 ], [ 31.911163, 31.497775 ], [ 31.91233286451611, 31.510863805596578 ], [ 31.948242, 31.455611 ], [ 31.890564, 31.517679 ] ] ], [ [ [ 30.850983, 31.502458 ], [ 30.860596, 31.509484 ], [ 30.855103, 31.497775 ], [ 30.850983, 31.502458 ] ] ], [ [ [ 30.923767, 31.524703 ], [ 30.930634, 31.524703 ], [ 30.923767, 31.517679 ], [ 30.923767, 31.524703 ] ] ], [ [ [ 30.966339, 31.531726 ], [ 30.981445, 31.54109 ], [ 30.985565, 31.528215 ], [ 30.966339, 31.531726 ] ] ] ] } },
{ "type": "Feature", "properties": { "NAME_CHN": "德属纳米比亚", "NAME_ENG": "NAMIBIA", "NR_C": 204, "NR_C_ID": 204, "SOC": "NAM" }, "geometry": { "type": "MultiPolygon", "coordinates": [ [ [ [ 15.238037, -27.130035 ], [ 15.232544, -27.123924 ], [ 15.236664, -27.114146 ], [ 15.238037, -27.130035 ] ] ], [ [ [ 15.181732, -26.993066 ], [ 15.202332, -27.030994 ], [ 15.188599, -27.016314 ], [ 15.181732, -26.993066 ] ] ], [ [ [ 14.952393, -26.351267 ], [ 14.952393, -26.358651 ], [ 14.945526, -26.350037 ], [ 14.952393, -26.351267 ] ] ], [ [ [ 19.875641, -28.442129 ], [ 19.562531, -28.531449 ], [ 19.172516, -28.957686 ], [ 18.187866, -28.916823 ], [ 17.40921, -28.723109 ], [ 17.378998, -28.295917 ], [ 17.08374, -28.038046 ], [ 16.899719, -28.07198 ], [ 16.772003, -28.448166 ], [ 16.450653, -28.635157 ], [ 15.688477, -27.971359 ], [ 15.298462, -27.327855 ], [ 15.122681, -26.45582 ], [ 14.951019, -26.320498 ], [ 14.876862, -25.08933 ], [ 14.458008, -24.069036 ], [ 14.503326, -22.537927 ], [ 13.421173, -20.87806 ], [ 12.608185, -19.158141 ], [ 12.024536, -18.479609 ], [ 11.733398, -17.810149 ], [ 11.756744, -17.253613 ], [ 12.083588, -17.144727 ], [ 12.540894, -17.247056 ], [ 13.142395, -16.959606 ], [ 13.460999, -17.013454 ], [ 13.971863, -17.434511 ], [ 18.422699, -17.39389 ], [ 18.910217, -17.823223 ], [ 20.316467, -17.865054 ], [ 20.838318, -18.042727 ], [ 23.428345, -17.638787 ], [ 24.237213, -17.477742 ], [ 24.970551, -17.557628 ], [ 25.256195, -17.78792 ], [ 24.911499, -17.812764 ], [ 24.575043, -18.064924 ], [ 24.194641, -18.019222 ], [ 23.612366, -18.504354 ], [ 23.296509, -17.997019 ], [ 20.998993, -18.318026 ], [ 21.00174, -22.004175 ], [ 20.00061, -22.001628 ], [ 19.99649, -28.433676 ], [ 19.875641, -28.442129 ] ] ], [ [ [ 14.929047, -26.289721 ], [ 14.93454, -26.297109 ], [ 14.924927, -26.300802 ], [ 14.929047, -26.289721 ] ] ] ] } },
{ "type": "Feature", "properties": { "NAME_CHN": "葡属莫桑比克", "NAME_ENG": "Mozambique", "NR_C": 2128, "NR_C_ID": 2128, "SOC": "MOZ" }, "geometry": { "type": "MultiPolygon", "coordinates": [ [ [ [ 32.923279, -26.024702 ], [ 32.99469, -25.969157 ], [ 32.954865, -26.074054 ], [ 32.923279, -26.024702 ] ] ], [ [ [ 32.924652, -25.969157 ], [ 32.912292, -25.979033 ], [ 32.908173, -25.970391 ], [ 32.924652, -25.969157 ] ] ], [ [ [ 32.684326, -25.934582 ], [ 32.709045, -25.90988 ], [ 32.688446, -25.938287 ], [ 32.684326, -25.934582 ] ] ], [ [ [ 32.721405, -25.865402 ], [ 32.713165, -25.845629 ], [ 32.726898, -25.825853 ], [ 32.721405, -25.865402 ] ] ], [ [ [ 33.439636, -25.236001 ], [ 32.45224, -25.97533 ], [ 32.671967, -26.128316 ], [ 32.676086, -26.39433 ], [ 32.689819, -26.199806 ], [ 32.884827, -26.284796 ], [ 32.963104, -26.086388 ], [ 32.895813, -26.857155 ], [ 32.133636, -26.8351 ], [ 32.088318, -26.011127 ], [ 31.938629, -25.830797 ], [ 31.990814, -24.313311 ], [ 31.556854, -23.469545 ], [ 31.306915, -22.421185 ], [ 32.479706, -21.327757 ], [ 32.367096, -21.137026 ], [ 32.487946, -20.627643 ], [ 33.013916, -20.010774 ], [ 33.052368, -19.780919 ], [ 32.776337, -19.457528 ], [ 32.87796, -19.098458 ], [ 32.700806, -18.940062 ], [ 32.927399, -18.765914 ], [ 32.887573, -18.510866 ], [ 33.055115, -18.362346 ], [ 32.942505, -17.989183 ], [ 33.045502, -17.346706 ], [ 32.835388, -16.920195 ], [ 32.97821, -16.707232 ], [ 31.91391, -16.412375 ], [ 31.245117, -15.999615 ], [ 30.425262, -15.999615 ], [ 30.217896, -14.997852 ], [ 33.230896, -13.998037 ], [ 33.679962, -14.604847 ], [ 34.367981, -14.390788 ], [ 34.534149, -14.5889 ], [ 34.604187, -15.266963 ], [ 34.253998, -15.907188 ], [ 34.432526, -16.264777 ], [ 35.15625, -16.832147 ], [ 35.094452, -17.122417 ], [ 35.300446, -17.122417 ], [ 35.149384, -16.558544 ], [ 35.403442, -16.128943 ], [ 35.818176, -16.024696 ], [ 35.789337, -15.166252 ], [ 35.917053, -14.891705 ], [ 34.793701, -13.333503 ], [ 34.696198, -12.188361 ], [ 34.888458, -12.031262 ], [ 34.962616, -11.571525 ], [ 35.647888, -11.593051 ], [ 35.834656, -11.407341 ], [ 36.188965, -11.716788 ], [ 37.025299, -11.568835 ], [ 37.452393, -11.734269 ], [ 37.794342, -11.567489 ], [ 37.927551, -11.290201 ], [ 38.486481, -11.415418 ], [ 38.884735, -11.175707 ], [ 39.25415, -11.175707 ], [ 40.518951, -10.483761 ], [ 40.639801, -10.702442 ], [ 40.480499, -10.757763 ], [ 40.613708, -10.834655 ], [ 40.35553, -11.333293 ], [ 40.545044, -12.003055 ], [ 40.428314, -12.550542 ], [ 40.565643, -12.531775 ], [ 40.631561, -12.754213 ], [ 40.404968, -12.952368 ], [ 40.588989, -12.969766 ], [ 40.462646, -13.517838 ], [ 40.605469, -13.556557 ], [ 40.527191, -14.165871 ], [ 40.741425, -14.2737 ], [ 40.626068, -14.564976 ], [ 40.837555, -14.486542 ], [ 40.836182, -14.831974 ], [ 40.617828, -14.858523 ], [ 40.778503, -14.997852 ], [ 40.498352, -15.17553 ], [ 40.654907, -15.297432 ], [ 39.979248, -16.227861 ], [ 39.752655, -16.260822 ], [ 39.854279, -16.446622 ], [ 39.067383, -17.006888 ], [ 38.666382, -17.013454 ], [ 38.151398, -17.286398 ], [ 38.069, -17.182779 ], [ 38.090973, -17.308688 ], [ 36.929169, -17.961751 ], [ 36.316681, -18.875103 ], [ 35.863495, -18.955649 ], [ 34.895325, -19.846811 ], [ 34.63028, -19.66328 ], [ 34.781342, -19.858436 ], [ 34.602814, -20.524789 ], [ 35.002441, -20.743272 ], [ 35.115051, -20.985803 ], [ 34.984589, -21.115249 ], [ 35.061493, -21.344386 ], [ 35.127411, -21.167764 ], [ 35.343018, -22.186133 ], [ 35.498199, -22.102182 ], [ 35.524292, -22.310696 ], [ 35.546265, -22.172145 ], [ 35.603943, -22.926777 ], [ 35.341644, -23.995035 ], [ 35.393829, -23.833089 ], [ 35.555878, -23.861978 ], [ 35.091705, -24.625796 ], [ 33.439636, -25.236001 ] ] ], [ [ [ 34.72229, -20.517072 ], [ 34.727783, -20.550509 ], [ 34.701691, -20.533791 ], [ 34.72229, -20.517072 ] ] ], [ [ [ 34.642639, -20.517072 ], [ 34.633026, -20.513213 ], [ 34.635773, -20.484914 ], [ 34.642639, -20.517072 ] ] ], [ [ [ 35.533905, -22.13526 ], [ 35.533905, -22.159427 ], [ 35.527039, -22.144164 ], [ 35.533905, -22.13526 ] ] ], [ [ [ 35.436401, -21.976161 ], [ 35.419922, -21.968519 ], [ 35.430908, -21.954509 ], [ 35.436401, -21.976161 ] ] ], [ [ [ 35.46936, -21.872969 ], [ 35.4776, -21.875518 ], [ 35.478973, -21.883164 ], [ 35.46936, -21.872969 ] ] ], [ [ [ 35.414429, -21.864048 ], [ 35.46524, -21.813058 ], [ 35.457001, -21.923937 ], [ 35.414429, -21.864048 ] ] ], [ [ [ 35.503693, -21.804133 ], [ 35.502319, -21.829632 ], [ 35.496826, -21.814333 ], [ 35.503693, -21.804133 ] ] ], [ [ [ 35.459747, -21.74802 ], [ 35.451508, -21.795208 ], [ 35.48172, -21.515684 ], [ 35.459747, -21.74802 ] ] ], [ [ [ 35.343018, -21.616579 ], [ 35.334778, -21.624239 ], [ 35.330658, -21.603812 ], [ 35.343018, -21.616579 ] ] ], [ [ [ 35.021667, -20.825443 ], [ 35.024414, -20.842128 ], [ 35.016174, -20.829293 ], [ 35.021667, -20.825443 ] ] ], [ [ [ 35.430908, -23.849418 ], [ 35.437775, -23.841882 ], [ 35.441895, -23.864489 ], [ 35.430908, -23.849418 ] ] ], [ [ [ 35.419922, -23.809219 ], [ 35.426788, -23.809219 ], [ 35.426788, -23.816757 ], [ 35.419922, -23.809219 ] ] ], [ [ [ 35.425415, -23.800424 ], [ 35.425415, -23.787858 ], [ 35.435028, -23.787858 ], [ 35.425415, -23.800424 ] ] ], [ [ [ 35.532532, -22.181047 ], [ 35.525665, -22.186133 ], [ 35.528412, -22.174688 ], [ 35.532532, -22.181047 ] ] ], [ [ [ 35.71106, -19.102351 ], [ 35.731659, -19.090671 ], [ 35.704193, -19.115327 ], [ 35.71106, -19.102351 ] ] ], [ [ [ 35.970612, -18.933568 ], [ 35.981598, -18.93097 ], [ 35.981598, -18.940062 ], [ 35.970612, -18.933568 ] ] ], [ [ [ 35.970612, -18.924474 ], [ 35.963745, -18.921876 ], [ 35.985718, -18.911483 ], [ 35.970612, -18.924474 ] ] ], [ [ [ 36.149139, -18.912782 ], [ 36.13678, -18.91668 ], [ 36.13678, -18.911483 ], [ 36.149139, -18.912782 ] ] ], [ [ [ 36.149139, -18.904987 ], [ 36.242523, -18.837415 ], [ 36.294708, -18.884199 ], [ 36.149139, -18.904987 ] ] ], [ [ [ 36.368866, -18.811418 ], [ 36.371613, -18.801018 ], [ 36.378479, -18.799718 ], [ 36.368866, -18.811418 ] ] ], [ [ [ 36.401825, -18.665762 ], [ 36.415558, -18.652751 ], [ 36.397705, -18.715195 ], [ 36.401825, -18.665762 ] ] ], [ [ [ 36.786346, -18.212394 ], [ 36.773987, -18.216307 ], [ 36.76712, -18.207176 ], [ 36.786346, -18.212394 ] ] ], [ [ [ 36.800079, -18.209785 ], [ 36.795959, -18.204567 ], [ 36.802826, -18.198044 ], [ 36.800079, -18.209785 ] ] ], [ [ [ 36.927795, -18.012692 ], [ 36.923676, -18.020528 ], [ 36.916809, -18.011386 ], [ 36.927795, -18.012692 ] ] ], [ [ [ 39.075623, -17.117168 ], [ 39.085236, -17.11323 ], [ 39.086609, -17.119793 ], [ 39.075623, -17.117168 ] ] ], [ [ [ 34.93927, -20.67776 ], [ 34.93103, -20.686753 ], [ 34.93103, -20.679045 ], [ 34.93927, -20.67776 ] ] ], [ [ [ 34.954376, -20.659771 ], [ 34.962616, -20.667481 ], [ 34.957123, -20.67262 ], [ 34.954376, -20.659771 ] ] ], [ [ [ 34.906311, -20.676475 ], [ 34.892578, -20.623788 ], [ 34.94751, -20.663626 ], [ 34.906311, -20.676475 ] ] ], [ [ [ 34.814301, -19.796425 ], [ 34.795074, -19.773165 ], [ 34.812927, -19.78738 ], [ 34.814301, -19.796425 ] ] ], [ [ [ 34.753876, -19.875226 ], [ 34.763489, -19.87006 ], [ 34.766235, -19.8791 ], [ 34.753876, -19.875226 ] ] ], [ [ [ 34.752502, -19.767996 ], [ 34.752502, -19.758949 ], [ 34.775848, -19.800302 ], [ 34.752502, -19.767996 ] ] ], [ [ [ 34.704437, -19.752487 ], [ 34.693451, -19.752487 ], [ 34.685211, -19.740854 ], [ 34.704437, -19.752487 ] ] ], [ [ [ 34.708557, -19.727928 ], [ 34.741516, -19.726635 ], [ 34.764862, -19.747317 ], [ 34.708557, -19.727928 ] ] ], [ [ [ 34.645386, -19.681384 ], [ 34.646759, -19.66716 ], [ 34.664612, -19.68397 ], [ 34.645386, -19.681384 ] ] ], [ [ [ 39.797974, -16.309596 ], [ 39.79248, -16.33859 ], [ 39.784241, -16.318821 ], [ 39.797974, -16.309596 ] ] ], [ [ [ 39.951782, -16.263459 ], [ 39.951782, -16.274006 ], [ 39.943542, -16.27796 ], [ 39.951782, -16.263459 ] ] ], [ [ [ 40.56839, -15.440443 ], [ 40.562897, -15.452357 ], [ 40.575256, -15.417939 ], [ 40.56839, -15.440443 ] ] ], [ [ [ 40.746918, -15.029686 ], [ 40.730438, -15.050906 ], [ 40.730438, -15.034991 ], [ 40.746918, -15.029686 ] ] ], [ [ [ 40.827942, -14.869142 ], [ 40.818329, -14.846576 ], [ 40.836182, -14.849231 ], [ 40.827942, -14.869142 ] ] ], [ [ [ 40.836182, -14.545038 ], [ 40.834808, -14.535733 ], [ 40.841675, -14.533074 ], [ 40.836182, -14.545038 ] ] ], [ [ [ 40.623322, -12.594774 ], [ 40.616455, -12.608176 ], [ 40.597229, -12.597455 ], [ 40.623322, -12.594774 ] ] ], [ [ [ 40.609589, -12.54518 ], [ 40.586243, -12.566627 ], [ 40.578003, -12.547861 ], [ 40.609589, -12.54518 ] ] ], [ [ [ 40.597229, -12.487532 ], [ 40.608215, -12.496918 ], [ 40.598602, -12.495577 ], [ 40.597229, -12.487532 ] ] ], [ [ [ 40.521698, -12.37488 ], [ 40.531311, -12.381587 ], [ 40.527191, -12.38427 ], [ 40.521698, -12.37488 ] ] ], [ [ [ 40.602722, -12.352076 ], [ 40.575256, -12.395 ], [ 40.545044, -12.360125 ], [ 40.602722, -12.352076 ] ] ], [ [ [ 40.631561, -12.487532 ], [ 40.624695, -12.48485 ], [ 40.626068, -12.471442 ], [ 40.631561, -12.487532 ] ] ], [ [ [ 40.588989, -12.425848 ], [ 40.616455, -12.415119 ], [ 40.606842, -12.460715 ], [ 40.588989, -12.425848 ] ] ], [ [ [ 40.598602, -11.817621 ], [ 40.609589, -11.818965 ], [ 40.599976, -11.821653 ], [ 40.598602, -11.817621 ] ] ], [ [ [ 40.630188, -11.365607 ], [ 40.648041, -11.366953 ], [ 40.620575, -11.370992 ], [ 40.630188, -11.365607 ] ] ], [ [ [ 39.859772, -16.426865 ], [ 39.898224, -16.412375 ], [ 39.892731, -16.421596 ], [ 39.859772, -16.426865 ] ] ], [ [ [ 39.907837, -16.283233 ], [ 39.850159, -16.421596 ], [ 39.807587, -16.318821 ], [ 39.907837, -16.283233 ] ] ], [ [ [ 39.903717, -16.375486 ], [ 39.933929, -16.310914 ], [ 39.938049, -16.326729 ], [ 39.903717, -16.375486 ] ] ], [ [ [ 39.071503, -16.953038 ], [ 39.067383, -16.939901 ], [ 39.079742, -16.93596 ], [ 39.071503, -16.953038 ] ] ], [ [ [ 40.499725, -12.326586 ], [ 40.488739, -12.279625 ], [ 40.505219, -12.33866 ], [ 40.499725, -12.326586 ] ] ], [ [ [ 40.558777, -12.193731 ], [ 40.588989, -12.184334 ], [ 40.608215, -12.240707 ], [ 40.558777, -12.193731 ] ] ], [ [ [ 40.582123, -11.997682 ], [ 40.573883, -11.976188 ], [ 40.588989, -11.973501 ], [ 40.582123, -11.997682 ] ] ], [ [ [ 40.641174, -11.194568 ], [ 40.613708, -11.19861 ], [ 40.586243, -11.179749 ], [ 40.641174, -11.194568 ] ] ], [ [ [ 40.696106, -11.167624 ], [ 40.653534, -11.183791 ], [ 40.674133, -11.150109 ], [ 40.696106, -11.167624 ] ] ], [ [ [ 40.609589, -11.031516 ], [ 40.722198, -11.011297 ], [ 40.643921, -11.043647 ], [ 40.609589, -11.031516 ] ] ], [ [ [ 40.6604, -10.856235 ], [ 40.653534, -10.827911 ], [ 40.679626, -10.845445 ], [ 40.643921, -10.876465 ], [ 40.6604, -10.856235 ] ] ], [ [ [ 40.638428, -10.767207 ], [ 40.659027, -10.777999 ], [ 40.650787, -10.798235 ], [ 40.638428, -10.767207 ] ] ] ] } },
{ "type": "Feature", "properties": { "NAME_CHN": "英属塞拉利昂", "NAME_ENG": "SIERRA LEONE", "NR_C": 181, "NR_C_ID": 181, "SOC": "SLE" }, "geometry": { "type": "MultiPolygon", "coordinates": [ [ [ [ -12.488708, 7.566715 ], [ -12.536774, 7.389705 ], [ -12.951508, 7.570799 ], [ -12.488708, 7.566715 ] ], [ [ -12.588959, 7.587134 ], [ -12.579346, 7.585773 ], [ -12.587585, 7.591218 ], [ -12.588959, 7.587134 ] ] ], [ [ [ -12.988586, 7.584412 ], [ -12.963867, 7.589857 ], [ -12.966614, 7.568076 ], [ -12.988586, 7.584412 ] ] ], [ [ [ -13.006439, 7.589857 ], [ -12.995453, 7.595302 ], [ -12.996826, 7.588495 ], [ -13.006439, 7.589857 ] ] ], [ [ [ -13.006439, 7.603469 ], [ -12.999573, 7.60483 ], [ -13.006439, 7.595302 ], [ -13.006439, 7.603469 ] ] ], [ [ [ -13.057251, 7.64022 ], [ -13.014679, 7.656553 ], [ -13.033905, 7.621165 ], [ -13.057251, 7.64022 ] ] ], [ [ [ -13.065491, 7.66608 ], [ -13.061371, 7.674246 ], [ -13.051758, 7.672885 ], [ -13.065491, 7.66608 ] ] ], [ [ [ -13.19458, 8.139446 ], [ -13.209686, 8.110896 ], [ -13.239899, 8.095941 ], [ -13.19458, 8.139446 ] ] ], [ [ [ -13.128662, 8.552504 ], [ -13.127289, 8.559294 ], [ -13.120422, 8.553862 ], [ -13.128662, 8.552504 ] ] ], [ [ [ -13.116302, 8.556578 ], [ -13.110809, 8.566084 ], [ -13.109436, 8.557936 ], [ -13.116302, 8.556578 ] ] ], [ [ [ -13.124542, 8.563368 ], [ -13.110809, 8.590527 ], [ -13.108063, 8.576947 ], [ -13.124542, 8.563368 ] ] ], [ [ [ -13.009186, 8.578305 ], [ -13.014679, 8.571516 ], [ -13.024292, 8.576947 ], [ -13.009186, 8.578305 ] ] ], [ [ [ -13.013306, 8.567442 ], [ -12.98172, 8.581021 ], [ -12.962494, 8.5688 ], [ -13.013306, 8.567442 ] ] ], [ [ [ -12.363739, 7.396515 ], [ -12.425537, 7.425113 ], [ -12.410431, 7.429198 ], [ -12.363739, 7.396515 ] ] ], [ [ [ -12.481842, 7.442816 ], [ -12.476349, 7.433284 ], [ -12.488708, 7.442816 ], [ -12.481842, 7.442816 ] ] ], [ [ [ -12.501068, 7.618442 ], [ -12.480469, 7.617081 ], [ -12.479095, 7.603469 ], [ -12.501068, 7.618442 ] ] ], [ [ [ -12.98996, 7.630693 ], [ -12.995453, 7.636137 ], [ -12.988586, 7.641581 ], [ -12.98996, 7.630693 ] ] ], [ [ [ -12.521667, 7.623887 ], [ -12.55188, 7.657914 ], [ -12.520294, 7.636137 ], [ -12.521667, 7.623887 ] ] ], [ [ [ -12.490082, 7.519065 ], [ -12.484589, 7.512258 ], [ -12.490082, 7.500004 ], [ -12.490082, 7.519065 ] ] ], [ [ [ -12.454376, 7.534041 ], [ -12.463989, 7.52315 ], [ -12.477722, 7.550378 ], [ -12.454376, 7.534041 ] ] ], [ [ [ -12.476349, 7.599385 ], [ -12.473602, 7.584412 ], [ -12.480469, 7.59394 ], [ -12.476349, 7.599385 ] ] ], [ [ [ -12.454376, 7.504089 ], [ -12.303314, 7.528596 ], [ -12.542267, 7.664719 ], [ -12.474976, 7.781751 ], [ -12.705688, 7.702826 ], [ -12.954254, 7.915073 ], [ -12.801819, 7.923234 ], [ -13.000946, 8.237315 ], [ -13.167114, 8.170712 ], [ -13.296204, 8.494105 ], [ -13.091583, 8.407168 ], [ -12.928162, 8.564726 ], [ -13.175354, 8.530775 ], [ -13.249512, 8.796868 ], [ -13.125916, 8.840294 ], [ -13.30719, 9.037003 ], [ -12.793579, 9.297307 ], [ -12.432404, 9.882275 ], [ -11.206055, 9.999958 ], [ -10.663605, 9.300017 ], [ -10.733643, 9.084468 ], [ -10.583954, 9.041072 ], [ -10.469971, 8.674706 ], [ -10.718536, 8.271291 ], [ -10.331268, 8.502254 ], [ -10.287323, 8.484597 ], [ -10.305176, 8.201976 ], [ -10.605927, 8.032034 ], [ -10.604553, 7.770866 ], [ -11.491699, 6.92779 ], [ -12.517548, 7.386982 ], [ -12.308807, 7.38562 ], [ -12.454376, 7.504089 ] ], [ [ -12.396698, 7.563992 ], [ -12.413177, 7.558547 ], [ -12.392578, 7.557185 ], [ -12.396698, 7.563992 ] ] ], [ [ [ -13.227539, 8.882358 ], [ -13.237152, 8.90678 ], [ -13.1987, 8.897283 ], [ -13.227539, 8.882358 ] ] ] ] } },
{ "type": "Feature", "properties": { "NAME_CHN": "葡属圣多美和普林西比", "NAME_ENG": "SAO TOME AND PRINCIPE", "NR_C": 188, "NR_C_ID": 188, "SOC": "STP" }, "geometry": { "type": "MultiPolygon", "coordinates": [ [ [ [ 6.523132, -0.013733 ], [ 6.517639, -0.002747 ], [ 6.534119, -0.00412 ], [ 6.523132, -0.013733 ] ] ], [ [ [ 6.727753, 0.384519 ], [ 6.519012, 0.027466 ], [ 6.50116, 0.318602 ], [ 6.727753, 0.384519 ] ] ], [ [ [ 7.264709, 1.403363 ], [ 7.267456, 1.4116 ], [ 7.278442, 1.403363 ], [ 7.264709, 1.403363 ] ] ], [ [ [ 7.278442, 1.358058 ], [ 7.277069, 1.37316 ], [ 7.283936, 1.367668 ], [ 7.278442, 1.358058 ] ] ], [ [ [ 7.437744, 1.691649 ], [ 7.428131, 1.559866 ], [ 7.34436, 1.55712 ], [ 7.437744, 1.691649 ] ] ] ] } },
{ "type": "Feature", "properties": { "NAME_CHN": "英属南非", "NAME_ENG": "SOUTH AFRICA", "NR_C": 208, "NR_C_ID": 208, "SOC": "ZAF" }, "geometry": { "type": "MultiPolygon", "coordinates": [ [ [ [ 18.358154, -33.819089 ], [ 18.370514, -33.795126 ], [ 18.380127, -33.82023 ], [ 18.358154, -33.819089 ] ] ], [ [ [ 18.071136, -33.408517 ], [ 18.086243, -33.408517 ], [ 18.091736, -33.426857 ], [ 18.071136, -33.408517 ] ] ], [ [ [ 22.440948, -34.056073 ], [ 21.724091, -34.401244 ], [ 20.754547, -34.395579 ], [ 20.857544, -34.464674 ], [ 20.511475, -34.477128 ], [ 20.00473, -34.839731 ], [ 19.294739, -34.633208 ], [ 19.36615, -34.506557 ], [ 19.138184, -34.308278 ], [ 18.822327, -34.385379 ], [ 18.798981, -34.087924 ], [ 18.473511, -34.102708 ], [ 18.492737, -34.35364 ], [ 18.39798, -34.306009 ], [ 18.311462, -34.027624 ], [ 18.479004, -33.892077 ], [ 18.437805, -33.702635 ], [ 17.845917, -32.829981 ], [ 18.312836, -32.565333 ], [ 18.282623, -31.895049 ], [ 17.277374, -30.333769 ], [ 16.480865, -28.567638 ], [ 16.732178, -28.492833 ], [ 16.88324, -28.088943 ], [ 17.08374, -28.038046 ], [ 17.378998, -28.295917 ], [ 17.40921, -28.723109 ], [ 18.187866, -28.916823 ], [ 19.172516, -28.957686 ], [ 19.562531, -28.531449 ], [ 19.99649, -28.433676 ], [ 20.00061, -24.753067 ], [ 20.00061, -22.001628 ], [ 21.00174, -22.004175 ], [ 20.998993, -18.318026 ], [ 23.296509, -17.997019 ], [ 23.612366, -18.504354 ], [ 24.194641, -18.019222 ], [ 24.575043, -18.064924 ], [ 24.911499, -17.812764 ], [ 25.256195, -17.78792 ], [ 24.970551, -17.557628 ], [ 24.237213, -17.477742 ], [ 23.428345, -17.638787 ], [ 22.497253, -16.817687 ], [ 22.002869, -16.208081 ], [ 22.000122, -13.004558 ], [ 24.040833, -12.991177 ], [ 23.903503, -12.833226 ], [ 24.076538, -12.404389 ], [ 23.970795, -11.656271 ], [ 24.082031, -11.397918 ], [ 24.058685, -10.889951 ], [ 24.382782, -11.092166 ], [ 24.288025, -11.383109 ], [ 24.445953, -11.475987 ], [ 25.352325, -11.195915 ], [ 25.337219, -11.62668 ], [ 25.989532, -11.941258 ], [ 26.883545, -11.984248 ], [ 27.02774, -11.611884 ], [ 27.206268, -11.568835 ], [ 27.631989, -12.275599 ], [ 27.917633, -12.240707 ], [ 28.44223, -12.515687 ], [ 29.003906, -13.416337 ], [ 29.588928, -13.213208 ], [ 29.610901, -13.408322 ], [ 29.808655, -13.455073 ], [ 29.807281, -12.156143 ], [ 29.488678, -12.238023 ], [ 29.499664, -12.470101 ], [ 29.058838, -12.389635 ], [ 28.43811, -11.831062 ], [ 28.394165, -11.474641 ], [ 28.696289, -10.661958 ], [ 28.576813, -10.23114 ], [ 28.697662, -9.806504 ], [ 28.527374, -9.360998 ], [ 28.359833, -9.333897 ], [ 28.89679, -8.795511 ], [ 28.902283, -8.475089 ], [ 30.774078, -8.223723 ], [ 30.978699, -8.538923 ], [ 31.37558, -8.587811 ], [ 31.983948, -9.070907 ], [ 32.431641, -9.118368 ], [ 33.460236, -9.619706 ], [ 33.939514, -9.711764 ], [ 34.035645, -9.492408 ], [ 34.524536, -10.016187 ], [ 34.602814, -11.030168 ], [ 34.958496, -11.571525 ], [ 34.888458, -12.031262 ], [ 34.696198, -12.188361 ], [ 34.793701, -13.333503 ], [ 35.917053, -14.891705 ], [ 35.789337, -15.166252 ], [ 35.818176, -16.024696 ], [ 35.403442, -16.128943 ], [ 35.149384, -16.558544 ], [ 35.300446, -17.122417 ], [ 35.094452, -17.122417 ], [ 35.15625, -16.832147 ], [ 34.432526, -16.264777 ], [ 34.253998, -15.907188 ], [ 34.604187, -15.266963 ], [ 34.534149, -14.5889 ], [ 34.367981, -14.390788 ], [ 33.679962, -14.604847 ], [ 33.230896, -13.998037 ], [ 30.217896, -14.997852 ], [ 30.425262, -15.999615 ], [ 31.245117, -15.999615 ], [ 31.91391, -16.412375 ], [ 32.97821, -16.707232 ], [ 32.835388, -16.920195 ], [ 33.045502, -17.346706 ], [ 32.942505, -17.989183 ], [ 33.055115, -18.362346 ], [ 32.887573, -18.510866 ], [ 32.927399, -18.765914 ], [ 32.700806, -18.940062 ], [ 32.87796, -19.098458 ], [ 32.776337, -19.457528 ], [ 33.052368, -19.780919 ], [ 33.013916, -20.010774 ], [ 32.487946, -20.627643 ], [ 32.367096, -21.137026 ], [ 32.479706, -21.327757 ], [ 31.306915, -22.421185 ], [ 31.556854, -23.469545 ], [ 31.990814, -24.313311 ], [ 31.938629, -25.830797 ], [ 32.088318, -26.011127 ], [ 32.133636, -26.8351 ], [ 32.895813, -26.857155 ], [ 32.402802, -28.523003 ], [ 31.433258, -29.197726 ], [ 29.998169, -31.309062 ], [ 29.448853, -31.64286 ], [ 28.502655, -32.612773 ], [ 27.106018, -33.529948 ], [ 26.457825, -33.780289 ], [ 25.84671, -33.714059 ], [ 25.587158, -33.845327 ], [ 25.699768, -34.035591 ], [ 25.007629, -33.958169 ], [ 24.771423, -34.108393 ], [ 24.835968, -34.214073 ], [ 23.650818, -33.97867 ], [ 23.409119, -34.107256 ], [ 22.440948, -34.056073 ] ] ], [ [ [ 18.196106, -31.695456 ], [ 18.190613, -31.694287 ], [ 18.198853, -31.68377 ], [ 18.196106, -31.695456 ] ] ] ] } },
{ "type": "Feature", "properties": { "NAME_CHN": "葡属佛得角", "NAME_ENG": "CAPE VERDE", "NR_C": 168, "NR_C_ID": 168, "SOC": "CPV" }, "geometry": { "type": "MultiPolygon", "coordinates": [ [ [ [ -24.303131, 14.944785 ], [ -24.380035, 14.808077 ], [ -24.510498, 14.878433 ], [ -24.375916, 15.045601 ], [ -24.303131, 14.944785 ] ] ], [ [ [ -23.715363, 15.327896 ], [ -23.487396, 14.904976 ], [ -23.792267, 15.062841 ], [ -23.715363, 15.327896 ] ] ], [ [ [ -24.117737, 16.619086 ], [ -24.025726, 16.550645 ], [ -24.320984, 16.47823 ], [ -24.43222, 16.636192 ], [ -24.117737, 16.619086 ] ] ], [ [ [ -24.609375, 16.626981 ], [ -24.588776, 16.630929 ], [ -24.588776, 16.60461 ], [ -24.609375, 16.626981 ] ] ], [ [ [ -23.13446, 15.309353 ], [ -23.199005, 15.114553 ], [ -23.24295, 15.269613 ], [ -23.13446, 15.309353 ] ] ], [ [ [ -22.699127, 16.159283 ], [ -22.798004, 15.96529 ], [ -22.958679, 16.018096 ], [ -22.922974, 16.223905 ], [ -22.699127, 16.159283 ] ] ], [ [ [ -22.927094, 16.159283 ], [ -22.944946, 16.171154 ], [ -22.932587, 16.168516 ], [ -22.927094, 16.159283 ] ] ], [ [ [ -22.93396, 16.632244 ], [ -22.994385, 16.815058 ], [ -22.918854, 16.853177 ], [ -22.93396, 16.632244 ] ] ], [ [ [ -24.689026, 14.877105 ], [ -24.680786, 14.817371 ], [ -24.76181, 14.833302 ], [ -24.689026, 14.877105 ] ] ], [ [ [ -24.706879, 14.968667 ], [ -24.691772, 14.969993 ], [ -24.709625, 14.956726 ], [ -24.706879, 14.968667 ] ] ], [ [ [ -24.645081, 14.97928 ], [ -24.640961, 14.97132 ], [ -24.654694, 14.95938 ], [ -24.645081, 14.97928 ] ] ], [ [ [ -24.694519, 16.662506 ], [ -24.675293, 16.661191 ], [ -24.668427, 16.642771 ], [ -24.694519, 16.662506 ] ] ], [ [ [ -24.721985, 16.745373 ], [ -24.793396, 16.762468 ], [ -24.78653, 16.801912 ], [ -24.721985, 16.745373 ] ] ], [ [ [ -24.868927, 16.853177 ], [ -25.096893, 16.821631 ], [ -24.971924, 16.918881 ], [ -24.868927, 16.853177 ] ] ], [ [ [ -25.025482, 17.172283 ], [ -24.99939, 17.05022 ], [ -25.31662, 16.926764 ], [ -25.335846, 17.092229 ], [ -25.025482, 17.172283 ] ] ] ] } },
{ "type": "Feature", "properties": { "NAME_CHN": "英属毛里求斯", "NAME_ENG": "MAURITIUS", "NR_C": 201, "NR_C_ID": 201, "SOC": "MUS" }, "geometry": { "type": "MultiPolygon", "coordinates": [ [ [ [ 57.683716, -20.04174 ], [ 57.691956, -20.023678 ], [ 57.711182, -20.043031 ], [ 57.683716, -20.04174 ] ] ], [ [ [ 63.49823, -19.711122 ], [ 63.323822, -19.739561 ], [ 63.436432, -19.66716 ], [ 63.49823, -19.711122 ] ] ], [ [ [ 59.558258, -16.790079 ], [ 59.551392, -16.803226 ], [ 59.536285, -16.811114 ], [ 59.558258, -16.790079 ] ] ], [ [ [ 57.337646, -20.411569 ], [ 57.345886, -20.420578 ], [ 57.3349, -20.436021 ], [ 57.337646, -20.411569 ] ] ], [ [ [ 57.658997, -20.000451 ], [ 57.800446, -20.224832 ], [ 57.723541, -20.434734 ], [ 57.301941, -20.470762 ], [ 57.658997, -20.000451 ] ] ], [ [ [ 56.633148, -10.455402 ], [ 56.612549, -10.464855 ], [ 56.591949, -10.42569 ], [ 56.633148, -10.455402 ] ] ], [ [ [ 56.576843, -10.404079 ], [ 56.528778, -10.360853 ], [ 56.516418, -10.318973 ], [ 56.576843, -10.404079 ] ] ] ] } },
{ "type": "Feature", "properties": { "NAME_CHN": "英属尼日利亚", "NAME_ENG": "NIGERIA", "NR_C": 177, "NR_C_ID": 177, "SOC": "NGA" }, "geometry": { "type": "MultiPolygon", "coordinates": [ [ [ [ 5.74585, 4.488809 ], [ 5.730743, 4.499762 ], [ 5.727997, 4.509345 ], [ 5.74585, 4.488809 ] ] ], [ [ [ 8.816528, 5.18532 ], [ 8.532257, 4.711934 ], [ 8.250732, 4.820049 ], [ 8.279572, 4.538094 ], [ 6.083679, 4.277941 ], [ 5.641479, 4.588745 ], [ 5.351715, 5.170276 ], [ 5.387421, 5.391805 ], [ 4.508514, 6.316663 ], [ 2.709503, 6.368529 ], [ 2.778168, 9.053277 ], [ 3.088531, 9.102097 ], [ 3.136597, 9.462608 ], [ 3.595276, 9.945856 ], [ 3.632355, 10.417586 ], [ 3.786163, 10.40543 ], [ 3.847961, 10.589071 ], [ 3.725739, 11.124507 ], [ 3.496399, 11.292894 ], [ 3.679047, 11.75847 ], [ 3.641968, 12.519709 ], [ 4.096527, 12.996529 ], [ 4.130859, 13.472435 ], [ 4.464569, 13.703364 ], [ 5.526123, 13.891411 ], [ 6.421509, 13.601943 ], [ 6.928253, 12.989839 ], [ 7.825012, 13.340184 ], [ 8.970337, 12.833226 ], [ 9.650116, 12.803767 ], [ 10.06073, 13.20385 ], [ 10.669098, 13.357554 ], [ 11.521912, 13.353546 ], [ 12.476349, 13.062088 ], [ 12.87323, 13.495137 ], [ 13.634033, 13.710035 ], [ 14.085846, 13.078141 ], [ 14.173737, 12.40573 ], [ 13.901491296699318, 11.971999816011119 ], [ 13.719795689957742, 11.630791018258313 ], [ 13.59591928546336, 11.405158995786403 ], [ 13.516284454002687, 11.188375287921234 ], [ 13.348166476474598, 10.821170231741458 ], [ 13.126958611306058, 10.276998883426852 ], [ 13.248138, 10.016187 ], [ 13.235779, 9.568251 ], [ 12.855377, 9.385387 ], [ 12.542969847261114, 9.047083153089776 ], [ 12.01207097085662, 8.595819108145957 ], [ 11.640441757373473, 8.206493265449328 ], [ 11.233419285463366, 7.901226411516741 ], [ 10.972394004564489, 7.600383714887528 ], [ 10.606294987710557, 7.319449726123483 ], [ 10.428222656249883, 7.169028377808877 ], [ 10.241302010182459, 7.0739089957864 ], [ 10.155487, 7.039564 ], [ 8.842621, 5.826419 ], [ 8.816528, 5.18532 ] ] ], [ [ [ 8.319397, 4.587376 ], [ 8.32901, 4.638023 ], [ 8.339996, 4.601065 ], [ 8.319397, 4.587376 ] ] ] ] } },
{ "type": "Feature", "properties": { "NAME_CHN": "西属伊夫尼", "NAME_ENG": null, "NR_C": null, "NR_C_ID": null, "SOC": null }, "geometry": { "type": "Polygon", "coordinates": [ [ [ -10.047925864768487, 29.560993486397734 ], [ -9.730447148351807, 29.515961044352828 ], [ -9.764972020586249, 29.167710159205434 ], [ -10.0186547774393, 28.879502530117936 ], [ -10.395426209215122, 29.146695019584463 ], [ -10.183023190903249, 29.376360474013563 ], [ -10.047925864768487, 29.560993486397734 ] ] ] } }
]
}
