{
"type": "FeatureCollection",
"name": "ming1433_fullv1",
"crs": { "type": "name", "properties": { "name": "urn:ogc:def:crs:OGC:1.3:CRS84" } },
"xy_coordinate_resolution": 1e-15,
"features": [
{ "type": "Feature", "properties": { "省份": null, "id": "202608110001", "name": "罕东卫", "layer": null, "path": "C:/Users/geste/Desktop/ming1433_fullv1.0.geojson" }, "geometry": { "type": "Polygon", "coordinates": [ [ [ 91.725832, 43.699651, 0.0 ], [ 91.630467946030535, 43.637809244014861, 0.0 ], [ 91.588439, 43.47684, 0.0 ], [ 91.489542, 43.261206, 0.0 ], [ 91.489542, 43.008664, 0.0 ], [ 91.53899, 42.666281, 0.0 ], [ 91.489542, 42.326062, 0.0 ], [ 91.588434, 41.471544, 0.0 ], [ 91.76425, 41.356196, 0.0 ], [ 92.033468, 41.405656, 0.0 ], [ 92.1928, 41.393294, 0.0 ], [ 92.225766, 41.310824, 0.0 ], [ 92.115881, 40.934265, 0.0 ], [ 91.918089, 40.405131, 0.0 ], [ 91.835729, 40.212441, 0.0 ], [ 91.780786, 39.850721, 0.0 ], [ 91.736832, 39.622615, 0.0 ], [ 91.769798, 39.423464, 0.0 ], [ 91.852211, 39.31305, 0.0 ], [ 91.808257, 39.159882, 0.0 ], [ 91.379707, 39.053318, 0.0 ], [ 90.846766, 38.950865, 0.0 ], [ 89.835826, 38.796908, 0.0 ], [ 89.665505, 38.694085, 0.0 ], [ 89.643528, 38.522384, 0.0 ], [ 89.714953, 38.289937, 0.0 ], [ 89.610654, 38.164795, 0.0 ], [ 89.34693, 38.138877, 0.0 ], [ 89.017276, 38.190704, 0.0 ], [ 88.813989, 38.173433, 0.0 ], [ 88.418404, 37.939865, 0.0 ], [ 88.12721, 37.913867, 0.0 ], [ 87.885463, 37.861844, 0.0 ], [ 87.874475, 37.749001, 0.0 ], [ 88.039302, 37.649034, 0.0 ], [ 88.193141, 37.601176, 0.0 ], [ 88.176658, 37.461778, 0.0 ], [ 88.314014, 37.348326, 0.0 ], [ 88.55576, 37.326489, 0.0 ], [ 88.813989, 37.247821, 0.0 ], [ 88.896403, 37.033255, 0.0 ], [ 88.945808, 36.840065, 0.0 ], [ 89.094153, 36.752089, 0.0 ], [ 89.324911, 36.70366, 0.0 ], [ 89.517209, 36.611118, 0.0 ], [ 89.654565, 36.390335, 0.0 ], [ 89.747828, 36.142311, 0.0 ], [ 89.935073, 35.915747, 0.0 ], [ 90.165831, 36.057981, 0.0 ], [ 90.583393, 36.288563, 0.0 ], [ 90.770198, 36.377068, 0.0 ], [ 91.033921, 36.438961, 0.0 ], [ 91.198748, 36.500805, 0.0 ], [ 91.374564, 36.633162, 0.0 ], [ 91.495437, 36.765292, 0.0 ], [ 91.638287, 36.914764, 0.0 ], [ 91.912999, 36.993778, 0.0 ], [ 92.066837, 36.949892, 0.0 ], [ 92.429457, 36.791691, 0.0 ], [ 92.836031, 36.668419, 0.0 ], [ 93.220627, 36.571424, 0.0 ], [ 93.737086, 36.606709, 0.0 ], [ 93.978832, 36.782892, 0.0 ], [ 94.231567, 36.985003, 0.0 ], [ 94.528256, 37.151561, 0.0 ], [ 94.956806, 37.256566, 0.0 ], [ 95.253495, 37.370157, 0.0 ], [ 95.527544, 37.527154, 0.0 ], [ 95.736988, 37.666429, 0.0 ], [ 96.396296, 37.961523, 0.0 ], [ 96.846824, 38.065392, 0.0 ], [ 97.351096, 38.143198, 0.0 ], [ 97.768658, 38.177751, 0.0 ], [ 98.098312, 38.151837, 0.0 ], [ 98.438955, 38.022131, 0.0 ], [ 98.856517, 37.805444, 0.0 ], [ 99.318033, 37.71859, 0.0 ], [ 99.691622, 37.431251, 0.0 ], [ 100.043253, 37.169072, 0.0 ], [ 100.284999, 37.195331, 0.0 ], [ 100.515757, 37.03764, 0.0 ], [ 100.636631, 36.870832, 0.0 ], [ 100.790469, 36.826875, 0.0 ], [ 100.899433, 36.589068, 0.0 ], [ 101.075249, 36.75649, 0.0 ], [ 101.218099, 36.826875, 0.0 ], [ 101.327984, 37.011326, 0.0 ], [ 101.185385, 37.142803, 0.0 ], [ 100.987592, 37.282795, 0.0 ], [ 100.888696, 37.431251, 0.0 ], [ 100.767823, 37.561997, 0.0 ], [ 100.723869, 37.779399, 0.0 ], [ 100.756834, 37.926868, 0.0 ], [ 100.778811, 38.099983, 0.0 ], [ 100.624972, 38.23818, 0.0 ], [ 100.361249, 38.272689, 0.0 ], [ 100.152468, 38.22092, 0.0 ], [ 99.866768, 38.289937, 0.0 ], [ 99.405252, 38.479395, 0.0 ], [ 99.185482, 38.530979, 0.0 ], [ 98.789897, 38.651198, 0.0 ], [ 98.493209, 38.754083, 0.0 ], [ 98.317393, 38.83115, 0.0 ], [ 98.185531, 39.223743, 0.0 ], [ 98.240474, 39.334297, 0.0 ], [ 98.152688, 39.520992, 0.0 ], [ 98.130711, 39.690281, 0.0 ], [ 98.218619, 39.901309, 0.0 ], [ 98.350481, 40.044438, 0.0 ], [ 98.350481, 40.262761, 0.0 ], [ 98.394435, 40.413496, 0.0 ], [ 98.406824, 40.63063, 0.0 ], [ 98.153821, 40.772222, 0.0 ], [ 98.07717, 40.822124, 0.0 ], [ 97.912075, 41.079351, 0.0 ], [ 97.813447, 41.236511, 0.0 ], [ 97.64862, 41.516804, 0.0 ], [ 97.198092, 41.541478, 0.0 ], [ 96.835473, 41.516804, 0.0 ], [ 96.49483, 41.664705, 0.0 ], [ 96.384945, 42.008489, 0.0 ], [ 95.901452, 42.431566, 0.0 ], [ 95.747614, 42.819581, 0.0 ], [ 95.571798, 43.020714, 0.0 ], [ 95.275109, 43.157109, 0.0 ], [ 94.890513, 43.189158, 0.0 ], [ 94.571847, 43.261206, 0.0 ], [ 94.3301, 43.357138, 0.0 ], [ 94.000446, 43.428988, 0.0 ], [ 93.747711, 43.436966, 0.0 ], [ 93.39608, 43.484812, 0.0 ], [ 92.681829, 43.644026, 0.0 ], [ 92.253279, 43.628123, 0.0 ], [ 91.725832, 43.699651, 0.0 ] ] ] } },
{ "type": "Feature", "properties": { "省份": "京师", "id": "202608110002", "name": "京师", "layer": null, "path": "C:/Users/geste/Desktop/ming1433_fullv1.0.geojson" }, "geometry": { "type": "Polygon", "coordinates": [ [ [ 114.633041, 42.138968, 0.0 ], [ 114.479202, 41.975827, 0.0 ], [ 114.413271, 41.861379, 0.0 ], [ 114.336352, 41.828642, 0.0 ], [ 114.259433, 41.697526, 0.0 ], [ 114.160536, 41.483891, 0.0 ], [ 114.083617, 41.327326, 0.0 ], [ 114.050652, 41.162114, 0.0 ], [ 114.050652, 40.979898, 0.0 ], [ 114.105594, 40.813809, 0.0 ], [ 114.143575780057901, 40.751051275391298, 0.0 ], [ 114.20449, 40.622292, 0.0 ], [ 114.325364, 40.688969, 0.0 ], [ 114.325364, 40.505446, 0.0 ], [ 114.369317, 40.380028, 0.0 ], [ 114.28141, 40.254377, 0.0 ], [ 114.193502, 40.136891, 0.0 ], [ 114.237456, 40.019201, 0.0 ], [ 114.369317, 39.985538, 0.0 ], [ 114.523156, 40.044438, 0.0 ], [ 114.633041, 40.178873, 0.0 ], [ 114.742926, 40.279526, 0.0 ], [ 114.830833, 40.388397, 0.0 ], [ 114.940718, 40.472024, 0.0 ], [ 115.094557, 40.505446, 0.0 ], [ 115.204442, 40.488737, 0.0 ], [ 115.259384, 40.354917, 0.0 ], [ 115.248445, 40.195659, 0.0 ], [ 115.204491, 39.985538, 0.0 ], [ 115.149549, 39.825413, 0.0 ], [ 115.105595, 39.698734, 0.0 ], [ 115.017687, 39.529467, 0.0 ], [ 114.951756, 39.368279, 0.0 ], [ 114.885825, 39.147103, 0.0 ], [ 114.71001, 39.113014, 0.0 ], [ 114.545182, 39.147103, 0.0 ], [ 114.314399, 39.061849, 0.0 ], [ 114.061664, 39.019184, 0.0 ], [ 113.764975, 38.848264, 0.0 ], [ 113.688056, 38.642618, 0.0 ], [ 113.644102, 38.462192, 0.0 ], [ 113.742998, 38.307181, 0.0 ], [ 113.87486, 38.160476, 0.0 ], [ 113.984745, 38.065392, 0.0 ], [ 114.094629, 37.909534, 0.0 ], [ 114.116606, 37.753344, 0.0 ], [ 114.125545695629498, 37.66964955525448, 0.0 ], [ 114.100535090943197, 37.600431850777099, 0.0 ], [ 114.055757088641101, 37.5185893895436, 0.0 ], [ 113.963624776347103, 37.372657332991857, 0.0 ], [ 113.905333808567804, 37.307254110267777, 0.0 ], [ 113.832733878240802, 37.190068149896341, 0.0 ], [ 113.7662429333771, 37.131077808518377, 0.0 ], [ 113.763603854837399, 37.101405125624851, 0.0 ], [ 113.794078354769994, 37.063197753418578, 0.0 ], [ 113.791566257031803, 37.027194642412447, 0.0 ], [ 113.777638813252594, 37.003107337137187, 0.0 ], [ 113.786504302027893, 36.998272265810812, 0.0 ], [ 113.885919253930496, 36.959279651858587, 0.0 ], [ 113.937338908060795, 36.925844092619577, 0.0 ], [ 113.997527637966499, 36.910787038656593, 0.0 ], [ 114.041232009982096, 36.887630841636643, 0.0 ], [ 114.062193252778599, 36.846973048030463, 0.0 ], [ 114.084764475019398, 36.813320575078308, 0.0 ], [ 114.110572357193007, 36.80658063607634, 0.0 ], [ 114.167901878860107, 36.816217527874542, 0.0 ], [ 114.208183290015498, 36.827572191061918, 0.0 ], [ 114.284302488984196, 36.838842893108207, 0.0 ], [ 114.3233934925196, 36.835650680057149, 0.0 ], [ 114.357623939029693, 36.819310405338861, 0.0 ], [ 114.369074884545697, 36.783304783694582, 0.0 ], [ 114.367085522617799, 36.746320612126169, 0.0 ], [ 114.340380793101403, 36.70579833199686, 0.0 ], [ 114.300543681378599, 36.660927988036093, 0.0 ], [ 114.288742890860405, 36.631840418210878, 0.0 ], [ 114.296076162470499, 36.616657097128922, 0.0 ], [ 114.318269595341206, 36.593197549592411, 0.0 ], [ 114.385615847982507, 36.57707833114199, 0.0 ], [ 114.403374280495498, 36.569460756147009, 0.0 ], [ 114.475185034030204, 36.521115315293983, 0.0 ], [ 114.595760276606896, 36.464092312727523, 0.0 ], [ 114.6017392329681, 36.451569262986901, 0.0 ], [ 114.601215443188195, 36.42475629979667, 0.0 ], [ 114.590456052528907, 36.368618252526943, 0.0 ], [ 114.596944658813797, 36.36237974134454, 0.0 ], [ 114.621358536868001, 36.359037306788103, 0.0 ], [ 114.682459336157194, 36.359912551098667, 0.0 ], [ 114.717146177556003, 36.350520819483258, 0.0 ], [ 114.738862975147896, 36.328054199493437, 0.0 ], [ 114.743340898571802, 36.309846435983992, 0.0 ], [ 114.742313585538398, 36.285901427400688, 0.0 ], [ 114.730267608042894, 36.257291668778407, 0.0 ], [ 114.728759188503204, 36.233041010654077, 0.0 ], [ 114.743851354719197, 36.17026735982833, 0.0 ], [ 114.742376378298701, 36.127524362112908, 0.0 ], [ 114.738115015542903, 36.101188838292387, 0.0 ], [ 114.699142978166194, 36.052846670311958, 0.0 ], [ 114.670843695345297, 36.02727907112024, 0.0 ], [ 114.622606932246399, 35.891991885234702, 0.0 ], [ 114.594094085140497, 35.866820124947473, 0.0 ], [ 114.558288091714402, 35.843483870113879, 0.0 ], [ 114.519706290069493, 35.830816353848647, 0.0 ], [ 114.380947085025895, 35.816525233916742, 0.0 ], [ 114.329463163976797, 35.800469691782503, 0.0 ], [ 114.284573639527295, 35.772564538163067, 0.0 ], [ 114.270663242301097, 35.742837977754263, 0.0 ], [ 114.268245669541699, 35.713461604758962, 0.0 ], [ 114.282800427174905, 35.66398923725275, 0.0 ], [ 114.300111775623293, 35.626767662253627, 0.0 ], [ 114.296057150636202, 35.599744551213057, 0.0 ], [ 114.268807192902699, 35.548061773911577, 0.0 ], [ 114.272770436424807, 35.517912424282571, 0.0 ], [ 114.296342099867303, 35.470448977645567, 0.0 ], [ 114.345262578198898, 35.434289158773367, 0.0 ], [ 114.354874173187, 35.418250656228643, 0.0 ], [ 114.356464232720796, 35.369625695249383, 0.0 ], [ 114.360747740028401, 35.335878117201062, 0.0 ], [ 114.376486139397898, 35.311508719139248, 0.0 ], [ 114.399753482909404, 35.285437537847272, 0.0 ], [ 114.406569642312107, 35.233155486407142, 0.0 ], [ 114.416800473620299, 35.214473676576119, 0.0 ], [ 114.425831567322504, 35.209192502303743, 0.0 ], [ 114.482650353607198, 35.204036428726972, 0.0 ], [ 114.493693508137497, 35.192122884315133, 0.0 ], [ 114.496189511458496, 35.164270578081087, 0.0 ], [ 114.506054226440497, 35.140280724489941, 0.0 ], [ 114.553303849584097, 35.104867008744947, 0.0 ], [ 114.627600115690697, 35.081618489000377, 0.0 ], [ 114.734819552153397, 35.013884904174738, 0.0 ], [ 114.8406605384248, 34.983123086135308, 0.0 ], [ 114.899896292326204, 34.985149259090008, 0.0 ], [ 114.954789600942306, 34.983834180616732, 0.0 ], [ 114.992043149972801, 34.975072028254033, 0.0 ], [ 115.051222110250805, 34.982909968461293, 0.0 ], [ 115.145730618966994, 35.012364873016288, 0.0 ], [ 115.305055149170101, 35.141864314308073, 0.0 ], [ 115.259134863140304, 35.424723820284662, 0.0 ], [ 115.3344821562563, 35.762841296729299, 0.0 ], [ 115.507951172580306, 36.116002667837229, 0.0 ], [ 115.374551072862701, 36.362831711049303, 0.0 ], [ 115.250498769806796, 36.503206122373797, 0.0 ], [ 115.207315822741094, 36.467006725229773, 0.0 ], [ 115.113968640778694, 36.518237954847628, 0.0 ], [ 115.171209983543307, 36.55729500963227, 0.0 ], [ 115.212963090707404, 36.617591007261453, 0.0 ], [ 115.185452308275998, 36.652698813834107, 0.0 ], [ 115.127369542367006, 36.672033592172014, 0.0 ], [ 115.109319998664901, 36.731959975748772, 0.0 ], [ 115.0897031192209, 36.870966723277419, 0.0 ], [ 115.131427456774304, 36.906626492591741, 0.0 ], [ 115.177027239984199, 36.884233219786857, 0.0 ], [ 115.206770279004999, 36.847655415169058, 0.0 ], [ 115.274215664225906, 36.818593796859112, 0.0 ], [ 115.364160900418199, 36.880839708473218, 0.0 ], [ 115.321532670974705, 36.92936485917101, 0.0 ], [ 115.3713245844678, 36.936709652178799, 0.0 ], [ 115.431263441786996, 36.91986173091297, 0.0 ], [ 115.536884207879297, 36.934469082320518, 0.0 ], [ 115.735296004410799, 36.936963922179267, 0.0 ], [ 115.795275005580393, 36.945311125886448, 0.0 ], [ 115.840350399930102, 37.058198255413849, 0.0 ], [ 115.806606690623894, 37.108635433939853, 0.0 ], [ 115.745814184269804, 37.175667687735768, 0.0 ], [ 115.748231028406295, 37.306138023296299, 0.0 ], [ 115.771141138298702, 37.344956769037623, 0.0 ], [ 115.842536279494198, 37.361503525960259, 0.0 ], [ 115.959840407808201, 37.334184373264407, 0.0 ], [ 116.006759508641196, 37.318311797967162, 0.0 ], [ 116.058302230546403, 37.335202844971469, 0.0 ], [ 116.132764045293698, 37.391691587765038, 0.0 ], [ 116.224778747695794, 37.367394632263021, 0.0 ], [ 116.260168961469105, 37.40125844160486, 0.0 ], [ 116.262622926508001, 37.422415443682247, 0.0 ], [ 116.242853005530506, 37.450365026750362, 0.0 ], [ 116.248162570554996, 37.473099944313027, 0.0 ], [ 116.275634576591798, 37.498370837834088, 0.0 ], [ 116.270781706803405, 37.535314300137081, 0.0 ], [ 116.286637895971793, 37.571253491328349, 0.0 ], [ 116.338635839463805, 37.635626179154173, 0.0 ], [ 116.367691309959199, 37.644780582015429, 0.0 ], [ 116.396888800281204, 37.638366382880768, 0.0 ], [ 116.403178352768705, 37.594386229009409, 0.0 ], [ 116.387909928598802, 37.536386328366262, 0.0 ], [ 116.410588253056403, 37.466002641629693, 0.0 ], [ 116.476448850455398, 37.456286721467748, 0.0 ], [ 116.545792831377995, 37.463251353996647, 0.0 ], [ 116.568787171437506, 37.480408185008251, 0.0 ], [ 116.586541376184599, 37.497319041925671, 0.0 ], [ 116.603018630950103, 37.544698979309899, 0.0 ], [ 116.694332505427397, 37.585945999035452, 0.0 ], [ 116.761846757028906, 37.57083768636565, 0.0 ], [ 116.786582277138095, 37.55946027957269, 0.0 ], [ 116.808567272146306, 37.571003896125433, 0.0 ], [ 116.836111701092904, 37.601962545672251, 0.0 ], [ 116.863666463936198, 37.61747842051026, 0.0 ], [ 116.895386285713002, 37.612702798313229, 0.0 ], [ 116.932604407670894, 37.585407929389127, 0.0 ], [ 116.959704378953504, 37.581994297519998, 0.0 ], [ 116.983951536941504, 37.599877353095238, 0.0 ], [ 117.009229644941399, 37.624099690404293, 0.0 ], [ 117.006292201789293, 37.685581559193572, 0.0 ], [ 117.000976191617497, 37.737002990465221, 0.0 ], [ 116.950314626975, 37.799124265788031, 0.0 ], [ 116.947808762211196, 37.832185288687633, 0.0 ], [ 116.977683273844505, 37.86901677238891, 0.0 ], [ 117.0071047056975, 37.878375112958537, 0.0 ], [ 117.237180602018796, 37.906526947573653, 0.0 ], [ 117.279379902434101, 37.898646663026859, 0.0 ], [ 117.306739928176299, 37.874234339014272, 0.0 ], [ 117.319650837362104, 37.787069237921472, 0.0 ], [ 117.330342270094107, 37.752434338136283, 0.0 ], [ 117.334547750465504, 37.730384501228258, 0.0 ], [ 117.383196898494802, 37.690669457245448, 0.0 ], [ 117.418217685848504, 37.666183195358727, 0.0 ], [ 117.451206182637193, 37.667785491456478, 0.0 ], [ 117.480364213846897, 37.682470012123453, 0.0 ], [ 117.483792778507905, 37.721949325810037, 0.0 ], [ 117.479645762446694, 37.741523295460532, 0.0 ], [ 117.488415389838707, 37.768748258461059, 0.0 ], [ 117.530488191084899, 37.839642333698443, 0.0 ], [ 117.528401532094506, 37.905341727857092, 0.0 ], [ 117.577355742954595, 37.9839294305145, 0.0 ], [ 117.583694181722393, 38.027482170991171, 0.0 ], [ 117.558714104463107, 38.089252202140642, 0.0 ], [ 117.538920470166303, 38.136959167739192, 0.0 ], [ 117.528499527878196, 38.187825932175663, 0.0 ], [ 117.552544562357397, 38.221854931168608, 0.0 ], [ 117.600591543076106, 38.246952594929851, 0.0 ], [ 117.671708361358895, 38.251122923608833, 0.0 ], [ 117.761126581596201, 38.252883614806301, 0.0 ], [ 117.766859230187805, 38.326278584382408, 0.0 ], [ 117.688620308615398, 38.417755912066617, 0.0 ], [ 117.637216299296597, 38.484620636649929, 0.0 ], [ 117.607363785899693, 38.563289753185302, 0.0 ], [ 117.571590448932, 38.610430453007368, 0.0 ], [ 117.580704681739704, 38.727958867336703, 0.0 ], [ 117.626207640674096, 38.854840042946343, 0.0 ], [ 117.735499011078502, 38.970501371139143, 0.0 ], [ 117.772421464851703, 39.093787867068329, 0.0 ], [ 117.846009449443699, 39.170408400296587, 0.0 ], [ 118.058215928253603, 39.23025988098415, 0.0 ], [ 118.237376563336298, 39.244309687861239, 0.0 ], [ 118.362385577189698, 39.193585193085561, 0.0 ], [ 118.695178504620799, 39.199054329647574, 0.0 ], [ 118.789918109802898, 39.257939303188508, 0.0 ], [ 119.025862777624596, 39.230107668373243, 0.0 ], [ 119.111723626978502, 39.294448655016787, 0.0 ], [ 119.214981, 39.436193, 0.0 ], [ 119.377741192867802, 39.74408995263056, 0.0 ], [ 119.458161141791606, 39.804621179260543, 0.0 ], [ 119.529849567310904, 39.804359407372573, 0.0 ], [ 119.561848100241306, 39.897887949289803, 0.0 ], [ 119.767491548692803, 39.951366655692979, 0.0 ], [ 119.821064149415406, 39.982028464229323, 0.0 ], [ 119.775344, 40.229218, 0.0 ], [ 119.87424, 40.380028, 0.0 ], [ 120.072033, 40.5472, 0.0 ], [ 120.214883, 40.663973, 0.0 ], [ 120.401687, 40.805494, 0.0 ], [ 120.555526, 40.955011, 0.0 ], [ 120.687388, 41.079351, 0.0 ], [ 120.863021, 41.236511, 0.0 ], [ 120.917963, 41.360319, 0.0 ], [ 121.049825, 41.508577, 0.0 ], [ 121.093779, 41.656497, 0.0 ], [ 121.126744, 41.754922, 0.0 ], [ 121.192675, 41.861379, 0.0 ], [ 121.291571, 41.943149, 0.0 ], [ 121.379479, 42.024814, 0.0 ], [ 121.368491, 42.187829, 0.0 ], [ 121.313548, 42.317939, 0.0 ], [ 121.247617, 42.415346, 0.0 ], [ 121.181556, 42.55308, 0.0 ], [ 121.192544, 42.650122, 0.0 ], [ 121.214521, 42.738944, 0.0 ], [ 121.269463, 42.884015, 0.0 ], [ 121.346383, 42.988576, 0.0 ], [ 121.401325, 43.133061, 0.0 ], [ 121.412314, 43.269206, 0.0 ], [ 121.478244, 43.373112, 0.0 ], [ 121.533187, 43.428988, 0.0 ], [ 121.53294, 43.53262, 0.0 ], [ 121.24724, 43.564472, 0.0 ], [ 121.038459, 43.524655, 0.0 ], [ 120.796712, 43.444943, 0.0 ], [ 120.543977, 43.389082, 0.0 ], [ 120.269265, 43.421009, 0.0 ], [ 120.049496, 43.34915, 0.0 ], [ 119.796761, 43.309191, 0.0 ], [ 119.544026, 43.2932, 0.0 ], [ 119.203383, 43.261206, 0.0 ], [ 119.116012, 43.181147, 0.0 ], [ 118.500658, 43.277205, 0.0 ], [ 117.918268, 43.428988, 0.0 ], [ 117.643557, 43.548548, 0.0 ], [ 117.555649, 43.628123, 0.0 ], [ 117.654545, 43.771094, 0.0 ], [ 117.445764, 43.786958, 0.0 ], [ 117.138087, 43.659924, 0.0 ], [ 116.720525, 43.620171, 0.0 ], [ 116.193078, 43.612217, 0.0 ], [ 115.918076, 43.659924, 0.0 ], [ 115.775516, 43.683764, 0.0 ], [ 115.204115, 43.755225, 0.0 ], [ 114.88545, 43.771094, 0.0 ], [ 114.511841, 43.628123, 0.0 ], [ 114.401957, 43.405047, 0.0 ], [ 114.489865, 43.165123, 0.0 ], [ 114.874461, 42.875964, 0.0 ], [ 115.138184, 42.472097, 0.0 ], [ 114.896438, 42.204107, 0.0 ], [ 114.633041, 42.138968, 0.0 ] ] ] } },
{ "type": "Feature", "properties": { "省份": "山东", "id": "2026081100030002", "name": "山东", "layer": null, "path": "C:/Users/geste/Desktop/ming1433_fullv1.0.geojson" }, "geometry": { "type": "Polygon", "coordinates": [ [ [ 119.821064149415406, 39.982028464229323, 0.0 ], [ 120.283057876903698, 40.15076493037126, 0.0 ], [ 120.465556738071797, 40.193327335122333, 0.0 ], [ 120.565313, 40.346544, 0.0 ], [ 120.65322, 40.480381, 0.0 ], [ 120.807059, 40.605612, 0.0 ], [ 120.927932, 40.738933, 0.0 ], [ 121.091593170971905, 40.824986548320787, 0.0 ], [ 121.175925327410695, 40.955611898666326, 0.0 ], [ 121.409554591183493, 40.960225014302679, 0.0 ], [ 121.599777598176402, 40.947287310402047, 0.0 ], [ 121.778052725612, 41.097996836559687, 0.0 ], [ 121.884930708588897, 41.138885676647057, 0.0 ], [ 122.027469883666996, 41.10294841559049, 0.0 ], [ 122.014893099579297, 40.914265860883788, 0.0 ], [ 122.076034185511801, 40.735652291434157, 0.0 ], [ 122.174672283000106, 40.673708282351448, 0.0 ], [ 122.168989509279797, 40.5902132349471, 0.0 ], [ 122.297931368197297, 40.482917455188343, 0.0 ], [ 122.115891866307294, 40.304226066200748, 0.0 ], [ 122.059040939566401, 40.197926971575363, 0.0 ], [ 121.949858, 40.094882, 0.0 ], [ 121.830466240345601, 40.018743654153603, 0.0 ], [ 121.906178456195903, 39.999253514256772, 0.0 ], [ 121.709147153601506, 39.925067434238237, 0.0 ], [ 121.57625, 39.850721, 0.0 ], [ 121.466867724439396, 39.744491752222707, 0.0 ], [ 121.561371949693097, 39.611659026171957, 0.0 ], [ 121.523974986191305, 39.529279083068772, 0.0 ], [ 121.452923995559303, 39.512228343221679, 0.0 ], [ 121.403322317633894, 39.492514644654477, 0.0 ], [ 121.276418969967096, 39.441732765906949, 0.0 ], [ 121.249868444927202, 39.390979183139677, 0.0 ], [ 121.279355550670303, 39.373882904052991, 0.0 ], [ 121.337588587187895, 39.421767715094077, 0.0 ], [ 121.337911177341894, 39.439710948732881, 0.0 ], [ 121.365315343498594, 39.439762571100999, 0.0 ], [ 121.389008817310796, 39.424659876163659, 0.0 ], [ 121.348871857264498, 39.406465475893746, 0.0 ], [ 121.333901359053698, 39.37607794159613, 0.0 ], [ 121.362948616491593, 39.37543504817549, 0.0 ], [ 121.418059894347294, 39.358265525617533, 0.0 ], [ 121.469675016942702, 39.443390821316271, 0.0 ], [ 121.521192384342001, 39.361866172092363, 0.0 ], [ 121.940766788767306, 39.405430281998314, 0.0 ], [ 121.596994894278595, 39.269525125762549, 0.0 ], [ 121.698723393123998, 39.114770654499381, 0.0 ], [ 121.448195212919401, 39.014041833662333, 0.0 ], [ 121.205307382765866, 38.948401075701597, 0.0 ], [ 121.0910999894908, 38.914309857221802, 0.0 ], [ 121.130955202886838, 38.849264835862925, 0.0 ], [ 121.113644643223594, 38.771179728585771, 0.0 ], [ 121.171440826585695, 38.713796168681952, 0.0 ], [ 121.317174271003395, 38.792827016517109, 0.0 ], [ 121.586488129173702, 38.875986504339927, 0.0 ], [ 121.685819706308394, 38.857201887464498, 0.0 ], [ 121.737637397669502, 38.883816679850263, 0.0 ], [ 121.677665790351796, 38.973899974550903, 0.0 ], [ 121.755245125520005, 39.009294104810323, 0.0 ], [ 121.888437047049393, 38.947147023541461, 0.0 ], [ 121.882797871773107, 39.04740069954785, 0.0 ], [ 121.977398236773098, 39.026066651348508, 0.0 ], [ 122.075050479641604, 39.10996852177125, 0.0 ], [ 122.230369144095206, 39.271135866291829, 0.0 ], [ 122.598178, 39.512517, 0.0 ], [ 122.938821, 39.647997, 0.0 ], [ 123.278778020639706, 39.683018969822882, 0.0 ], [ 123.290225003935703, 39.794947288141081, 0.0 ], [ 123.3338637819854, 39.775443617274227, 0.0 ], [ 123.414603414485896, 39.796771043183732, 0.0 ], [ 123.437247291511298, 39.724200935148481, 0.0 ], [ 123.486724408296297, 39.781683575261503, 0.0 ], [ 123.588208338866806, 39.766135870678333, 0.0 ], [ 123.6579890234879, 39.856259943247359, 0.0 ], [ 123.752481220666297, 39.824228219833401, 0.0 ], [ 123.832024401570493, 39.842161084574677, 0.0 ], [ 123.972631028016394, 39.836932012768003, 0.0 ], [ 123.977688911086801, 39.816906902284693, 0.0 ], [ 124.028101857792805, 39.80362857887399, 0.0 ], [ 124.054745110403005, 39.808354647719817, 0.0 ], [ 124.093675611627205, 39.833756224369871, 0.0 ], [ 124.318605975383207, 39.816278280582438, 0.0 ], [ 124.323059285382101, 39.889122223998307, 0.0 ], [ 124.375606187440297, 39.93671477273498, 0.0 ], [ 124.384671979115197, 40.100110482203611, 0.0 ], [ 124.531014074279199, 40.225587150336729, 0.0 ], [ 124.636401048029597, 40.29957051153994, 0.0 ], [ 124.733907559736394, 40.343125342994902, 0.0 ], [ 124.787255262580501, 40.402382621241152, 0.0 ], [ 124.907638926922601, 40.484676736894521, 0.0 ], [ 124.980644942619193, 40.479401912779828, 0.0 ], [ 125.051877104075203, 40.477166770705153, 0.0 ], [ 125.011652523337503, 40.52032135923173, 0.0 ], [ 125.070673936139997, 40.569505413931978, 0.0 ], [ 125.180310939540604, 40.603847342835302, 0.0 ], [ 125.277148720328697, 40.647148854954153, 0.0 ], [ 125.103602, 40.75558, 0.0 ], [ 124.894821, 40.880295, 0.0 ], [ 124.850867, 41.029643, 0.0 ], [ 124.806913, 41.418015, 0.0 ], [ 124.68604, 41.557922, 0.0 ], [ 124.60912, 41.697526, 0.0 ], [ 124.587143, 41.8941, 0.0 ], [ 124.631097, 42.122673, 0.0 ], [ 124.642682, 42.350425, 0.0 ], [ 124.752563, 43.004647, 0.0 ], [ 124.752563, 43.2932, 0.0 ], [ 124.818494, 43.596306, 0.0 ], [ 124.807505, 43.755225, 0.0 ], [ 124.77454, 43.937462, 0.0 ], [ 124.576747, 44.095476, 0.0 ], [ 124.335001, 44.174325, 0.0 ], [ 124.082266, 44.205835, 0.0 ], [ 123.851508, 44.190082, 0.0 ], [ 123.532842, 44.190082, 0.0 ], [ 123.203188, 44.134913, 0.0 ], [ 122.862545, 44.087585, 0.0 ], [ 122.554868, 44.024422, 0.0 ], [ 122.32411, 43.92955, 0.0 ], [ 121.829629, 43.675818, 0.0 ], [ 121.53294, 43.53262, 0.0 ], [ 121.533187, 43.428988, 0.0 ], [ 121.478244, 43.373112, 0.0 ], [ 121.412314, 43.269206, 0.0 ], [ 121.401325, 43.133061, 0.0 ], [ 121.346383, 42.988576, 0.0 ], [ 121.269463, 42.884015, 0.0 ], [ 121.214521, 42.738944, 0.0 ], [ 121.192544, 42.650122, 0.0 ], [ 121.181556, 42.55308, 0.0 ], [ 121.247617, 42.415346, 0.0 ], [ 121.313548, 42.317939, 0.0 ], [ 121.368491, 42.187829, 0.0 ], [ 121.379479, 42.024814, 0.0 ], [ 121.192675, 41.861379, 0.0 ], [ 121.126744, 41.754922, 0.0 ], [ 121.093779, 41.656497, 0.0 ], [ 121.049825, 41.508577, 0.0 ], [ 120.917963, 41.360319, 0.0 ], [ 120.863021, 41.236511, 0.0 ], [ 120.687388, 41.079351, 0.0 ], [ 120.401687, 40.805494, 0.0 ], [ 120.214883, 40.663973, 0.0 ], [ 120.072033, 40.5472, 0.0 ], [ 119.87424, 40.380028, 0.0 ], [ 119.775344, 40.229218, 0.0 ], [ 119.821064149415406, 39.982028464229323, 0.0 ] ] ] } },
{ "type": "Feature", "properties": { "省份": "河南", "id": "202608110019", "name": "河南", "layer": null, "path": "C:/Users/geste/Desktop/ming1433_fullv1.0.geojson" }, "geometry": { "type": "Polygon", "coordinates": [ [ [ 113.777638813252594, 37.003107337137187, 0.0 ], [ 113.775100239947093, 36.997677641239058, 0.0 ], [ 113.777564331193801, 36.987306063451648, 0.0 ], [ 113.779411233265904, 36.974941698369072, 0.0 ], [ 113.796367104159003, 36.917552314636801, 0.0 ], [ 113.790874412260706, 36.835004549166783, 0.0 ], [ 113.806539310616799, 36.786118913421078, 0.0 ], [ 113.804110764471901, 36.7458707381534, 0.0 ], [ 113.739281257857499, 36.700586685083678, 0.0 ], [ 113.656836867265099, 36.675102089018957, 0.0 ], [ 113.616858868999103, 36.675843919141521, 0.0 ], [ 113.608658175293499, 36.722211426007988, 0.0 ], [ 113.593694719838695, 36.75608477098703, 0.0 ], [ 113.564252538502799, 36.763106511281869, 0.0 ], [ 113.548216579943301, 36.722761803177157, 0.0 ], [ 113.494636308335302, 36.731723341332653, 0.0 ], [ 113.457750939362995, 36.719856217281922, 0.0 ], [ 113.473051718614698, 36.708288283655087, 0.0 ], [ 113.513184273167994, 36.695953768724031, 0.0 ], [ 113.507976627984803, 36.684348307957997, 0.0 ], [ 113.477092938044905, 36.661807280630377, 0.0 ], [ 113.481741256111206, 36.630649209653001, 0.0 ], [ 113.528295400150697, 36.619887631735367, 0.0 ], [ 113.543715484703, 36.604944659166897, 0.0 ], [ 113.555771427752802, 36.578363810058264, 0.0 ], [ 113.588156968759904, 36.560160417022402, 0.0 ], [ 113.571392122762802, 36.5445313052603, 0.0 ], [ 113.542497513301001, 36.520028417991398, 0.0 ], [ 113.564392586802796, 36.478876027388893, 0.0 ], [ 113.614752814608707, 36.455932489523541, 0.0 ], [ 113.697435827948397, 36.414321317152599, 0.0 ], [ 113.7246323417844, 36.382530406320249, 0.0 ], [ 113.731758391527507, 36.317591348860383, 0.0 ], [ 113.695716175548895, 36.262171205704377, 0.0 ], [ 113.677251004771094, 36.215978594678731, 0.0 ], [ 113.693328533921601, 36.201573156803533, 0.0 ], [ 113.681778362294594, 36.186783355118841, 0.0 ], [ 113.6635942436384, 36.163960636031931, 0.0 ], [ 113.688666301954001, 36.149026231002217, 0.0 ], [ 113.723849210097697, 36.109716132333233, 0.0 ], [ 113.682175663498398, 36.068010168182532, 0.0 ], [ 113.686525808459194, 36.015714601698527, 0.0 ], [ 113.649147587522506, 35.967769445014611, 0.0 ], [ 113.625326005584299, 35.889070110189081, 0.0 ], [ 113.652516823433203, 35.846987533733291, 0.0 ], [ 113.594255797360702, 35.820693630804868, 0.0 ], [ 113.604174631707494, 35.798278896304339, 0.0 ], [ 113.604703672363001, 35.709110015975597, 0.0 ], [ 113.617223742238593, 35.672748865272602, 0.0 ], [ 113.626851467399604, 35.647387199178922, 0.0 ], [ 113.579210140052396, 35.61837506895656, 0.0 ], [ 113.509798955311098, 35.565816684574393, 0.0 ], [ 113.494886379623907, 35.530116195255857, 0.0 ], [ 113.456233123855597, 35.483967024262547, 0.0 ], [ 113.388949408432794, 35.492092221079872, 0.0 ], [ 113.361309361253504, 35.465281155962501, 0.0 ], [ 113.307298339201296, 35.476004709872939, 0.0 ], [ 113.291708352673098, 35.43471501955905, 0.0 ], [ 113.243172053208198, 35.422827007567427, 0.0 ], [ 113.2102091799687, 35.403233374356141, 0.0 ], [ 113.164464793299302, 35.353926317513519, 0.0 ], [ 113.104902729703497, 35.347314452922568, 0.0 ], [ 113.008989577853001, 35.360265285229787, 0.0 ], [ 112.986046437222498, 35.3271587932391, 0.0 ], [ 112.953869571366397, 35.292939328543298, 0.0 ], [ 112.883779343473293, 35.258351671245293, 0.0 ], [ 112.831188065995704, 35.246625919060747, 0.0 ], [ 112.773698445004797, 35.245255305746383, 0.0 ], [ 112.727098589387097, 35.232291495852557, 0.0 ], [ 112.718336055639, 35.256445029289686, 0.0 ], [ 112.698793391859297, 35.284135117944203, 0.0 ], [ 112.664525184834602, 35.302448690787543, 0.0 ], [ 112.634289143836298, 35.294100594034042, 0.0 ], [ 112.601311921379903, 35.252971897185141, 0.0 ], [ 112.551507522648606, 35.220261334875659, 0.0 ], [ 112.483432407383503, 35.215882909696937, 0.0 ], [ 112.399419269386101, 35.236534479976001, 0.0 ], [ 112.362994092694294, 35.213717176627377, 0.0 ], [ 112.3172098016408, 35.219337035537222, 0.0 ], [ 112.287024500153905, 35.211501500837919, 0.0 ], [ 112.187721691440004, 35.236094988166222, 0.0 ], [ 112.031306645078303, 35.246173284031642, 0.0 ], [ 111.936013035769804, 35.163274634227371, 0.0 ], [ 111.904738955299905, 35.103225366253007, 0.0 ], [ 111.852807040102505, 35.078257551426063, 0.0 ], [ 111.809350101285403, 35.065763148428672, 0.0 ], [ 111.804472310216994, 35.036426352829487, 0.0 ], [ 111.781048184229405, 35.030242621501969, 0.0 ], [ 111.749920285135005, 35.010904856914173, 0.0 ], [ 111.707697451778699, 35.014805152965941, 0.0 ], [ 111.680410383401593, 35.000817848399869, 0.0 ], [ 111.675108302432307, 34.968484778665413, 0.0 ], [ 111.646252667570806, 34.93971416643614, 0.0 ], [ 111.587960019954394, 34.878543198459333, 0.0 ], [ 111.558361387209601, 34.853854465700977, 0.0 ], [ 111.526477121701106, 34.856901641025672, 0.0 ], [ 111.485443469475001, 34.835741787273008, 0.0 ], [ 111.460958275393594, 34.835090104227888, 0.0 ], [ 111.410732778213799, 34.832360410321783, 0.0 ], [ 111.366803213517699, 34.815637436559292, 0.0 ], [ 111.319194892237405, 34.827880723026482, 0.0 ], [ 111.233321966663695, 34.799429685816229, 0.0 ], [ 111.152807846491797, 34.808279104088072, 0.0 ], [ 111.107194392879805, 34.781599387267534, 0.0 ], [ 111.008046667667102, 34.735143700412777, 0.0 ], [ 110.967407799792994, 34.70654630073026, 0.0 ], [ 110.942748642470704, 34.731526191855068, 0.0 ], [ 110.920961757192401, 34.720720029567303, 0.0 ], [ 110.901425955558693, 34.668234689870339, 0.0 ], [ 110.842959688664806, 34.659281357896731, 0.0 ], [ 110.758142537200996, 34.651167601693189, 0.0 ], [ 110.728434568189499, 34.631460042245124, 0.0 ], [ 110.680688709130806, 34.597518749158269, 0.0 ], [ 110.578294155025702, 34.5936780020754, 0.0 ], [ 110.482211132383199, 34.604694555362897, 0.0 ], [ 110.413490821249795, 34.595399742652901, 0.0 ], [ 110.360172503450002, 34.615634230293551, 0.0 ], [ 110.301726403669903, 34.612103448628943, 0.0 ], [ 110.306374495575199, 34.599284358351539, 0.0 ], [ 110.352306472782402, 34.5695833349819, 0.0 ], [ 110.434193671005104, 34.424129404279043, 0.0 ], [ 110.487457094433395, 34.406842509589083, 0.0 ], [ 110.502573988658, 34.351306878416182, 0.0 ], [ 110.430414153656201, 34.30168687619166, 0.0 ], [ 110.456177470700396, 34.257781600230459, 0.0 ], [ 110.641880045995705, 34.174017431733724, 0.0 ], [ 110.605753857292598, 34.113643695625058, 0.0 ], [ 110.601573106978904, 34.047183885409993, 0.0 ], [ 110.661363351719899, 33.99863603322104, 0.0 ], [ 110.678956572824305, 33.936052857420172, 0.0 ], [ 110.593919390888004, 33.912354446439323, 0.0 ], [ 110.602681789465393, 33.864492484576303, 0.0 ], [ 110.787252211821297, 33.805935071219551, 0.0 ], [ 110.830862007972996, 33.729024745120512, 0.0 ], [ 110.833156665093199, 33.668383772985131, 0.0 ], [ 110.901521976748896, 33.633004752965057, 0.0 ], [ 110.983846928635003, 33.609774399234972, 0.0 ], [ 111.022345249853501, 33.54838373748904, 0.0 ], [ 111.031568912142305, 33.480765662138353, 0.0 ], [ 111.013847273259898, 33.430375692262722, 0.0 ], [ 111.033730460334795, 33.38623468206373, 0.0 ], [ 111.035492917264705, 33.348641919173133, 0.0 ], [ 110.997674865102795, 33.306676460366837, 0.0 ], [ 110.995890569528299, 33.281865006054318, 0.0 ], [ 111.000649297778594, 33.267138605352322, 0.0 ], [ 111.017542071782501, 33.225088387134377, 0.0 ], [ 111.064301941333497, 33.201925240329778, 0.0 ], [ 111.062665702990699, 33.180840279384192, 0.0 ], [ 111.107994468950494, 33.181303374279217, 0.0 ], [ 111.123837627702201, 33.127946984975218, 0.0 ], [ 111.143420972959504, 33.109544254859671, 0.0 ], [ 111.159527009484506, 33.060372810742152, 0.0 ], [ 111.229407305117505, 33.024136704536879, 0.0 ], [ 111.240521224519398, 32.986578555465478, 0.0 ], [ 111.215655512772003, 32.943552743535029, 0.0 ], [ 111.223433484731899, 32.927566447519013, 0.0 ], [ 111.261457561141498, 32.912381234491612, 0.0 ], [ 111.287107786993502, 32.883216828376582, 0.0 ], [ 111.338948660630294, 32.873439494717068, 0.0 ], [ 111.382028778887999, 32.822872722339312, 0.0 ], [ 111.388128078789094, 32.798669301799897, 0.0 ], [ 111.437309091343394, 32.767197739656787, 0.0 ], [ 111.455589685530995, 32.726585359585258, 0.0 ], [ 111.496071363428996, 32.7091119395579, 0.0 ], [ 111.526901225410398, 32.680342174949097, 0.0 ], [ 111.534847802027102, 32.636159529610943, 0.0 ], [ 111.540901836972196, 32.617428906078267, 0.0 ], [ 111.559536353386093, 32.608223161796559, 0.0 ], [ 111.585404904645401, 32.609337714621013, 0.0 ], [ 111.637446485428001, 32.632063029104842, 0.0 ], [ 111.677956826443705, 32.626521249840387, 0.0 ], [ 111.754412959388702, 32.596892104984342, 0.0 ], [ 111.783626774310207, 32.533318151828013, 0.0 ], [ 111.796274871130805, 32.526469325733551, 0.0 ], [ 111.821495502072395, 32.524267768599771, 0.0 ], [ 111.832628575626003, 32.508401140731372, 0.0 ], [ 111.883718623161698, 32.501263032440967, 0.0 ], [ 111.915077311014002, 32.479403821289502, 0.0 ], [ 111.988476306996205, 32.481860510087259, 0.0 ], [ 112.064030833521699, 32.465536497683118, 0.0 ], [ 112.170468808377805, 32.389034840922243, 0.0 ], [ 112.218453788429898, 32.396092709752558, 0.0 ], [ 112.274157153374802, 32.367751017859092, 0.0 ], [ 112.318904850849094, 32.337256694880473, 0.0 ], [ 112.332337147564402, 32.336550992702087, 0.0 ], [ 112.341119543662799, 32.356063998103913, 0.0 ], [ 112.368934045509405, 32.370101938727451, 0.0 ], [ 112.418906004378101, 32.367669416771832, 0.0 ], [ 112.444675921168098, 32.367993141987263, 0.0 ], [ 112.469903785246203, 32.376506138871662, 0.0 ], [ 112.5348515777156, 32.378270477541378, 0.0 ], [ 112.565463239085403, 32.39030463237016, 0.0 ], [ 112.606317276024996, 32.388932148461933, 0.0 ], [ 112.765841282887095, 32.354742704659088, 0.0 ], [ 112.7844338025822, 32.358165055991243, 0.0 ], [ 112.831378546990194, 32.383062100331131, 0.0 ], [ 112.915296891203198, 32.399549829374799, 0.0 ], [ 112.933559059178606, 32.397806385761477, 0.0 ], [ 112.949967152353494, 32.386426997145747, 0.0 ], [ 112.978158350082396, 32.385893633034037, 0.0 ], [ 113.021484084085301, 32.421413379844623, 0.0 ], [ 113.058342348465303, 32.418747301687652, 0.0 ], [ 113.112271997844502, 32.390033436606153, 0.0 ], [ 113.203057165696194, 32.416430540925631, 0.0 ], [ 113.245374716630906, 32.395693265917679, 0.0 ], [ 113.346880144498797, 32.32092117420607, 0.0 ], [ 113.401829539381495, 32.287265384886688, 0.0 ], [ 113.598150920346001, 32.333184617416613, 0.0 ], [ 113.666817106451404, 32.424573652158102, 0.0 ], [ 113.745017608882705, 32.409101313464802, 0.0 ], [ 113.786159448349295, 32.347403810423579, 0.0 ], [ 113.774061405604101, 32.248559278836318, 0.0 ], [ 113.7918622951738, 32.176205414288539, 0.0 ], [ 113.753229456506105, 32.141445551341192, 0.0 ], [ 113.754570073554703, 32.096610501662653, 0.0 ], [ 113.793962219677496, 32.035497101996093, 0.0 ], [ 113.764540781557699, 31.992063937467549, 0.0 ], [ 113.849791058879006, 31.92916022525252, 0.0 ], [ 113.853502106687699, 31.873063685515529, 0.0 ], [ 113.871604355165502, 31.843518207076741, 0.0 ], [ 113.9556685829033, 31.88371414526943, 0.0 ], [ 113.952322986455798, 31.73719180042583, 0.0 ], [ 113.980914983710505, 31.72230032144066, 0.0 ], [ 114.012910476843302, 31.752317431568329, 0.0 ], [ 114.086048057428499, 31.796017683780899, 0.0 ], [ 114.1591842086345, 31.86311430756394, 0.0 ], [ 114.261041557152197, 31.81824889907648, 0.0 ], [ 114.313534522847206, 31.702306691753542, 0.0 ], [ 114.335183917390694, 31.627172108726459, 0.0 ], [ 114.309226294721896, 31.6001310272766, 0.0 ], [ 114.292045767266799, 31.56207805728447, 0.0 ], [ 114.253663620857296, 31.49303331019653, 0.0 ], [ 114.283436261648205, 31.478715679554909, 0.0 ], [ 114.317069477140706, 31.503201758273939, 0.0 ], [ 114.359918905741694, 31.526922293592548, 0.0 ], [ 114.420675869138407, 31.530675287510999, 0.0 ], [ 114.454756018760804, 31.560030203247091, 0.0 ], [ 114.466821929181506, 31.59632130570499, 0.0 ], [ 114.536225155056997, 31.604163721383539, 0.0 ], [ 114.559003017288404, 31.57624224279796, 0.0 ], [ 114.569212274814305, 31.569282402218271, 0.0 ], [ 114.606301774102107, 31.599686665644409, 0.0 ], [ 114.636655187468605, 31.596786019197619, 0.0 ], [ 114.654588819053501, 31.563796647345779, 0.0 ], [ 114.710224312394104, 31.52822724650358, 0.0 ], [ 114.745000257903499, 31.53259379726445, 0.0 ], [ 114.760765225572101, 31.518651054630251, 0.0 ], [ 114.776184248686604, 31.491669901225091, 0.0 ], [ 114.9185017809166, 31.50612044236361, 0.0 ], [ 114.990432654984204, 31.465390661206111, 0.0 ], [ 115.078481782658699, 31.48276112796831, 0.0 ], [ 115.1357294263439, 31.588407962748001, 0.0 ], [ 115.179327800812601, 31.61239680476681, 0.0 ], [ 115.187469232491793, 31.579521504891272, 0.0 ], [ 115.243872662773995, 31.55124667387372, 0.0 ], [ 115.219238509908806, 31.45476866152439, 0.0 ], [ 115.260255988503005, 31.41057708219207, 0.0 ], [ 115.312172268419005, 31.386104693998249, 0.0 ], [ 115.399535032438806, 31.418875954281749, 0.0 ], [ 115.385413928185699, 31.34613712306453, 0.0 ], [ 115.443558858410398, 31.349304948091071, 0.0 ], [ 115.460126394712901, 31.299984042401189, 0.0 ], [ 115.526092088233796, 31.25634478491067, 0.0 ], [ 115.538221537094302, 31.247491911761468, 0.0 ], [ 115.549477930363096, 31.195644971388251, 0.0 ], [ 115.574167133899493, 31.15873251282331, 0.0 ], [ 115.598943552221101, 31.16024755614837, 0.0 ], [ 115.6160109243406, 31.174058564782829, 0.0 ], [ 115.633165384930294, 31.188884417352138, 0.0 ], [ 115.654245008801297, 31.20273261258609, 0.0 ], [ 115.659116521920296, 31.211840845156111, 0.0 ], [ 115.677792263810801, 31.21855595845658, 0.0 ], [ 115.692908832066806, 31.229015753486681, 0.0 ], [ 115.715935602847395, 31.252813156067589, 0.0 ], [ 115.713538986904098, 31.280920457697722, 0.0 ], [ 115.732700056137205, 31.3593858954663, 0.0 ], [ 115.741355167457698, 31.436759958462211, 0.0 ], [ 115.803600013798103, 31.508004521151442, 0.0 ], [ 115.836785468133797, 31.576979674908959, 0.0 ], [ 115.8939463937228, 31.655390262738621, 0.0 ], [ 115.888625608669003, 31.690996820456281, 0.0 ], [ 115.918466014516795, 31.80493957944476, 0.0 ], [ 115.903268663434801, 31.836702638163931, 0.0 ], [ 115.915327550952597, 31.884938374523561, 0.0 ], [ 115.917005183200402, 31.9341959883618, 0.0 ], [ 115.920748471551605, 31.97356968691534, 0.0 ], [ 115.942455109852403, 32.030867216985399, 0.0 ], [ 115.940125537670696, 32.110883820783208, 0.0 ], [ 115.944926580373803, 32.167652750392669, 0.0 ], [ 115.927642267529905, 32.203958870321863, 0.0 ], [ 115.924294330412394, 32.271229963105313, 0.0 ], [ 115.914009538884997, 32.309588511741268, 0.0 ], [ 115.909692445243905, 32.37392435654975, 0.0 ], [ 115.882380566938394, 32.422979917743703, 0.0 ], [ 115.8890674283995, 32.464534683304912, 0.0 ], [ 115.904053180699094, 32.492257892861353, 0.0 ], [ 115.862229958463502, 32.515109615414069, 0.0 ], [ 115.836986775515697, 32.518235054756111, 0.0 ], [ 115.803152198949903, 32.485951187675489, 0.0 ], [ 115.795574110244004, 32.512257877596738, 0.0 ], [ 115.777367096663397, 32.519019659114392, 0.0 ], [ 115.754884344797603, 32.485150098526461, 0.0 ], [ 115.701694845154606, 32.498326489210847, 0.0 ], [ 115.691978264557207, 32.4770487385778, 0.0 ], [ 115.676748591169499, 32.449319666846037, 0.0 ], [ 115.677611260948893, 32.416746726126277, 0.0 ], [ 115.660195048911106, 32.422253716894048, 0.0 ], [ 115.641588119596804, 32.401619968409982, 0.0 ], [ 115.608830841893294, 32.414378334643857, 0.0 ], [ 115.585341793020504, 32.405213081791807, 0.0 ], [ 115.538336271556801, 32.432728878436727, 0.0 ], [ 115.529681977038393, 32.472780753712918, 0.0 ], [ 115.498353272710304, 32.519602026518577, 0.0 ], [ 115.440473935227899, 32.529918701419923, 0.0 ], [ 115.423165989742799, 32.550132249704014, 0.0 ], [ 115.407941955016696, 32.561339370398393, 0.0 ], [ 115.369270934144197, 32.560574434170917, 0.0 ], [ 115.330354782263697, 32.549310715875592, 0.0 ], [ 115.310892030042197, 32.550142963738232, 0.0 ], [ 115.303763337146506, 32.561335104174177, 0.0 ], [ 115.311647274860903, 32.577248947943239, 0.0 ], [ 115.310285523464799, 32.58578746443451, 0.0 ], [ 115.302896900978595, 32.586949092208748, 0.0 ], [ 115.275647290525697, 32.580581160362179, 0.0 ], [ 115.257636677332002, 32.588009372281057, 0.0 ], [ 115.238271280904499, 32.582741454259057, 0.0 ], [ 115.223719268927994, 32.595492861861743, 0.0 ], [ 115.213595347942501, 32.595143543070463, 0.0 ], [ 115.206441795950795, 32.599910279826403, 0.0 ], [ 115.217651825331004, 32.637168487136641, 0.0 ], [ 115.215450777456994, 32.663359398452513, 0.0 ], [ 115.202994435163703, 32.672677323706161, 0.0 ], [ 115.181815542892807, 32.693147910959688, 0.0 ], [ 115.187902084144696, 32.748513952720202, 0.0 ], [ 115.184512536931095, 32.779236447245161, 0.0 ], [ 115.202360746772797, 32.784363111466419, 0.0 ], [ 115.212061658905, 32.791304107361647, 0.0 ], [ 115.202491236747207, 32.801092160225437, 0.0 ], [ 115.190243734326799, 32.812222203091117, 0.0 ], [ 115.194136484239195, 32.823593291553003, 0.0 ], [ 115.205404768277504, 32.83984607061344, 0.0 ], [ 115.199872226151996, 32.852054032905833, 0.0 ], [ 115.173669484374003, 32.858977267486139, 0.0 ], [ 115.152955013674301, 32.875379496935373, 0.0 ], [ 115.137983460638793, 32.907242403931591, 0.0 ], [ 115.141193984031503, 32.938593328074958, 0.0 ], [ 115.161330287856202, 32.991518511743458, 0.0 ], [ 115.155915378001296, 33.009857450372792, 0.0 ], [ 115.131694453574099, 33.049656755193332, 0.0 ], [ 115.140808042035104, 33.08578645770249, 0.0 ], [ 115.191259576128999, 33.118419220345267, 0.0 ], [ 115.258505570682004, 33.132195986206327, 0.0 ], [ 115.328391462374, 33.157099665288392, 0.0 ], [ 115.368641074191501, 33.179151804507988, 0.0 ], [ 115.412234512709603, 33.241054973008538, 0.0 ], [ 115.417049881016396, 33.267846269018861, 0.0 ], [ 115.384239394980995, 33.311745707332591, 0.0 ], [ 115.364947873065702, 33.32739235136706, 0.0 ], [ 115.362065553142003, 33.335921227646878, 0.0 ], [ 115.3541670089501, 33.356946652951841, 0.0 ], [ 115.343366094697004, 33.367975283788098, 0.0 ], [ 115.316835168476601, 33.377659740457297, 0.0 ], [ 115.316255378035905, 33.389596363856327, 0.0 ], [ 115.332282100382798, 33.394354093355837, 0.0 ], [ 115.337118462982303, 33.400220377604668, 0.0 ], [ 115.332318086158494, 33.41745910133892, 0.0 ], [ 115.3231705306886, 33.434991604502322, 0.0 ], [ 115.325765534392303, 33.456203824261998, 0.0 ], [ 115.348477258639804, 33.464054755433303, 0.0 ], [ 115.348467270162303, 33.486781712086866, 0.0 ], [ 115.335290557956398, 33.516398495575928, 0.0 ], [ 115.333615674171199, 33.532561776573637, 0.0 ], [ 115.349804456043898, 33.541236304982668, 0.0 ], [ 115.378312259149098, 33.519826094842379, 0.0 ], [ 115.399332809593801, 33.520553319944483, 0.0 ], [ 115.406963967175599, 33.539960199808597, 0.0 ], [ 115.421009686478101, 33.559416913667498, 0.0 ], [ 115.451887244286297, 33.569407203465772, 0.0 ], [ 115.535549750942394, 33.566848012351429, 0.0 ], [ 115.578749450761293, 33.578719844867088, 0.0 ], [ 115.634791649953797, 33.581148018757283, 0.0 ], [ 115.648225381063995, 33.595971906659969, 0.0 ], [ 115.643237677815307, 33.611785478376788, 0.0 ], [ 115.605772139806305, 33.660280674811823, 0.0 ], [ 115.602209188289507, 33.680856336369011, 0.0 ], [ 115.598466044508598, 33.716540294695413, 0.0 ], [ 115.568993338165598, 33.757499560375813, 0.0 ], [ 115.574754879087607, 33.794437486588002, 0.0 ], [ 115.594051959542597, 33.819331562496878, 0.0 ], [ 115.595839500458197, 33.833996689793047, 0.0 ], [ 115.557152582713002, 33.888725195988762, 0.0 ], [ 115.578974232433794, 33.977016433970199, 0.0 ], [ 115.611144661783996, 34.02091981637043, 0.0 ], [ 115.645775474851305, 34.03019371309103, 0.0 ], [ 115.649921830294105, 34.064635780312443, 0.0 ], [ 115.713713898066004, 34.08057391645152, 0.0 ], [ 115.813621435421197, 34.060165269789159, 0.0 ], [ 115.839202859932001, 34.024971567902881, 0.0 ], [ 115.861290882582907, 34.009336428516441, 0.0 ], [ 115.8858685147312, 34.018146118060947, 0.0 ], [ 115.956870782781493, 34.015894662251263, 0.0 ], [ 115.995379784353801, 33.978085330316411, 0.0 ], [ 115.974151496171004, 33.956563426810298, 0.0 ], [ 115.968425188103296, 33.934754666838231, 0.0 ], [ 116.0358930534141, 33.904365771004933, 0.0 ], [ 116.055940589932902, 33.863474408756197, 0.0 ], [ 116.059162045712199, 33.829056083749251, 0.0 ], [ 116.086158562932397, 33.806431018846219, 0.0 ], [ 116.116816282433902, 33.767745246900873, 0.0 ], [ 116.1547466004738, 33.727064223897948, 0.0 ], [ 116.195084275053603, 33.727208364205431, 0.0 ], [ 116.264350641723894, 33.751946248582612, 0.0 ], [ 116.358210715444102, 33.78509514125129, 0.0 ], [ 116.415728534380406, 33.789265476517848, 0.0 ], [ 116.435735703013506, 33.798777272181191, 0.0 ], [ 116.443353158176294, 33.830989388127549, 0.0 ], [ 116.448638404276494, 33.864636558802033, 0.0 ], [ 116.510578687925502, 33.869420231851997, 0.0 ], [ 116.527498279256207, 33.888214418923098, 0.0 ], [ 116.5570059447208, 33.899237713281039, 0.0 ], [ 116.588264504940099, 33.911707055879212, 0.0 ], [ 116.618759719964402, 33.900762905592273, 0.0 ], [ 116.649676991084107, 33.897624149433227, 0.0 ], [ 116.649338027586197, 33.94312838330324, 0.0 ], [ 116.653688764529704, 33.969673135758782, 0.0 ], [ 116.618800239953899, 34.002595581150707, 0.0 ], [ 116.609404560974298, 34.028573361600948, 0.0 ], [ 116.600009945934502, 34.049967827185171, 0.0 ], [ 116.541251484426397, 34.101768331397039, 0.0 ], [ 116.539936696847803, 34.141118757898347, 0.0 ], [ 116.5014931572845, 34.203971740428933, 0.0 ], [ 116.491935396923196, 34.258687381571868, 0.0 ], [ 116.482520096261894, 34.285254395554482, 0.0 ], [ 116.427197915270298, 34.274076404782193, 0.0 ], [ 116.379287741225198, 34.284591579462599, 0.0 ], [ 116.329528993766701, 34.335887447753109, 0.0 ], [ 116.276488105659098, 34.374753097813063, 0.0 ], [ 116.217991563941695, 34.405747345924233, 0.0 ], [ 116.189814244137295, 34.435409913101999, 0.0 ], [ 116.167306809697394, 34.473415764886632, 0.0 ], [ 116.198244857680706, 34.50100191326424, 0.0 ], [ 116.2099041319984, 34.559890196360271, 0.0 ], [ 116.181413642117207, 34.549589362669643, 0.0 ], [ 116.137516908458394, 34.551867465488513, 0.0 ], [ 116.108757781593098, 34.583522712531433, 0.0 ], [ 116.004111379667194, 34.586212312715539, 0.0 ], [ 115.863869091673607, 34.560081306291842, 0.0 ], [ 115.808038212424407, 34.565134193837729, 0.0 ], [ 115.7362614578483, 34.551041907919213, 0.0 ], [ 115.534036362929896, 34.561859571869299, 0.0 ], [ 115.482681523721695, 34.598227134266168, 0.0 ], [ 115.455380350091303, 34.673029441879592, 0.0 ], [ 115.445198373036703, 34.781004128994063, 0.0 ], [ 115.333902092107394, 34.871892496223538, 0.0 ], [ 115.288219184042603, 34.869282981852287, 0.0 ], [ 115.264649171831195, 34.879854021105693, 0.0 ], [ 115.259381921011794, 34.892013302124127, 0.0 ], [ 115.256978301301402, 34.908474365951122, 0.0 ], [ 115.2505715005978, 34.914324797502942, 0.0 ], [ 115.229366648878198, 34.92229697120294, 0.0 ], [ 115.217434850272994, 34.928509331675308, 0.0 ], [ 115.208723127257798, 34.967951050967443, 0.0 ], [ 115.167738971896398, 34.992990897518482, 0.0 ], [ 115.145730618966994, 35.012364873016288, 0.0 ], [ 115.051222110250805, 34.982909968461293, 0.0 ], [ 114.992043149972801, 34.975072028254033, 0.0 ], [ 114.954789600942306, 34.983834180616732, 0.0 ], [ 114.899896292326204, 34.985149259090008, 0.0 ], [ 114.8406605384248, 34.983123086135308, 0.0 ], [ 114.734819552153397, 35.013884904174738, 0.0 ], [ 114.709502889697404, 35.029506729490393, 0.0 ], [ 114.627600115690697, 35.081618489000377, 0.0 ], [ 114.553303849584097, 35.104867008744947, 0.0 ], [ 114.506054226440497, 35.140280724489941, 0.0 ], [ 114.496189511458496, 35.164270578081087, 0.0 ], [ 114.493693508137497, 35.192122884315133, 0.0 ], [ 114.482650353607198, 35.204036428726972, 0.0 ], [ 114.425831567322504, 35.209192502303743, 0.0 ], [ 114.416800473620299, 35.214473676576119, 0.0 ], [ 114.406569642312107, 35.233155486407142, 0.0 ], [ 114.399753482909404, 35.285437537847272, 0.0 ], [ 114.376486139397898, 35.311508719139248, 0.0 ], [ 114.360747740028401, 35.335878117201062, 0.0 ], [ 114.356464232720796, 35.369625695249383, 0.0 ], [ 114.354874173187, 35.418250656228643, 0.0 ], [ 114.345262578198898, 35.434289158773367, 0.0 ], [ 114.296342099867303, 35.470448977645567, 0.0 ], [ 114.272770436424807, 35.517912424282571, 0.0 ], [ 114.268807192902699, 35.548061773911577, 0.0 ], [ 114.296057150636202, 35.599744551213057, 0.0 ], [ 114.300111775623293, 35.626767662253627, 0.0 ], [ 114.282800427174905, 35.66398923725275, 0.0 ], [ 114.268245669541699, 35.713461604758962, 0.0 ], [ 114.270663242301097, 35.742837977754263, 0.0 ], [ 114.284573639527295, 35.772564538163067, 0.0 ], [ 114.329463163976797, 35.800469691782503, 0.0 ], [ 114.380947085025895, 35.816525233916742, 0.0 ], [ 114.519706290069493, 35.830816353848647, 0.0 ], [ 114.558288091714402, 35.843483870113879, 0.0 ], [ 114.594094085140497, 35.866820124947473, 0.0 ], [ 114.622606932246399, 35.891991885234702, 0.0 ], [ 114.670843695345297, 36.02727907112024, 0.0 ], [ 114.699142978166194, 36.052846670311958, 0.0 ], [ 114.738115015542903, 36.101188838292387, 0.0 ], [ 114.742376378298701, 36.127524362112908, 0.0 ], [ 114.743851354719197, 36.17026735982833, 0.0 ], [ 114.728759188503204, 36.233041010654077, 0.0 ], [ 114.730267608042894, 36.257291668778407, 0.0 ], [ 114.742313585538398, 36.285901427400688, 0.0 ], [ 114.743340898571802, 36.309846435983992, 0.0 ], [ 114.738862975147896, 36.328054199493437, 0.0 ], [ 114.717146177556003, 36.350520819483258, 0.0 ], [ 114.682459336157194, 36.359912551098667, 0.0 ], [ 114.621358536868001, 36.359037306788103, 0.0 ], [ 114.596944658813797, 36.36237974134454, 0.0 ], [ 114.590456052528907, 36.368618252526943, 0.0 ], [ 114.601215443188195, 36.42475629979667, 0.0 ], [ 114.6017392329681, 36.451569262986901, 0.0 ], [ 114.595760276606896, 36.464092312727523, 0.0 ], [ 114.475185034030204, 36.521115315293983, 0.0 ], [ 114.403374280495498, 36.569460756147009, 0.0 ], [ 114.385615847982507, 36.57707833114199, 0.0 ], [ 114.318269595341206, 36.593197549592411, 0.0 ], [ 114.296076162470499, 36.616657097128922, 0.0 ], [ 114.288742890860405, 36.631840418210878, 0.0 ], [ 114.300543681378599, 36.660927988036093, 0.0 ], [ 114.340380793101403, 36.70579833199686, 0.0 ], [ 114.367085522617799, 36.746320612126169, 0.0 ], [ 114.369074884545697, 36.783304783694582, 0.0 ], [ 114.357623939029693, 36.819310405338861, 0.0 ], [ 114.3233934925196, 36.835650680057149, 0.0 ], [ 114.284302488984196, 36.838842893108207, 0.0 ], [ 114.208183290015498, 36.827572191061918, 0.0 ], [ 114.167901878860107, 36.816217527874542, 0.0 ], [ 114.110572357193007, 36.80658063607634, 0.0 ], [ 114.084764475019398, 36.813320575078308, 0.0 ], [ 114.062193252778599, 36.846973048030463, 0.0 ], [ 114.041232009982096, 36.887630841636643, 0.0 ], [ 113.997527637966499, 36.910787038656593, 0.0 ], [ 113.937338908060795, 36.925844092619577, 0.0 ], [ 113.885919253930496, 36.959279651858587, 0.0 ], [ 113.786504302027893, 36.998272265810812, 0.0 ], [ 113.777638813252594, 37.003107337137187, 0.0 ] ] ] } },
{ "type": "Feature", "properties": { "省份": "湖广", "id": "202608110020", "name": "湖广", "layer": null, "path": "C:/Users/geste/Desktop/ming1433_fullv1.0.geojson" }, "geometry": { "type": "Polygon", "coordinates": [ [ [ 110.995890569528299, 33.281865006054318, 0.0 ], [ 110.941857255227902, 33.229434368785903, 0.0 ], [ 110.912964279514995, 33.200422118867841, 0.0 ], [ 110.856904093811707, 33.20957167983719, 0.0 ], [ 110.8233144960668, 33.188440542025283, 0.0 ], [ 110.807309278335197, 33.153031290834519, 0.0 ], [ 110.733140823087396, 33.139756716184962, 0.0 ], [ 110.715040830541597, 33.10538924613077, 0.0 ], [ 110.670060158188306, 33.159923805451918, 0.0 ], [ 110.600751071660994, 33.162060140017523, 0.0 ], [ 110.585951126944494, 33.241850508274418, 0.0 ], [ 110.540172795089504, 33.257294841398327, 0.0 ], [ 110.512102582565007, 33.212927727395112, 0.0 ], [ 110.443869365427602, 33.175289450421957, 0.0 ], [ 110.206574053656993, 33.168478358242979, 0.0 ], [ 110.167659658422906, 33.216868002856863, 0.0 ], [ 109.868287008405503, 33.240429701822372, 0.0 ], [ 109.661660722646005, 33.246675097692147, 0.0 ], [ 109.498038207102695, 33.228341059187493, 0.0 ], [ 109.462422852122799, 33.132797457282507, 0.0 ], [ 109.696153039418107, 33.092513473533721, 0.0 ], [ 109.787801616768704, 33.053074559205832, 0.0 ], [ 109.789365371108502, 32.921125855177543, 0.0 ], [ 109.815388501963895, 32.864417555410583, 0.0 ], [ 109.938651703332894, 32.885045480491442, 0.0 ], [ 110.089458648028995, 32.858029619574957, 0.0 ], [ 110.172424961500198, 32.767986982945352, 0.0 ], [ 110.163609709797797, 32.673154003858023, 0.0 ], [ 110.075771992521894, 32.606881868062857, 0.0 ], [ 110.025502306024407, 32.556154122130842, 0.0 ], [ 109.898618690697404, 32.602234280308259, 0.0 ], [ 109.737208929164296, 32.568535434772222, 0.0 ], [ 109.626626828131094, 32.53850564291006, 0.0 ], [ 109.408777711451407, 32.477808844387688, 0.0 ], [ 109.360612243119405, 32.405259562763582, 0.0 ], [ 109.422035419527901, 32.326483888630953, 0.0 ], [ 109.542348060194499, 32.246175216852151, 0.0 ], [ 109.637851675412506, 32.147928883147927, 0.0 ], [ 109.700200343165704, 32.067507039787799, 0.0 ], [ 109.632774091682947, 31.970143840691755, 0.0 ], [ 109.632282155574799, 31.863552066384589, 0.0 ], [ 109.631930278660803, 31.829890821624449, 0.0 ], [ 109.666049272373101, 31.832903158037549, 0.0 ], [ 109.706031351847798, 31.820834202496101, 0.0 ], [ 109.738551053476996, 31.79757852913681, 0.0 ], [ 109.7764309849304, 31.76544066778721, 0.0 ], [ 109.800835714509702, 31.736442629412711, 0.0 ], [ 109.8007495611579, 31.716661786123829, 0.0 ], [ 109.787950864125804, 31.68305622670885, 0.0 ], [ 109.7830094110831, 31.661646748673451, 0.0 ], [ 109.783518007622703, 31.637820323471502, 0.0 ], [ 109.805644518286897, 31.611724399097721, 0.0 ], [ 109.825109433495797, 31.594213013815441, 0.0 ], [ 109.848557003299206, 31.580195340639062, 0.0 ], [ 109.879634239586807, 31.57199772255052, 0.0 ], [ 109.899607490559603, 31.569626540495271, 0.0 ], [ 109.912064375392802, 31.575259497421641, 0.0 ], [ 109.998860786499804, 31.549786007556541, 0.0 ], [ 110.072562750839793, 31.50384705197218, 0.0 ], [ 110.102153055439203, 31.46558410670697, 0.0 ], [ 110.1220164260899, 31.42350839215327, 0.0 ], [ 110.119007465026201, 31.375220805887668, 0.0 ], [ 110.130791929868906, 31.352643012336529, 0.0 ], [ 110.159706878777101, 31.319067408896611, 0.0 ], [ 110.165959524948704, 31.296890063970721, 0.0 ], [ 110.163931044658895, 31.247199436534, 0.0 ], [ 110.182642270105703, 31.221691226055022, 0.0 ], [ 110.185377288887096, 31.187908113501638, 0.0 ], [ 110.177223832336907, 31.13780597771029, 0.0 ], [ 110.139922110729103, 31.11006619049525, 0.0 ], [ 110.130849982682193, 31.091558337439039, 0.0 ], [ 110.135398768302295, 31.073071868269601, 0.0 ], [ 110.136936967739004, 31.041109684081551, 0.0 ], [ 110.168785780254098, 30.97722965107884, 0.0 ], [ 110.171899991700798, 30.943180172082339, 0.0 ], [ 110.147873523505694, 30.88905858981822, 0.0 ], [ 110.130933321979398, 30.874040874991199, 0.0 ], [ 110.122874255468005, 30.858775140844958, 0.0 ], [ 110.124054819312605, 30.841286002018119, 0.0 ], [ 110.124374540021606, 30.832013339440341, 0.0 ], [ 110.133694755760899, 30.819335629702682, 0.0 ], [ 110.178942996427295, 30.811581584192592, 0.0 ], [ 110.193739116496701, 30.816232840141449, 0.0 ], [ 110.207028988163401, 30.819098422143039, 0.0 ], [ 110.227016599737695, 30.818850767413931, 0.0 ], [ 110.246093438737603, 30.814860500339261, 0.0 ], [ 110.251754262834893, 30.809999952721469, 0.0 ], [ 110.262904181552898, 30.772934280725821, 0.0 ], [ 110.269156353631402, 30.730655663997609, 0.0 ], [ 110.227150601453801, 30.667506106799291, 0.0 ], [ 110.214847940124997, 30.624799258759548, 0.0 ], [ 110.195570678040596, 30.534402160485872, 0.0 ], [ 110.115849883180303, 30.476155973393219, 0.0 ], [ 110.111193280092706, 30.453757883742199, 0.0 ], [ 110.121846947543702, 30.363563557700289, 0.0 ], [ 110.171814514817598, 30.297478660195591, 0.0 ], [ 110.177451433589397, 30.262775704152229, 0.0 ], [ 110.162590598043494, 30.225423043893709, 0.0 ], [ 110.110331094453102, 30.203182077862621, 0.0 ], [ 110.040869313378394, 30.192213033333079, 0.0 ], [ 110.019990211020598, 30.186416714903292, 0.0 ], [ 110.002886519206996, 30.17172773657645, 0.0 ], [ 109.992988179767096, 30.141954445961211, 0.0 ], [ 109.9496824187014, 30.115680460888431, 0.0 ], [ 109.9163473764781, 30.10118414640468, 0.0 ], [ 109.899433244485095, 30.101046244604131, 0.0 ], [ 109.891810625655495, 30.104319056170699, 0.0 ], [ 109.889168890260905, 30.113280631042699, 0.0 ], [ 109.898005302244897, 30.13352881450961, 0.0 ], [ 109.921482732528304, 30.16804679958291, 0.0 ], [ 109.873969241066305, 30.19421279748509, 0.0 ], [ 109.863343201027305, 30.225813280992629, 0.0 ], [ 109.879248379514806, 30.275831778835141, 0.0 ], [ 109.907527953523001, 30.304722695288799, 0.0 ], [ 109.9193580456717, 30.341899723036239, 0.0 ], [ 109.921966512839703, 30.36603909029753, 0.0 ], [ 109.903303889657593, 30.400984912639291, 0.0 ], [ 109.890661547720796, 30.460979259491761, 0.0 ], [ 109.849442894212601, 30.491806934007101, 0.0 ], [ 109.870902466954902, 30.538171903916581, 0.0 ], [ 109.909970761468301, 30.560228610455709, 0.0 ], [ 109.915204167684394, 30.57016775994861, 0.0 ], [ 109.906106148467302, 30.579638161306089, 0.0 ], [ 109.836479442977605, 30.55327380990958, 0.0 ], [ 109.736124453576906, 30.490428020247649, 0.0 ], [ 109.663361814205103, 30.515047629237301, 0.0 ], [ 109.651789410404206, 30.559790963310011, 0.0 ], [ 109.608525937623099, 30.602719384511641, 0.0 ], [ 109.606318475038606, 30.64113407207542, 0.0 ], [ 109.5877602589823, 30.665525808934412, 0.0 ], [ 109.568423319533196, 30.65580514549324, 0.0 ], [ 109.543097206738594, 30.663473708519401, 0.0 ], [ 109.473725752789406, 30.626459428925951, 0.0 ], [ 109.413702552544706, 30.521878177602229, 0.0 ], [ 109.364836364775201, 30.491078070423089, 0.0 ], [ 109.332405235562007, 30.494104175570161, 0.0 ], [ 109.358227743690193, 30.540272925243801, 0.0 ], [ 109.364353885141398, 30.571858185748589, 0.0 ], [ 109.328116436650603, 30.56782710430863, 0.0 ], [ 109.321688400004504, 30.604188608500479, 0.0 ], [ 109.308088212059999, 30.618024872974171, 0.0 ], [ 109.284551956330304, 30.617400719264641, 0.0 ], [ 109.157901730465099, 30.529537707980101, 0.0 ], [ 109.124258012953106, 30.536985249439201, 0.0 ], [ 109.134418872513194, 30.635080720122051, 0.0 ], [ 109.014732781989295, 30.641006194387689, 0.0 ], [ 108.981711609376504, 30.620770953062149, 0.0 ], [ 108.850430144618699, 30.52165771438159, 0.0 ], [ 108.704494272219904, 30.51251146947952, 0.0 ], [ 108.703978501551504, 30.569344751198692, 0.0 ], [ 108.672504550453198, 30.582814139985722, 0.0 ], [ 108.605213790776503, 30.486305865476279, 0.0 ], [ 108.568284114611899, 30.45811169633674, 0.0 ], [ 108.514045317896901, 30.464549112672969, 0.0 ], [ 108.459233515291203, 30.452480515428139, 0.0 ], [ 108.426683042280303, 30.420655645315829, 0.0 ], [ 108.421148032081803, 30.369166870239141, 0.0 ], [ 108.530587437070196, 30.318541347851951, 0.0 ], [ 108.567226754211106, 30.260238745646451, 0.0 ], [ 108.539970077674297, 30.053374634196661, 0.0 ], [ 108.568223951693, 29.969688598648901, 0.0 ], [ 108.529197105482993, 29.857571711239849, 0.0 ], [ 108.490918887847101, 29.83740441553735, 0.0 ], [ 108.448623609631795, 29.840625066058418, 0.0 ], [ 108.405251155819101, 29.830446940949329, 0.0 ], [ 108.414824515533695, 29.80873084269632, 0.0 ], [ 108.455786577990594, 29.79469721658392, 0.0 ], [ 108.456554465741107, 29.758311418189649, 0.0 ], [ 108.437462158429796, 29.73382040688352, 0.0 ], [ 108.439793355866698, 29.698106648538271, 0.0 ], [ 108.478189618453598, 29.690810732795981, 0.0 ], [ 108.533287361230506, 29.733522226573289, 0.0 ], [ 108.623893076803796, 29.846996636002881, 0.0 ], [ 108.653535240649703, 29.84696251713828, 0.0 ], [ 108.668129816968005, 29.829910215426271, 0.0 ], [ 108.673152982858397, 29.739866872580979, 0.0 ], [ 108.6619659026844, 29.704778348692319, 0.0 ], [ 108.691148093927794, 29.699527796765391, 0.0 ], [ 108.692731230445801, 29.671399191618089, 0.0 ], [ 108.719456786000407, 29.656214790447201, 0.0 ], [ 108.736877362509006, 29.648964994593129, 0.0 ], [ 108.845059371823695, 29.649511161051251, 0.0 ], [ 108.876508734836804, 29.646673161609211, 0.0 ], [ 108.887898106887803, 29.636866233944801, 0.0 ], [ 108.903531807903207, 29.614973893170529, 0.0 ], [ 108.905523957284103, 29.577587090147791, 0.0 ], [ 108.879161260688207, 29.496954618138801, 0.0 ], [ 108.880711650179805, 29.470626907513481, 0.0 ], [ 108.9247733139334, 29.433956103326629, 0.0 ], [ 108.933781365069805, 29.410825434725439, 0.0 ], [ 108.917920747060904, 29.36571477098493, 0.0 ], [ 108.920909176096103, 29.349148132375969, 0.0 ], [ 109.022590887653806, 29.35106816445353, 0.0 ], [ 109.047982479050305, 29.376731683943401, 0.0 ], [ 109.072414131702104, 29.34379932742068, 0.0 ], [ 109.096197297087002, 29.31848011900555, 0.0 ], [ 109.086983663256603, 29.287290021761549, 0.0 ], [ 109.092450168380097, 29.254134550858868, 0.0 ], [ 109.111244412708103, 29.24387038403443, 0.0 ], [ 109.117028214998996, 29.22670853074008, 0.0 ], [ 109.109638369174704, 29.186140672934219, 0.0 ], [ 109.116236811287905, 29.17280198806467, 0.0 ], [ 109.239584828263602, 29.148536672278521, 0.0 ], [ 109.259688391638406, 29.101002546802899, 0.0 ], [ 109.312882566537397, 29.07353019838644, 0.0 ], [ 109.312334216372093, 29.03591552989856, 0.0 ], [ 109.294559222074398, 29.00766739080299, 0.0 ], [ 109.283700247023802, 28.997374382062532, 0.0 ], [ 109.2403955789555, 28.995587638068191, 0.0 ], [ 109.235548235726498, 28.989180109107249, 0.0 ], [ 109.247971623728901, 28.976764996374811, 0.0 ], [ 109.267600599924094, 28.968008937275648, 0.0 ], [ 109.281033567298905, 28.955300789213979, 0.0 ], [ 109.286961607652202, 28.91935086584861, 0.0 ], [ 109.261425781179994, 28.863259292087001, 0.0 ], [ 109.251056078243707, 28.803339587089031, 0.0 ], [ 109.256939929980902, 28.77778503994233, 0.0 ], [ 109.293301099373494, 28.752784213480609, 0.0 ], [ 109.295484376822799, 28.721288812742891, 0.0 ], [ 109.280204937278, 28.683971790813349, 0.0 ], [ 109.209063898892495, 28.668498367091789, 0.0 ], [ 109.200195134831006, 28.65340019232362, 0.0 ], [ 109.211589358170102, 28.640681262990391, 0.0 ], [ 109.297179908236004, 28.641385979174611, 0.0 ], [ 109.311366823352103, 28.632585562006859, 0.0 ], [ 109.311153594077396, 28.611975946399301, 0.0 ], [ 109.290478231444098, 28.592390549485678, 0.0 ], [ 109.270410663924807, 28.554520565146181, 0.0 ], [ 109.265203435078902, 28.514378041371248, 0.0 ], [ 109.262368456174897, 28.447509925625251, 0.0 ], [ 109.2938332691742, 28.39283382960673, 0.0 ], [ 109.290619379127406, 28.360215938897291, 0.0 ], [ 109.276561411028396, 28.344401018780371, 0.0 ], [ 109.274054203032605, 28.327792360699689, 0.0 ], [ 109.305925067330307, 28.295456160936549, 0.0 ], [ 109.362938373716702, 28.27216398103192, 0.0 ], [ 109.345426843688401, 28.16629161617718, 0.0 ], [ 109.3111346903639, 28.112557064971188, 0.0 ], [ 109.304250506433206, 28.051814718264229, 0.0 ], [ 109.325879084453803, 28.05093830904886, 0.0 ], [ 109.3633735958866, 28.069097773050569, 0.0 ], [ 109.379117291974694, 28.048446811574671, 0.0 ], [ 109.378337392970295, 28.021563954170809, 0.0 ], [ 109.350792957850004, 28.01027512744162, 0.0 ], [ 109.330068125614304, 27.994552223183909, 0.0 ], [ 109.319579233817194, 27.973348647992779, 0.0 ], [ 109.319006056704595, 27.954783233252961, 0.0 ], [ 109.324177060385793, 27.952112621712391, 0.0 ], [ 109.332201460547495, 27.950349672632729, 0.0 ], [ 109.345689662732397, 27.94717986752347, 0.0 ], [ 109.343386430113895, 27.939035310300849, 0.0 ], [ 109.336663317161097, 27.93376705920409, 0.0 ], [ 109.3236160922973, 27.92694809153447, 0.0 ], [ 109.312296452983304, 27.917268152657069, 0.0 ], [ 109.312285433171596, 27.90531760210116, 0.0 ], [ 109.334329176632906, 27.87078818770069, 0.0 ], [ 109.332425246923194, 27.790877862387369, 0.0 ], [ 109.374887588749402, 27.739608575102121, 0.0 ], [ 109.435833039040006, 27.742144306299931, 0.0 ], [ 109.435898305317906, 27.730102357543728, 0.0 ], [ 109.428760466570296, 27.71169568900935, 0.0 ], [ 109.462037463395504, 27.681797951338091, 0.0 ], [ 109.468976269260395, 27.64759716955319, 0.0 ], [ 109.471626762132203, 27.612225195049749, 0.0 ], [ 109.448526769922594, 27.557149846956911, 0.0 ], [ 109.384989527457904, 27.537578466660769, 0.0 ], [ 109.302347653998496, 27.46845477210854, 0.0 ], [ 109.289968693904697, 27.42592268976712, 0.0 ], [ 109.271364796569799, 27.418727123037819, 0.0 ], [ 109.242950382204498, 27.427974386820441, 0.0 ], [ 109.216743321509796, 27.45341071901003, 0.0 ], [ 109.204056708907103, 27.452841869286971, 0.0 ], [ 109.169114514678398, 27.411178368607651, 0.0 ], [ 109.148593900767594, 27.430077619495091, 0.0 ], [ 109.136461094462902, 27.423705488462179, 0.0 ], [ 109.1299851686219, 27.378991247212721, 0.0 ], [ 109.091602179998702, 27.34046075289152, 0.0 ], [ 109.061055587806806, 27.336171821479549, 0.0 ], [ 109.040216272365797, 27.272694142295538, 0.0 ], [ 108.942248673845299, 27.228337427117321, 0.0 ], [ 108.915928327398007, 27.140643294133689, 0.0 ], [ 108.815794213119503, 27.09946777537753, 0.0 ], [ 108.814303520973397, 27.07511583999025, 0.0 ], [ 108.865323788235003, 27.021291608959441, 0.0 ], [ 108.893528227457793, 27.005874132757391, 0.0 ], [ 108.943190249590799, 26.99846137694275, 0.0 ], [ 108.980299222550698, 27.006884180621689, 0.0 ], [ 109.017912028399707, 27.03788187571023, 0.0 ], [ 109.063093947770597, 27.023804088769669, 0.0 ], [ 109.068961091747099, 26.94868219708464, 0.0 ], [ 109.037887929409493, 26.8944136306019, 0.0 ], [ 109.045235824404898, 26.81878399465624, 0.0 ], [ 109.095788726652799, 26.784988413794949, 0.0 ], [ 109.182221876472795, 26.762904517074041, 0.0 ], [ 109.292748345782698, 26.733868556331391, 0.0 ], [ 109.392800107648398, 26.64146214220262, 0.0 ], [ 109.432929880241105, 26.62401304690605, 0.0 ], [ 109.489895030465405, 26.578813642045041, 0.0 ], [ 109.489043612571805, 26.521736518730211, 0.0 ], [ 109.509037012075694, 26.49543612251702, 0.0 ], [ 109.497386535289607, 26.43198017401706, 0.0 ], [ 109.497721452746802, 26.386465387376049, 0.0 ], [ 109.5056492444361, 26.341696109048289, 0.0 ], [ 109.489534170538505, 26.301223905882111, 0.0 ], [ 109.488670400872394, 26.277287579400841, 0.0 ], [ 109.458460040416199, 26.264367425256509, 0.0 ], [ 109.443316989413105, 26.24679990272146, 0.0 ], [ 109.437193765340098, 26.22785027737396, 0.0 ], [ 109.428488126970095, 26.191580252366911, 0.0 ], [ 109.430635719095704, 26.153697839865892, 0.0 ], [ 109.442981730440295, 26.071378414300401, 0.0 ], [ 109.452505579782297, 26.060816083197999, 0.0 ], [ 109.478057522916501, 26.051891519159089, 0.0 ], [ 109.518703820762198, 26.014511820376001, 0.0 ], [ 109.5474029712516, 26.015215144286518, 0.0 ], [ 109.609516495431706, 26.03795043178355, 0.0 ], [ 109.661644182723705, 26.07724232686094, 0.0 ], [ 109.677108768802, 26.120748071136909, 0.0 ], [ 109.6912488209462, 26.13728184284879, 0.0 ], [ 109.718688245987394, 26.136702184623729, 0.0 ], [ 109.749656578742702, 26.10540569431533, 0.0 ], [ 109.768151034659994, 26.040488481738262, 0.0 ], [ 109.730388861617101, 25.946365403771711, 0.0 ], [ 109.728211913063006, 25.90484475405324, 0.0 ], [ 109.739136650119406, 25.872769408139629, 0.0 ], [ 109.764810425795304, 25.873521798537009, 0.0 ], [ 109.807418056329496, 25.931345869966929, 0.0 ], [ 109.848633955880501, 25.969923298876239, 0.0 ], [ 109.865864254183606, 25.993318483609801, 0.0 ], [ 109.904494096929, 26.14859999401444, 0.0 ], [ 110.004852698530499, 26.272794685887639, 0.0 ], [ 110.024766296022193, 26.284103631588241, 0.0 ], [ 110.052954150822799, 26.281762611525, 0.0 ], [ 110.073722677626904, 26.254929533465429, 0.0 ], [ 110.091601463919403, 26.203150798033441, 0.0 ], [ 110.131428344798806, 26.185576479058131, 0.0 ], [ 110.127890486499197, 26.159274751402311, 0.0 ], [ 110.075176850175097, 26.087200751395741, 0.0 ], [ 110.071790583547696, 26.063798304964141, 0.0 ], [ 110.079233262164294, 26.049239529818919, 0.0 ], [ 110.108785858704096, 26.03782096704818, 0.0 ], [ 110.118136136785395, 26.01787393424614, 0.0 ], [ 110.142526768392301, 26.03768610367235, 0.0 ], [ 110.196932532621901, 26.02730965022355, 0.0 ], [ 110.235022419190898, 26.08391884990095, 0.0 ], [ 110.255991149051397, 26.086332406850008, 0.0 ], [ 110.272091025806802, 26.08024282746517, 0.0 ], [ 110.282694136711498, 26.04194853623159, 0.0 ], [ 110.277769541996904, 25.974337701640039, 0.0 ], [ 110.286331254829605, 25.971229900541491, 0.0 ], [ 110.309786216673103, 25.978317370488, 0.0 ], [ 110.3405022679556, 25.979638557635369, 0.0 ], [ 110.354619537715493, 25.988733414784761, 0.0 ], [ 110.354488337090103, 26.057745093322492, 0.0 ], [ 110.363672547543104, 26.089338890731799, 0.0 ], [ 110.530389628511699, 26.227375478732039, 0.0 ], [ 110.541006031031998, 26.24569017009695, 0.0 ], [ 110.552400517145301, 26.29310102447743, 0.0 ], [ 110.5740366538149, 26.30314761723243, 0.0 ], [ 110.683025378442807, 26.32758803278541, 0.0 ], [ 110.744940659868604, 26.29955583386052, 0.0 ], [ 110.868010367924199, 26.300942342516951, 0.0 ], [ 110.929311555113301, 26.316589384470198, 0.0 ], [ 110.973704096978906, 26.366954324080709, 0.0 ], [ 110.981042572600003, 26.36845795392718, 0.0 ], [ 110.990535863488702, 26.367931871143131, 0.0 ], [ 110.998257088012593, 26.36086541704849, 0.0 ], [ 111.024573039087201, 26.34592789594927, 0.0 ], [ 111.042064814942506, 26.347729415331969, 0.0 ], [ 111.064578045301801, 26.346183354393439, 0.0 ], [ 111.079014153565097, 26.331008477535331, 0.0 ], [ 111.096172846988196, 26.328731604685679, 0.0 ], [ 111.118703900558401, 26.32771356426943, 0.0 ], [ 111.177232604573604, 26.311604627900358, 0.0 ], [ 111.210004525553998, 26.282274233219571, 0.0 ], [ 111.241199715984607, 26.28933953830418, 0.0 ], [ 111.263804303217697, 26.29077541882894, 0.0 ], [ 111.278581350067398, 26.280042609527939, 0.0 ], [ 111.2757675311246, 26.258309595558881, 0.0 ], [ 111.257515697186093, 26.207650533486088, 0.0 ], [ 111.248034765123094, 26.111167098734491, 0.0 ], [ 111.228634571658105, 26.074871758227069, 0.0 ], [ 111.196571367703299, 25.976299518998221, 0.0 ], [ 111.194701898044997, 25.95736450771529, 0.0 ], [ 111.2354170411068, 25.87949144305464, 0.0 ], [ 111.274533160635499, 25.856095853047002, 0.0 ], [ 111.298034406951103, 25.856683106728259, 0.0 ], [ 111.312056595887796, 25.865908550396281, 0.0 ], [ 111.327629171074605, 25.90035602626461, 0.0 ], [ 111.341232696617098, 25.915856800800629, 0.0 ], [ 111.374600714985903, 25.928236331982479, 0.0 ], [ 111.399205570384595, 25.928732601380911, 0.0 ], [ 111.423743918223707, 25.924070972340751, 0.0 ], [ 111.500375063112202, 25.928792448144559, 0.0 ], [ 111.507463184884898, 25.92526322942679, 0.0 ], [ 111.507310374210803, 25.908711446041149, 0.0 ], [ 111.502369352593107, 25.901662181287129, 0.0 ], [ 111.474662115200005, 25.891019213407422, 0.0 ], [ 111.455300288851504, 25.873800797050659, 0.0 ], [ 111.448801277144696, 25.831163094901601, 0.0 ], [ 111.432577085588903, 25.792320579748338, 0.0 ], [ 111.403810001664098, 25.767738311497869, 0.0 ], [ 111.355294274652906, 25.752088042224891, 0.0 ], [ 111.3162127483277, 25.750884774768711, 0.0 ], [ 111.303249099427106, 25.738489763492751, 0.0 ], [ 111.299870450535096, 25.72153531711788, 0.0 ], [ 111.307683025158994, 25.694588361085842, 0.0 ], [ 111.3056219855373, 25.67672429009497, 0.0 ], [ 111.298644691836998, 25.652215069994089, 0.0 ], [ 111.299260766377003, 25.62705684983996, 0.0 ], [ 111.321709339787304, 25.606184399472781, 0.0 ], [ 111.324375955048694, 25.587511318950739, 0.0 ], [ 111.319423968771503, 25.55718063088122, 0.0 ], [ 111.320776140242302, 25.524392988255101, 0.0 ], [ 111.298780996484894, 25.491258954792801, 0.0 ], [ 111.295477759946905, 25.43938033096218, 0.0 ], [ 111.252043178594704, 25.391473722809319, 0.0 ], [ 111.220728838447002, 25.403730644341639, 0.0 ], [ 111.154574333515399, 25.347430368355109, 0.0 ], [ 111.156809448971401, 25.305487558329631, 0.0 ], [ 111.111987478027999, 25.28688750539699, 0.0 ], [ 111.109140019823002, 25.258153676336171, 0.0 ], [ 111.118613056511606, 25.213276991323081, 0.0 ], [ 111.068422872944794, 25.185650976518801, 0.0 ], [ 110.999458216676501, 25.139116643079589, 0.0 ], [ 110.974226249154, 25.10105970871313, 0.0 ], [ 110.960578354135293, 25.066007272687109, 0.0 ], [ 110.960232324818605, 25.023549733695031, 0.0 ], [ 110.975121898674203, 25.000887405132531, 0.0 ], [ 110.987210308891505, 24.967530410514222, 0.0 ], [ 111.002328754559002, 24.890954450103379, 0.0 ], [ 111.016058169972297, 24.887020204621919, 0.0 ], [ 111.039143523300197, 24.904434813080069, 0.0 ], [ 111.091476242230101, 24.932537371396251, 0.0 ], [ 111.103226602577294, 25.010839710628201, 0.0 ], [ 111.109503512052399, 25.029855789820111, 0.0 ], [ 111.120445380593793, 25.0394346940984, 0.0 ], [ 111.134915897171396, 25.037401818876631, 0.0 ], [ 111.152934702746094, 25.042332838636849, 0.0 ], [ 111.172778250711303, 25.049715507781979, 0.0 ], [ 111.220701230119403, 25.093525198419488, 0.0 ], [ 111.253518394530204, 25.13544664819306, 0.0 ], [ 111.266373258696902, 25.138859796815769, 0.0 ], [ 111.314532580043206, 25.099019898177609, 0.0 ], [ 111.345780815414201, 25.093225883776199, 0.0 ], [ 111.3576060886367, 25.09816881268846, 0.0 ], [ 111.380903215863299, 25.127974983700199, 0.0 ], [ 111.397019122849798, 25.13318938685369, 0.0 ], [ 111.408287218813399, 25.126608530958361, 0.0 ], [ 111.410330570768707, 25.097832521071162, 0.0 ], [ 111.434973685826705, 25.09769858389938, 0.0 ], [ 111.437161237477596, 25.085860984629509, 0.0 ], [ 111.423947226174107, 25.06751903295245, 0.0 ], [ 111.418979535730998, 25.04863262944798, 0.0 ], [ 111.422202529168402, 25.0364667115042, 0.0 ], [ 111.4430324463993, 25.025648154088049, 0.0 ], [ 111.467744973811605, 25.021585608020821, 0.0 ], [ 111.477594756915707, 25.006935589832839, 0.0 ], [ 111.466097489173507, 24.987367321012051, 0.0 ], [ 111.449618052128301, 24.9715936894241, 0.0 ], [ 111.454508262024305, 24.9151719706752, 0.0 ], [ 111.4458729692671, 24.8904940146077, 0.0 ], [ 111.456648334115698, 24.866668512104951, 0.0 ], [ 111.445355916338201, 24.84500442078809, 0.0 ], [ 111.446959935632293, 24.832767181579239, 0.0 ], [ 111.482392846626695, 24.816827959029659, 0.0 ], [ 111.489889083902099, 24.79924131722214, 0.0 ], [ 111.489027470400302, 24.786264387827149, 0.0 ], [ 111.468318811441307, 24.733687074212909, 0.0 ], [ 111.437183501199996, 24.696543445014829, 0.0 ], [ 111.435856036479706, 24.677031414937169, 0.0 ], [ 111.498710996557307, 24.667425608494831, 0.0 ], [ 111.518364299806294, 24.66047389492654, 0.0 ], [ 111.527084375608794, 24.651334017089319, 0.0 ], [ 111.543417096365701, 24.619058778024449, 0.0 ], [ 111.562987841690898, 24.625067176034651, 0.0 ], [ 111.596077634258407, 24.682058321229249, 0.0 ], [ 111.610124919365703, 24.687739265867201, 0.0 ], [ 111.634939475502193, 24.67349765253627, 0.0 ], [ 111.650469035087497, 24.675681353536291, 0.0 ], [ 111.649044590636606, 24.687925804254, 0.0 ], [ 111.6341176425817, 24.70553941799972, 0.0 ], [ 111.650478530833993, 24.723963133769431, 0.0 ], [ 111.659234939889501, 24.746126944505509, 0.0 ], [ 111.686421186883607, 24.77760925804456, 0.0 ], [ 111.711004534171295, 24.78368329614641, 0.0 ], [ 111.742223482800298, 24.779840031487701, 0.0 ], [ 111.784868665573299, 24.758624884802561, 0.0 ], [ 111.897373877436493, 24.763168994318779, 0.0 ], [ 111.9337046774301, 24.77816061085656, 0.0 ], [ 111.958247189359795, 24.777131928638681, 0.0 ], [ 112.005234476697595, 24.753364313400791, 0.0 ], [ 112.015884090584606, 24.747015511316231, 0.0 ], [ 112.025044163951506, 24.74548881170757, 0.0 ], [ 112.031576461031506, 24.749436205174518, 0.0 ], [ 112.054578841396193, 24.787520326325801, 0.0 ], [ 112.089689373981599, 24.814100389861331, 0.0 ], [ 112.127882274100301, 24.81788055792283, 0.0 ], [ 112.149000625746694, 24.782147566180221, 0.0 ], [ 112.165232123621493, 24.781480200022131, 0.0 ], [ 112.155436303582505, 24.82874922957534, 0.0 ], [ 112.175358528417107, 24.911699363914, 0.0 ], [ 112.165171182838407, 24.923880365135052, 0.0 ], [ 112.136367065676794, 24.92959513804378, 0.0 ], [ 112.121105153551795, 24.953452934355809, 0.0 ], [ 112.121079282209294, 24.972447449536588, 0.0 ], [ 112.154748662246206, 25.01616835102719, 0.0 ], [ 112.159684246448094, 25.055779839610221, 0.0 ], [ 112.199216136971799, 25.185794435404301, 0.0 ], [ 112.206767947942197, 25.20121781633927, 0.0 ], [ 112.226105350375704, 25.198701025932909, 0.0 ], [ 112.275255818477206, 25.16644835548966, 0.0 ], [ 112.3437483037997, 25.171964844323639, 0.0 ], [ 112.408138173227599, 25.143778536391501, 0.0 ], [ 112.428282938861997, 25.14770077832349, 0.0 ], [ 112.446914361473702, 25.173088800783489, 0.0 ], [ 112.552665690536202, 25.121370711577569, 0.0 ], [ 112.633864088277505, 25.151657382189232, 0.0 ], [ 112.716854059136395, 25.082141641876209, 0.0 ], [ 112.718098872069802, 25.074495092561879, 0.0 ], [ 112.713190897386596, 25.059682646064349, 0.0 ], [ 112.716784038297703, 25.029774223074899, 0.0 ], [ 112.738538573723105, 24.985980008055229, 0.0 ], [ 112.792165451179102, 24.92873535392517, 0.0 ], [ 112.833369299685103, 24.92759169000043, 0.0 ], [ 112.879535542771805, 24.92207902940892, 0.0 ], [ 112.899116055621704, 24.926678068939129, 0.0 ], [ 112.930234412393006, 24.946439986484329, 0.0 ], [ 112.956673196224997, 24.95056985095469, 0.0 ], [ 113.012533456572996, 24.942298753755981, 0.0 ], [ 113.017543841557497, 24.969407458879481, 0.0 ], [ 113.018612434595397, 24.98217734517192, 0.0 ], [ 112.984756815301694, 25.01084989174295, 0.0 ], [ 112.984538456322994, 25.03782214357599, 0.0 ], [ 113.008890380437407, 25.0668346925207, 0.0 ], [ 113.015250200327699, 25.089772972350339, 0.0 ], [ 113.011327616236898, 25.104059584240851, 0.0 ], [ 112.979171810852094, 25.144668383640049, 0.0 ], [ 112.977394826657502, 25.166358109625971, 0.0 ], [ 113.016608813167693, 25.19631705626421, 0.0 ], [ 113.035528188758903, 25.2025959605241, 0.0 ], [ 113.048887093915894, 25.214196608827411, 0.0 ], [ 113.051702940748797, 25.22737496158917, 0.0 ], [ 113.032322343312302, 25.242649299755751, 0.0 ], [ 113.011743771516507, 25.252574984210732, 0.0 ], [ 112.979008691217004, 25.254692344973432, 0.0 ], [ 112.905621003323205, 25.24084444306941, 0.0 ], [ 112.881242417738093, 25.24727817059745, 0.0 ], [ 112.866921589064603, 25.277559691640189, 0.0 ], [ 112.868263019926601, 25.288496975861541, 0.0 ], [ 112.936188233172999, 25.323912080463089, 0.0 ], [ 112.951359452746601, 25.34045592749894, 0.0 ], [ 112.965758946841703, 25.349694239187318, 0.0 ], [ 112.988009661365794, 25.35992668977935, 0.0 ], [ 113.018103265353105, 25.35878438018889, 0.0 ], [ 113.054977720774502, 25.377557948059891, 0.0 ], [ 113.087105655073302, 25.41480902852684, 0.0 ], [ 113.125930221454198, 25.41630152777142, 0.0 ], [ 113.135421079773707, 25.422325833156869, 0.0 ], [ 113.147990205530505, 25.4536107867475, 0.0 ], [ 113.211563685189503, 25.484827925828231, 0.0 ], [ 113.237864566455499, 25.513967349122559, 0.0 ], [ 113.281103797959503, 25.517455521780409, 0.0 ], [ 113.297990142122202, 25.525371986524299, 0.0 ], [ 113.318187068693803, 25.51794481648712, 0.0 ], [ 113.320770775394607, 25.50244089484147, 0.0 ], [ 113.313954304562998, 25.47994046145871, 0.0 ], [ 113.317022769743701, 25.46644091997678, 0.0 ], [ 113.359730858617397, 25.441195461659341, 0.0 ], [ 113.369162527967603, 25.42231166964671, 0.0 ], [ 113.416031303313304, 25.40602005375198, 0.0 ], [ 113.447922721377793, 25.372198757897419, 0.0 ], [ 113.464442074397496, 25.369157719479581, 0.0 ], [ 113.473938492497695, 25.372313614191711, 0.0 ], [ 113.489691136082001, 25.38354844566549, 0.0 ], [ 113.498830251068199, 25.38144172953394, 0.0 ], [ 113.515148509847606, 25.37241763427911, 0.0 ], [ 113.542702078299897, 25.376639822694141, 0.0 ], [ 113.567427640964098, 25.370589833761102, 0.0 ], [ 113.585542702595703, 25.35395516996207, 0.0 ], [ 113.591041229827695, 25.33763297835975, 0.0 ], [ 113.590530827966305, 25.31644278248659, 0.0 ], [ 113.594894928062899, 25.308612958328769, 0.0 ], [ 113.609471167211098, 25.311547700655979, 0.0 ], [ 113.673676223754498, 25.349490578225769, 0.0 ], [ 113.7101689922209, 25.358668363813742, 0.0 ], [ 113.746916892730397, 25.355821941024701, 0.0 ], [ 113.800220255154699, 25.334281444698501, 0.0 ], [ 113.823062425955101, 25.333546761696208, 0.0 ], [ 113.870552638375599, 25.366380344511072, 0.0 ], [ 113.898881147915105, 25.425902250431839, 0.0 ], [ 113.912262662432695, 25.433021237147301, 0.0 ], [ 113.934222882157499, 25.434488747921471, 0.0 ], [ 113.960092817661305, 25.44060954357214, 0.0 ], [ 113.953643230763504, 25.445054082680059, 0.0 ], [ 113.949346667591996, 25.452072539604771, 0.0 ], [ 113.949170827106997, 25.469159418658261, 0.0 ], [ 113.973900103922205, 25.531326023675788, 0.0 ], [ 113.989386308221597, 25.53936394773238, 0.0 ], [ 113.997247044617495, 25.546114602408171, 0.0 ], [ 113.999660047574494, 25.561704225841289, 0.0 ], [ 113.993255856553802, 25.602297978983721, 0.0 ], [ 113.980677185041699, 25.617188525446061, 0.0 ], [ 113.965956158491394, 25.631346736486041, 0.0 ], [ 113.929913007029697, 25.67481872501844, 0.0 ], [ 113.920314880138093, 25.697346699421171, 0.0 ], [ 113.915331412685504, 25.72458562877992, 0.0 ], [ 113.920097647426203, 25.74724894649917, 0.0 ], [ 113.931069086439194, 25.758635384712079, 0.0 ], [ 113.958330043765699, 25.77364337023614, 0.0 ], [ 113.970419411401593, 25.79104098210448, 0.0 ], [ 113.974602939570104, 25.836932553273741, 0.0 ], [ 114.026477812804799, 25.895577837805259, 0.0 ], [ 114.032912198837195, 25.942026924606029, 0.0 ], [ 114.009572011505796, 26.00864082485754, 0.0 ], [ 114.0139385520243, 26.025888474887811, 0.0 ], [ 114.024772740328302, 26.03844266947921, 0.0 ], [ 114.0458505461024, 26.074331381236679, 0.0 ], [ 114.057764843422504, 26.080240295771581, 0.0 ], [ 114.0892342659929, 26.07202509019011, 0.0 ], [ 114.102581646666493, 26.07462766506907, 0.0 ], [ 114.109138327605393, 26.084866695488191, 0.0 ], [ 114.106609814091001, 26.10277707369071, 0.0 ], [ 114.113592452400596, 26.111788082991261, 0.0 ], [ 114.131665999304403, 26.119301728246999, 0.0 ], [ 114.185578550154005, 26.129842509101131, 0.0 ], [ 114.231604226193298, 26.160208979369919, 0.0 ], [ 114.232046801262101, 26.16697452557959, 0.0 ], [ 114.219556819274999, 26.17377686971064, 0.0 ], [ 114.226270866066102, 26.19345228314441, 0.0 ], [ 114.213839198165104, 26.206723488015321, 0.0 ], [ 114.184734635145006, 26.208802333531509, 0.0 ], [ 114.174856882840402, 26.21810632151298, 0.0 ], [ 114.130864986107497, 26.20700775984292, 0.0 ], [ 114.067991464351493, 26.170518823413801, 0.0 ], [ 114.039261474694598, 26.169618268128751, 0.0 ], [ 114.021332844813898, 26.18237745923382, 0.0 ], [ 114.012351048202405, 26.182942297386131, 0.0 ], [ 113.9780295758042, 26.158476073367289, 0.0 ], [ 113.935539606958301, 26.177588375319811, 0.0 ], [ 113.966522914556407, 26.194603718543199, 0.0 ], [ 113.990025736082302, 26.246341600207121, 0.0 ], [ 114.017411491179303, 26.276595013834889, 0.0 ], [ 114.018648465684095, 26.371109879963019, 0.0 ], [ 114.069042017291906, 26.42104237384202, 0.0 ], [ 114.100076863642002, 26.491181831667671, 0.0 ], [ 114.078467893223504, 26.498033626305631, 0.0 ], [ 114.079417808138004, 26.549842135621759, 0.0 ], [ 114.107418856152606, 26.585733361005008, 0.0 ], [ 114.0585175770739, 26.58845800417247, 0.0 ], [ 114.026886579945597, 26.604364939178069, 0.0 ], [ 114.012110473165606, 26.627237493154869, 0.0 ], [ 113.909169663739107, 26.630094135886399, 0.0 ], [ 113.885336443811894, 26.659104090194749, 0.0 ], [ 113.8635018955449, 26.675961078546759, 0.0 ], [ 113.856867880362103, 26.77069910158977, 0.0 ], [ 113.838581854346401, 26.822455677347939, 0.0 ], [ 113.896544913776395, 26.881891811375631, 0.0 ], [ 113.890472716223201, 26.919472975597049, 0.0 ], [ 113.929098042020797, 26.96858080528806, 0.0 ], [ 113.882989774115302, 26.996388929741499, 0.0 ], [ 113.873941130177101, 27.025913838533441, 0.0 ], [ 113.820484690220098, 27.05288396487348, 0.0 ], [ 113.811185231036106, 27.10487555234273, 0.0 ], [ 113.776809526920303, 27.081242206661251, 0.0 ], [ 113.769537408217303, 27.10773884322624, 0.0 ], [ 113.788753006359798, 27.14679362020361, 0.0 ], [ 113.8502030805423, 27.226060462025149, 0.0 ], [ 113.904621090580505, 27.356668159020479, 0.0 ], [ 113.839907266729995, 27.33279795989651, 0.0 ], [ 113.813360441619196, 27.361689686726351, 0.0 ], [ 113.768907373894905, 27.36345793915909, 0.0 ], [ 113.701771671371901, 27.315748617621288, 0.0 ], [ 113.603884156931201, 27.351442181188041, 0.0 ], [ 113.603615631115304, 27.376237818096889, 0.0 ], [ 113.6092431928124, 27.406505374354129, 0.0 ], [ 113.599482347061695, 27.449644441562292, 0.0 ], [ 113.590161640258401, 27.493829325136549, 0.0 ], [ 113.6069778170787, 27.52317437180071, 0.0 ], [ 113.5982546237028, 27.536458490470562, 0.0 ], [ 113.580150050553499, 27.546109697039029, 0.0 ], [ 113.578644997561398, 27.553744326704091, 0.0 ], [ 113.6166148098349, 27.672534725383169, 0.0 ], [ 113.6735216214703, 27.755890944046371, 0.0 ], [ 113.7383816578905, 27.830570896865279, 0.0 ], [ 113.752050379411699, 27.878137557103841, 0.0 ], [ 113.723761872312593, 27.911017432969999, 0.0 ], [ 113.727043440333205, 27.943027227020639, 0.0 ], [ 113.748815923359103, 27.981607882242908, 0.0 ], [ 113.809809395973502, 27.991859335175949, 0.0 ], [ 113.870796014810097, 28.009755849548309, 0.0 ], [ 113.920311697170305, 28.009884887495271, 0.0 ], [ 113.976967748963702, 28.03858870398366, 0.0 ], [ 114.028484638224299, 28.039949687636181, 0.0 ], [ 114.038368457146802, 28.056849618956999, 0.0 ], [ 114.034940002099901, 28.085756128753719, 0.0 ], [ 113.997920342161393, 28.155881142112069, 0.0 ], [ 114.000684285356897, 28.19309493670054, 0.0 ], [ 114.008791074053804, 28.204178856291719, 0.0 ], [ 114.115199090486797, 28.1937502537711, 0.0 ], [ 114.214136627906797, 28.315517569382571, 0.0 ], [ 114.272220903736596, 28.375766241380909, 0.0 ], [ 114.183604054143601, 28.433058101306099, 0.0 ], [ 114.2051247848147, 28.482574127842199, 0.0 ], [ 114.116189541979693, 28.566948071830708, 0.0 ], [ 114.162944262747999, 28.7722349735565, 0.0 ], [ 114.045813287078005, 28.879927123514051, 0.0 ], [ 113.991870267488096, 29.024351621447568, 0.0 ], [ 113.9520365888676, 29.06091200331036, 0.0 ], [ 113.952628977109001, 29.08962661971335, 0.0 ], [ 114.053526043608997, 29.199094448780411, 0.0 ], [ 114.092182843544293, 29.212575432012351, 0.0 ], [ 114.157370547027895, 29.211005288845541, 0.0 ], [ 114.2565226564694, 29.246242506571381, 0.0 ], [ 114.266114989494298, 29.347808525032139, 0.0 ], [ 114.299112246159595, 29.366902913975149, 0.0 ], [ 114.332730990599302, 29.357784809259481, 0.0 ], [ 114.345721628542293, 29.323455873439421, 0.0 ], [ 114.365354893965801, 29.31529354326484, 0.0 ], [ 114.430945576460402, 29.340057173169779, 0.0 ], [ 114.443460216248795, 29.3307220516703, 0.0 ], [ 114.454265923838406, 29.314390303827011, 0.0 ], [ 114.474738405076096, 29.31250131381578, 0.0 ], [ 114.538954143841906, 29.337161124742071, 0.0 ], [ 114.586656894054599, 29.345568439527369, 0.0 ], [ 114.6297846356577, 29.370944725367501, 0.0 ], [ 114.735163101253505, 29.39145113072448, 0.0 ], [ 114.746806537954001, 29.354306733611679, 0.0 ], [ 114.818811608324495, 29.388878110997219, 0.0 ], [ 114.8894737346901, 29.521792779275941, 0.0 ], [ 114.940171218393004, 29.48730189347862, 0.0 ], [ 114.949648543331193, 29.49872972662914, 0.0 ], [ 114.941984211325703, 29.52946839553767, 0.0 ], [ 114.943169341415498, 29.54879073981305, 0.0 ], [ 114.975169839394198, 29.56363192222555, 0.0 ], [ 115.0260720467206, 29.55267387318688, 0.0 ], [ 115.082538413682997, 29.561026904881579, 0.0 ], [ 115.100521911051402, 29.546810092813541, 0.0 ], [ 115.107252642469206, 29.513610098937001, 0.0 ], [ 115.123250533143406, 29.50358411178609, 0.0 ], [ 115.149127689305899, 29.509766241286581, 0.0 ], [ 115.136460386422897, 29.56313303109814, 0.0 ], [ 115.159494862022498, 29.57920697475684, 0.0 ], [ 115.155470038112398, 29.592622293622011, 0.0 ], [ 115.129312778004802, 29.596448641240482, 0.0 ], [ 115.122117009884604, 29.639389001531502, 0.0 ], [ 115.081339305733593, 29.66253592990082, 0.0 ], [ 115.087050774310995, 29.667473073748891, 0.0 ], [ 115.1204673433555, 29.667636689619151, 0.0 ], [ 115.236033738336502, 29.64612776612811, 0.0 ], [ 115.250434384279899, 29.622178318159278, 0.0 ], [ 115.273659329529494, 29.61227857192581, 0.0 ], [ 115.290898856655005, 29.613424882208552, 0.0 ], [ 115.307798773621201, 29.629672777180701, 0.0 ], [ 115.368201250753899, 29.64907529892881, 0.0 ], [ 115.449931521226006, 29.728938428315882, 0.0 ], [ 115.456842358486099, 29.78768011413668, 0.0 ], [ 115.463643016241306, 29.815035108097, 0.0 ], [ 115.481355651527295, 29.835750503236799, 0.0 ], [ 115.5759840070737, 29.838392143196099, 0.0 ], [ 115.663824261387205, 29.860201488669439, 0.0 ], [ 115.752615519051204, 29.7865658333751, 0.0 ], [ 115.902426053266893, 29.725478045026051, 0.0 ], [ 115.949517840953803, 29.722967974635139, 0.0 ], [ 115.967591196062202, 29.726672636351289, 0.0 ], [ 116.053708709820796, 29.776268471165249, 0.0 ], [ 116.087329598041407, 29.807325056620542, 0.0 ], [ 116.142120759229599, 29.823898040910159, 0.0 ], [ 116.125934660873099, 29.85152785059655, 0.0 ], [ 116.126395304453396, 29.870135465503189, 0.0 ], [ 116.137687431105803, 29.905594748149291, 0.0 ], [ 116.124909556870605, 29.921167330992649, 0.0 ], [ 116.0810370558317, 29.95376806914684, 0.0 ], [ 116.086139188324495, 29.98820751903197, 0.0 ], [ 116.068082630132807, 30.002643955216111, 0.0 ], [ 116.083718943999799, 30.02608798359109, 0.0 ], [ 116.076674072006, 30.115951332417691, 0.0 ], [ 116.055567664250603, 30.146276634848839, 0.0 ], [ 116.066499514836096, 30.210136231526281, 0.0 ], [ 115.996173860576107, 30.255364456866019, 0.0 ], [ 115.978030596379796, 30.29638256659851, 0.0 ], [ 115.905424873295402, 30.30089573845715, 0.0 ], [ 115.916327201089999, 30.33631423193621, 0.0 ], [ 115.881770137751502, 30.366356217838639, 0.0 ], [ 115.881282824141195, 30.39245457908471, 0.0 ], [ 115.934217890508904, 30.420366624953019, 0.0 ], [ 115.9012900144875, 30.476803675796251, 0.0 ], [ 115.890421353706799, 30.582988867762442, 0.0 ], [ 115.841652619052596, 30.598078323210739, 0.0 ], [ 115.832353318369201, 30.605225349964378, 0.0 ], [ 115.8260836000713, 30.617356326371919, 0.0 ], [ 115.820627319583096, 30.633030411649742, 0.0 ], [ 115.796243379021305, 30.663242608493739, 0.0 ], [ 115.770859395883306, 30.687889899558161, 0.0 ], [ 115.766911485161302, 30.687895223869742, 0.0 ], [ 115.7618353497013, 30.684976253255179, 0.0 ], [ 115.723322378953796, 30.63782892252673, 0.0 ], [ 115.716407386443507, 30.61345577185692, 0.0 ], [ 115.712298483666004, 30.58675078481345, 0.0 ], [ 115.706686979210403, 30.568038608149649, 0.0 ], [ 115.694941370867994, 30.562926780872989, 0.0 ], [ 115.684228890930996, 30.562223550263919, 0.0 ], [ 115.6255532069802, 30.583716169655961, 0.0 ], [ 115.602239265196602, 30.598004018044829, 0.0 ], [ 115.594089860225907, 30.614084422806879, 0.0 ], [ 115.594508121905093, 30.63516162444817, 0.0 ], [ 115.607239934940793, 30.703940353519549, 0.0 ], [ 115.604303316187597, 30.780960610811871, 0.0 ], [ 115.610595789889601, 30.82484562067895, 0.0 ], [ 115.598908039308697, 30.824668413512949, 0.0 ], [ 115.577261252716397, 30.806302779133262, 0.0 ], [ 115.561089375896998, 30.806123906824919, 0.0 ], [ 115.560531893358799, 30.839915955291559, 0.0 ], [ 115.585785669308095, 30.892571758412451, 0.0 ], [ 115.647085319907504, 30.94961531266944, 0.0 ], [ 115.722779289541606, 30.997114132059838, 0.0 ], [ 115.761863698837104, 31.060115489101079, 0.0 ], [ 115.761616703307396, 31.102334467256551, 0.0 ], [ 115.743353248187304, 31.14137498966738, 0.0 ], [ 115.706122224240502, 31.171267746454131, 0.0 ], [ 115.665562708143099, 31.18619151640047, 0.0 ], [ 115.657294154979397, 31.191603036664819, 0.0 ], [ 115.653587736511994, 31.196355738331992, 0.0 ], [ 115.653445017335699, 31.199859156664338, 0.0 ], [ 115.654245008801297, 31.20273261258609, 0.0 ], [ 115.633165384930294, 31.188884417352138, 0.0 ], [ 115.598943552221101, 31.16024755614837, 0.0 ], [ 115.574167133899493, 31.15873251282331, 0.0 ], [ 115.549477930363096, 31.195644971388251, 0.0 ], [ 115.538221537094302, 31.247491911761468, 0.0 ], [ 115.460126394712901, 31.299984042401189, 0.0 ], [ 115.443558858410398, 31.349304948091071, 0.0 ], [ 115.385413928185699, 31.34613712306453, 0.0 ], [ 115.399535032438806, 31.418875954281749, 0.0 ], [ 115.312172268419005, 31.386104693998249, 0.0 ], [ 115.260255988503005, 31.41057708219207, 0.0 ], [ 115.219238509908806, 31.45476866152439, 0.0 ], [ 115.243872662773995, 31.55124667387372, 0.0 ], [ 115.187469232491793, 31.579521504891272, 0.0 ], [ 115.179327800812601, 31.61239680476681, 0.0 ], [ 115.1357294263439, 31.588407962748001, 0.0 ], [ 115.078481782658699, 31.48276112796831, 0.0 ], [ 114.990432654984204, 31.465390661206111, 0.0 ], [ 114.9185017809166, 31.50612044236361, 0.0 ], [ 114.776184248686604, 31.491669901225091, 0.0 ], [ 114.760765225572101, 31.518651054630251, 0.0 ], [ 114.745000257903499, 31.53259379726445, 0.0 ], [ 114.710224312394104, 31.52822724650358, 0.0 ], [ 114.654588819053501, 31.563796647345779, 0.0 ], [ 114.636655187468605, 31.596786019197619, 0.0 ], [ 114.606301774102107, 31.599686665644409, 0.0 ], [ 114.569212274814305, 31.569282402218271, 0.0 ], [ 114.559003017288404, 31.57624224279796, 0.0 ], [ 114.536225155056997, 31.604163721383539, 0.0 ], [ 114.466821929181506, 31.59632130570499, 0.0 ], [ 114.454756018760804, 31.560030203247091, 0.0 ], [ 114.420675869138407, 31.530675287510999, 0.0 ], [ 114.359918905741694, 31.526922293592548, 0.0 ], [ 114.317069477140706, 31.503201758273939, 0.0 ], [ 114.283436261648205, 31.478715679554909, 0.0 ], [ 114.253663620857296, 31.49303331019653, 0.0 ], [ 114.292045767266799, 31.56207805728447, 0.0 ], [ 114.309226294721896, 31.6001310272766, 0.0 ], [ 114.335183917390694, 31.627172108726459, 0.0 ], [ 114.313534522847206, 31.702306691753542, 0.0 ], [ 114.261041557152197, 31.81824889907648, 0.0 ], [ 114.1591842086345, 31.86311430756394, 0.0 ], [ 114.086048057428499, 31.796017683780899, 0.0 ], [ 114.012910476843302, 31.752317431568329, 0.0 ], [ 113.980914983710505, 31.72230032144066, 0.0 ], [ 113.952322986455798, 31.73719180042583, 0.0 ], [ 113.9556685829033, 31.88371414526943, 0.0 ], [ 113.871604355165502, 31.843518207076741, 0.0 ], [ 113.853502106687699, 31.873063685515529, 0.0 ], [ 113.849791058879006, 31.92916022525252, 0.0 ], [ 113.764540781557699, 31.992063937467549, 0.0 ], [ 113.793962219677496, 32.035497101996093, 0.0 ], [ 113.754570073554703, 32.096610501662653, 0.0 ], [ 113.753229456506105, 32.141445551341192, 0.0 ], [ 113.7918622951738, 32.176205414288539, 0.0 ], [ 113.774061405604101, 32.248559278836318, 0.0 ], [ 113.786159448349295, 32.347403810423579, 0.0 ], [ 113.745017608882705, 32.409101313464802, 0.0 ], [ 113.666817106451404, 32.424573652158102, 0.0 ], [ 113.598150920346001, 32.333184617416613, 0.0 ], [ 113.401829539381495, 32.287265384886688, 0.0 ], [ 113.346880144498797, 32.32092117420607, 0.0 ], [ 113.245374716630906, 32.395693265917679, 0.0 ], [ 113.203057165696194, 32.416430540925631, 0.0 ], [ 113.112271997844502, 32.390033436606153, 0.0 ], [ 113.058342348465303, 32.418747301687652, 0.0 ], [ 113.021484084085301, 32.421413379844623, 0.0 ], [ 112.978158350082396, 32.385893633034037, 0.0 ], [ 112.949967152353494, 32.386426997145747, 0.0 ], [ 112.933559059178606, 32.397806385761477, 0.0 ], [ 112.915296891203198, 32.399549829374799, 0.0 ], [ 112.831378546990194, 32.383062100331131, 0.0 ], [ 112.7844338025822, 32.358165055991243, 0.0 ], [ 112.765841282887095, 32.354742704659088, 0.0 ], [ 112.606317276024996, 32.388932148461933, 0.0 ], [ 112.565463239085403, 32.39030463237016, 0.0 ], [ 112.5348515777156, 32.378270477541378, 0.0 ], [ 112.469903785246203, 32.376506138871662, 0.0 ], [ 112.444675921168098, 32.367993141987263, 0.0 ], [ 112.418906004378101, 32.367669416771832, 0.0 ], [ 112.368934045509405, 32.370101938727451, 0.0 ], [ 112.341119543662799, 32.356063998103913, 0.0 ], [ 112.332337147564402, 32.336550992702087, 0.0 ], [ 112.318904850849094, 32.337256694880473, 0.0 ], [ 112.274157153374802, 32.367751017859092, 0.0 ], [ 112.218453788429898, 32.396092709752558, 0.0 ], [ 112.170468808377805, 32.389034840922243, 0.0 ], [ 112.064030833521699, 32.465536497683118, 0.0 ], [ 111.988476306996205, 32.481860510087259, 0.0 ], [ 111.915077311014002, 32.479403821289502, 0.0 ], [ 111.883718623161698, 32.501263032440967, 0.0 ], [ 111.832628575626003, 32.508401140731372, 0.0 ], [ 111.821495502072395, 32.524267768599771, 0.0 ], [ 111.796274871130805, 32.526469325733551, 0.0 ], [ 111.783626774310207, 32.533318151828013, 0.0 ], [ 111.754412959388702, 32.596892104984342, 0.0 ], [ 111.677956826443705, 32.626521249840387, 0.0 ], [ 111.637446485428001, 32.632063029104842, 0.0 ], [ 111.585404904645401, 32.609337714621013, 0.0 ], [ 111.559536353386093, 32.608223161796559, 0.0 ], [ 111.540901836972196, 32.617428906078267, 0.0 ], [ 111.534847802027102, 32.636159529610943, 0.0 ], [ 111.526901225410398, 32.680342174949097, 0.0 ], [ 111.496071363428996, 32.7091119395579, 0.0 ], [ 111.455589685530995, 32.726585359585258, 0.0 ], [ 111.437309091343394, 32.767197739656787, 0.0 ], [ 111.388128078789094, 32.798669301799897, 0.0 ], [ 111.382028778887999, 32.822872722339312, 0.0 ], [ 111.338948660630294, 32.873439494717068, 0.0 ], [ 111.287107786993502, 32.883216828376582, 0.0 ], [ 111.261457561141498, 32.912381234491612, 0.0 ], [ 111.223433484731899, 32.927566447519013, 0.0 ], [ 111.215655512772003, 32.943552743535029, 0.0 ], [ 111.240521224519398, 32.986578555465478, 0.0 ], [ 111.229407305117505, 33.024136704536879, 0.0 ], [ 111.159527009484506, 33.060372810742152, 0.0 ], [ 111.143420972959504, 33.109544254859671, 0.0 ], [ 111.123837627702201, 33.127946984975218, 0.0 ], [ 111.107994468950494, 33.181303374279217, 0.0 ], [ 111.062665702990699, 33.180840279384192, 0.0 ], [ 111.064301941333497, 33.201925240329778, 0.0 ], [ 111.017542071782501, 33.225088387134377, 0.0 ], [ 111.000649297778594, 33.267138605352322, 0.0 ], [ 110.995890569528299, 33.281865006054318, 0.0 ] ] ] } },
{ "type": "Feature", "properties": { "省份": "广东", "id": "2026081100210001", "name": "广东", "layer": null, "path": "C:/Users/geste/Desktop/ming1433_fullv1.0.geojson" }, "geometry": { "type": "Polygon", "coordinates": [ [ [ 107.959181076059707, 21.539394566604109, 0.0 ], [ 107.961650628112096, 21.53603810319353, 0.0 ], [ 107.974667580088806, 21.541230816862541, 0.0 ], [ 107.988463453050599, 21.545886766878599, 0.0 ], [ 108.004870223877901, 21.54714059139879, 0.0 ], [ 108.029948567864906, 21.541983344732088, 0.0 ], [ 108.040565217049306, 21.541888932608789, 0.0 ], [ 108.057351660656707, 21.545741694562849, 0.0 ], [ 108.091448128689905, 21.574281727686241, 0.0 ], [ 108.144175487598602, 21.651229827844229, 0.0 ], [ 108.168321958300993, 21.691673717695721, 0.0 ], [ 108.200328550250603, 21.723903673407879, 0.0 ], [ 108.278086930117695, 21.738311934896259, 0.0 ], [ 108.312357074455207, 21.744109231616051, 0.0 ], [ 108.356353953962, 21.74315588686839, 0.0 ], [ 108.458445862518801, 21.723994995261659, 0.0 ], [ 108.504942126650207, 21.698071803741559, 0.0 ], [ 108.534641119103796, 21.625066797824839, 0.0 ], [ 108.5807474673733, 21.68335977187483, 0.0 ], [ 108.516972895215801, 21.792855600350851, 0.0 ], [ 108.502179039220906, 21.848928888504989, 0.0 ], [ 108.534090476643598, 21.900668577258308, 0.0 ], [ 108.564004708138199, 21.88922837623128, 0.0 ], [ 108.6099526458854, 21.88007540704351, 0.0 ], [ 108.610208604102695, 21.842711774084481, 0.0 ], [ 108.551888077331895, 21.784471520132652, 0.0 ], [ 108.577170911616705, 21.75478200746036, 0.0 ], [ 108.691057851601897, 21.719312776189259, 0.0 ], [ 108.748064920426003, 21.61724894343217, 0.0 ], [ 108.810845003098294, 21.639050078529429, 0.0 ], [ 108.985978018323394, 21.600726999748019, 0.0 ], [ 109.041020853095901, 21.60590600686276, 0.0 ], [ 109.161111033548593, 21.562403920966599, 0.0 ], [ 109.163626106305003, 21.497090456878951, 0.0 ], [ 109.076475537429303, 21.49340821971969, 0.0 ], [ 109.046854404915706, 21.420541460781379, 0.0 ], [ 109.104068928491401, 21.437265600882789, 0.0 ], [ 109.177525277184202, 21.40258249706153, 0.0 ], [ 109.274901541779798, 21.448039233653368, 0.0 ], [ 109.525872329426903, 21.46111128076652, 0.0 ], [ 109.615687366191494, 21.601453402180471, 0.0 ], [ 109.673553985972006, 21.595542695471039, 0.0 ], [ 109.676773374060005, 21.514757878821179, 0.0 ], [ 109.740114818500302, 21.473351265121721, 0.0 ], [ 109.830572869687899, 21.46533715602812, 0.0 ], [ 109.901268072045497, 21.458570365335749, 0.0 ], [ 109.943021808151997, 21.35559578504153, 0.0 ], [ 109.770813663827596, 21.36314725483539, 0.0 ], [ 109.776337104076703, 21.2172353543322, 0.0 ], [ 109.675641075605697, 21.125715618105509, 0.0 ], [ 109.708716196561596, 21.067419797347679, 0.0 ], [ 109.6741900422535, 20.898926343639271, 0.0 ], [ 109.715428817433306, 20.808166581760549, 0.0 ], [ 109.755783475539204, 20.80843495917015, 0.0 ], [ 109.774054961048805, 20.688439398666912, 0.0 ], [ 109.743160173425693, 20.671377825933899, 0.0 ], [ 109.750316398142203, 20.635018525260818, 0.0 ], [ 109.816431197238103, 20.609388333435621, 0.0 ], [ 109.827144465552195, 20.509133068204669, 0.0 ], [ 110.010851243315301, 20.428514779885361, 0.0 ], [ 109.875742124006393, 20.422514939126529, 0.0 ], [ 109.937058942956796, 20.22371708735059, 0.0 ], [ 109.991560821194895, 20.298832877874808, 0.0 ], [ 110.068326265867299, 20.28086137814768, 0.0 ], [ 110.156529776849098, 20.247548776801992, 0.0 ], [ 110.347045870323896, 20.264791950022509, 0.0 ], [ 110.549447310663894, 20.424520139219119, 0.0 ], [ 110.381101237391306, 20.816446566085819, 0.0 ], [ 110.189437844424702, 20.853256461575651, 0.0 ], [ 110.165164759307004, 21.00788315125406, 0.0 ], [ 110.2693668985046, 21.091034226257229, 0.0 ], [ 110.420415039130205, 21.177297223123691, 0.0 ], [ 110.628668796923293, 21.233143090005221, 0.0 ], [ 110.728677129066298, 21.364305560021879, 0.0 ], [ 110.807759833990701, 21.401764921261631, 0.0 ], [ 110.887086859359002, 21.38444334878567, 0.0 ], [ 110.954419946790694, 21.419879636835329, 0.0 ], [ 111.024512960741802, 21.422001837689869, 0.0 ], [ 111.054785898599903, 21.447258026703771, 0.0 ], [ 111.117371719492297, 21.454348933608991, 0.0 ], [ 111.671341483119093, 21.514580623605429, 0.0 ], [ 111.838361601168899, 21.690416307790809, 0.0 ], [ 111.939331921723394, 21.70266762434666, 0.0 ], [ 112.189759534587907, 21.79906141808976, 0.0 ], [ 112.254993526763201, 21.702613512848089, 0.0 ], [ 112.424048390274194, 21.731466114158529, 0.0 ], [ 112.430853789464294, 21.838732524558139, 0.0 ], [ 112.600517363018199, 21.75389698685235, 0.0 ], [ 112.802281234040905, 21.928450214101581, 0.0 ], [ 112.869186841858806, 21.93122735751524, 0.0 ], [ 112.857586529725396, 21.881005449627761, 0.0 ], [ 112.952240138204402, 21.8587449970465, 0.0 ], [ 113.036787690511105, 21.96104619941616, 0.0 ], [ 112.996017457772197, 22.09588633947147, 0.0 ], [ 113.076782331324395, 22.1930214138584, 0.0 ], [ 113.107073369916804, 22.226382779977762, 0.0 ], [ 113.140766244590793, 22.169333108714259, 0.0 ], [ 113.147573337268497, 22.119260446598549, 0.0 ], [ 113.182161788354904, 22.094592390202191, 0.0 ], [ 113.246789490807004, 22.11380714734041, 0.0 ], [ 113.299046651526297, 22.185260358561369, 0.0 ], [ 113.257767249403898, 22.434953221096819, 0.0 ], [ 113.363261098843594, 22.26910122251223, 0.0 ], [ 113.543207375460895, 22.1844127355218, 0.0 ], [ 113.574796761943901, 22.207643869764851, 0.0 ], [ 113.6016733697832, 22.26071849753404, 0.0 ], [ 113.585378926036498, 22.300210703854798, 0.0 ], [ 113.629732845656406, 22.375608280857492, 0.0 ], [ 113.574244647401997, 22.388118100380549, 0.0 ], [ 113.541895519841106, 22.42249082242726, 0.0 ], [ 113.573524351798994, 22.492613609232642, 0.0 ], [ 113.578958366838705, 22.54809515440467, 0.0 ], [ 113.569777189151196, 22.579410420029099, 0.0 ], [ 113.455645483649704, 22.59889805874948, 0.0 ], [ 113.448626904254297, 22.605277135840819, 0.0 ], [ 113.440397610668498, 22.630081950398541, 0.0 ], [ 113.431671937539903, 22.661643286483351, 0.0 ], [ 113.4254284936099, 22.695424016334989, 0.0 ], [ 113.414941804560698, 22.744690343625241, 0.0 ], [ 113.408766721469703, 22.764542404801261, 0.0 ], [ 113.411787392042498, 22.783762650241261, 0.0 ], [ 113.439481842562301, 22.821613560651809, 0.0 ], [ 113.485136191005296, 22.810800293366469, 0.0 ], [ 113.527677886419099, 22.788057075999621, 0.0 ], [ 113.559276373051404, 22.762952964068699, 0.0 ], [ 113.586840443556696, 22.748512859681391, 0.0 ], [ 113.625861359891601, 22.748460139557359, 0.0 ], [ 113.640791503128995, 22.756147845362261, 0.0 ], [ 113.665404742104499, 22.760043595971059, 0.0 ], [ 113.683604464012205, 22.756431773116219, 0.0 ], [ 113.730884525410502, 22.76007015531458, 0.0 ], [ 113.762047076870005, 22.76127788846772, 0.0 ], [ 113.783248249940897, 22.693266002619321, 0.0 ], [ 113.860544280724298, 22.576439393390949, 0.0 ], [ 113.921001070855993, 22.551514585292779, 0.0 ], [ 113.877747656623598, 22.493963432588139, 0.0 ], [ 113.923189761771795, 22.472558729802131, 0.0 ], [ 113.944725661909104, 22.54293205822011, 0.0 ], [ 114.042265384016602, 22.511754941759179, 0.0 ], [ 113.893716314525804, 22.393527178443431, 0.0 ], [ 113.941340516323507, 22.345685599017351, 0.0 ], [ 113.984620337894498, 22.382251063266949, 0.0 ], [ 114.027448787194501, 22.342570090006671, 0.0 ], [ 113.940726019908297, 22.30798198673099, 0.0 ], [ 113.844828455850404, 22.23649707601065, 0.0 ], [ 113.846637260082602, 22.173371835459431, 0.0 ], [ 113.944805056928004, 22.150106189757619, 0.0 ], [ 114.007436330118196, 22.219592296260021, 0.0 ], [ 114.063634645368893, 22.325272557336181, 0.0 ], [ 114.049016787950293, 22.359147217893788, 0.0 ], [ 114.092719766707702, 22.35847590927402, 0.0 ], [ 114.157916419615603, 22.316840788941938, 0.0 ], [ 114.124076878254698, 22.25798079120846, 0.0 ], [ 114.094274098116898, 22.240251112493279, 0.0 ], [ 114.120157758017498, 22.17682072734938, 0.0 ], [ 114.142425636358496, 22.17394106303049, 0.0 ], [ 114.136983332568605, 22.237313185229802, 0.0 ], [ 114.222909827961502, 22.193382735062841, 0.0 ], [ 114.256143025922597, 22.20725732058758, 0.0 ], [ 114.406765116412203, 22.406479138990889, 0.0 ], [ 114.253302769015306, 22.569672785169139, 0.0 ], [ 114.430365073164197, 22.609476668799172, 0.0 ], [ 114.498561872256104, 22.44633522780412, 0.0 ], [ 114.638986609260698, 22.514065934224849, 0.0 ], [ 114.515431671002503, 22.566148570692139, 0.0 ], [ 114.6009082109139, 22.646213231937271, 0.0 ], [ 114.510178761430595, 22.654281179188189, 0.0 ], [ 114.648313680969807, 22.76280940003846, 0.0 ], [ 114.7376197918814, 22.767339748251221, 0.0 ], [ 114.737845369754197, 22.58122931869454, 0.0 ], [ 114.842336335488298, 22.592400035484118, 0.0 ], [ 114.876083987837006, 22.540957846833951, 0.0 ], [ 114.9070736932578, 22.545326317659612, 0.0 ], [ 114.926431083644403, 22.613592697574401, 0.0 ], [ 114.969994286753604, 22.671781320596171, 0.0 ], [ 115.031420834250696, 22.719718676147089, 0.0 ], [ 115.053171210639405, 22.779918027104589, 0.0 ], [ 115.215059311892404, 22.818883105713841, 0.0 ], [ 115.3450640482762, 22.769933408185508, 0.0 ], [ 115.328877530415099, 22.72255285142041, 0.0 ], [ 115.364135855762896, 22.69158573650865, 0.0 ], [ 115.469756514968594, 22.698799014706712, 0.0 ], [ 115.569863030622898, 22.655686018710551, 0.0 ], [ 115.578723804995704, 22.670512854180391, 0.0 ], [ 115.568382425540804, 22.723701289057392, 0.0 ], [ 115.603169550951804, 22.738496379934102, 0.0 ], [ 115.561040478866104, 22.760583468458709, 0.0 ], [ 115.5304226265674, 22.726877608517441, 0.0 ], [ 115.5200200262842, 22.764258131468988, 0.0 ], [ 115.556715536775599, 22.793597293145801, 0.0 ], [ 115.579720215076605, 22.847294425823559, 0.0 ], [ 115.662245734649801, 22.87658903617691, 0.0 ], [ 115.785922528342496, 22.83154102093075, 0.0 ], [ 115.797016564482306, 22.753665664584808, 0.0 ], [ 115.822627032113303, 22.745586518441829, 0.0 ], [ 115.858023321787002, 22.776793430299762, 0.0 ], [ 116.063552354477395, 22.859771567409041, 0.0 ], [ 116.115461482313194, 22.821978478887988, 0.0 ], [ 116.221356715346303, 22.927895816135489, 0.0 ], [ 116.303416540073698, 22.96393035512563, 0.0 ], [ 116.482697664023206, 22.9549524299368, 0.0 ], [ 116.5023264862795, 22.97462721793536, 0.0 ], [ 116.5134302277459, 23.015643813577132, 0.0 ], [ 116.555674013444801, 23.03219729045427, 0.0 ], [ 116.543797489392105, 23.060669644428579, 0.0 ], [ 116.546306093510196, 23.105888116246931, 0.0 ], [ 116.528335143111505, 23.136399828660579, 0.0 ], [ 116.544385461044001, 23.179687614199821, 0.0 ], [ 116.593662616334001, 23.207328204309469, 0.0 ], [ 116.602709270604507, 23.1802493651136, 0.0 ], [ 116.629378202317696, 23.17738486437317, 0.0 ], [ 116.672192102907303, 23.237128688885409, 0.0 ], [ 116.729299265349397, 23.24872911919325, 0.0 ], [ 116.790208566290005, 23.21924095518002, 0.0 ], [ 116.767922061966402, 23.274012572566729, 0.0 ], [ 116.766123483158907, 23.318004540295011, 0.0 ], [ 116.809743627820097, 23.388934702297021, 0.0 ], [ 116.882812832218804, 23.482660138103171, 0.0 ], [ 116.868233171460801, 23.50097244799305, 0.0 ], [ 116.898979522168801, 23.556181200571221, 0.0 ], [ 116.906706211945206, 23.628675380659949, 0.0 ], [ 116.933539128855301, 23.661157387897362, 0.0 ], [ 117.017316868594307, 23.665755943647, 0.0 ], [ 117.036925377462893, 23.65125311332887, 0.0 ], [ 117.060837189742102, 23.65932461971023, 0.0 ], [ 117.0781469563766, 23.632300696114029, 0.0 ], [ 117.092137068206696, 23.59367662052011, 0.0 ], [ 117.094946204812302, 23.557406645330421, 0.0 ], [ 117.136851146327302, 23.569401818871619, 0.0 ], [ 117.162096508214304, 23.60116957674353, 0.0 ], [ 117.189317219092501, 23.616895757556591, 0.0 ], [ 117.192909790840801, 23.625724043225379, 0.0 ], [ 117.190296414271302, 23.636281215558078, 0.0 ], [ 117.179922972976996, 23.648187299545221, 0.0 ], [ 117.158240527963201, 23.66166748066, 0.0 ], [ 117.113823288789504, 23.671399382829851, 0.0 ], [ 117.100168702028995, 23.675656217661199, 0.0 ], [ 117.085820505703396, 23.685618725828, 0.0 ], [ 117.067478753636493, 23.703654314153411, 0.0 ], [ 117.051806653089599, 23.743802581586191, 0.0 ], [ 117.043872570241405, 23.823975287490629, 0.0 ], [ 117.025493408018605, 23.85947918865703, 0.0 ], [ 116.989685835994507, 23.888673371820019, 0.0 ], [ 116.985336556331504, 23.909019497794869, 0.0 ], [ 116.982518604110496, 23.992289289206429, 0.0 ], [ 116.933671702846695, 24.099406231763471, 0.0 ], [ 116.9346724598565, 24.12474473864485, 0.0 ], [ 116.992785248641397, 24.19275928545969, 0.0 ], [ 116.992104085830505, 24.204286985617671, 0.0 ], [ 116.982624001935704, 24.214570649018189, 0.0 ], [ 116.947583779531101, 24.234722554868039, 0.0 ], [ 116.942924688468295, 24.241816054959308, 0.0 ], [ 116.947543838628903, 24.27727458602569, 0.0 ], [ 116.946262418754699, 24.2887910665372, 0.0 ], [ 116.931809020877395, 24.320329409986549, 0.0 ], [ 116.928374622749502, 24.340045662546171, 0.0 ], [ 116.918560554816693, 24.372056494822299, 0.0 ], [ 116.907319111164497, 24.38985049608841, 0.0 ], [ 116.872414029765196, 24.436627017167751, 0.0 ], [ 116.870678456087703, 24.44705226809468, 0.0 ], [ 116.870009346400096, 24.463391442135311, 0.0 ], [ 116.872876055556006, 24.471122792500431, 0.0 ], [ 116.871888152699796, 24.48094151376884, 0.0 ], [ 116.865572801450099, 24.486535876656198, 0.0 ], [ 116.843535828070003, 24.49073994209936, 0.0 ], [ 116.819856073186202, 24.496466601178771, 0.0 ], [ 116.783739943200601, 24.515792532657731, 0.0 ], [ 116.776855396695495, 24.537506387722331, 0.0 ], [ 116.779210439790802, 24.56024024408142, 0.0 ], [ 116.792304094788406, 24.590174892779341, 0.0 ], [ 116.800758243551499, 24.620431122282021, 0.0 ], [ 116.824462809471598, 24.65590570383327, 0.0 ], [ 116.821729417606704, 24.669097101006571, 0.0 ], [ 116.8046729456577, 24.676383978389541, 0.0 ], [ 116.7038766961372, 24.660368480013481, 0.0 ], [ 116.650105398650197, 24.64606751774938, 0.0 ], [ 116.597697089322494, 24.641570252389759, 0.0 ], [ 116.550012305758102, 24.61390722617589, 0.0 ], [ 116.5258294652118, 24.613270766187469, 0.0 ], [ 116.525844376049704, 24.618968604660509, 0.0 ], [ 116.531409238353504, 24.644617884213709, 0.0 ], [ 116.526553242679995, 24.66524936858692, 0.0 ], [ 116.493468457540601, 24.717909765180011, 0.0 ], [ 116.460345737880203, 24.731058039428369, 0.0 ], [ 116.448303742864397, 24.743089078169799, 0.0 ], [ 116.435802489106806, 24.76220507700863, 0.0 ], [ 116.428142687496901, 24.781688974958229, 0.0 ], [ 116.408701602247802, 24.80693447065897, 0.0 ], [ 116.383830204148197, 24.824478531010879, 0.0 ], [ 116.364736838641505, 24.82652298036594, 0.0 ], [ 116.287560200546594, 24.78539040051453, 0.0 ], [ 116.263177119546995, 24.785205497130551, 0.0 ], [ 116.243319257307107, 24.834063009544881, 0.0 ], [ 116.215164268751295, 24.85593488086927, 0.0 ], [ 116.164700358246506, 24.834456788522999, 0.0 ], [ 116.097014130912498, 24.844586491287721, 0.0 ], [ 116.052085290149904, 24.884981421408028, 0.0 ], [ 115.903414000141098, 24.91661737146233, 0.0 ], [ 115.934559448894902, 24.87622759846786, 0.0 ], [ 115.929948329764002, 24.86313511213865, 0.0 ], [ 115.909844309174503, 24.86356958616178, 0.0 ], [ 115.866224421890095, 24.880056029588221, 0.0 ], [ 115.849230424328496, 24.8797849034429, 0.0 ], [ 115.805520615093698, 24.8689286011791, 0.0 ], [ 115.777933490045797, 24.854610391788729, 0.0 ], [ 115.757220522478903, 24.825889264814119, 0.0 ], [ 115.773940600522707, 24.80621702396731, 0.0 ], [ 115.764520266093598, 24.731525111146372, 0.0 ], [ 115.801248982803799, 24.698706566647491, 0.0 ], [ 115.799798171636297, 24.64050198491168, 0.0 ], [ 115.819221925958104, 24.612929096103379, 0.0 ], [ 115.825777074963895, 24.578834122859231, 0.0 ], [ 115.824214936154405, 24.563240163143291, 0.0 ], [ 115.812216939291105, 24.55627848441199, 0.0 ], [ 115.754979089859006, 24.55487425078142, 0.0 ], [ 115.716279578069404, 24.54052066907823, 0.0 ], [ 115.696870212098304, 24.545132329564471, 0.0 ], [ 115.633969187251907, 24.605779782256882, 0.0 ], [ 115.616684961955897, 24.60884192060767, 0.0 ], [ 115.600754908395999, 24.62487176589384, 0.0 ], [ 115.576918509856895, 24.674848894555431, 0.0 ], [ 115.568075399556506, 24.68790128804563, 0.0 ], [ 115.556410151548107, 24.693959987187629, 0.0 ], [ 115.520610329182603, 24.708454147430341, 0.0 ], [ 115.515459104403902, 24.712025870768471, 0.0 ], [ 115.500891188689906, 24.738470660482719, 0.0 ], [ 115.490099105104306, 24.750789452015031, 0.0 ], [ 115.460122372961493, 24.775250705822231, 0.0 ], [ 115.421596339219207, 24.78414814106317, 0.0 ], [ 115.380957379361902, 24.782192852365661, 0.0 ], [ 115.368937417023005, 24.774845515559171, 0.0 ], [ 115.366134033253303, 24.73588375473728, 0.0 ], [ 115.315644053834205, 24.761137494952941, 0.0 ], [ 115.280814941820296, 24.762754927157861, 0.0 ], [ 115.260381225539504, 24.742949033416298, 0.0 ], [ 115.1213020410908, 24.67965158617255, 0.0 ], [ 115.092833468976494, 24.70933088913775, 0.0 ], [ 115.058624063489304, 24.7227349354891, 0.0 ], [ 115.044356035830901, 24.717855717056018, 0.0 ], [ 115.032626114038706, 24.678738077375701, 0.0 ], [ 115.013031782453496, 24.68397519243462, 0.0 ], [ 114.983830725765003, 24.662079833940059, 0.0 ], [ 114.949237755511504, 24.670672820440441, 0.0 ], [ 114.928423984025102, 24.660891196516801, 0.0 ], [ 114.915867696340698, 24.638244413354649, 0.0 ], [ 114.903340760830005, 24.610165886617221, 0.0 ], [ 114.882751053919407, 24.592136199329008, 0.0 ], [ 114.876230868787701, 24.57435641700836, 0.0 ], [ 114.850817328981407, 24.58298005952723, 0.0 ], [ 114.806011106728405, 24.611650054271252, 0.0 ], [ 114.736378456689806, 24.630748935048729, 0.0 ], [ 114.739386266392501, 24.565039182882909, 0.0 ], [ 114.707304432263101, 24.548949640605649, 0.0 ], [ 114.679842575143297, 24.561425093471829, 0.0 ], [ 114.674667709090002, 24.587362031052471, 0.0 ], [ 114.660668765889994, 24.587664800102409, 0.0 ], [ 114.622248430610099, 24.578427148016161, 0.0 ], [ 114.584352204148004, 24.542517352759901, 0.0 ], [ 114.515971377882494, 24.552661223241291, 0.0 ], [ 114.448385769522901, 24.492198088811691, 0.0 ], [ 114.411074450308305, 24.496599256531379, 0.0 ], [ 114.408823099164294, 24.535926394511801, 0.0 ], [ 114.381091473736603, 24.540498755643529, 0.0 ], [ 114.376385087024005, 24.57403311748627, 0.0 ], [ 114.305234534474707, 24.585959849632729, 0.0 ], [ 114.284723774005002, 24.634929755991049, 0.0 ], [ 114.192746436722203, 24.657723056762379, 0.0 ], [ 114.180359955288907, 24.676445137682741, 0.0 ], [ 114.185994313572493, 24.68862964545335, 0.0 ], [ 114.253895680800596, 24.700388784719639, 0.0 ], [ 114.311474877841903, 24.733878453244671, 0.0 ], [ 114.340281154910102, 24.76502042814916, 0.0 ], [ 114.359616374839106, 24.833363591767132, 0.0 ], [ 114.408166905140504, 24.876528055892521, 0.0 ], [ 114.395842478679, 24.913053876454448, 0.0 ], [ 114.426223487855395, 24.970104636247491, 0.0 ], [ 114.466990072709294, 24.988183704308732, 0.0 ], [ 114.510166418438203, 25.00205469834065, 0.0 ], [ 114.579144967850397, 25.054819716519781, 0.0 ], [ 114.639002883837506, 25.065392320016361, 0.0 ], [ 114.684070202409899, 25.098129958035951, 0.0 ], [ 114.733992498846803, 25.097791665840031, 0.0 ], [ 114.750097143626206, 25.10967037681425, 0.0 ], [ 114.729273343248806, 25.131888461336491, 0.0 ], [ 114.700203876765499, 25.13548494359123, 0.0 ], [ 114.695565941142306, 25.151620636686669, 0.0 ], [ 114.698702629989597, 25.19858598758006, 0.0 ], [ 114.727776144758806, 25.244748238642991, 0.0 ], [ 114.748975953366894, 25.278603904315698, 0.0 ], [ 114.596055754574607, 25.355403604690569, 0.0 ], [ 114.5883950322375, 25.404514161360389, 0.0 ], [ 114.578318449827407, 25.413973513338739, 0.0 ], [ 114.529351834267104, 25.413153345080278, 0.0 ], [ 114.504882887699196, 25.378534124887551, 0.0 ], [ 114.448752708443607, 25.390488535872208, 0.0 ], [ 114.415451508536407, 25.340504610140041, 0.0 ], [ 114.390203557126299, 25.32402730260911, 0.0 ], [ 114.329625840579496, 25.329345725099571, 0.0 ], [ 114.316158473791305, 25.296472792301021, 0.0 ], [ 114.216818526367504, 25.293490592066188, 0.0 ], [ 114.154078325196593, 25.316851220633239, 0.0 ], [ 114.117521556450399, 25.30413000225353, 0.0 ], [ 114.045500001203294, 25.2483695887267, 0.0 ], [ 114.028283718820802, 25.265731701834039, 0.0 ], [ 114.0293336866294, 25.299359660466681, 0.0 ], [ 114.038151312457003, 25.321934660593961, 0.0 ], [ 114.039972155575498, 25.347405284338681, 0.0 ], [ 114.023665762290705, 25.381183398924431, 0.0 ], [ 114.015699305617701, 25.38995888982403, 0.0 ], [ 113.990130670739802, 25.40120717556244, 0.0 ], [ 113.984831275304501, 25.428121609855079, 0.0 ], [ 113.978715989079006, 25.435219238584288, 0.0 ], [ 113.960092817661305, 25.44060954357214, 0.0 ], [ 113.934222882157499, 25.434488747921471, 0.0 ], [ 113.912262662432695, 25.433021237147301, 0.0 ], [ 113.898881147915105, 25.425902250431839, 0.0 ], [ 113.870552638375599, 25.366380344511072, 0.0 ], [ 113.823062425955101, 25.333546761696208, 0.0 ], [ 113.800220255154699, 25.334281444698501, 0.0 ], [ 113.746916892730397, 25.355821941024701, 0.0 ], [ 113.7101689922209, 25.358668363813742, 0.0 ], [ 113.673676223754498, 25.349490578225769, 0.0 ], [ 113.609471167211098, 25.311547700655979, 0.0 ], [ 113.594894928062899, 25.308612958328769, 0.0 ], [ 113.590530827966305, 25.31644278248659, 0.0 ], [ 113.591041229827695, 25.33763297835975, 0.0 ], [ 113.585542702595703, 25.35395516996207, 0.0 ], [ 113.567427640964098, 25.370589833761102, 0.0 ], [ 113.542702078299897, 25.376639822694141, 0.0 ], [ 113.515148509847606, 25.37241763427911, 0.0 ], [ 113.498830251068199, 25.38144172953394, 0.0 ], [ 113.489691136082001, 25.38354844566549, 0.0 ], [ 113.473938492497695, 25.372313614191711, 0.0 ], [ 113.464442074397496, 25.369157719479581, 0.0 ], [ 113.447922721377793, 25.372198757897419, 0.0 ], [ 113.416031303313304, 25.40602005375198, 0.0 ], [ 113.369162527967603, 25.42231166964671, 0.0 ], [ 113.359730858617397, 25.441195461659341, 0.0 ], [ 113.317022769743701, 25.46644091997678, 0.0 ], [ 113.313954304562998, 25.47994046145871, 0.0 ], [ 113.320770775394607, 25.50244089484147, 0.0 ], [ 113.318187068693803, 25.51794481648712, 0.0 ], [ 113.297990142122202, 25.525371986524299, 0.0 ], [ 113.281103797959503, 25.517455521780409, 0.0 ], [ 113.237864566455499, 25.513967349122559, 0.0 ], [ 113.211563685189503, 25.484827925828231, 0.0 ], [ 113.147990205530505, 25.4536107867475, 0.0 ], [ 113.135421079773707, 25.422325833156869, 0.0 ], [ 113.125930221454198, 25.41630152777142, 0.0 ], [ 113.087105655073302, 25.41480902852684, 0.0 ], [ 113.054977720774502, 25.377557948059891, 0.0 ], [ 113.018103265353105, 25.35878438018889, 0.0 ], [ 112.988009661365794, 25.35992668977935, 0.0 ], [ 112.965758946841703, 25.349694239187318, 0.0 ], [ 112.951359452746601, 25.34045592749894, 0.0 ], [ 112.936188233172999, 25.323912080463089, 0.0 ], [ 112.868263019926601, 25.288496975861541, 0.0 ], [ 112.866921589064603, 25.277559691640189, 0.0 ], [ 112.881242417738093, 25.24727817059745, 0.0 ], [ 112.905621003323205, 25.24084444306941, 0.0 ], [ 112.979008691217004, 25.254692344973432, 0.0 ], [ 113.011743771516507, 25.252574984210732, 0.0 ], [ 113.032322343312302, 25.242649299755751, 0.0 ], [ 113.051702940748797, 25.22737496158917, 0.0 ], [ 113.048887093915894, 25.214196608827411, 0.0 ], [ 113.035528188758903, 25.2025959605241, 0.0 ], [ 113.016608813167693, 25.19631705626421, 0.0 ], [ 112.977394826657502, 25.166358109625971, 0.0 ], [ 112.979171810852094, 25.144668383640049, 0.0 ], [ 113.011327616236898, 25.104059584240851, 0.0 ], [ 113.015250200327699, 25.089772972350339, 0.0 ], [ 113.008890380437407, 25.0668346925207, 0.0 ], [ 112.984538456322994, 25.03782214357599, 0.0 ], [ 112.984756815301694, 25.01084989174295, 0.0 ], [ 113.018612434595397, 24.98217734517192, 0.0 ], [ 113.017543841557497, 24.969407458879481, 0.0 ], [ 113.012533456572996, 24.942298753755981, 0.0 ], [ 112.956673196224997, 24.95056985095469, 0.0 ], [ 112.930234412393006, 24.946439986484329, 0.0 ], [ 112.899116055621704, 24.926678068939129, 0.0 ], [ 112.879535542771805, 24.92207902940892, 0.0 ], [ 112.833369299685103, 24.92759169000043, 0.0 ], [ 112.792165451179102, 24.92873535392517, 0.0 ], [ 112.738538573723105, 24.985980008055229, 0.0 ], [ 112.716784038297703, 25.029774223074899, 0.0 ], [ 112.713190897386596, 25.059682646064349, 0.0 ], [ 112.718098872069802, 25.074495092561879, 0.0 ], [ 112.716854059136395, 25.082141641876209, 0.0 ], [ 112.633864088277505, 25.151657382189232, 0.0 ], [ 112.552665690536202, 25.121370711577569, 0.0 ], [ 112.446914361473702, 25.173088800783489, 0.0 ], [ 112.428282938861997, 25.14770077832349, 0.0 ], [ 112.408138173227599, 25.143778536391501, 0.0 ], [ 112.3437483037997, 25.171964844323639, 0.0 ], [ 112.275255818477206, 25.16644835548966, 0.0 ], [ 112.226105350375704, 25.198701025932909, 0.0 ], [ 112.206767947942197, 25.20121781633927, 0.0 ], [ 112.199216136971799, 25.185794435404301, 0.0 ], [ 112.159684246448094, 25.055779839610221, 0.0 ], [ 112.154748662246206, 25.01616835102719, 0.0 ], [ 112.121079282209294, 24.972447449536588, 0.0 ], [ 112.121105153551795, 24.953452934355809, 0.0 ], [ 112.136367065676794, 24.92959513804378, 0.0 ], [ 112.165171182838407, 24.923880365135052, 0.0 ], [ 112.175358528417107, 24.911699363914, 0.0 ], [ 112.155436303582505, 24.82874922957534, 0.0 ], [ 112.165232123621493, 24.781480200022131, 0.0 ], [ 112.149000625746694, 24.782147566180221, 0.0 ], [ 112.127882274100301, 24.81788055792283, 0.0 ], [ 112.089689373981599, 24.814100389861331, 0.0 ], [ 112.054578841396193, 24.787520326325801, 0.0 ], [ 112.031576461031506, 24.749436205174518, 0.0 ], [ 112.029402537777202, 24.74220001151085, 0.0 ], [ 111.963378510639103, 24.709844947007539, 0.0 ], [ 111.954189469307394, 24.687265954048168, 0.0 ], [ 111.955441011076502, 24.66516866960697, 0.0 ], [ 111.933153641338293, 24.643770245131059, 0.0 ], [ 111.928481153117403, 24.629275034356091, 0.0 ], [ 111.941433307198807, 24.600396098806112, 0.0 ], [ 112.021468775691801, 24.530025997062669, 0.0 ], [ 112.021214438291693, 24.513491858751468, 0.0 ], [ 112.014336792205, 24.501105600743749, 0.0 ], [ 112.000419131662298, 24.487725197081762, 0.0 ], [ 111.997523917320606, 24.458241117563599, 0.0 ], [ 112.034027834297405, 24.438881640935019, 0.0 ], [ 112.043513721693799, 24.425594376645531, 0.0 ], [ 112.051494998484401, 24.387746968581389, 0.0 ], [ 112.086900951878405, 24.3506746216223, 0.0 ], [ 112.041368059249194, 24.30483359064203, 0.0 ], [ 112.002911628327695, 24.28801043348707, 0.0 ], [ 111.986495619362501, 24.265086513415579, 0.0 ], [ 111.988149827063395, 24.24589681051836, 0.0 ], [ 112.0412163992454, 24.226105319846091, 0.0 ], [ 112.100460247423996, 24.233778418989701, 0.0 ], [ 112.136727320004198, 24.184879960918948, 0.0 ], [ 112.172670772567798, 24.186312712738729, 0.0 ], [ 112.237718029945697, 24.269600713055599, 0.0 ], [ 112.242766061164602, 24.30166467162616, 0.0 ], [ 112.242075328410493, 24.36446080848809, 0.0 ], [ 112.258509199146403, 24.392757057874981, 0.0 ], [ 112.320558512114602, 24.394678959193261, 0.0 ], [ 112.376576056352803, 24.36879154124059, 0.0 ], [ 112.416935138343007, 24.320043244754881, 0.0 ], [ 112.448936775804896, 24.267577258698569, 0.0 ], [ 112.448628969381403, 24.178858583284349, 0.0 ], [ 112.477683606139195, 24.135175372270851, 0.0 ], [ 112.537578879517497, 24.10271951717872, 0.0 ], [ 112.547355428694004, 24.05662954705457, 0.0 ], [ 112.487052310622502, 23.94432275195485, 0.0 ], [ 112.421622427484394, 23.885355722437001, 0.0 ], [ 112.341008619367699, 23.84545841881652, 0.0 ], [ 112.312140707737498, 23.734639104545021, 0.0 ], [ 112.215380064851601, 23.709907203386841, 0.0 ], [ 112.211164878264995, 23.61998217213495, 0.0 ], [ 112.120053501871794, 23.485618660692751, 0.0 ], [ 112.088260218648301, 23.4666310011105, 0.0 ], [ 112.042488837910597, 23.47571082816107, 0.0 ], [ 112.004938899641104, 23.44813828489276, 0.0 ], [ 111.969849023997995, 23.45812966506, 0.0 ], [ 111.953058755391893, 23.518302048447481, 0.0 ], [ 111.957700486570502, 23.625515554207372, 0.0 ], [ 111.9449098501712, 23.664240226869701, 0.0 ], [ 111.914040841709493, 23.699964872574931, 0.0 ], [ 111.908485158785993, 23.722864204470021, 0.0 ], [ 111.947832843208602, 23.776499380839049, 0.0 ], [ 111.958173187484107, 23.877122905037879, 0.0 ], [ 111.935127182106001, 23.907028279243072, 0.0 ], [ 111.894986035181006, 23.924953000534611, 0.0 ], [ 111.8209136259226, 23.901306134598151, 0.0 ], [ 111.799065891329107, 23.80331083839938, 0.0 ], [ 111.652128774046801, 23.825774496625701, 0.0 ], [ 111.618684855029002, 23.725731607964718, 0.0 ], [ 111.659032157717107, 23.70031114217694, 0.0 ], [ 111.617598931169098, 23.64396018042801, 0.0 ], [ 111.515928551005203, 23.635065138333129, 0.0 ], [ 111.493128459591802, 23.59915839290754, 0.0 ], [ 111.466336397464602, 23.498766566454169, 0.0 ], [ 111.408739035233296, 23.469797220304802, 0.0 ], [ 111.395314377839796, 23.400269519347219, 0.0 ], [ 111.360552698085996, 23.318514581871391, 0.0 ], [ 111.397112449899197, 23.164503982986641, 0.0 ], [ 111.383375349927206, 23.130820015375019, 0.0 ], [ 111.385658705904206, 23.081166861770519, 0.0 ], [ 111.434052019616402, 23.065469343941551, 0.0 ], [ 111.429060726028794, 23.031567026141389, 0.0 ], [ 111.3964962831012, 23.012326374866081, 0.0 ], [ 111.403705498762207, 22.986803597241419, 0.0 ], [ 111.3887924607576, 22.969195025684709, 0.0 ], [ 111.381335489628896, 22.95649926376349, 0.0 ], [ 111.380089589942003, 22.939058556580409, 0.0 ], [ 111.377393807289806, 22.90567134213509, 0.0 ], [ 111.355022085898497, 22.870425614971829, 0.0 ], [ 111.320005933434203, 22.849452805827571, 0.0 ], [ 111.300342824089, 22.813717639864279, 0.0 ], [ 111.251400101599202, 22.784827831105051, 0.0 ], [ 111.218914984187904, 22.742451553529751, 0.0 ], [ 111.112829121700599, 22.744110303645549, 0.0 ], [ 111.075326680196596, 22.725413772173681, 0.0 ], [ 111.102154665248307, 22.695572301112001, 0.0 ], [ 111.074869250061695, 22.643849582044901, 0.0 ], [ 111.014885779872102, 22.619576044563821, 0.0 ], [ 111.001787348900606, 22.655092074057141, 0.0 ], [ 110.969297875603701, 22.655634823563322, 0.0 ], [ 110.954103972033494, 22.62004603283231, 0.0 ], [ 110.9235670481375, 22.611828852675242, 0.0 ], [ 110.887664104892195, 22.587388728461921, 0.0 ], [ 110.854907250463, 22.59165973178353, 0.0 ], [ 110.826428787643096, 22.58563797290412, 0.0 ], [ 110.819458108677196, 22.570951953951528, 0.0 ], [ 110.806263279118198, 22.570730646080541, 0.0 ], [ 110.783174739206601, 22.583422052929141, 0.0 ], [ 110.761374145692201, 22.572347442517369, 0.0 ], [ 110.754215689731396, 22.518744884821739, 0.0 ], [ 110.754915001225697, 22.479247376468809, 0.0 ], [ 110.735270331215801, 22.474681464474831, 0.0 ], [ 110.691735874541394, 22.484603525630629, 0.0 ], [ 110.687026983000706, 22.464607428268359, 0.0 ], [ 110.727726937891802, 22.440216779115911, 0.0 ], [ 110.711866493121406, 22.407307984829519, 0.0 ], [ 110.714938159062996, 22.37639456560829, 0.0 ], [ 110.772576805380098, 22.320568348169889, 0.0 ], [ 110.786148326196297, 22.282464858120171, 0.0 ], [ 110.772091771783806, 22.27417413280553, 0.0 ], [ 110.735368353928095, 22.27962849745882, 0.0 ], [ 110.714081172686505, 22.289566059786679, 0.0 ], [ 110.693602491755101, 22.28360881252831, 0.0 ], [ 110.684156288212094, 22.269934360608069, 0.0 ], [ 110.676547125634698, 22.240185683548471, 0.0 ], [ 110.663312942327494, 22.23222285049836, 0.0 ], [ 110.658845951846203, 22.218779716704301, 0.0 ], [ 110.668185139123096, 22.18837446886366, 0.0 ], [ 110.651379346124003, 22.163516798387551, 0.0 ], [ 110.609798702651403, 22.163027000014299, 0.0 ], [ 110.590837421550205, 22.187889883514242, 0.0 ], [ 110.573388051220704, 22.19615566019479, 0.0 ], [ 110.555812541069798, 22.193682243767569, 0.0 ], [ 110.521377750662296, 22.159034851537299, 0.0 ], [ 110.491863722852699, 22.151207889296781, 0.0 ], [ 110.474793874615898, 22.158982343998289, 0.0 ], [ 110.4413701897099, 22.205093860535889, 0.0 ], [ 110.431405370939203, 22.207594672696459, 0.0 ], [ 110.416481775057704, 22.203230747716411, 0.0 ], [ 110.387440226895606, 22.180482992654969, 0.0 ], [ 110.363711133860306, 22.200245469187049, 0.0 ], [ 110.340038803955593, 22.196779719581961, 0.0 ], [ 110.330910226827996, 22.15876622229009, 0.0 ], [ 110.364334410698703, 22.122120917183469, 0.0 ], [ 110.351254331577707, 22.042331590057991, 0.0 ], [ 110.362277259916894, 21.978025719721181, 0.0 ], [ 110.392617024394397, 21.917254710997739, 0.0 ], [ 110.369243587513594, 21.894351492373101, 0.0 ], [ 110.312922300925194, 21.91121081907232, 0.0 ], [ 110.249918585207098, 21.87257633705245, 0.0 ], [ 110.172220366852898, 21.897528158540151, 0.0 ], [ 110.096245425667504, 21.892494766789969, 0.0 ], [ 110.015045202811905, 21.93177802597506, 0.0 ], [ 109.960849603485599, 21.915047354079359, 0.0 ], [ 109.878553973509, 21.858004430657779, 0.0 ], [ 109.870526936893199, 21.805095328446441, 0.0 ], [ 109.836912684100199, 21.740833266514169, 0.0 ], [ 109.787139296055003, 21.716083271839381, 0.0 ], [ 109.729035119733894, 21.71955246851067, 0.0 ], [ 109.709865395556307, 21.738248417211629, 0.0 ], [ 109.703350266668807, 21.898627066002359, 0.0 ], [ 109.599778813764601, 21.91552911728003, 0.0 ], [ 109.563564132570903, 21.969416566414871, 0.0 ], [ 109.594445979318706, 22.006905999285571, 0.0 ], [ 109.5817133607719, 22.057492051364381, 0.0 ], [ 109.534929758278807, 22.118117020228599, 0.0 ], [ 109.548017752805904, 22.161101338755159, 0.0 ], [ 109.589269142606199, 22.222344277670121, 0.0 ], [ 109.600751046351306, 22.281374589067301, 0.0 ], [ 109.622920683755595, 22.312284969337611, 0.0 ], [ 109.646359037418193, 22.3045715365846, 0.0 ], [ 109.6695879944251, 22.316297829784361, 0.0 ], [ 109.626371123855094, 22.35276084555203, 0.0 ], [ 109.602208327191505, 22.398414516811201, 0.0 ], [ 109.627994940006602, 22.438233912525199, 0.0 ], [ 109.662611234961204, 22.47144809271094, 0.0 ], [ 109.755587826073196, 22.476572820126119, 0.0 ], [ 109.766619206743201, 22.440985909071351, 0.0 ], [ 109.737224037972695, 22.393219824993011, 0.0 ], [ 109.759943394680306, 22.333761566471789, 0.0 ], [ 109.812298392056604, 22.32388922910706, 0.0 ], [ 109.859900237479295, 22.339737047684, 0.0 ], [ 109.863839513899293, 22.38569911797439, 0.0 ], [ 109.827087977063499, 22.460048072764071, 0.0 ], [ 109.868612269232997, 22.512988500458381, 0.0 ], [ 109.874049057375203, 22.57106021156152, 0.0 ], [ 109.851983082672106, 22.59095458466992, 0.0 ], [ 109.810960320046107, 22.59894368116651, 0.0 ], [ 109.7481955130459, 22.57610874590863, 0.0 ], [ 109.723745007672605, 22.591976735862328, 0.0 ], [ 109.693084580749897, 22.616660789131849, 0.0 ], [ 109.679988946851395, 22.659580401657529, 0.0 ], [ 109.673961972359805, 22.666345108099829, 0.0 ], [ 109.666281505454904, 22.67013239010921, 0.0 ], [ 109.657583868490505, 22.6694719533679, 0.0 ], [ 109.641529882644093, 22.661122846301311, 0.0 ], [ 109.6288004404486, 22.66226367750766, 0.0 ], [ 109.601717789039895, 22.682402723948179, 0.0 ], [ 109.578786931569397, 22.68273182709822, 0.0 ], [ 109.550124860191502, 22.650943338362261, 0.0 ], [ 109.5352721575629, 22.651876826237871, 0.0 ], [ 109.528301775349505, 22.661859471232439, 0.0 ], [ 109.5170033266715, 22.663320095017799, 0.0 ], [ 109.506351615297504, 22.66032350753996, 0.0 ], [ 109.487816683782398, 22.64390902535272, 0.0 ], [ 109.484507884580495, 22.629496777830848, 0.0 ], [ 109.474046531417997, 22.615794209650559, 0.0 ], [ 109.452816297124798, 22.617872842802111, 0.0 ], [ 109.434631183165195, 22.633321177770402, 0.0 ], [ 109.4152413534256, 22.640250726314981, 0.0 ], [ 109.385570158945399, 22.641210308400819, 0.0 ], [ 109.353969676959395, 22.631896822411338, 0.0 ], [ 109.294500471346197, 22.580259418440608, 0.0 ], [ 109.279466826689003, 22.55412141295546, 0.0 ], [ 109.252693068680799, 22.535142728477801, 0.0 ], [ 109.1995996761909, 22.527550649223169, 0.0 ], [ 109.175841935742795, 22.53625474307356, 0.0 ], [ 109.163201125276004, 22.54392411609108, 0.0 ], [ 109.1518688018662, 22.546676363568551, 0.0 ], [ 109.138352077886196, 22.539357496313869, 0.0 ], [ 109.122756138144197, 22.526017778876891, 0.0 ], [ 109.103914235824604, 22.524603601306019, 0.0 ], [ 109.074776362555795, 22.533558257720109, 0.0 ], [ 109.021873962018404, 22.530419943354421, 0.0 ], [ 108.998068482379793, 22.54497475033553, 0.0 ], [ 108.978973555152805, 22.544633630878021, 0.0 ], [ 108.914330136972595, 22.521191270117772, 0.0 ], [ 108.885343776386307, 22.52043425874459, 0.0 ], [ 108.854227768100301, 22.54860661853877, 0.0 ], [ 108.767781687946297, 22.59170482768938, 0.0 ], [ 108.666367828238606, 22.61600085001345, 0.0 ], [ 108.646418797328394, 22.626767916436631, 0.0 ], [ 108.599792280532498, 22.71341321711424, 0.0 ], [ 108.572988769417606, 22.72128929112764, 0.0 ], [ 108.445452549785301, 22.681838263330778, 0.0 ], [ 108.381751413475598, 22.662063349419839, 0.0 ], [ 108.292457391457404, 22.572843242917699, 0.0 ], [ 108.293784748662901, 22.53947265014898, 0.0 ], [ 108.280590119907998, 22.530178192427531, 0.0 ], [ 108.251392238100493, 22.49369299232962, 0.0 ], [ 108.243394600018405, 22.475363936411181, 0.0 ], [ 108.250707318604, 22.421652627097579, 0.0 ], [ 108.266815522858906, 22.407832219526831, 0.0 ], [ 108.287249434603098, 22.40490650389297, 0.0 ], [ 108.305144574697096, 22.422551307349021, 0.0 ], [ 108.320212237515193, 22.43090875236194, 0.0 ], [ 108.340815193633603, 22.435669162715261, 0.0 ], [ 108.396535820139306, 22.432801365581099, 0.0 ], [ 108.423538045484605, 22.422253653671081, 0.0 ], [ 108.453861358630903, 22.424713299981239, 0.0 ], [ 108.538290955918995, 22.463876474707249, 0.0 ], [ 108.571979982932007, 22.456916067955191, 0.0 ], [ 108.587283076115895, 22.43823962501347, 0.0 ], [ 108.585841493394199, 22.414783650130079, 0.0 ], [ 108.571047402323998, 22.395827789956499, 0.0 ], [ 108.569654954067801, 22.38410529220603, 0.0 ], [ 108.576392275272994, 22.376286230645619, 0.0 ], [ 108.5839329755715, 22.376919930563432, 0.0 ], [ 108.592556266295603, 22.384339038221491, 0.0 ], [ 108.608321481086804, 22.405454967410058, 0.0 ], [ 108.6190463547874, 22.435353215806241, 0.0 ], [ 108.626761005764195, 22.438529214533961, 0.0 ], [ 108.636403341493505, 22.435505230895309, 0.0 ], [ 108.644778713801699, 22.385919199700592, 0.0 ], [ 108.634329203281993, 22.351931415483971, 0.0 ], [ 108.622315200710005, 22.341126220297419, 0.0 ], [ 108.613477909606601, 22.338008367541459, 0.0 ], [ 108.5868147214738, 22.34162016542415, 0.0 ], [ 108.569831646751894, 22.341304931038319, 0.0 ], [ 108.562115583904401, 22.339708618912571, 0.0 ], [ 108.555597816600397, 22.331832324792579, 0.0 ], [ 108.550396105573199, 22.312993805122201, 0.0 ], [ 108.542484871869405, 22.30152241700241, 0.0 ], [ 108.525310280879793, 22.290622967783609, 0.0 ], [ 108.516092777254698, 22.28309893499981, 0.0 ], [ 108.515937591493696, 22.260903370086051, 0.0 ], [ 108.502061175558893, 22.24581885419326, 0.0 ], [ 108.4870253960909, 22.241702903597972, 0.0 ], [ 108.4662021451187, 22.24563135076, 0.0 ], [ 108.449715972638799, 22.255217048293531, 0.0 ], [ 108.438414486304197, 22.274773435870589, 0.0 ], [ 108.416445298258196, 22.274445413379631, 0.0 ], [ 108.392327791863195, 22.256354545932091, 0.0 ], [ 108.349613581256094, 22.25160126474594, 0.0 ], [ 108.3283358470064, 22.2432891984969, 0.0 ], [ 108.310495474647894, 22.225138535662541, 0.0 ], [ 108.298236632642201, 22.21618773286265, 0.0 ], [ 108.287645007413801, 22.21271818694931, 0.0 ], [ 108.270396302038606, 22.22941711587503, 0.0 ], [ 108.255977063860499, 22.23457096073037, 0.0 ], [ 108.244522126108706, 22.232801541077119, 0.0 ], [ 108.239753031430297, 22.22760513171589, 0.0 ], [ 108.234376631042196, 22.21650151079745, 0.0 ], [ 108.230859521441701, 22.19637044871612, 0.0 ], [ 108.224160301800495, 22.185426539209651, 0.0 ], [ 108.194779155046405, 22.16740078485488, 0.0 ], [ 108.190998205199705, 22.152590996390568, 0.0 ], [ 108.191698936311596, 22.140511562613959, 0.0 ], [ 108.209183854439104, 22.116390716497989, 0.0 ], [ 108.212261760755197, 22.10835804933339, 0.0 ], [ 108.206357780391698, 22.087899816899728, 0.0 ], [ 108.207337063952394, 22.054751818533639, 0.0 ], [ 108.191597416532204, 21.993529766472751, 0.0 ], [ 108.168204328368901, 21.97114963873468, 0.0 ], [ 108.119835783659497, 21.953812657423761, 0.0 ], [ 108.079163464876402, 21.92623507271901, 0.0 ], [ 108.021107460313004, 21.897495393844139, 0.0 ], [ 107.931097999515202, 21.88071810975141, 0.0 ], [ 107.898829306740694, 21.871406935153551, 0.0 ], [ 107.886088630395804, 21.855831458533501, 0.0 ], [ 107.885887087218507, 21.841052363954098, 0.0 ], [ 107.882743730137605, 21.833276948555561, 0.0 ], [ 107.860068969533003, 21.82005249859656, 0.0 ], [ 107.850815497952397, 21.82103998099932, 0.0 ], [ 107.830192359955802, 21.820741457884719, 0.0 ], [ 107.816770541963095, 21.81773940672354, 0.0 ], [ 107.792545083437503, 21.818191879257931, 0.0 ], [ 107.782881505520294, 21.81580298149396, 0.0 ], [ 107.7683605413837, 21.81436836363622, 0.0 ], [ 107.756362355191996, 21.80888886281733, 0.0 ], [ 107.749605078104906, 21.802275358978239, 0.0 ], [ 107.750663879637798, 21.797757544668571, 0.0 ], [ 107.7531057354973, 21.78545049154167, 0.0 ], [ 107.7585871452698, 21.77944573780816, 0.0 ], [ 107.793070383360103, 21.763761309791221, 0.0 ], [ 107.8031601807172, 21.755617780812269, 0.0 ], [ 107.804946250484093, 21.738976863354559, 0.0 ], [ 107.804633396765993, 21.72562435855777, 0.0 ], [ 107.8162302957805, 21.699923123313589, 0.0 ], [ 107.818814679938299, 21.680120810086539, 0.0 ], [ 107.816495475932896, 21.673274453916601, 0.0 ], [ 107.816915816644695, 21.656476708915481, 0.0 ], [ 107.843450564680793, 21.631001715477719, 0.0 ], [ 107.937252765287397, 21.568120515578801, 0.0 ], [ 107.959181076059707, 21.539394566604109, 0.0 ] ] ] } },
{ "type": "Feature", "properties": { "省份": "广东", "id": "2026081100210002", "name": "广东", "layer": "海南", "path": "C:/Users/geste/Desktop/ming1433_fullv1.0.geojson" }, "geometry": { "type": "Polygon", "coordinates": [ [ [ 109.281320920159303, 19.90498713413583, 0.0 ], [ 109.138036209286199, 19.793556108489948, 0.0 ], [ 109.160606425983005, 19.732585353386309, 0.0 ], [ 109.272213050602403, 19.78865096887915, 0.0 ], [ 109.309219008663305, 19.766992631194011, 0.0 ], [ 109.282424749140802, 19.71308155144289, 0.0 ], [ 109.215720338946397, 19.7072024879281, 0.0 ], [ 109.127945546107895, 19.640525939512489, 0.0 ], [ 108.958453242826096, 19.56347977839993, 0.0 ], [ 108.790957427694195, 19.428290701228249, 0.0 ], [ 108.666650072935695, 19.361030815941589, 0.0 ], [ 108.643903375908593, 19.253782542803709, 0.0 ], [ 108.598805059969195, 19.06848482006383, 0.0 ], [ 108.641001683191206, 18.878049794813329, 0.0 ], [ 108.618628379977196, 18.826764014279298, 0.0 ], [ 108.672322115135401, 18.676124383350309, 0.0 ], [ 108.648564290243996, 18.528511129734621, 0.0 ], [ 108.902633913170703, 18.39798628507911, 0.0 ], [ 109.160992655217299, 18.307086087080361, 0.0 ], [ 109.484847783384595, 18.229055614557691, 0.0 ], [ 109.714599766981905, 18.226573959185831, 0.0 ], [ 109.759170590108894, 18.397946018255858, 0.0 ], [ 109.976222670848699, 18.423285962794839, 0.0 ], [ 109.978139488529095, 18.377511335432711, 0.0 ], [ 110.081411365421104, 18.426937400471989, 0.0 ], [ 110.129822027066197, 18.544713742427529, 0.0 ], [ 110.300342054783798, 18.673627608680501, 0.0 ], [ 110.412964657561602, 18.69984576793464, 0.0 ], [ 110.543157528875994, 18.83450547569927, 0.0 ], [ 110.404478498581, 18.822502699628849, 0.0 ], [ 110.530030224343903, 18.932044928761421, 0.0 ], [ 110.567320163766595, 19.0833699070511, 0.0 ], [ 110.642923770160706, 19.24966819502616, 0.0 ], [ 110.7123409739458, 19.420471798386359, 0.0 ], [ 110.866279641270594, 19.57092700881169, 0.0 ], [ 111.037215457627497, 19.6604721008053, 0.0 ], [ 111.034262523886497, 19.878134270164981, 0.0 ], [ 110.953877120916701, 19.997308721489329, 0.0 ], [ 110.774842444436203, 20.008878014795961, 0.0 ], [ 110.711231209789801, 20.15278381955007, 0.0 ], [ 110.5837376996259, 20.107837895951519, 0.0 ], [ 110.566158599227407, 20.034476941870761, 0.0 ], [ 110.617191823172803, 19.996753592819399, 0.0 ], [ 110.618296092601497, 19.933769734561832, 0.0 ], [ 110.622106787001201, 19.898293259032091, 0.0 ], [ 110.570397787599802, 19.896676883926411, 0.0 ], [ 110.5885514504714, 20.001792712300379, 0.0 ], [ 110.516909046109603, 20.019484311463881, 0.0 ], [ 110.424658419058304, 20.06762894898938, 0.0 ], [ 110.372346004273695, 20.08770621973142, 0.0 ], [ 110.247804828292701, 20.039859421598621, 0.0 ], [ 110.190776024521497, 20.0744431158633, 0.0 ], [ 110.149098523278596, 20.062085987030741, 0.0 ], [ 110.100310291483794, 19.99140844388355, 0.0 ], [ 110.035738904699102, 19.99149549214777, 0.0 ], [ 110.000632911981896, 19.955075805335291, 0.0 ], [ 109.983638233235197, 19.9262779496703, 0.0 ], [ 109.9517610335038, 19.909063698414251, 0.0 ], [ 109.962050075602704, 19.97533100088215, 0.0 ], [ 109.947904505923702, 20.00404152455928, 0.0 ], [ 109.877787039825407, 20.00894451780669, 0.0 ], [ 109.837695053899907, 19.934922798470069, 0.0 ], [ 109.8177972348373, 19.995096447587699, 0.0 ], [ 109.777160349632396, 19.987565746642769, 0.0 ], [ 109.715168255193205, 20.03162830506913, 0.0 ], [ 109.597210310892294, 20.012325860418699, 0.0 ], [ 109.517584949535006, 19.916092528006129, 0.0 ], [ 109.531002166755101, 19.85696351411476, 0.0 ], [ 109.465810177494504, 19.842319192451441, 0.0 ], [ 109.419377824117404, 19.86739882928816, 0.0 ], [ 109.281320920159303, 19.90498713413583, 0.0 ] ] ] } },
{ "type": "Feature", "properties": { "省份": "广东", "id": "2026081100210003", "name": "广东", "layer": "涠洲岛", "path": "C:/Users/geste/Desktop/ming1433_fullv1.0.geojson" }, "geometry": { "type": "Polygon", "coordinates": [ [ [ 109.039604644801898, 21.013539805756078, 0.0 ], [ 109.061644907408706, 21.017210343518421, 0.0 ], [ 109.086190767684499, 21.005968278013, 0.0 ], [ 109.094233089940204, 21.054906776346769, 0.0 ], [ 109.054965928226594, 21.05308515436802, 0.0 ], [ 109.039604644801898, 21.013539805756078, 0.0 ] ] ] } },
{ "type": "Feature", "properties": { "省份": "广东", "id": "2026081100210004", "name": "广东", "layer": "南澳岛", "path": "C:/Users/geste/Desktop/ming1433_fullv1.0.geojson" }, "geometry": { "type": "Polygon", "coordinates": [ [ [ 116.948562218666794, 23.426085445048251, 0.0 ], [ 117.035786773477597, 23.405096490876058, 0.0 ], [ 117.136267667062, 23.397705037695459, 0.0 ], [ 117.155473104924397, 23.489343045021592, 0.0 ], [ 117.110433643782102, 23.469600918232441, 0.0 ], [ 117.082814116007995, 23.477674801378431, 0.0 ], [ 117.027421586384904, 23.452484566510389, 0.0 ], [ 116.961138537112404, 23.466321312418309, 0.0 ], [ 116.948562218666794, 23.426085445048251, 0.0 ] ] ] } },
{ "type": "Feature", "properties": { "省份": "广东", "id": "2026081100210005", "name": "广东", "layer": "湛江", "path": "C:/Users/geste/Desktop/ming1433_fullv1.0.geojson" }, "geometry": { "type": "Polygon", "coordinates": [ [ [ 110.287159998701796, 20.952976783948351, 0.0 ], [ 110.3598793653819, 20.996159415001859, 0.0 ], [ 110.480940389788998, 20.97781934219957, 0.0 ], [ 110.519800548817102, 20.91997943780369, 0.0 ], [ 110.560881075441998, 21.03431832486622, 0.0 ], [ 110.548627503004596, 21.073823498022339, 0.0 ], [ 110.509740824657698, 21.077711556148738, 0.0 ], [ 110.464507457560501, 21.048043969958339, 0.0 ], [ 110.427905488801301, 21.051703091588511, 0.0 ], [ 110.3976245453551, 21.09373350022836, 0.0 ], [ 110.365886601507, 21.088151692783601, 0.0 ], [ 110.259540227648998, 20.979015018532461, 0.0 ], [ 110.287159998701796, 20.952976783948351, 0.0 ] ] ] } },
{ "type": "Feature", "properties": { "省份": "广东", "id": "2026081100210006", "name": "广东", "layer": "湛江", "path": "C:/Users/geste/Desktop/ming1433_fullv1.0.geojson" }, "geometry": { "type": "Polygon", "coordinates": [ [ [ 110.458896516125407, 21.143398112622641, 0.0 ], [ 110.524075697898795, 21.15142312371977, 0.0 ], [ 110.525880312573605, 21.09351418647891, 0.0 ], [ 110.575455660360205, 21.09935945258789, 0.0 ], [ 110.628526888675594, 21.208500456085812, 0.0 ], [ 110.4692601417037, 21.174666663241869, 0.0 ], [ 110.458896516125407, 21.143398112622641, 0.0 ] ] ] } },
{ "type": "Feature", "properties": { "省份": "广东", "id": "2026081100210007", "name": "广东", "layer": "湛江", "path": "C:/Users/geste/Desktop/ming1433_fullv1.0.geojson" }, "geometry": { "type": "Polygon", "coordinates": [ [ [ 110.612976151263794, 20.865272883681211, 0.0 ], [ 110.660932865531095, 20.93378577863599, 0.0 ], [ 110.609666578816103, 20.95748344408636, 0.0 ], [ 110.555422296339103, 20.891232587364559, 0.0 ], [ 110.612976151263794, 20.865272883681211, 0.0 ] ] ] } },
{ "type": "Feature", "properties": { "省份": "广东", "id": "2026081100210008", "name": "广东", "layer": "附属岛屿", "path": "C:/Users/geste/Desktop/ming1433_fullv1.0.geojson" }, "geometry": { "type": "Polygon", "coordinates": [ [ [ 109.139267748873195, 20.91263660796578, 0.0 ], [ 109.149792519164706, 20.905992756878479, 0.0 ], [ 109.161857398707596, 20.909139740926829, 0.0 ], [ 109.157838125186601, 20.919272825595261, 0.0 ], [ 109.139335042985394, 20.921502401349599, 0.0 ], [ 109.139267748873195, 20.91263660796578, 0.0 ] ] ] } },
{ "type": "Feature", "properties": { "省份": "广东", "id": "2026081100210009", "name": "广东", "layer": "附属岛屿", "path": "C:/Users/geste/Desktop/ming1433_fullv1.0.geojson" }, "geometry": { "type": "Polygon", "coordinates": [ [ [ 111.829783088027597, 21.573852639239771, 0.0 ], [ 111.823506061020396, 21.549943096153669, 0.0 ], [ 112.034097220093102, 21.60896033922273, 0.0 ], [ 112.025136161587994, 21.643386035706019, 0.0 ], [ 111.949725197065007, 21.667719320644281, 0.0 ], [ 111.868179384576806, 21.632643585332051, 0.0 ], [ 111.829783088027597, 21.573852639239771, 0.0 ] ] ] } },
{ "type": "Feature", "properties": { "省份": "广东", "id": "2026081100210010", "name": "广东", "layer": "附属岛屿", "path": "C:/Users/geste/Desktop/ming1433_fullv1.0.geojson" }, "geometry": { "type": "Polygon", "coordinates": [ [ [ 112.631659276494801, 21.607050743882809, 0.0 ], [ 112.687416515064399, 21.71924909151679, 0.0 ], [ 112.617338157645193, 21.704550584225331, 0.0 ], [ 112.537611684918403, 21.610469526001541, 0.0 ], [ 112.544142393038399, 21.588538488663168, 0.0 ], [ 112.631659276494801, 21.607050743882809, 0.0 ] ] ] } },
{ "type": "Feature", "properties": { "省份": "广东", "id": "2026081100210011", "name": "广东", "layer": "附属岛屿", "path": "C:/Users/geste/Desktop/ming1433_fullv1.0.geojson" }, "geometry": { "type": "Polygon", "coordinates": [ [ [ 112.723404823326007, 21.68198355699716, 0.0 ], [ 112.786610321473404, 21.656314551066231, 0.0 ], [ 112.7400705914648, 21.614246472658191, 0.0 ], [ 112.810225835453295, 21.5680805936444, 0.0 ], [ 112.8422732581855, 21.748553107779909, 0.0 ], [ 112.891289371206696, 21.750454760319311, 0.0 ], [ 112.899959986929105, 21.78348502874633, 0.0 ], [ 112.860932483022495, 21.789992869138111, 0.0 ], [ 112.728565417988307, 21.71336523776332, 0.0 ], [ 112.723404823326007, 21.68198355699716, 0.0 ] ] ] } },
{ "type": "Feature", "properties": { "省份": "广东", "id": "2026081100210012", "name": "广东", "layer": "附属岛屿", "path": "C:/Users/geste/Desktop/ming1433_fullv1.0.geojson" }, "geometry": { "type": "Polygon", "coordinates": [ [ [ 113.345823597437501, 22.03747407423872, 0.0 ], [ 113.320694226165699, 22.027157927025851, 0.0 ], [ 113.332067080843501, 22.00129590633945, 0.0 ], [ 113.406049757336007, 22.008594728917149, 0.0 ], [ 113.427019539627906, 22.071400011034569, 0.0 ], [ 113.402458827958597, 22.086999332201781, 0.0 ], [ 113.350046016939501, 22.070508263595759, 0.0 ], [ 113.345823597437501, 22.03747407423872, 0.0 ] ] ] } },
{ "type": "Feature", "properties": { "省份": "广东", "id": "2026081100210013", "name": "广东", "layer": "附属岛屿", "path": "C:/Users/geste/Desktop/ming1433_fullv1.0.geojson" }, "geometry": { "type": "Polygon", "coordinates": [ [ [ 113.243186849095295, 21.945467545195569, 0.0 ], [ 113.225058118500399, 21.907769456773369, 0.0 ], [ 113.274567809545303, 21.878359423014821, 0.0 ], [ 113.299484616482303, 21.926352357004522, 0.0 ], [ 113.243186849095295, 21.945467545195569, 0.0 ] ] ] } },
{ "type": "Feature", "properties": { "省份": "广东", "id": "2026081100210014", "name": "广东", "layer": "附属岛屿", "path": "C:/Users/geste/Desktop/ming1433_fullv1.0.geojson" }, "geometry": { "type": "Polygon", "coordinates": [ [ [ 113.497021539872705, 22.075505805693371, 0.0 ], [ 113.566592840808298, 22.080308330032651, 0.0 ], [ 113.548509509154798, 22.096779158286392, 0.0 ], [ 113.560753767149393, 22.111138866569689, 0.0 ], [ 113.553954565358694, 22.124383754474358, 0.0 ], [ 113.487851249173005, 22.101346177713602, 0.0 ], [ 113.497021539872705, 22.075505805693371, 0.0 ] ] ] } },
{ "type": "Feature", "properties": { "省份": "广东", "id": "2026081100210015", "name": "广东", "layer": "附属岛屿", "path": "C:/Users/geste/Desktop/ming1433_fullv1.0.geojson" }, "geometry": { "type": "Polygon", "coordinates": [ [ [ 113.307438515478296, 22.14226550006877, 0.0 ], [ 113.264216405354105, 22.101426511212381, 0.0 ], [ 113.300629614986605, 22.0641436672094, 0.0 ], [ 113.332323515465404, 22.08021928239577, 0.0 ], [ 113.309238579997597, 22.096624211701059, 0.0 ], [ 113.325384767873501, 22.11790512756258, 0.0 ], [ 113.331529381735095, 22.14853611294599, 0.0 ], [ 113.307438515478296, 22.14226550006877, 0.0 ] ] ] } },
{ "type": "Feature", "properties": { "省份": "广东", "id": "2026081100210016", "name": "广东", "layer": "附属岛屿", "path": "C:/Users/geste/Desktop/ming1433_fullv1.0.geojson" }, "geometry": { "type": "Polygon", "coordinates": [ [ [ 113.197706173657195, 22.030709074320839, 0.0 ], [ 113.180754057403206, 21.965826870355869, 0.0 ], [ 113.205356904618299, 21.965997343663069, 0.0 ], [ 113.210974295372296, 22.000410520004358, 0.0 ], [ 113.257832058489299, 22.008827855396941, 0.0 ], [ 113.259565468178906, 22.043432583298191, 0.0 ], [ 113.197706173657195, 22.030709074320839, 0.0 ] ] ] } },
{ "type": "Feature", "properties": { "省份": "广东", "id": "2026081100210017", "name": "广东", "layer": "附属岛屿", "path": "C:/Users/geste/Desktop/ming1433_fullv1.0.geojson" }, "geometry": { "type": "Polygon", "coordinates": [ [ [ 113.140459879660696, 21.870667440433149, 0.0 ], [ 113.140035231806095, 21.835047249853481, 0.0 ], [ 113.153519783531806, 21.831459928320569, 0.0 ], [ 113.164786837810297, 21.85178917191341, 0.0 ], [ 113.194257803909807, 21.846393515834411, 0.0 ], [ 113.205835715106502, 21.86854444219529, 0.0 ], [ 113.140459879660696, 21.870667440433149, 0.0 ] ] ] } },
{ "type": "Feature", "properties": { "省份": "广东", "id": "2026081100210018", "name": "广东", "layer": "附属岛屿", "path": "C:/Users/geste/Desktop/ming1433_fullv1.0.geojson" }, "geometry": { "type": "Polygon", "coordinates": [ [ [ 114.299868790745293, 22.05883302729411, 0.0 ], [ 114.207518055634296, 22.02137601293617, 0.0 ], [ 114.2569081784373, 22.0253686098979, 0.0 ], [ 114.289909401541806, 22.02221473017881, 0.0 ], [ 114.315046318047493, 22.06090526746566, 0.0 ], [ 114.299868790745293, 22.05883302729411, 0.0 ] ] ] } },
{ "type": "Feature", "properties": { "省份": "广东", "id": "2026081100210019", "name": "广东", "layer": "附属岛屿", "path": "C:/Users/geste/Desktop/ming1433_fullv1.0.geojson" }, "geometry": { "type": "Polygon", "coordinates": [ [ [ 113.755581607950106, 21.95889691641278, 0.0 ], [ 113.788311006591201, 21.96484088025953, 0.0 ], [ 113.7806383256994, 21.989090460826279, 0.0 ], [ 113.752424138067795, 21.977631126095549, 0.0 ], [ 113.755581607950106, 21.95889691641278, 0.0 ] ] ] } },
{ "type": "Feature", "properties": { "省份": "广东", "id": "2026081100210020", "name": "广东", "layer": "附属岛屿", "path": "C:/Users/geste/Desktop/ming1433_fullv1.0.geojson" }, "geometry": { "type": "Polygon", "coordinates": [ [ [ 113.035345497007299, 21.886947818151778, 0.0 ], [ 113.002826075661801, 21.873962700818289, 0.0 ], [ 113.008073090192696, 21.853253149507001, 0.0 ], [ 113.051115576012094, 21.855871916786541, 0.0 ], [ 113.035345497007299, 21.886947818151778, 0.0 ] ] ] } },
{ "type": "Feature", "properties": { "省份": "广东", "id": "2026081100210021", "name": "广东", "layer": "附属岛屿", "path": "C:/Users/geste/Desktop/ming1433_fullv1.0.geojson" }, "geometry": { "type": "Polygon", "coordinates": [ [ [ 113.144733884344603, 21.937890689361009, 0.0 ], [ 113.123257733137805, 21.897445443898281, 0.0 ], [ 113.168139159840706, 21.928030205900519, 0.0 ], [ 113.144733884344603, 21.937890689361009, 0.0 ] ] ] } },
{ "type": "Feature", "properties": { "省份": "广东", "id": "2026081100210022", "name": "广东", "layer": "附属岛屿", "path": "C:/Users/geste/Desktop/ming1433_fullv1.0.geojson" }, "geometry": { "type": "Polygon", "coordinates": [ [ [ 114.048055375763397, 21.906579205849159, 0.0 ], [ 114.031080607484199, 21.889460031500821, 0.0 ], [ 114.0383156331919, 21.885271255590169, 0.0 ], [ 114.069049673714304, 21.898237450285269, 0.0 ], [ 114.067919212591093, 21.90557603950931, 0.0 ], [ 114.048055375763397, 21.906579205849159, 0.0 ] ] ] } },
{ "type": "Feature", "properties": { "省份": null, "id": "2026081100050002", "name": "奴儿干都司", "layer": "库页岛", "path": "C:/Users/geste/Desktop/ming1433_fullv1.0.geojson" }, "geometry": { "type": "Polygon", "coordinates": [ [ [ 142.292777090306487, 51.052274954027077, 0.0 ], [ 142.100079104538594, 50.863227385202201, 0.0 ], [ 142.07334272010101, 50.53309925402062, 0.0 ], [ 142.196284025097697, 50.232440737525188, 0.0 ], [ 142.184823757147797, 49.765660936393267, 0.0 ], [ 142.127557840429404, 49.302173688601357, 0.0 ], [ 141.996066563036692, 48.870756033449517, 0.0 ], [ 141.848970307668992, 48.784153164143788, 0.0 ], [ 141.967730437936495, 48.531842789622381, 0.0 ], [ 142.172321543411698, 48.337539264664962, 0.0 ], [ 142.214895113455896, 47.997174955424533, 0.0 ], [ 141.996960862318787, 47.640914923922097, 0.0 ], [ 141.99464942194129, 47.365886026081611, 0.0 ], [ 142.089628823005711, 47.099280588539337, 0.0 ], [ 141.92928467898551, 46.800616544483987, 0.0 ], [ 141.801765327707813, 46.593929537878111, 0.0 ], [ 141.918071404734093, 46.288958713317179, 0.0 ], [ 141.953798004178111, 46.077030149952172, 0.0 ], [ 141.955908337475506, 46.034379288962143, 0.0 ], [ 142.037430783189109, 45.965245050992927, 0.0 ], [ 142.097573275007306, 45.858028243948233, 0.0 ], [ 142.154460786240293, 46.022689101227428, 0.0 ], [ 142.239922106270512, 46.1213420802586, 0.0 ], [ 142.266020288696808, 46.269885901331889, 0.0 ], [ 142.369609249688295, 46.436541771181339, 0.0 ], [ 142.491023456231488, 46.656051103198777, 0.0 ], [ 142.702692142531589, 46.74521912690647, 0.0 ], [ 142.775996713587006, 46.752855548187519, 0.0 ], [ 142.778191798132895, 46.685961785240693, 0.0 ], [ 142.787164862536287, 46.629523081538657, 0.0 ], [ 142.888827948060509, 46.626755371678101, 0.0 ], [ 142.959425626329306, 46.643807436520909, 0.0 ], [ 143.146455166910812, 46.602419260168297, 0.0 ], [ 143.254077959501501, 46.595965503211637, 0.0 ], [ 143.307670484925609, 46.530037397942401, 0.0 ], [ 143.336330453438791, 46.564424219740999, 0.0 ], [ 143.389428357823988, 46.554876637028237, 0.0 ], [ 143.400986569743708, 46.526064513970567, 0.0 ], [ 143.372263877779403, 46.512276316855178, 0.0 ], [ 143.335410040339013, 46.511700789189227, 0.0 ], [ 143.352353482643593, 46.47815646249714, 0.0 ], [ 143.366744075221902, 46.395536140406357, 0.0 ], [ 143.424846684846386, 46.264565848946503, 0.0 ], [ 143.432514347895903, 46.195300366913912, 0.0 ], [ 143.40699238622409, 46.111151147540212, 0.0 ], [ 143.4374005156034, 46.035183915524712, 0.0 ], [ 143.471671783702106, 46.015654224027408, 0.0 ], [ 143.489070992975513, 46.085179809326192, 0.0 ], [ 143.493093043022611, 46.162455417383512, 0.0 ], [ 143.554283475278197, 46.259022738347511, 0.0 ], [ 143.593602860182614, 46.324412872145579, 0.0 ], [ 143.616368142203214, 46.418931297048388, 0.0 ], [ 143.570942441299394, 46.54148407386127, 0.0 ], [ 143.543004761976988, 46.607753184400877, 0.0 ], [ 143.54591813564619, 46.654378126360797, 0.0 ], [ 143.520352239900092, 46.698017769635896, 0.0 ], [ 143.517640506167908, 46.815144864777302, 0.0 ], [ 143.477818730465202, 46.880428064558927, 0.0 ], [ 143.4431287739624, 46.879713445214108, 0.0 ], [ 143.427257936127489, 46.838375901535102, 0.0 ], [ 143.390121975915292, 46.823524676529132, 0.0 ], [ 143.303977389162299, 46.832358468579862, 0.0 ], [ 143.238563787230589, 46.849923874560098, 0.0 ], [ 143.212704068451501, 46.849491837105788, 0.0 ], [ 143.204959459647199, 46.822369989455119, 0.0 ], [ 143.236521384099092, 46.801433792231897, 0.0 ], [ 143.314154995207701, 46.785855654877537, 0.0 ], [ 143.396466019621101, 46.738813770653962, 0.0 ], [ 143.400902805737388, 46.713952660144777, 0.0 ], [ 143.352923091041987, 46.711535425396697, 0.0 ], [ 143.238619260572307, 46.71830898406369, 0.0 ], [ 143.195993983302799, 46.739688299977928, 0.0 ], [ 143.159329089332289, 46.788402872687307, 0.0 ], [ 143.123609392960105, 46.848404439576633, 0.0 ], [ 143.151364275105607, 46.863497878465772, 0.0 ], [ 143.175096377897006, 46.853471327228483, 0.0 ], [ 143.183485103314609, 46.873704750719973, 0.0 ], [ 143.140002612031594, 46.914248571499812, 0.0 ], [ 143.114767616906391, 46.95921599930017, 0.0 ], [ 143.118748402313201, 47.032957074378061, 0.0 ], [ 143.069599943747704, 47.100040209171127, 0.0 ], [ 143.079330288388604, 47.235757711850823, 0.0 ], [ 142.989142910191987, 47.319788310766441, 0.0 ], [ 142.954741330123198, 47.393792534378562, 0.0 ], [ 142.803611764524106, 47.452609940528852, 0.0 ], [ 142.65218751723981, 47.580626273526683, 0.0 ], [ 142.605232411815194, 47.723296198936858, 0.0 ], [ 142.571158810878188, 47.804034492905089, 0.0 ], [ 142.586552147973606, 47.871506873398417, 0.0 ], [ 142.545963448255407, 47.926210705899763, 0.0 ], [ 142.595635730273813, 48.021588464344042, 0.0 ], [ 142.580348132326804, 48.125169008506617, 0.0 ], [ 142.627113779575609, 48.158509282388067, 0.0 ], [ 142.644001895940306, 48.232879046398793, 0.0 ], [ 142.679269471163593, 48.270277324547443, 0.0 ], [ 142.677165718496298, 48.304155608465528, 0.0 ], [ 142.733235224029613, 48.362664142320916, 0.0 ], [ 142.747917100189312, 48.472609322070987, 0.0 ], [ 142.860236785578508, 48.709544141783439, 0.0 ], [ 142.99076974836629, 48.857354103403956, 0.0 ], [ 143.023223216345087, 48.932390792488981, 0.0 ], [ 143.008453914467509, 49.023925391228751, 0.0 ], [ 143.009456094609192, 49.111896231863703, 0.0 ], [ 143.104347648690208, 49.189696974111698, 0.0 ], [ 143.218093758521889, 49.253072404398928, 0.0 ], [ 143.290812518711988, 49.272049008860698, 0.0 ], [ 143.378838211298103, 49.306542982846537, 0.0 ], [ 143.385337383629093, 49.333508514303482, 0.0 ], [ 143.334919316479187, 49.334325452726581, 0.0 ], [ 143.27466867145489, 49.365416681419589, 0.0 ], [ 143.333912477040201, 49.412247453818154, 0.0 ], [ 143.451147718897289, 49.399339833288998, 0.0 ], [ 143.518648952104513, 49.361783048833189, 0.0 ], [ 143.628243328592305, 49.371061957786722, 0.0 ], [ 143.71259649877851, 49.349338572122193, 0.0 ], [ 143.760172883089297, 49.337274275970103, 0.0 ], [ 143.710800874968299, 49.319006119009877, 0.0 ], [ 143.597738742994608, 49.344787057225787, 0.0 ], [ 143.489380378886409, 49.327949620651097, 0.0 ], [ 143.425181236922299, 49.315113426704578, 0.0 ], [ 143.445966708411504, 49.299023368276139, 0.0 ], [ 143.562849263744198, 49.316432010353111, 0.0 ], [ 143.702172741096803, 49.305521392286643, 0.0 ], [ 143.913048371405807, 49.296454668857017, 0.0 ], [ 144.131581740132788, 49.274932867965461, 0.0 ], [ 144.205623200024093, 49.246680869972181, 0.0 ], [ 144.318822246293308, 49.119149566655757, 0.0 ], [ 144.430240506406193, 49.05742111438424, 0.0 ], [ 144.539223676686902, 49.014788116083572, 0.0 ], [ 144.601916072856994, 48.96037732882683, 0.0 ], [ 144.645349743402988, 48.849766346602173, 0.0 ], [ 144.675030631188605, 48.790562258218593, 0.0 ], [ 144.687789519390407, 48.731940123847721, 0.0 ], [ 144.758626061731093, 48.697059415810052, 0.0 ], [ 144.763778908889407, 48.715545928534652, 0.0 ], [ 144.717257164457692, 48.777992197779248, 0.0 ], [ 144.71938633835029, 48.829098485922579, 0.0 ], [ 144.741842263733304, 48.862258882572711, 0.0 ], [ 144.70758309743951, 48.899575082681089, 0.0 ], [ 144.721908953516703, 48.948508449947809, 0.0 ], [ 144.648406876328806, 48.977035208040981, 0.0 ], [ 144.586334393549208, 49.03421376801429, 0.0 ], [ 144.471845230500605, 49.089804469227047, 0.0 ], [ 144.337563487711691, 49.203395134297089, 0.0 ], [ 144.284263645354997, 49.382897977666232, 0.0 ], [ 144.042658806277188, 50.009537283781619, 0.0 ], [ 143.868309783315908, 50.265312584376993, 0.0 ], [ 143.738877364832291, 50.532228779998192, 0.0 ], [ 143.679110466271595, 50.932758335498697, 0.0 ], [ 143.54174502118201, 51.226872123506702, 0.0 ], [ 143.388219436024514, 51.366663593120492, 0.0 ], [ 143.513080644450298, 51.352083776107648, 0.0 ], [ 143.472981952454688, 51.459717821048812, 0.0 ], [ 143.397297770221286, 51.641423379971791, 0.0 ], [ 143.362670121699011, 51.62060288975465, 0.0 ], [ 143.378645964502709, 51.505388353157642, 0.0 ], [ 143.236044313857491, 51.528880235753888, 0.0 ], [ 143.266591451114209, 51.633992460062657, 0.0 ], [ 143.381127503128312, 51.751517791934504, 0.0 ], [ 143.277396032233696, 51.884355252858697, 0.0 ], [ 143.185269368960803, 51.862135568465071, 0.0 ], [ 143.155118289215096, 51.979465905975687, 0.0 ], [ 143.131065862182908, 52.199708218920577, 0.0 ], [ 143.196673357582995, 52.368110170138181, 0.0 ], [ 143.358257982887096, 52.734548241748563, 0.0 ], [ 143.32794709038339, 52.915889484059811, 0.0 ], [ 143.263550895083512, 52.871965180987978, 0.0 ], [ 143.128431815114794, 53.076526452926153, 0.0 ], [ 143.107164256759489, 53.177552704940076, 0.0 ], [ 143.089143906563095, 53.302152548137911, 0.0 ], [ 143.162937314322392, 53.374279493593697, 0.0 ], [ 143.205653761567504, 53.345415017408243, 0.0 ], [ 143.174863500283692, 53.238478159690658, 0.0 ], [ 143.270690322577593, 53.145456887078893, 0.0 ], [ 143.285770439579892, 53.076290848456168, 0.0 ], [ 143.356269854727088, 52.944340208948958, 0.0 ], [ 143.324913600977396, 53.107578158912538, 0.0 ], [ 143.253106898436698, 53.2789685650555, 0.0 ], [ 143.214781844032103, 53.427717877040763, 0.0 ], [ 143.143588358367793, 53.521292698654761, 0.0 ], [ 143.036451141873812, 53.677900280072279, 0.0 ], [ 142.890732134072408, 53.829177490485648, 0.0 ], [ 142.992291204954796, 54.054044035956103, 0.0 ], [ 143.032138844601207, 54.141489322498302, 0.0 ], [ 142.702866639887191, 54.452332414183523, 0.0 ], [ 142.676991095047811, 54.316742858354267, 0.0 ], [ 142.421029122713492, 54.294020530504383, 0.0 ], [ 142.269264856778506, 54.319251598759372, 0.0 ], [ 142.425126887407799, 54.186886064191057, 0.0 ], [ 142.55176875961169, 54.011023856982931, 0.0 ], [ 142.730368464054209, 53.927119627938033, 0.0 ], [ 142.641910557227789, 53.725109448763689, 0.0 ], [ 142.67968417540601, 53.721860489285852, 0.0 ], [ 142.71877238747831, 53.782532025788761, 0.0 ], [ 142.723783344643607, 53.82145088631264, 0.0 ], [ 142.763923073703893, 53.831722663021942, 0.0 ], [ 142.791321302069008, 53.801770512322747, 0.0 ], [ 142.799742669029314, 53.751990106057008, 0.0 ], [ 142.769202993410886, 53.664984796756947, 0.0 ], [ 142.721875181148192, 53.64579914015291, 0.0 ], [ 142.66290517092159, 53.699733158228867, 0.0 ], [ 142.626015811807207, 53.688524789224772, 0.0 ], [ 142.550417243759796, 53.688548176823907, 0.0 ], [ 142.520503040488393, 53.676764140082582, 0.0 ], [ 142.516176302128287, 53.653437407516449, 0.0 ], [ 142.549678187634896, 53.556350537412222, 0.0 ], [ 142.620994105085089, 53.561190102570308, 0.0 ], [ 142.654109883542986, 53.541126477860942, 0.0 ], [ 142.591633223622807, 53.523207714488812, 0.0 ], [ 142.551096052696892, 53.443897925103258, 0.0 ], [ 142.509571562005988, 53.419342699782142, 0.0 ], [ 142.416137029993308, 53.400129780266937, 0.0 ], [ 142.370011534821089, 53.374139272794849, 0.0 ], [ 142.317829549722887, 53.379236390836162, 0.0 ], [ 142.273864056900493, 53.419651105086103, 0.0 ], [ 142.245352388133398, 53.471901865486501, 0.0 ], [ 142.272861666005497, 53.55474794678716, 0.0 ], [ 142.063820831347812, 53.490905461153702, 0.0 ], [ 141.781559748476212, 53.390188637630622, 0.0 ], [ 141.837705484163394, 53.21839179598993, 0.0 ], [ 141.9543522001577, 53.080228324798043, 0.0 ], [ 141.899339730059211, 52.83865797334682, 0.0 ], [ 141.775378138581686, 52.509910336499388, 0.0 ], [ 141.715794379138714, 52.322960849491068, 0.0 ], [ 141.674622643214292, 52.058324432053979, 0.0 ], [ 141.697114870624091, 51.905017209563823, 0.0 ], [ 141.947647868922701, 51.629324246602742, 0.0 ], [ 142.204302199923092, 51.346735913996277, 0.0 ], [ 142.292777090306487, 51.052274954027077, 0.0 ] ] ] } },
{ "type": "Feature", "properties": { "省份": null, "id": "2026081100050003", "name": "奴儿干都司", "layer": "附属岛屿", "path": "C:/Users/geste/Desktop/ming1433_fullv1.0.geojson" }, "geometry": { "type": "Polygon", "coordinates": [ [ [ 137.51178278885439, 55.106387175347031, 0.0 ], [ 137.207419543854712, 54.725948464282212, 0.0 ], [ 137.534663730283796, 54.828716862427633, 0.0 ], [ 137.670323796142299, 54.610351152224538, 0.0 ], [ 138.011433874146803, 54.749663883150532, 0.0 ], [ 138.252898879647205, 55.030447433825813, 0.0 ], [ 137.92842807561621, 55.126302815800813, 0.0 ], [ 137.595267466305813, 55.190343861320308, 0.0 ], [ 137.51178278885439, 55.106387175347031, 0.0 ] ] ] } },
{ "type": "Feature", "properties": { "省份": null, "id": "2026081100050004", "name": "奴儿干都司", "layer": "附属岛屿", "path": "C:/Users/geste/Desktop/ming1433_fullv1.0.geojson" }, "geometry": { "type": "Polygon", "coordinates": [ [ [ 136.978517280130291, 55.093449828284953, 0.0 ], [ 136.662994952447207, 54.950911639317383, 0.0 ], [ 136.750775175376788, 54.843349793585418, 0.0 ], [ 136.935712577744312, 54.935011851806891, 0.0 ], [ 136.986173805015113, 54.851850980461208, 0.0 ], [ 137.141828529914704, 55.072959527151284, 0.0 ], [ 136.978517280130291, 55.093449828284953, 0.0 ] ] ] } },
{ "type": "Feature", "properties": { "省份": "台湾", "id": "2026081100120001", "name": "小琉球", "layer": null, "path": "C:/Users/geste/Desktop/ming1433_fullv1.0.geojson" }, "geometry": { "type": "Polygon", "coordinates": [ [ [ 120.948803828600106, 24.8535278724775, 0.0 ], [ 120.919978323516403, 24.84706489457739, 0.0 ], [ 120.935208654877499, 24.80654015031676, 0.0 ], [ 120.8916269405116, 24.74316868793877, 0.0 ], [ 120.837378266096906, 24.673718774414571, 0.0 ], [ 120.785595604082502, 24.665961943033771, 0.0 ], [ 120.764233801211702, 24.616980527967609, 0.0 ], [ 120.720672725830894, 24.615528392362169, 0.0 ], [ 120.679836504205895, 24.505559138517011, 0.0 ], [ 120.610447084469897, 24.428284137789479, 0.0 ], [ 120.530278045787, 24.293411205078851, 0.0 ], [ 120.453441256766595, 24.160701337982101, 0.0 ], [ 120.368910858721605, 24.034629956434991, 0.0 ], [ 120.293450209546606, 23.880018701358669, 0.0 ], [ 120.2718804569719, 23.872213484788439, 0.0 ], [ 120.264225981315803, 23.836852672859109, 0.0 ], [ 120.309297426733295, 23.833257602197719, 0.0 ], [ 120.297091510288894, 23.816356232836849, 0.0 ], [ 120.243710227743307, 23.820657914074289, 0.0 ], [ 120.200084394631801, 23.758586576286849, 0.0 ], [ 120.190213262523699, 23.71826215649239, 0.0 ], [ 120.163770254008398, 23.700180765468168, 0.0 ], [ 120.136863376051195, 23.62391669135382, 0.0 ], [ 120.134830576821301, 23.57895589605711, 0.0 ], [ 120.156157616128596, 23.535987439107291, 0.0 ], [ 120.146438715983507, 23.460138016072701, 0.0 ], [ 120.152120800040606, 23.411491416010939, 0.0 ], [ 120.1581113333704, 23.391826978966879, 0.0 ], [ 120.152338544990698, 23.357272861265681, 0.0 ], [ 120.137214645299693, 23.388177890039771, 0.0 ], [ 120.115651258739206, 23.34414684517041, 0.0 ], [ 120.126607583816096, 23.330805818856579, 0.0 ], [ 120.114049285445702, 23.308061658073989, 0.0 ], [ 120.129001662717101, 23.301363163978369, 0.0 ], [ 120.106511479972298, 23.277897979163019, 0.0 ], [ 120.090346865879098, 23.223080919421481, 0.0 ], [ 120.0900907528777, 23.18500034949443, 0.0 ], [ 120.077234000899196, 23.183420027653, 0.0 ], [ 120.078429160854498, 23.15856812371123, 0.0 ], [ 120.104053712353107, 23.123391852272189, 0.0 ], [ 120.083667925771493, 23.117408692650621, 0.0 ], [ 120.071670653727196, 23.116645791984741, 0.0 ], [ 120.069699955083806, 23.081788413359689, 0.0 ], [ 120.078709570653004, 23.072627594725429, 0.0 ], [ 120.078119329893596, 23.068218779991131, 0.0 ], [ 120.0652637334166, 23.064981273869751, 0.0 ], [ 120.063555137415406, 23.057633955670859, 0.0 ], [ 120.137813567377705, 23.011486660749089, 0.0 ], [ 120.146261235353606, 23.016163837621271, 0.0 ], [ 120.1562877321727, 23.021744208691661, 0.0 ], [ 120.159616111064906, 23.016268822239962, 0.0 ], [ 120.158011902667198, 23.001750629258119, 0.0 ], [ 120.149179480551894, 23.00106053841607, 0.0 ], [ 120.171445778008405, 22.968098956644582, 0.0 ], [ 120.191330360028999, 22.871270629031908, 0.0 ], [ 120.203041500927, 22.86330674743219, 0.0 ], [ 120.206581473423597, 22.876978987828991, 0.0 ], [ 120.225276784681498, 22.84918957334558, 0.0 ], [ 120.209275867666804, 22.854285690006719, 0.0 ], [ 120.200652187595793, 22.835251909021881, 0.0 ], [ 120.234838033656501, 22.775163247231209, 0.0 ], [ 120.253939690149295, 22.721300983831728, 0.0 ], [ 120.2621462773659, 22.705939265242019, 0.0 ], [ 120.268943012245501, 22.702649487888131, 0.0 ], [ 120.274875885308902, 22.714434817919962, 0.0 ], [ 120.282025436635394, 22.68152631022841, 0.0 ], [ 120.270684794994693, 22.667033701265499, 0.0 ], [ 120.263955517234507, 22.654039311013388, 0.0 ], [ 120.268004723165603, 22.6382868449627, 0.0 ], [ 120.286658079252803, 22.620497477925749, 0.0 ], [ 120.310660774560503, 22.583994686913989, 0.0 ], [ 120.351077741038196, 22.545230322756812, 0.0 ], [ 120.347287081993301, 22.542253033136021, 0.0 ], [ 120.330573543216701, 22.549037357057738, 0.0 ], [ 120.289962719912594, 22.606006682980219, 0.0 ], [ 120.280791371382193, 22.61351863478539, 0.0 ], [ 120.275112660277898, 22.610033161190248, 0.0 ], [ 120.284029115641502, 22.590074525652181, 0.0 ], [ 120.331528274405898, 22.535187714832251, 0.0 ], [ 120.344481539421906, 22.531933102730701, 0.0 ], [ 120.386639847466199, 22.488470234702501, 0.0 ], [ 120.413066342904102, 22.473636114527231, 0.0 ], [ 120.423792173026797, 22.477943160811648, 0.0 ], [ 120.423825258660699, 22.514023801705541, 0.0 ], [ 120.431737913688394, 22.538074410671381, 0.0 ], [ 120.442764717686501, 22.551447354570261, 0.0 ], [ 120.444434291239006, 22.571617738749651, 0.0 ], [ 120.438403177667695, 22.623879490524551, 0.0 ], [ 120.442448204089104, 22.625400003433761, 0.0 ], [ 120.446117207996593, 22.61283335912249, 0.0 ], [ 120.454541559101401, 22.578892254615639, 0.0 ], [ 120.454669940062502, 22.5610795330049, 0.0 ], [ 120.4494047178637, 22.544092012407411, 0.0 ], [ 120.434935152010695, 22.517590338282819, 0.0 ], [ 120.436497933943997, 22.483764067350059, 0.0 ], [ 120.455458545260797, 22.453220952847399, 0.0 ], [ 120.462111460602998, 22.449418016270219, 0.0 ], [ 120.517730772211607, 22.422999429507499, 0.0 ], [ 120.576602654301595, 22.38416280580951, 0.0 ], [ 120.618822332689405, 22.332669023415111, 0.0 ], [ 120.653407238805499, 22.25163774643438, 0.0 ], [ 120.6725148425637, 22.230514411346942, 0.0 ], [ 120.691669793195601, 22.178427906257081, 0.0 ], [ 120.691760958879797, 22.14885198121533, 0.0 ], [ 120.714482073832301, 22.121249290757429, 0.0 ], [ 120.712013393984407, 22.10615803955222, 0.0 ], [ 120.695363020149301, 22.0989580036394, 0.0 ], [ 120.703233383693899, 22.08280086613965, 0.0 ], [ 120.695446110834894, 22.07296854556564, 0.0 ], [ 120.689459695209393, 22.01625015832327, 0.0 ], [ 120.718490731964593, 21.991980882068191, 0.0 ], [ 120.708582900224499, 21.96151284569396, 0.0 ], [ 120.7241370907619, 21.92841783428339, 0.0 ], [ 120.745349447469493, 21.92808143235046, 0.0 ], [ 120.751731041430403, 21.960834513493499, 0.0 ], [ 120.767643472623206, 21.966063741625, 0.0 ], [ 120.824862120579695, 21.938496173966001, 0.0 ], [ 120.852719001340702, 21.90997361442205, 0.0 ], [ 120.869659965912604, 21.90700360180227, 0.0 ], [ 120.864057866258904, 21.934516042860459, 0.0 ], [ 120.849646733657394, 21.98059385924655, 0.0 ], [ 120.897740905240497, 22.043286915134878, 0.0 ], [ 120.893788809133596, 22.332096039072091, 0.0 ], [ 120.943686882052603, 22.420942498411989, 0.0 ], [ 120.983584995400307, 22.548335887736449, 0.0 ], [ 121.032989589328295, 22.623502456828721, 0.0 ], [ 121.034599566256404, 22.663239524548612, 0.0 ], [ 121.090252090554998, 22.704378471460171, 0.0 ], [ 121.159219803808895, 22.736797690639289, 0.0 ], [ 121.163513346775204, 22.765808166949601, 0.0 ], [ 121.205420087482807, 22.78685886620066, 0.0 ], [ 121.201872747973098, 22.864106166463628, 0.0 ], [ 121.233007532795099, 22.876278550521459, 0.0 ], [ 121.324086047895904, 22.999815643339801, 0.0 ], [ 121.356503569103793, 23.09237108787956, 0.0 ], [ 121.390071904417795, 23.116591116913561, 0.0 ], [ 121.3973429026247, 23.192594400166101, 0.0 ], [ 121.411772677220398, 23.233338493492791, 0.0 ], [ 121.417824217819899, 23.284004148255121, 0.0 ], [ 121.451459378356702, 23.32142043222758, 0.0 ], [ 121.485217727045793, 23.4236122794984, 0.0 ], [ 121.500243146261894, 23.486186407515621, 0.0 ], [ 121.498426661849294, 23.535902419719019, 0.0 ], [ 121.516231622481996, 23.568458786231311, 0.0 ], [ 121.553535326940803, 23.72381769626762, 0.0 ], [ 121.606063575771302, 23.89402338665041, 0.0 ], [ 121.610206627659593, 23.962729197884119, 0.0 ], [ 121.617999390183101, 23.984727290787511, 0.0 ], [ 121.630288144848194, 24.008954299213858, 0.0 ], [ 121.625015621060797, 24.03096048247523, 0.0 ], [ 121.604625813078897, 24.05335448653879, 0.0 ], [ 121.605463827772297, 24.06901485603186, 0.0 ], [ 121.612033023530003, 24.092872731012701, 0.0 ], [ 121.624729632585399, 24.113366994075449, 0.0 ], [ 121.651733725477996, 24.132721048199429, 0.0 ], [ 121.6559707605889, 24.194347053145439, 0.0 ], [ 121.667057000366896, 24.206600866790179, 0.0 ], [ 121.683866747138097, 24.220861186277101, 0.0 ], [ 121.700871749305094, 24.237474309144901, 0.0 ], [ 121.730419302772205, 24.250360527162119, 0.0 ], [ 121.748587851547796, 24.286590413848451, 0.0 ], [ 121.762257341692504, 24.30546499069774, 0.0 ], [ 121.768547427322204, 24.335421477094101, 0.0 ], [ 121.790353753372202, 24.377530494036559, 0.0 ], [ 121.7964352103171, 24.411832255523791, 0.0 ], [ 121.800394571062199, 24.42238397361395, 0.0 ], [ 121.839423024164702, 24.462779456400259, 0.0 ], [ 121.860411560245794, 24.471285338970251, 0.0 ], [ 121.857594372799795, 24.4806330475501, 0.0 ], [ 121.841460094190793, 24.49517572352589, 0.0 ], [ 121.840386932321493, 24.504123945115321, 0.0 ], [ 121.845645459281698, 24.513224237919079, 0.0 ], [ 121.862299663954104, 24.515143607384822, 0.0 ], [ 121.868027218202897, 24.523787524411361, 0.0 ], [ 121.867366513138407, 24.548021527797172, 0.0 ], [ 121.871181934183696, 24.5523397653795, 0.0 ], [ 121.872387082299596, 24.56012413905211, 0.0 ], [ 121.867887831638697, 24.57224805348125, 0.0 ], [ 121.862661114702604, 24.57831684981117, 0.0 ], [ 121.862678789925596, 24.588490243615759, 0.0 ], [ 121.875079133378307, 24.592339032543919, 0.0 ], [ 121.876366824727, 24.596881707188189, 0.0 ], [ 121.865021483453503, 24.61136655443142, 0.0 ], [ 121.849572481756894, 24.621863908442361, 0.0 ], [ 121.832309768462906, 24.682088079082149, 0.0 ], [ 121.818660007012198, 24.699083960839431, 0.0 ], [ 121.821392875604104, 24.71602626116092, 0.0 ], [ 121.815043982014103, 24.751347432901429, 0.0 ], [ 121.823158380804401, 24.836051363429259, 0.0 ], [ 121.830091423800596, 24.851279657154009, 0.0 ], [ 121.852003779233499, 24.875268629420859, 0.0 ], [ 121.880894661415596, 24.914729689863599, 0.0 ], [ 121.894514806045095, 24.925788124425129, 0.0 ], [ 121.9392548745748, 24.97088394742882, 0.0 ], [ 121.961029628987902, 24.981613484695352, 0.0 ], [ 121.990251139285903, 24.99125389971298, 0.0 ], [ 121.995260784014903, 24.99875947664987, 0.0 ], [ 121.992256619487407, 25.00762541387758, 0.0 ], [ 121.970793964675707, 25.017212588442849, 0.0 ], [ 121.946041428046101, 25.02017024083759, 0.0 ], [ 121.932682674311593, 25.022921056960389, 0.0 ], [ 121.927935095917107, 25.029815979355721, 0.0 ], [ 121.925154365294503, 25.062124264276541, 0.0 ], [ 121.914354416211395, 25.081326575601562, 0.0 ], [ 121.915846808002598, 25.110680044217879, 0.0 ], [ 121.912246431560902, 25.117891377291109, 0.0 ], [ 121.900654383980594, 25.116565951235781, 0.0 ], [ 121.843395342987506, 25.13542110072494, 0.0 ], [ 121.833289111391593, 25.133937555714219, 0.0 ], [ 121.829146294591098, 25.13154365516791, 0.0 ], [ 121.812994760183798, 25.13641104526009, 0.0 ], [ 121.799357885244405, 25.14938716899907, 0.0 ], [ 121.792756429099398, 25.150600127885731, 0.0 ], [ 121.791231044968399, 25.138525211196541, 0.0 ], [ 121.789531539947305, 25.13570395270489, 0.0 ], [ 121.7860510935365, 25.13570522195311, 0.0 ], [ 121.777555054795698, 25.143208609176511, 0.0 ], [ 121.767470050467907, 25.144081366892991, 0.0 ], [ 121.762302893052706, 25.142342104316469, 0.0 ], [ 121.758695694872401, 25.138429657618751, 0.0 ], [ 121.751359377896193, 25.135961441373901, 0.0 ], [ 121.745125091475103, 25.137073703757249, 0.0 ], [ 121.743583276323903, 25.14066646892919, 0.0 ], [ 121.749620882669703, 25.147057874792161, 0.0 ], [ 121.750796354442002, 25.15117942343003, 0.0 ], [ 121.746900323906701, 25.15350777640235, 0.0 ], [ 121.724097304251501, 25.155613632655541, 0.0 ], [ 121.713563618279906, 25.1590497410441, 0.0 ], [ 121.690738028658799, 25.187384051645651, 0.0 ], [ 121.689436452261504, 25.197010891595522, 0.0 ], [ 121.694786687041201, 25.20816279956475, 0.0 ], [ 121.690231063434894, 25.21164526873698, 0.0 ], [ 121.684741622231002, 25.211302353546429, 0.0 ], [ 121.678944113412598, 25.2022006984818, 0.0 ], [ 121.670270162933306, 25.20128386921154, 0.0 ], [ 121.6505389286949, 25.207973543219708, 0.0 ], [ 121.646599102432106, 25.211894727038199, 0.0 ], [ 121.645722988361499, 25.216971409151871, 0.0 ], [ 121.646652480910703, 25.22759852045046, 0.0 ], [ 121.635939350122101, 25.24780148552356, 0.0 ], [ 121.630780869457197, 25.261580927474409, 0.0 ], [ 121.617913013526902, 25.278112330271011, 0.0 ], [ 121.596152631823799, 25.292967501045169, 0.0 ], [ 121.580529990630296, 25.297072711983681, 0.0 ], [ 121.572240089673599, 25.297929707329441, 0.0 ], [ 121.561094406257297, 25.290931993373821, 0.0 ], [ 121.543955896293497, 25.292813919907669, 0.0 ], [ 121.536432406188197, 25.298963278913909, 0.0 ], [ 121.531911294708493, 25.300159853890619, 0.0 ], [ 121.514944099665698, 25.293500452304919, 0.0 ], [ 121.4974279521646, 25.283603750577431, 0.0 ], [ 121.481272244293606, 25.26304162423013, 0.0 ], [ 121.467577415023896, 25.257543726341261, 0.0 ], [ 121.445579808048095, 25.23464304196251, 0.0 ], [ 121.437458544325693, 25.216022454470028, 0.0 ], [ 121.426188832695502, 25.202924141161301, 0.0 ], [ 121.416544008680006, 25.19716117829083, 0.0 ], [ 121.4183467742467, 25.186383555355761, 0.0 ], [ 121.429949637027207, 25.17301824574476, 0.0 ], [ 121.430743179844598, 25.16745595971954, 0.0 ], [ 121.421749119957596, 25.166717713877219, 0.0 ], [ 121.411144933151505, 25.173209404634221, 0.0 ], [ 121.370241654369494, 25.137306668427499, 0.0 ], [ 121.353519674660006, 25.132689117496241, 0.0 ], [ 121.309507549824204, 25.12216048530718, 0.0 ], [ 121.298098773561804, 25.12158840972306, 0.0 ], [ 121.269608791511502, 25.12156311488058, 0.0 ], [ 121.248478833273893, 25.111225253550561, 0.0 ], [ 121.216753924297507, 25.106028709925639, 0.0 ], [ 121.182658554617404, 25.086091493957639, 0.0 ], [ 121.159893022668697, 25.081634433506778, 0.0 ], [ 121.140432857936602, 25.06834556035011, 0.0 ], [ 121.113611756651096, 25.06240126951916, 0.0 ], [ 121.056052097428307, 25.029147263288589, 0.0 ], [ 120.948803828600106, 24.8535278724775, 0.0 ] ] ] } },
{ "type": "Feature", "properties": { "省份": "台湾", "id": "2026081100120002", "name": "小琉球", "layer": "澎湖", "path": "C:/Users/geste/Desktop/ming1433_fullv1.0.geojson" }, "geometry": { "type": "Polygon", "coordinates": [ [ [ 119.5598275928715, 23.642246274626409, 0.0 ], [ 119.578468827896799, 23.6531659069284, 0.0 ], [ 119.592730110219705, 23.63101543585142, 0.0 ], [ 119.601746240176794, 23.579114454644401, 0.0 ], [ 119.585460262883302, 23.57338385460449, 0.0 ], [ 119.579125720347903, 23.5878464628133, 0.0 ], [ 119.559733704960607, 23.584420186786961, 0.0 ], [ 119.564533437391702, 23.548455649885319, 0.0 ], [ 119.598550599288501, 23.54549119371848, 0.0 ], [ 119.604494701873193, 23.539641052622251, 0.0 ], [ 119.628230826731993, 23.537650217355651, 0.0 ], [ 119.657349581909102, 23.55892982843881, 0.0 ], [ 119.675126980868896, 23.546420694615989, 0.0 ], [ 119.697830678311206, 23.55399570123506, 0.0 ], [ 119.681798713225803, 23.575908619094431, 0.0 ], [ 119.685856572462598, 23.596665458205521, 0.0 ], [ 119.678929344875996, 23.599691894820982, 0.0 ], [ 119.670280011652096, 23.582750168453309, 0.0 ], [ 119.647981967841204, 23.59401545982535, 0.0 ], [ 119.640577880195394, 23.580416331283491, 0.0 ], [ 119.628256232197998, 23.582023683348769, 0.0 ], [ 119.623864022718706, 23.629292012612471, 0.0 ], [ 119.604951099849302, 23.667439816701499, 0.0 ], [ 119.580232173820406, 23.675533585526178, 0.0 ], [ 119.554286546072902, 23.66552881542945, 0.0 ], [ 119.5598275928715, 23.642246274626409, 0.0 ] ] ] } },
{ "type": "Feature", "properties": { "省份": "台湾", "id": "2026081100120003", "name": "小琉球", "layer": "澎湖", "path": "C:/Users/geste/Desktop/ming1433_fullv1.0.geojson" }, "geometry": { "type": "Polygon", "coordinates": [ [ [ 119.488857949101998, 23.597037631322682, 0.0 ], [ 119.499559799167898, 23.58608665859996, 0.0 ], [ 119.493417953145098, 23.56851864688625, 0.0 ], [ 119.473430817014702, 23.567875755214779, 0.0 ], [ 119.4707340956504, 23.551913786001819, 0.0 ], [ 119.495509595028906, 23.557649539366881, 0.0 ], [ 119.511040564913898, 23.550412656279342, 0.0 ], [ 119.5183993263487, 23.557115225620269, 0.0 ], [ 119.511337531577198, 23.57302120624016, 0.0 ], [ 119.515192265831601, 23.589615764222561, 0.0 ], [ 119.527388732762802, 23.597491850080491, 0.0 ], [ 119.524064577180098, 23.605485807811458, 0.0 ], [ 119.526089798984103, 23.620364905712549, 0.0 ], [ 119.541872798166494, 23.623205475362131, 0.0 ], [ 119.541302768639, 23.632332954205719, 0.0 ], [ 119.520079343213595, 23.637252210023309, 0.0 ], [ 119.500559124551899, 23.631914452416559, 0.0 ], [ 119.488857949101998, 23.597037631322682, 0.0 ] ] ] } },
{ "type": "Feature", "properties": { "省份": "台湾", "id": "2026081100120004", "name": "小琉球", "layer": "附属岛屿", "path": "C:/Users/geste/Desktop/ming1433_fullv1.0.geojson" }, "geometry": { "type": "Polygon", "coordinates": [ [ [ 121.456026150651496, 22.68129545631221, 0.0 ], [ 121.456446376513995, 22.652555016750679, 0.0 ], [ 121.493529106199404, 22.63710188302446, 0.0 ], [ 121.503787020284904, 22.686490575844601, 0.0 ], [ 121.469337653931603, 22.693096146927591, 0.0 ], [ 121.456026150651496, 22.68129545631221, 0.0 ] ] ] } },
{ "type": "Feature", "properties": { "省份": "台湾", "id": "2026081100120005", "name": "小琉球", "layer": "附属岛屿", "path": "C:/Users/geste/Desktop/ming1433_fullv1.0.geojson" }, "geometry": { "type": "Polygon", "coordinates": [ [ [ 121.500175181797701, 22.092138326496119, 0.0 ], [ 121.506238076193398, 22.075213522589081, 0.0 ], [ 121.505688489846307, 22.04794983285419, 0.0 ], [ 121.521730339945293, 22.041945010152009, 0.0 ], [ 121.585088176327801, 22.009593022475109, 0.0 ], [ 121.606787869483, 22.025934400915251, 0.0 ], [ 121.566619186553993, 22.070451814984612, 0.0 ], [ 121.572755024588005, 22.091500203551021, 0.0 ], [ 121.561596987400407, 22.103084314310799, 0.0 ], [ 121.500175181797701, 22.092138326496119, 0.0 ] ] ] } },
{ "type": "Feature", "properties": { "省份": "台湾", "id": "2026081100120006", "name": "小琉球", "layer": "钓鱼岛", "path": "C:/Users/geste/Desktop/ming1433_fullv1.0.geojson" }, "geometry": { "type": "Polygon", "coordinates": [ [ [ 123.458117062543707, 25.736572434657159, 0.0 ], [ 123.464653810800897, 25.73377497766225, 0.0 ], [ 123.475001700209901, 25.73961294328651, 0.0 ], [ 123.4906978746166, 25.740868219368441, 0.0 ], [ 123.493524153262797, 25.74409210134716, 0.0 ], [ 123.478390402634005, 25.751363685151372, 0.0 ], [ 123.463179552838994, 25.74721917288808, 0.0 ], [ 123.4588188104766, 25.74023868056139, 0.0 ], [ 123.458117062543707, 25.736572434657159, 0.0 ] ] ] } },
{ "type": "Feature", "properties": { "省份": "台湾", "id": "2026081100120007", "name": "小琉球", "layer": "赤尾屿", "path": "C:/Users/geste/Desktop/ming1433_fullv1.0.geojson" }, "geometry": { "type": "Polygon", "coordinates": [ [ [ 124.555720672273296, 25.92127075787803, 0.0 ], [ 124.560173554297705, 25.92178402701083, 0.0 ], [ 124.561329749338, 25.92265582399094, 0.0 ], [ 124.558930189954793, 25.92297299874711, 0.0 ], [ 124.555831833482699, 25.9222347654907, 0.0 ], [ 124.555720672273296, 25.92127075787803, 0.0 ] ] ] } },
{ "type": "Feature", "properties": { "省份": "福建", "id": "2026081100130001", "name": "福建", "layer": null, "path": "C:/Users/geste/Desktop/ming1433_fullv1.0.geojson" }, "geometry": { "type": "Polygon", "coordinates": [ [ [ 118.350869082992006, 28.220492828705009, 0.0 ], [ 118.442718175338001, 28.093730661105091, 0.0 ], [ 117.807404131082507, 27.79343120539691, 0.0 ], [ 117.597010554939004, 27.906132109555511, 0.0 ], [ 117.065761706046203, 27.511783843499732, 0.0 ], [ 117.167979352601193, 27.348184665420689, 0.0 ], [ 117.070899369557907, 27.101499547281719, 0.0 ], [ 116.622070510970801, 26.930963883740979, 0.0 ], [ 116.538722963687405, 26.739613018964292, 0.0 ], [ 116.654835467860494, 26.44878423433536, 0.0 ], [ 116.402210777176805, 26.219468410937711, 0.0 ], [ 116.472147022592495, 26.055261636579161, 0.0 ], [ 116.188896312908, 25.883162403606839, 0.0 ], [ 116.100917741757698, 25.583791001631521, 0.0 ], [ 115.815103496404504, 25.197820285822839, 0.0 ], [ 115.903414000141098, 24.91661737146233, 0.0 ], [ 116.052085290149904, 24.884981421408028, 0.0 ], [ 116.097014130912498, 24.844586491287721, 0.0 ], [ 116.164700358246506, 24.834456788522999, 0.0 ], [ 116.215164268751295, 24.85593488086927, 0.0 ], [ 116.243319257307107, 24.834063009544881, 0.0 ], [ 116.263177119546995, 24.785205497130551, 0.0 ], [ 116.287560200546594, 24.78539040051453, 0.0 ], [ 116.364736838641505, 24.82652298036594, 0.0 ], [ 116.375217774885897, 24.825358800487919, 0.0 ], [ 116.383830204148197, 24.824478531010879, 0.0 ], [ 116.408701602247802, 24.80693447065897, 0.0 ], [ 116.428142687496901, 24.781688974958229, 0.0 ], [ 116.435802489106806, 24.76220507700863, 0.0 ], [ 116.448303742864397, 24.743089078169799, 0.0 ], [ 116.460345737880203, 24.731058039428369, 0.0 ], [ 116.493468457540601, 24.717909765180011, 0.0 ], [ 116.526553242679995, 24.66524936858692, 0.0 ], [ 116.531409238353504, 24.644617884213709, 0.0 ], [ 116.525844376049704, 24.618968604660509, 0.0 ], [ 116.5258294652118, 24.613270766187469, 0.0 ], [ 116.550012305758102, 24.61390722617589, 0.0 ], [ 116.597697089322494, 24.641570252389759, 0.0 ], [ 116.650105398650197, 24.64606751774938, 0.0 ], [ 116.7038766961372, 24.660368480013481, 0.0 ], [ 116.8046729456577, 24.676383978389541, 0.0 ], [ 116.821729417606704, 24.669097101006571, 0.0 ], [ 116.824462809471598, 24.65590570383327, 0.0 ], [ 116.800758243551499, 24.620431122282021, 0.0 ], [ 116.792304094788406, 24.590174892779341, 0.0 ], [ 116.779210439790802, 24.56024024408142, 0.0 ], [ 116.776855396695495, 24.537506387722331, 0.0 ], [ 116.783739943200601, 24.515792532657731, 0.0 ], [ 116.819856073186202, 24.496466601178771, 0.0 ], [ 116.865572801450099, 24.486535876656198, 0.0 ], [ 116.871888152699796, 24.48094151376884, 0.0 ], [ 116.872876055556006, 24.471122792500431, 0.0 ], [ 116.870009346400096, 24.463391442135311, 0.0 ], [ 116.870678456087703, 24.44705226809468, 0.0 ], [ 116.872414029765196, 24.436627017167751, 0.0 ], [ 116.907319111164497, 24.38985049608841, 0.0 ], [ 116.918560554816693, 24.372056494822299, 0.0 ], [ 116.928374622749502, 24.340045662546171, 0.0 ], [ 116.931809020877395, 24.320329409986549, 0.0 ], [ 116.946262418754699, 24.2887910665372, 0.0 ], [ 116.947543838628903, 24.27727458602569, 0.0 ], [ 116.942924688468295, 24.241816054959308, 0.0 ], [ 116.947583779531101, 24.234722554868039, 0.0 ], [ 116.982624001935704, 24.214570649018189, 0.0 ], [ 116.992104085830505, 24.204286985617671, 0.0 ], [ 116.992785248641397, 24.19275928545969, 0.0 ], [ 116.9346724598565, 24.12474473864485, 0.0 ], [ 116.933671702846695, 24.099406231763471, 0.0 ], [ 116.982518604110496, 23.992289289206429, 0.0 ], [ 116.985336556331504, 23.909019497794869, 0.0 ], [ 116.989685835994507, 23.888673371820019, 0.0 ], [ 117.025493408018605, 23.85947918865703, 0.0 ], [ 117.043872570241405, 23.823975287490629, 0.0 ], [ 117.051806653089599, 23.743802581586191, 0.0 ], [ 117.067478753636493, 23.703654314153411, 0.0 ], [ 117.085820505703396, 23.685618725828, 0.0 ], [ 117.100168702028995, 23.675656217661199, 0.0 ], [ 117.158240527963201, 23.66166748066, 0.0 ], [ 117.179922972976996, 23.648187299545221, 0.0 ], [ 117.190296414271302, 23.636281215558078, 0.0 ], [ 117.192909790840801, 23.625724043225379, 0.0 ], [ 117.189317219092501, 23.616895757556591, 0.0 ], [ 117.219079309513702, 23.629470274099599, 0.0 ], [ 117.228453661568594, 23.63867004593595, 0.0 ], [ 117.219287537729997, 23.657903774132929, 0.0 ], [ 117.222762010178599, 23.670137887524021, 0.0 ], [ 117.236959811459599, 23.67717190931738, 0.0 ], [ 117.249551789756296, 23.672371790409031, 0.0 ], [ 117.249281722892107, 23.654669452622109, 0.0 ], [ 117.224404879252702, 23.59959782849452, 0.0 ], [ 117.237599115172898, 23.59585205265347, 0.0 ], [ 117.305205710695503, 23.663885593621998, 0.0 ], [ 117.282456022256298, 23.697573469425659, 0.0 ], [ 117.279400295794701, 23.742623040805359, 0.0 ], [ 117.370290768324395, 23.787666239329209, 0.0 ], [ 117.446751010467906, 23.764705090457721, 0.0 ], [ 117.514622373292298, 23.929502850805189, 0.0 ], [ 117.625751711968903, 23.862220407641409, 0.0 ], [ 117.704665420810301, 23.939517905159729, 0.0 ], [ 117.735454481479096, 23.906162374400719, 0.0 ], [ 117.7768764577486, 23.914414174304639, 0.0 ], [ 117.795005616983801, 23.963112171319249, 0.0 ], [ 117.850810467549707, 24.03389792764116, 0.0 ], [ 117.897310109209499, 24.027446562018739, 0.0 ], [ 117.895018322270104, 24.076495051151731, 0.0 ], [ 117.955466538843993, 24.175628428381849, 0.0 ], [ 118.029467992181196, 24.212136897898841, 0.0 ], [ 118.144703276875305, 24.274232453546979, 0.0 ], [ 118.106833642898906, 24.354934386198781, 0.0 ], [ 118.057859533902601, 24.388445742458821, 0.0 ], [ 118.026237361394905, 24.401138689233552, 0.0 ], [ 117.907118033413695, 24.391411261123519, 0.0 ], [ 117.830964602011505, 24.43103501560487, 0.0 ], [ 117.902897884243202, 24.43747028603449, 0.0 ], [ 117.883922551409199, 24.477220635773659, 0.0 ], [ 118.044726135203504, 24.444023892265228, 0.0 ], [ 118.024086718270894, 24.475669143380589, 0.0 ], [ 118.049821695248596, 24.49096787974117, 0.0 ], [ 118.069621000834701, 24.51885036635322, 0.0 ], [ 118.047784883250699, 24.54148148310291, 0.0 ], [ 118.085471071609902, 24.582473134291799, 0.0 ], [ 118.1131628831359, 24.561704615537661, 0.0 ], [ 118.173540538463499, 24.672473109739531, 0.0 ], [ 118.194647380968803, 24.612121239385822, 0.0 ], [ 118.191472667383195, 24.572608057732921, 0.0 ], [ 118.242133595493002, 24.537068800181071, 0.0 ], [ 118.252035396241894, 24.537610877227419, 0.0 ], [ 118.266604503597094, 24.565560292259612, 0.0 ], [ 118.290573137303696, 24.565815655347201, 0.0 ], [ 118.290686091082506, 24.596156524604009, 0.0 ], [ 118.376769161429607, 24.588387133970731, 0.0 ], [ 118.441030076784401, 24.618293514617179, 0.0 ], [ 118.470042294773094, 24.634928228455699, 0.0 ], [ 118.561996977992393, 24.586634998003269, 0.0 ], [ 118.583077816276003, 24.52952736629129, 0.0 ], [ 118.6683027527164, 24.570914853419211, 0.0 ], [ 118.648100736978193, 24.664753156189558, 0.0 ], [ 118.784425930772301, 24.7589299790226, 0.0 ], [ 118.779187289781106, 24.854843037676069, 0.0 ], [ 118.811379152222202, 24.88726144230915, 0.0 ], [ 118.912897024049997, 24.8584735723277, 0.0 ], [ 119.026190568077894, 24.942016771607719, 0.0 ], [ 119.007744324003994, 25.053698444462949, 0.0 ], [ 118.880150995547098, 25.046830608761329, 0.0 ], [ 118.974937766555698, 25.15304840692102, 0.0 ], [ 119.041973068437699, 25.227414209764952, 0.0 ], [ 119.064230489596298, 25.110736580880548, 0.0 ], [ 119.134223218390105, 25.240153119908818, 0.0 ], [ 119.192122684970997, 25.177331847547318, 0.0 ], [ 119.283587907799998, 25.162009132743229, 0.0 ], [ 119.381211639324107, 25.26086963472715, 0.0 ], [ 119.1307836782387, 25.414752367834321, 0.0 ], [ 119.279225740589396, 25.473424917785909, 0.0 ], [ 119.3285439111541, 25.407982043775998, 0.0 ], [ 119.388237908054407, 25.513668754355109, 0.0 ], [ 119.470635905840197, 25.503281731071951, 0.0 ], [ 119.447504752227502, 25.421890508261761, 0.0 ], [ 119.5170464103321, 25.469168491845121, 0.0 ], [ 119.519907091255604, 25.367219545490531, 0.0 ], [ 119.576681134408304, 25.438964089140981, 0.0 ], [ 119.600271788321194, 25.325392453734501, 0.0 ], [ 119.652485878342205, 25.342485532802339, 0.0 ], [ 119.616945679559194, 25.559342992715781, 0.0 ], [ 119.508078566845299, 25.56338744550597, 0.0 ], [ 119.4633253263424, 25.656330916663009, 0.0 ], [ 119.555466144584798, 25.696037751778039, 0.0 ], [ 119.592825515858706, 25.620040803551579, 0.0 ], [ 119.636627151298995, 25.74548205319654, 0.0 ], [ 119.606478728296196, 25.872347494368508, 0.0 ], [ 119.681148604830099, 25.886827397960751, 0.0 ], [ 119.725863939045297, 25.997981605483059, 0.0 ], [ 119.608054954700506, 26.08347289085475, 0.0 ], [ 119.613440187780199, 26.139883564219751, 0.0 ], [ 119.669724393735805, 26.262412442691492, 0.0 ], [ 119.940569395720601, 26.319949642408201, 0.0 ], [ 119.999308851461706, 26.379683726413148, 0.0 ], [ 119.892218733409294, 26.359900933491421, 0.0 ], [ 119.880862552356902, 26.420125088145479, 0.0 ], [ 119.842741461748602, 26.420947373178951, 0.0 ], [ 119.799940208167897, 26.368435927511591, 0.0 ], [ 119.719017863979005, 26.316746766877689, 0.0 ], [ 119.680014540941798, 26.356179223478261, 0.0 ], [ 119.674194039791303, 26.456215963461201, 0.0 ], [ 119.5844734176207, 26.442240169048929, 0.0 ], [ 119.581049883745393, 26.475985492634571, 0.0 ], [ 119.661732320934405, 26.49968562167011, 0.0 ], [ 119.703039207788606, 26.479242852538832, 0.0 ], [ 119.801374019485493, 26.417020861729121, 0.0 ], [ 119.829985554780194, 26.433400944614739, 0.0 ], [ 119.820222138759405, 26.464494112497871, 0.0 ], [ 119.843817937935398, 26.487019956358441, 0.0 ], [ 119.8099243510664, 26.506448334934429, 0.0 ], [ 119.785589232509906, 26.589491498781701, 0.0 ], [ 119.728179058932497, 26.616205037508031, 0.0 ], [ 119.658282967126695, 26.616010758263531, 0.0 ], [ 119.590990449193598, 26.590092730953991, 0.0 ], [ 119.563842125862294, 26.632277269019259, 0.0 ], [ 119.546680776881203, 26.667970203842909, 0.0 ], [ 119.579458592632406, 26.673002094846328, 0.0 ], [ 119.606597833204205, 26.655960198750371, 0.0 ], [ 119.617100092807604, 26.66012775051281, 0.0 ], [ 119.624133978800501, 26.67517499299203, 0.0 ], [ 119.600005804370895, 26.72272866816299, 0.0 ], [ 119.618529786736204, 26.724641134470652, 0.0 ], [ 119.630943358166903, 26.74514706595329, 0.0 ], [ 119.574232069271801, 26.753905965680801, 0.0 ], [ 119.580460559033597, 26.787213201447379, 0.0 ], [ 119.625476419100195, 26.792165568249381, 0.0 ], [ 119.622926016718196, 26.760972370465701, 0.0 ], [ 119.657247167112104, 26.763829609004461, 0.0 ], [ 119.6738235220337, 26.735366867507089, 0.0 ], [ 119.719203787676406, 26.706384502422619, 0.0 ], [ 119.753560641045297, 26.707345373187149, 0.0 ], [ 119.7435542425943, 26.724558274868151, 0.0 ], [ 119.691413314505397, 26.758427023155321, 0.0 ], [ 119.687645434332495, 26.826708884970241, 0.0 ], [ 119.724998826700499, 26.791054153574859, 0.0 ], [ 119.745889274715296, 26.740498047851482, 0.0 ], [ 119.758608609314095, 26.757859591726611, 0.0 ], [ 119.757194595674406, 26.801262121709851, 0.0 ], [ 119.782544021108293, 26.819836729175702, 0.0 ], [ 119.795572174778002, 26.705266224641228, 0.0 ], [ 119.851339897967904, 26.698071687653869, 0.0 ], [ 119.882630096936097, 26.650372288692889, 0.0 ], [ 119.941566038812596, 26.796912609143831, 0.0 ], [ 120.085756625209697, 26.783389149237369, 0.0 ], [ 120.083933083999, 26.745928320322189, 0.0 ], [ 120.0457880925252, 26.735731920570199, 0.0 ], [ 120.034794469799294, 26.709819302771251, 0.0 ], [ 119.981799191722999, 26.713224061694849, 0.0 ], [ 119.969874919478798, 26.65643696609694, 0.0 ], [ 119.939563242626306, 26.620579745823491, 0.0 ], [ 119.890959118326606, 26.624933431420139, 0.0 ], [ 119.8468896954885, 26.585867059253399, 0.0 ], [ 119.841614616725806, 26.525173459081749, 0.0 ], [ 119.884559508922095, 26.52350823375907, 0.0 ], [ 119.958618750413507, 26.592581487246949, 0.0 ], [ 120.141923462727107, 26.639067767837108, 0.0 ], [ 120.119478004847196, 26.674831564498291, 0.0 ], [ 120.169735614599006, 26.723529407041742, 0.0 ], [ 120.1160125013174, 26.736082210912119, 0.0 ], [ 120.147636222918607, 26.795016953142699, 0.0 ], [ 120.112143554348705, 26.795402032931801, 0.0 ], [ 120.104937349401993, 26.82158742703092, 0.0 ], [ 120.049472314876994, 26.81984638256581, 0.0 ], [ 120.047691499345405, 26.865931620329789, 0.0 ], [ 120.125359271838093, 26.882391873303519, 0.0 ], [ 120.136760292160204, 26.923409375616249, 0.0 ], [ 120.2372284720864, 26.910926482500781, 0.0 ], [ 120.253449732441396, 26.925311917229639, 0.0 ], [ 120.258030672583402, 26.979933762597739, 0.0 ], [ 120.284367500030498, 26.99550404510201, 0.0 ], [ 120.283130830539903, 27.017427076167849, 0.0 ], [ 120.248408047039405, 27.087634184027269, 0.0 ], [ 120.300855544878701, 27.047466713554499, 0.0 ], [ 120.297909055338806, 27.077644936885601, 0.0 ], [ 120.266856949920296, 27.12075346781495, 0.0 ], [ 120.298041662487904, 27.101176674954338, 0.0 ], [ 120.380223897715197, 27.08854883817023, 0.0 ], [ 120.414656553988394, 27.10307933569544, 0.0 ], [ 120.444846644611005, 27.14759990352124, 0.0 ], [ 120.441475388449206, 27.154048233464561, 0.0 ], [ 120.405360526903493, 27.16093608997172, 0.0 ], [ 120.3988589210214, 27.17332343461625, 0.0 ], [ 120.412428519917299, 27.187360518304541, 0.0 ], [ 120.419903104886203, 27.180915038001341, 0.0 ], [ 120.431506584841301, 27.183108788206599, 0.0 ], [ 120.423128477926994, 27.205081390842398, 0.0 ], [ 120.410839282355894, 27.304222368428022, 0.0 ], [ 120.375890169445995, 27.342717810302769, 0.0 ], [ 120.355626020564003, 27.387362447967242, 0.0 ], [ 120.287930986244106, 27.390300941239168, 0.0 ], [ 120.267778090551403, 27.421927096691299, 0.0 ], [ 120.188431460477801, 27.41684760938017, 0.0 ], [ 120.049486423745805, 27.34518569456537, 0.0 ], [ 119.964790285052999, 27.348874380040709, 0.0 ], [ 119.907319094729601, 27.300331748222408, 0.0 ], [ 119.809235981994405, 27.30005647378518, 0.0 ], [ 119.777342826015499, 27.337366429716379, 0.0 ], [ 119.710505973799698, 27.432729948109131, 0.0 ], [ 119.717552062454104, 27.48824573048352, 0.0 ], [ 119.701869397910201, 27.532351502929949, 0.0 ], [ 119.631248169300406, 27.595294745470241, 0.0 ], [ 119.643047942013595, 27.649318424059189, 0.0 ], [ 119.611682096431196, 27.670330166209919, 0.0 ], [ 119.516639838631804, 27.65402506637847, 0.0 ], [ 119.4804689189409, 27.5379484454539, 0.0 ], [ 119.458231323234898, 27.508360502715821, 0.0 ], [ 119.409618944340096, 27.525883008699601, 0.0 ], [ 119.264702735768907, 27.409966420168779, 0.0 ], [ 119.162063590648401, 27.422683738744212, 0.0 ], [ 119.121912858873998, 27.47378686158763, 0.0 ], [ 119.0670973411153, 27.474451594386331, 0.0 ], [ 119.022583135732404, 27.484171714303081, 0.0 ], [ 118.968019425880499, 27.457519158526441, 0.0 ], [ 118.9214513924112, 27.45214503056204, 0.0 ], [ 118.891853765351499, 27.496569799273839, 0.0 ], [ 118.917017420915599, 27.550871202523862, 0.0 ], [ 118.914352790141507, 27.626114778710921, 0.0 ], [ 118.894846951686503, 27.679953731650428, 0.0 ], [ 118.887134310729394, 27.735391554371269, 0.0 ], [ 118.846984516212402, 27.80994218762909, 0.0 ], [ 118.8502584103705, 27.915526427727059, 0.0 ], [ 118.807176686432996, 27.933033218277249, 0.0 ], [ 118.776155498184806, 27.932730629927718, 0.0 ], [ 118.758576624067004, 27.941022605528779, 0.0 ], [ 118.753721031099701, 27.9971463888971, 0.0 ], [ 118.732320796344993, 28.043819036860391, 0.0 ], [ 118.7288216094055, 28.076572086448522, 0.0 ], [ 118.745862908481499, 28.101497469621499, 0.0 ], [ 118.788202444174701, 28.121048860707049, 0.0 ], [ 118.8075740042419, 28.142231231456439, 0.0 ], [ 118.777355741133306, 28.19248089333114, 0.0 ], [ 118.804651645021494, 28.204778922736121, 0.0 ], [ 118.806988155966906, 28.224565787698818, 0.0 ], [ 118.736971971433306, 28.303098699398241, 0.0 ], [ 118.712669110329699, 28.31539242149238, 0.0 ], [ 118.687092723349906, 28.315719302823169, 0.0 ], [ 118.591113490178003, 28.30650768394365, 0.0 ], [ 118.559386207154205, 28.303391129340401, 0.0 ], [ 118.528169403355705, 28.276238889664381, 0.0 ], [ 118.518611579603103, 28.27485580948618, 0.0 ], [ 118.503309780305102, 28.27465638845052, 0.0 ], [ 118.496765296683705, 28.27704189194262, 0.0 ], [ 118.485141072743005, 28.28523903737311, 0.0 ], [ 118.478869703601006, 28.303615937969159, 0.0 ], [ 118.350869082992006, 28.220492828705009, 0.0 ] ] ] } },
{ "type": "Feature", "properties": { "省份": "福建", "id": "2026081100130002", "name": "福建", "layer": "平潭岛", "path": "C:/Users/geste/Desktop/ming1433_fullv1.0.geojson" }, "geometry": { "type": "Polygon", "coordinates": [ [ [ 119.729265115397595, 25.532371188176491, 0.0 ], [ 119.789501087714299, 25.532135063942761, 0.0 ], [ 119.770743692974406, 25.492459937776861, 0.0 ], [ 119.708746914804607, 25.503712834459659, 0.0 ], [ 119.677703184289001, 25.474397858320671, 0.0 ], [ 119.744137755328197, 25.4766341542683, 0.0 ], [ 119.723344173326595, 25.465567072841019, 0.0 ], [ 119.706760526018499, 25.416151474727879, 0.0 ], [ 119.768415366206597, 25.385882293485039, 0.0 ], [ 119.788856142239894, 25.401170680596241, 0.0 ], [ 119.760838742756405, 25.418141800635691, 0.0 ], [ 119.782644465391698, 25.44046246342338, 0.0 ], [ 119.868660472721899, 25.469839958960591, 0.0 ], [ 119.819731885058502, 25.49044177497198, 0.0 ], [ 119.822302611463599, 25.527364516412721, 0.0 ], [ 119.881545226260897, 25.539313002044182, 0.0 ], [ 119.892130775579702, 25.561676777439079, 0.0 ], [ 119.853838748197504, 25.566716293810639, 0.0 ], [ 119.826523602807796, 25.607148471859372, 0.0 ], [ 119.787379468054397, 25.604926692776921, 0.0 ], [ 119.7918360727747, 25.649865031857001, 0.0 ], [ 119.780015070623193, 25.660894907244529, 0.0 ], [ 119.685904148180597, 25.59373985683321, 0.0 ], [ 119.729265115397595, 25.532371188176491, 0.0 ] ] ] } },
{ "type": "Feature", "properties": { "省份": "福建", "id": "2026081100130003", "name": "福建", "layer": "金门岛", "path": "C:/Users/geste/Desktop/ming1433_fullv1.0.geojson" }, "geometry": { "type": "Polygon", "coordinates": [ [ [ 118.3002777743189, 24.468969129192981, 0.0 ], [ 118.2895448441745, 24.407622713396169, 0.0 ], [ 118.335372409144298, 24.387373969515231, 0.0 ], [ 118.382305782586002, 24.437502166547521, 0.0 ], [ 118.452235824810302, 24.415861358070561, 0.0 ], [ 118.487901680776901, 24.441172713049841, 0.0 ], [ 118.481580441557597, 24.490415552436499, 0.0 ], [ 118.434140672524094, 24.52954358715273, 0.0 ], [ 118.396872944093502, 24.519766691963969, 0.0 ], [ 118.387847346586199, 24.477168738326181, 0.0 ], [ 118.351635723313194, 24.476124254181592, 0.0 ], [ 118.325371198546094, 24.490616231772961, 0.0 ], [ 118.3002777743189, 24.468969129192981, 0.0 ] ] ] } },
{ "type": "Feature", "properties": { "省份": "福建", "id": "2026081100130004", "name": "福建", "layer": "厦门岛", "path": "C:/Users/geste/Desktop/ming1433_fullv1.0.geojson" }, "geometry": { "type": "Polygon", "coordinates": [ [ [ 118.077375909197301, 24.479626575032171, 0.0 ], [ 118.119840389512305, 24.495532554780759, 0.0 ], [ 118.084251104949203, 24.442039517986441, 0.0 ], [ 118.131337669486101, 24.416128578947571, 0.0 ], [ 118.1922641603485, 24.467547460642031, 0.0 ], [ 118.195198165497999, 24.52419567835214, 0.0 ], [ 118.142711159314004, 24.54293434468396, 0.0 ], [ 118.0945842105682, 24.531528243119169, 0.0 ], [ 118.077375909197301, 24.479626575032171, 0.0 ] ] ] } },
{ "type": "Feature", "properties": { "省份": "福建", "id": "2026081100130005", "name": "福建", "layer": "东山岛", "path": "C:/Users/geste/Desktop/ming1433_fullv1.0.geojson" }, "geometry": { "type": "Polygon", "coordinates": [ [ [ 117.413897634779403, 23.682533962713279, 0.0 ], [ 117.326939475785906, 23.580534184420259, 0.0 ], [ 117.448262075577304, 23.585737425678051, 0.0 ], [ 117.415011986492203, 23.608722679349199, 0.0 ], [ 117.431927315930295, 23.65364792345526, 0.0 ], [ 117.489788825919902, 23.655916928660211, 0.0 ], [ 117.487900867599194, 23.707363589856019, 0.0 ], [ 117.555605546845101, 23.734682812740559, 0.0 ], [ 117.492786917269498, 23.762160085713099, 0.0 ], [ 117.424877845308998, 23.745852156697069, 0.0 ], [ 117.423462156989004, 23.758304476349569, 0.0 ], [ 117.375430776944995, 23.771951193364458, 0.0 ], [ 117.351312702513496, 23.69121398047189, 0.0 ], [ 117.413897634779403, 23.682533962713279, 0.0 ] ] ] } },
{ "type": "Feature", "properties": { "省份": "福建", "id": "2026081100130006", "name": "福建", "layer": "附属岛屿", "path": "C:/Users/geste/Desktop/ming1433_fullv1.0.geojson" }, "geometry": { "type": "Polygon", "coordinates": [ [ [ 119.923598543675297, 26.174106970301381, 0.0 ], [ 119.916150715769106, 26.141923410534869, 0.0 ], [ 119.940135100823198, 26.132052893582831, 0.0 ], [ 119.980720084804403, 26.167134470627239, 0.0 ], [ 119.938057232703301, 26.161476519136059, 0.0 ], [ 119.923598543675297, 26.174106970301381, 0.0 ] ] ] } },
{ "type": "Feature", "properties": { "省份": "福建", "id": "2026081100130007", "name": "福建", "layer": "附属岛屿", "path": "C:/Users/geste/Desktop/ming1433_fullv1.0.geojson" }, "geometry": { "type": "Polygon", "coordinates": [ [ [ 120.0075399328, 26.237420612192079, 0.0 ], [ 119.970503664784104, 26.220075114329159, 0.0 ], [ 119.970006249225705, 26.196858710197439, 0.0 ], [ 119.986187533349195, 26.19442229142993, 0.0 ], [ 119.999667941303002, 26.216431164140531, 0.0 ], [ 120.032991822660193, 26.214778809477838, 0.0 ], [ 120.031956459976001, 26.23232341723827, 0.0 ], [ 120.0075399328, 26.237420612192079, 0.0 ] ] ] } },
{ "type": "Feature", "properties": { "省份": "福建", "id": "2026081100130008", "name": "福建", "layer": "附属岛屿", "path": "C:/Users/geste/Desktop/ming1433_fullv1.0.geojson" }, "geometry": { "type": "Polygon", "coordinates": [ [ [ 120.348282433871802, 26.971645808202389, 0.0 ], [ 120.330441115328895, 26.951688487749731, 0.0 ], [ 120.346658517959298, 26.929819447938559, 0.0 ], [ 120.412696716508805, 26.924618142956248, 0.0 ], [ 120.385980487105797, 26.965965220832331, 0.0 ], [ 120.348282433871802, 26.971645808202389, 0.0 ] ] ] } },
{ "type": "Feature", "properties": { "省份": "浙江", "id": "2026081100140001", "name": "浙江", "layer": null, "path": "C:/Users/geste/Desktop/ming1433_fullv1.0.geojson" }, "geometry": { "type": "Polygon", "coordinates": [ [ [ 118.929894016079004, 30.344866153802869, 0.0 ], [ 118.886679030195594, 30.310307007749859, 0.0 ], [ 118.900869811790898, 30.248237490681429, 0.0 ], [ 118.923549497673406, 30.218090149742022, 0.0 ], [ 118.913633364262395, 30.202981399293972, 0.0 ], [ 118.877678135640807, 30.177897822959579, 0.0 ], [ 118.893602779408099, 30.150694301917731, 0.0 ], [ 118.880586842116202, 30.10782541417051, 0.0 ], [ 118.909059036068001, 29.99142916080574, 0.0 ], [ 118.904746489739097, 29.961053643886231, 0.0 ], [ 118.858899492970394, 29.948197758196791, 0.0 ], [ 118.852264692550193, 29.892768715304278, 0.0 ], [ 118.747764250398205, 29.82606858573622, 0.0 ], [ 118.754184321338101, 29.764981829380229, 0.0 ], [ 118.744230757864898, 29.721532408803402, 0.0 ], [ 118.578112099867596, 29.61480555875826, 0.0 ], [ 118.574220639120796, 29.59792046921747, 0.0 ], [ 118.528966637009901, 29.56775928509515, 0.0 ], [ 118.503472145099295, 29.5317048099893, 0.0 ], [ 118.427452831949907, 29.507563688810421, 0.0 ], [ 118.406556048283306, 29.49269000605408, 0.0 ], [ 118.399580971579297, 29.46336727628093, 0.0 ], [ 118.362157460212501, 29.455557985792371, 0.0 ], [ 118.345010325897405, 29.500965825559689, 0.0 ], [ 118.331364847662201, 29.500961951757379, 0.0 ], [ 118.315791360311593, 29.49032591329588, 0.0 ], [ 118.329905678981305, 29.442155477083642, 0.0 ], [ 118.317669522513597, 29.4192252720451, 0.0 ], [ 118.273443135784603, 29.42735732914538, 0.0 ], [ 118.260981375930896, 29.443332342661542, 0.0 ], [ 118.239541418979599, 29.445732315420649, 0.0 ], [ 118.212843435692207, 29.414810586363021, 0.0 ], [ 118.215647552288502, 29.36863600936514, 0.0 ], [ 118.186217766990097, 29.319222756651541, 0.0 ], [ 118.079467569295403, 29.280484106750169, 0.0 ], [ 118.082219254633202, 29.228056197783101, 0.0 ], [ 118.004429497909399, 29.16711433656609, 0.0 ], [ 118.008436606973206, 29.146817982565629, 0.0 ], [ 118.057681537978993, 29.064265117490869, 0.0 ], [ 118.132832152410501, 29.020947313619871, 0.0 ], [ 118.193022692557705, 28.998637982901212, 0.0 ], [ 118.264778125774598, 28.94251744690607, 0.0 ], [ 118.393400877637504, 28.787756541079592, 0.0 ], [ 118.4505776527851, 28.655214994147791, 0.0 ], [ 118.436342608404701, 28.606166476871419, 0.0 ], [ 118.464949648398104, 28.5266007408155, 0.0 ], [ 118.479015832839906, 28.483659887597931, 0.0 ], [ 118.471105711660002, 28.422169592432091, 0.0 ], [ 118.471923978807496, 28.408095579934169, 0.0 ], [ 118.496026774183704, 28.35996392456298, 0.0 ], [ 118.495700938584093, 28.344382757880471, 0.0 ], [ 118.491059893005499, 28.330121737367651, 0.0 ], [ 118.478869703601006, 28.303615937969159, 0.0 ], [ 118.485141072743005, 28.28523903737311, 0.0 ], [ 118.496765296683705, 28.27704189194262, 0.0 ], [ 118.503309780305102, 28.27465638845052, 0.0 ], [ 118.518611579603103, 28.27485580948618, 0.0 ], [ 118.528169403355705, 28.276238889664381, 0.0 ], [ 118.559386207154205, 28.303391129340401, 0.0 ], [ 118.687092723349906, 28.315719302823169, 0.0 ], [ 118.712669110329699, 28.31539242149238, 0.0 ], [ 118.736971971433306, 28.303098699398241, 0.0 ], [ 118.806988155966906, 28.224565787698818, 0.0 ], [ 118.804651645021494, 28.204778922736121, 0.0 ], [ 118.777355741133306, 28.19248089333114, 0.0 ], [ 118.8075740042419, 28.142231231456439, 0.0 ], [ 118.788202444174701, 28.121048860707049, 0.0 ], [ 118.745862908481499, 28.101497469621499, 0.0 ], [ 118.7288216094055, 28.076572086448522, 0.0 ], [ 118.732320796344993, 28.043819036860391, 0.0 ], [ 118.753721031099701, 27.9971463888971, 0.0 ], [ 118.758576624067004, 27.941022605528779, 0.0 ], [ 118.776155498184806, 27.932730629927718, 0.0 ], [ 118.807176686432996, 27.933033218277249, 0.0 ], [ 118.8502584103705, 27.915526427727059, 0.0 ], [ 118.846984516212402, 27.80994218762909, 0.0 ], [ 118.887134310729394, 27.735391554371269, 0.0 ], [ 118.894846951686503, 27.679953731650428, 0.0 ], [ 118.914352790141507, 27.626114778710921, 0.0 ], [ 118.917017420915599, 27.550871202523862, 0.0 ], [ 118.891853765351499, 27.496569799273839, 0.0 ], [ 118.9214513924112, 27.45214503056204, 0.0 ], [ 118.968019425880499, 27.457519158526441, 0.0 ], [ 119.022583135732404, 27.484171714303081, 0.0 ], [ 119.0670973411153, 27.474451594386331, 0.0 ], [ 119.121912858873998, 27.47378686158763, 0.0 ], [ 119.162063590648401, 27.422683738744212, 0.0 ], [ 119.264702735768907, 27.409966420168779, 0.0 ], [ 119.409618944340096, 27.525883008699601, 0.0 ], [ 119.458231323234898, 27.508360502715821, 0.0 ], [ 119.4804689189409, 27.5379484454539, 0.0 ], [ 119.516639838631804, 27.65402506637847, 0.0 ], [ 119.611682096431196, 27.670330166209919, 0.0 ], [ 119.643047942013595, 27.649318424059189, 0.0 ], [ 119.631248169300406, 27.595294745470241, 0.0 ], [ 119.701869397910201, 27.532351502929949, 0.0 ], [ 119.717552062454104, 27.48824573048352, 0.0 ], [ 119.710505973799698, 27.432729948109131, 0.0 ], [ 119.777342826015499, 27.337366429716379, 0.0 ], [ 119.809235981994405, 27.30005647378518, 0.0 ], [ 119.907319094729601, 27.300331748222408, 0.0 ], [ 119.964790285052999, 27.348874380040709, 0.0 ], [ 120.049486423745805, 27.34518569456537, 0.0 ], [ 120.188431460477801, 27.41684760938017, 0.0 ], [ 120.267778090551403, 27.421927096691299, 0.0 ], [ 120.287930986244106, 27.390300941239168, 0.0 ], [ 120.355626020564003, 27.387362447967242, 0.0 ], [ 120.375890169445995, 27.342717810302769, 0.0 ], [ 120.410839282355894, 27.304222368428022, 0.0 ], [ 120.423128477926994, 27.205081390842398, 0.0 ], [ 120.431623571901497, 27.183028945125461, 0.0 ], [ 120.434454967620795, 27.182241310356499, 0.0 ], [ 120.444691978076506, 27.161524838659471, 0.0 ], [ 120.448112767167601, 27.16151069454245, 0.0 ], [ 120.450560790172801, 27.166393539838339, 0.0 ], [ 120.442194560327707, 27.17655232072082, 0.0 ], [ 120.438248018653397, 27.186991291358289, 0.0 ], [ 120.442215945638196, 27.19976282386758, 0.0 ], [ 120.461570873046298, 27.213104574542271, 0.0 ], [ 120.470204356603801, 27.224387909794299, 0.0 ], [ 120.473057286035996, 27.227018239895809, 0.0 ], [ 120.476488147407906, 27.223509482827541, 0.0 ], [ 120.476885251155593, 27.207479455786721, 0.0 ], [ 120.480929202100796, 27.199838973243661, 0.0 ], [ 120.476214415637202, 27.195438650365489, 0.0 ], [ 120.474646084387501, 27.188422430525439, 0.0 ], [ 120.4780129994015, 27.174812481020819, 0.0 ], [ 120.486168596407396, 27.168572736872441, 0.0 ], [ 120.534233109732597, 27.190188883174319, 0.0 ], [ 120.5442510193391, 27.224798259620719, 0.0 ], [ 120.541983225274393, 27.2591268415695, 0.0 ], [ 120.578338699443904, 27.314058879806051, 0.0 ], [ 120.544349084726605, 27.321484141388432, 0.0 ], [ 120.561830158650295, 27.38683231794985, 0.0 ], [ 120.657538737386105, 27.355611742761859, 0.0 ], [ 120.675279488068895, 27.469329477364699, 0.0 ], [ 120.611732774103899, 27.517989735961152, 0.0 ], [ 120.609047326592304, 27.57385511382574, 0.0 ], [ 120.657203081743305, 27.613235632645619, 0.0 ], [ 120.685721214302902, 27.65144356919188, 0.0 ], [ 120.682262758354696, 27.72428835146669, 0.0 ], [ 120.772271854128306, 27.739041217593041, 0.0 ], [ 120.787653041370305, 27.84035479723525, 0.0 ], [ 120.820499771090795, 27.827845061968699, 0.0 ], [ 120.877634366758002, 27.866678028410959, 0.0 ], [ 120.875092350113206, 27.934937167852681, 0.0 ], [ 120.759645699676696, 27.996804366144811, 0.0 ], [ 120.976566391266203, 27.977249101767718, 0.0 ], [ 121.022896172082, 28.123386024322489, 0.0 ], [ 121.137495611628395, 28.18836141802127, 0.0 ], [ 121.1536463792565, 28.300698388744749, 0.0 ], [ 121.191602030534895, 28.354764092929489, 0.0 ], [ 121.230516508842697, 28.36041520200272, 0.0 ], [ 121.267780791245499, 28.30000666763771, 0.0 ], [ 121.351839029818706, 28.159477358949111, 0.0 ], [ 121.393521270610606, 28.149027219234299, 0.0 ], [ 121.413092708198405, 28.17214773286425, 0.0 ], [ 121.406898611021305, 28.23410877352315, 0.0 ], [ 121.454501877642599, 28.247554867159259, 0.0 ], [ 121.477030256810707, 28.306512103416718, 0.0 ], [ 121.501770011365906, 28.332901078862911, 0.0 ], [ 121.602441823015297, 28.31252981326443, 0.0 ], [ 121.638918294673502, 28.344318463877691, 0.0 ], [ 121.612033185830199, 28.49643690285917, 0.0 ], [ 121.536994973811204, 28.58711324509952, 0.0 ], [ 121.508010346567104, 28.68725600965065, 0.0 ], [ 121.637564107133798, 28.742586886876541, 0.0 ], [ 121.699060448308501, 28.840218452362311, 0.0 ], [ 121.675925684432599, 28.854356348828819, 0.0 ], [ 121.651908677108594, 28.851975482688779, 0.0 ], [ 121.660085369707005, 28.882381186107398, 0.0 ], [ 121.628844033544993, 28.899932203617219, 0.0 ], [ 121.587717878334004, 28.897255074511481, 0.0 ], [ 121.541448274360903, 28.918057212241301, 0.0 ], [ 121.542653375002303, 28.937728150142931, 0.0 ], [ 121.569372109820193, 28.965718372462511, 0.0 ], [ 121.563569439481995, 28.93493509253997, 0.0 ], [ 121.600607502464896, 28.924102409217241, 0.0 ], [ 121.616408333836404, 28.950844152264761, 0.0 ], [ 121.659725119622806, 28.916706480686148, 0.0 ], [ 121.720969738083994, 28.908883872446971, 0.0 ], [ 121.7392487324733, 29.024107003696511, 0.0 ], [ 121.675961493473395, 29.05102800139932, 0.0 ], [ 121.640325806671598, 29.046771391228368, 0.0 ], [ 121.613443505407901, 29.029857386168679, 0.0 ], [ 121.606410926812799, 29.047725277099651, 0.0 ], [ 121.585993716731295, 29.052218305139029, 0.0 ], [ 121.545509581993002, 29.017507710214741, 0.0 ], [ 121.560118372307699, 29.06586282091968, 0.0 ], [ 121.644129820489297, 29.071029057115371, 0.0 ], [ 121.654613060342001, 29.12031946836149, 0.0 ], [ 121.425900986963697, 29.11309081184703, 0.0 ], [ 121.474612443625404, 29.140951090880328, 0.0 ], [ 121.466113074889407, 29.16865469779038, 0.0 ], [ 121.546027208852905, 29.18844106538182, 0.0 ], [ 121.562683205413094, 29.276965502883201, 0.0 ], [ 121.603071209403595, 29.279468673712501, 0.0 ], [ 121.643159008424405, 29.204614905579501, 0.0 ], [ 121.652664894176596, 29.238249900426311, 0.0 ], [ 121.647378666778096, 29.302613979467079, 0.0 ], [ 121.662817750860299, 29.29064513027997, 0.0 ], [ 121.676196311649903, 29.200976280810998, 0.0 ], [ 121.699071204803005, 29.18629874615559, 0.0 ], [ 121.727125407474304, 29.195109548034871, 0.0 ], [ 121.749542239664194, 29.286842422439079, 0.0 ], [ 121.758171261868398, 29.199659768917069, 0.0 ], [ 121.794693505713397, 29.266137997144821, 0.0 ], [ 121.811383146247806, 29.359985894261239, 0.0 ], [ 121.835660303194501, 29.274910086499251, 0.0 ], [ 121.817480213183899, 29.201091118333348, 0.0 ], [ 121.870894736404594, 29.16834654476656, 0.0 ], [ 121.958374981241505, 29.216007204636721, 0.0 ], [ 122.000583930439106, 29.28399563132519, 0.0 ], [ 121.964813566035104, 29.330879383311181, 0.0 ], [ 121.913227573332605, 29.390250242786561, 0.0 ], [ 121.977839499053303, 29.41969721554787, 0.0 ], [ 121.983625301898101, 29.46777253573633, 0.0 ], [ 121.9438156745979, 29.53409740886379, 0.0 ], [ 121.992761963724405, 29.57575093379339, 0.0 ], [ 121.998690239139194, 29.61562119200115, 0.0 ], [ 121.947548492276894, 29.643891421354219, 0.0 ], [ 121.799818608890007, 29.59544573424801, 0.0 ], [ 121.741374035594404, 29.548921196876972, 0.0 ], [ 121.673776578109198, 29.521609445094722, 0.0 ], [ 121.682564639560098, 29.553769547370091, 0.0 ], [ 121.733406209144803, 29.58638958125357, 0.0 ], [ 121.883827450979297, 29.743132358910479, 0.0 ], [ 121.997054644579606, 29.825419793635639, 0.0 ], [ 122.047571646491505, 29.83367153509716, 0.0 ], [ 122.109414974909001, 29.865794151444572, 0.0 ], [ 122.1259045175849, 29.872936579122239, 0.0 ], [ 122.133866793636102, 29.886890558541371, 0.0 ], [ 122.129849793954307, 29.898018125668742, 0.0 ], [ 122.120560392424295, 29.899402504687, 0.0 ], [ 122.114315108068396, 29.890812361362251, 0.0 ], [ 122.1035173308384, 29.88234440330195, 0.0 ], [ 122.075702028566994, 29.88126329847783, 0.0 ], [ 122.019898720053504, 29.877919047615421, 0.0 ], [ 121.990642014343805, 29.887536026305479, 0.0 ], [ 121.952809798350501, 29.88596372446575, 0.0 ], [ 121.934114117128999, 29.894563331099231, 0.0 ], [ 121.776077384055796, 29.964450740229029, 0.0 ], [ 121.720098369097997, 29.95999770169535, 0.0 ], [ 121.673538247163606, 29.971228955719681, 0.0 ], [ 121.555069138346099, 30.10871920436562, 0.0 ], [ 121.432031207335896, 30.215476531978009, 0.0 ], [ 121.330074022698497, 30.236962748717751, 0.0 ], [ 121.248150723795305, 30.242363838556059, 0.0 ], [ 121.165913335549902, 30.2299369471285, 0.0 ], [ 121.049669300249803, 30.177485891968221, 0.0 ], [ 120.807353611704102, 30.124214149438949, 0.0 ], [ 120.738922117373903, 30.125190199256139, 0.0 ], [ 120.684136185920707, 30.110323203275509, 0.0 ], [ 120.652539954571097, 30.140543430265261, 0.0 ], [ 120.623358505887794, 30.134531391954361, 0.0 ], [ 120.541308516529995, 30.186775362133389, 0.0 ], [ 120.446563750030904, 30.207262697459701, 0.0 ], [ 120.327628516835105, 30.22581672491506, 0.0 ], [ 120.216971711692494, 30.227265449958399, 0.0 ], [ 120.214824896781806, 30.251840929894058, 0.0 ], [ 120.262732285350907, 30.264498376401971, 0.0 ], [ 120.307996232620496, 30.268259025768369, 0.0 ], [ 120.353215285779299, 30.26646494088919, 0.0 ], [ 120.415620011933001, 30.25008496428006, 0.0 ], [ 120.455535274527506, 30.33644679524269, 0.0 ], [ 120.500208326542804, 30.378777263373649, 0.0 ], [ 120.574244778965394, 30.398719133687312, 0.0 ], [ 120.659207762633102, 30.397876077906851, 0.0 ], [ 120.737500391998594, 30.37984247945078, 0.0 ], [ 120.7441487239564, 30.355645720109202, 0.0 ], [ 120.761744823229705, 30.34176501270889, 0.0 ], [ 120.773532462829905, 30.34999816747629, 0.0 ], [ 120.808711874995097, 30.332442731311229, 0.0 ], [ 120.913860698359898, 30.383163554184279, 0.0 ], [ 120.946778245198004, 30.44122618050239, 0.0 ], [ 120.945565116534894, 30.48892328343581, 0.0 ], [ 120.973134445901707, 30.52696235651036, 0.0 ], [ 121.0558272486211, 30.588533452780961, 0.0 ], [ 121.146691326660104, 30.592018356756451, 0.0 ], [ 121.157804170612806, 30.623842786036249, 0.0 ], [ 121.272668831647593, 30.692980390525921, 0.0 ], [ 121.264399348690503, 30.70221649774847, 0.0 ], [ 121.256527908929698, 30.735328954581131, 0.0 ], [ 121.210584296045198, 30.782083761850561, 0.0 ], [ 121.185330421510102, 30.77225943966576, 0.0 ], [ 121.156368260705904, 30.768385610870862, 0.0 ], [ 121.143992015979705, 30.773446936682891, 0.0 ], [ 121.127406857581306, 30.786298635185808, 0.0 ], [ 121.141782423472705, 30.820477208421462, 0.0 ], [ 121.135186024217901, 30.850037417049741, 0.0 ], [ 121.008255205776095, 30.823994630689182, 0.0 ], [ 120.999188107488294, 30.840977094197129, 0.0 ], [ 121.030293600071602, 30.8973295561069, 0.0 ], [ 120.998087945295097, 30.950760136497259, 0.0 ], [ 120.998970942222201, 31.003132589081311, 0.0 ], [ 120.966469411057702, 31.018887462025599, 0.0 ], [ 120.895501210728099, 31.00717406147729, 0.0 ], [ 120.874684283588905, 30.995284447791299, 0.0 ], [ 120.852415162622606, 30.994660054775832, 0.0 ], [ 120.822084020297694, 31.010169922998621, 0.0 ], [ 120.807537389275595, 31.012330280708252, 0.0 ], [ 120.773381821763707, 30.993885736009471, 0.0 ], [ 120.756889301674306, 30.972461931087182, 0.0 ], [ 120.724074326745793, 30.968700959539412, 0.0 ], [ 120.706283611092104, 30.937297420091479, 0.0 ], [ 120.700553206730504, 30.887300045827612, 0.0 ], [ 120.683562648218697, 30.866890783186339, 0.0 ], [ 120.631804407260802, 30.84731919271249, 0.0 ], [ 120.596137616896598, 30.846076226312292, 0.0 ], [ 120.562879809719803, 30.81533253669771, 0.0 ], [ 120.545087544240502, 30.784736193926129, 0.0 ], [ 120.522648572703403, 30.755411326370059, 0.0 ], [ 120.512331645189505, 30.746904395518939, 0.0 ], [ 120.506082495565707, 30.749989395255131, 0.0 ], [ 120.486166866555806, 30.781930326016969, 0.0 ], [ 120.461726064503694, 30.848319644310891, 0.0 ], [ 120.419377881979003, 30.891371475526441, 0.0 ], [ 120.384410247174799, 30.872386920082558, 0.0 ], [ 120.368244632509004, 30.881956036544469, 0.0 ], [ 120.367110058043707, 30.953572952149461, 0.0 ], [ 120.294598783918701, 30.99562541621286, 0.0 ], [ 120.222328727506806, 31.00441401575582, 0.0 ], [ 120.112121729546402, 31.113889552599439, 0.0 ], [ 119.886842574819298, 31.176411261452159, 0.0 ], [ 119.801757931882094, 31.16322124371538, 0.0 ], [ 119.741551944392597, 31.1836837678477, 0.0 ], [ 119.699031360413599, 31.148740237648429, 0.0 ], [ 119.668826241187404, 31.168468298850492, 0.0 ], [ 119.6472916344418, 31.155619207473499, 0.0 ], [ 119.628405849650804, 31.030214186954641, 0.0 ], [ 119.680980341516999, 30.905290919848859, 0.0 ], [ 119.5819707276614, 30.841367929023551, 0.0 ], [ 119.5680776043436, 30.7338335000337, 0.0 ], [ 119.507025211944807, 30.671754689845571, 0.0 ], [ 119.461408847239795, 30.648942830768469, 0.0 ], [ 119.407862040009505, 30.648535674385759, 0.0 ], [ 119.400326794733303, 30.684325722006019, 0.0 ], [ 119.385783966071202, 30.691113012917828, 0.0 ], [ 119.334006215828396, 30.658414492486941, 0.0 ], [ 119.312612112231804, 30.62497007309878, 0.0 ], [ 119.263849309987407, 30.617166673090249, 0.0 ], [ 119.258043032046899, 30.602608555521851, 0.0 ], [ 119.272738662258405, 30.590396614110791, 0.0 ], [ 119.265333596684997, 30.580712237589552, 0.0 ], [ 119.224808379198706, 30.563435494082611, 0.0 ], [ 119.258676548221601, 30.508333503144339, 0.0 ], [ 119.268378885438295, 30.508439598002688, 0.0 ], [ 119.299100965386899, 30.52954275372554, 0.0 ], [ 119.325494128440496, 30.52982834309401, 0.0 ], [ 119.359058776591695, 30.392827125592099, 0.0 ], [ 119.395468928074493, 30.389585637013319, 0.0 ], [ 119.389571059096596, 30.371025596534039, 0.0 ], [ 119.306661061100002, 30.367329249298649, 0.0 ], [ 119.272267574733206, 30.330965342589, 0.0 ], [ 119.2264826448517, 30.31302767763728, 0.0 ], [ 119.018935784355904, 30.327152993606379, 0.0 ], [ 118.966575560152293, 30.3622441737146, 0.0 ], [ 118.929894016079004, 30.344866153802869, 0.0 ] ] ] } },
{ "type": "Feature", "properties": { "省份": "浙江", "id": "2026081100140002", "name": "浙江", "layer": "舟山", "path": "C:/Users/geste/Desktop/ming1433_fullv1.0.geojson" }, "geometry": { "type": "Polygon", "coordinates": [ [ [ 121.9291832008402, 30.15728603177288, 0.0 ], [ 121.994591372532994, 30.115857635693001, 0.0 ], [ 121.9873657333751, 30.044764409262541, 0.0 ], [ 122.021597287626193, 30.02785672451969, 0.0 ], [ 122.035636510404402, 29.987944935160591, 0.0 ], [ 122.073247764053207, 29.995953820504852, 0.0 ], [ 122.111830428812098, 29.99488661685297, 0.0 ], [ 122.135360140952002, 29.979220377052119, 0.0 ], [ 122.182524775421598, 29.992258327107731, 0.0 ], [ 122.277027246322604, 29.943875386737002, 0.0 ], [ 122.352643956660202, 29.911729271164219, 0.0 ], [ 122.318458245127204, 29.965862473429599, 0.0 ], [ 122.341318328124302, 30.02324249698367, 0.0 ], [ 122.278073533838395, 30.05943439975659, 0.0 ], [ 122.2583994506561, 30.06187043851623, 0.0 ], [ 122.218968723888693, 30.087925010853318, 0.0 ], [ 122.212441464936404, 30.076694155810209, 0.0 ], [ 122.186177640265697, 30.088727595207221, 0.0 ], [ 122.181575231922494, 30.101694197711211, 0.0 ], [ 122.097439164324797, 30.147810738163301, 0.0 ], [ 122.042519191713296, 30.141650096779479, 0.0 ], [ 122.014599548262794, 30.15216289169518, 0.0 ], [ 121.980931365661903, 30.150126591565432, 0.0 ], [ 121.964782084999797, 30.17912247775098, 0.0 ], [ 121.928581093357806, 30.170918155732419, 0.0 ], [ 121.9291832008402, 30.15728603177288, 0.0 ] ] ] } },
{ "type": "Feature", "properties": { "省份": "浙江", "id": "2026081100140003", "name": "浙江", "layer": "岱山岛", "path": "C:/Users/geste/Desktop/ming1433_fullv1.0.geojson" }, "geometry": { "type": "Polygon", "coordinates": [ [ [ 122.079271865970199, 30.281401609329539, 0.0 ], [ 122.109693434475304, 30.281046931133559, 0.0 ], [ 122.145186719615893, 30.257753495979799, 0.0 ], [ 122.239889640783602, 30.23068723027562, 0.0 ], [ 122.227979924743593, 30.268783267938758, 0.0 ], [ 122.205579573187407, 30.27798579513923, 0.0 ], [ 122.231633175966607, 30.29937912488678, 0.0 ], [ 122.215863340962301, 30.329185540877731, 0.0 ], [ 122.182581315119606, 30.335575701730001, 0.0 ], [ 122.179392668830502, 30.31986799833604, 0.0 ], [ 122.146723390252305, 30.297223440093571, 0.0 ], [ 122.119516967859795, 30.32066012095223, 0.0 ], [ 122.096322425835695, 30.317316708418861, 0.0 ], [ 122.105981754816398, 30.29502794614713, 0.0 ], [ 122.0833193257739, 30.291352707917021, 0.0 ], [ 122.079271865970199, 30.281401609329539, 0.0 ] ] ] } },
{ "type": "Feature", "properties": { "省份": "浙江", "id": "2026081100140004", "name": "浙江", "layer": "横岛", "path": "C:/Users/geste/Desktop/ming1433_fullv1.0.geojson" }, "geometry": { "type": "Polygon", "coordinates": [ [ [ 122.075494929398602, 29.771653699563551, 0.0 ], [ 122.0681644844761, 29.748512450380371, 0.0 ], [ 122.045823233920402, 29.714739217195309, 0.0 ], [ 122.059938721170695, 29.70853449222016, 0.0 ], [ 122.075340369312102, 29.711063185298791, 0.0 ], [ 122.091128382378301, 29.724810717460219, 0.0 ], [ 122.1137304071854, 29.711680012469088, 0.0 ], [ 122.128739883618707, 29.702363394358759, 0.0 ], [ 122.118912289409593, 29.691418232878782, 0.0 ], [ 122.139274375182296, 29.68670387472444, 0.0 ], [ 122.141127934114806, 29.66289208405254, 0.0 ], [ 122.1776206096946, 29.67279473057615, 0.0 ], [ 122.177910225269201, 29.649247942100459, 0.0 ], [ 122.188643483574594, 29.649336602384011, 0.0 ], [ 122.208956934186901, 29.6935335672853, 0.0 ], [ 122.187270833481506, 29.72033633934004, 0.0 ], [ 122.167195687405297, 29.728411157774669, 0.0 ], [ 122.151356463604799, 29.71974772224905, 0.0 ], [ 122.1336739930465, 29.74865493456663, 0.0 ], [ 122.136077228339502, 29.78001539676433, 0.0 ], [ 122.110222240190893, 29.786469696285291, 0.0 ], [ 122.104464424412896, 29.773389250556999, 0.0 ], [ 122.075494929398602, 29.771653699563551, 0.0 ] ] ] } },
{ "type": "Feature", "properties": { "省份": "浙江", "id": "2026081100140005", "name": "浙江", "layer": "桃花岛", "path": "C:/Users/geste/Desktop/ming1433_fullv1.0.geojson" }, "geometry": { "type": "Polygon", "coordinates": [ [ [ 122.230486179243101, 29.826488995865141, 0.0 ], [ 122.253666638777602, 29.808337051214242, 0.0 ], [ 122.287876718510802, 29.784847345523399, 0.0 ], [ 122.305254913535606, 29.765742476772761, 0.0 ], [ 122.319303799875698, 29.777067889283831, 0.0 ], [ 122.3047375665262, 29.793465136902199, 0.0 ], [ 122.304966211271406, 29.802286691310869, 0.0 ], [ 122.283745291647804, 29.824793654791261, 0.0 ], [ 122.237497113434102, 29.834185511135399, 0.0 ], [ 122.230486179243101, 29.826488995865141, 0.0 ] ] ] } },
{ "type": "Feature", "properties": { "省份": "浙江", "id": "2026081100140006", "name": "浙江", "layer": "捕鱼礁", "path": "C:/Users/geste/Desktop/ming1433_fullv1.0.geojson" }, "geometry": { "type": "Polygon", "coordinates": [ [ [ 122.216549967871899, 29.7674859964992, 0.0 ], [ 122.231851598863102, 29.757152507479841, 0.0 ], [ 122.234454272324299, 29.74299333761439, 0.0 ], [ 122.262194979920196, 29.731619805415932, 0.0 ], [ 122.268985104069898, 29.737680300768918, 0.0 ], [ 122.284391667232995, 29.72968227468046, 0.0 ], [ 122.291964816360604, 29.733561398950329, 0.0 ], [ 122.280080759032202, 29.74870706993276, 0.0 ], [ 122.272874124081994, 29.75721314148851, 0.0 ], [ 122.255755526805004, 29.750062886767481, 0.0 ], [ 122.243278507325897, 29.759822412408401, 0.0 ], [ 122.249927736299497, 29.767483523141259, 0.0 ], [ 122.2393400965355, 29.77774881050464, 0.0 ], [ 122.235293355091997, 29.77279044939668, 0.0 ], [ 122.2220197911235, 29.772123704556439, 0.0 ], [ 122.216549967871899, 29.7674859964992, 0.0 ] ] ] } },
{ "type": "Feature", "properties": { "省份": "浙江", "id": "2026081100140007", "name": "浙江", "layer": "元山岛", "path": "C:/Users/geste/Desktop/ming1433_fullv1.0.geojson" }, "geometry": { "type": "Polygon", "coordinates": [ [ [ 122.213369712039594, 29.699383595883049, 0.0 ], [ 122.227296998923194, 29.689282105170719, 0.0 ], [ 122.243136615716693, 29.676814706092941, 0.0 ], [ 122.261030346033905, 29.679088884007381, 0.0 ], [ 122.273792768293603, 29.66983257566066, 0.0 ], [ 122.275848010417405, 29.68125679042171, 0.0 ], [ 122.277791656609693, 29.68816517265439, 0.0 ], [ 122.264544695091303, 29.685711686456969, 0.0 ], [ 122.237114875385998, 29.694660583433201, 0.0 ], [ 122.227621168213403, 29.70666142393658, 0.0 ], [ 122.216554419484197, 29.710469061386171, 0.0 ], [ 122.213369712039594, 29.699383595883049, 0.0 ] ] ] } },
{ "type": "Feature", "properties": { "省份": "浙江", "id": "2026081100140008", "name": "浙江", "layer": "朱家尖", "path": "C:/Users/geste/Desktop/ming1433_fullv1.0.geojson" }, "geometry": { "type": "Polygon", "coordinates": [ [ [ 122.369842919467501, 29.942040608241228, 0.0 ], [ 122.364832674074805, 29.936803018863628, 0.0 ], [ 122.369040791899906, 29.92309938464124, 0.0 ], [ 122.3657691162596, 29.914657321024961, 0.0 ], [ 122.378850466274201, 29.894908356099009, 0.0 ], [ 122.371646646884798, 29.858428581355039, 0.0 ], [ 122.382526567484007, 29.83770950651639, 0.0 ], [ 122.391530457867304, 29.8274466556691, 0.0 ], [ 122.405268399503896, 29.83146746689555, 0.0 ], [ 122.394964539286406, 29.849166213436419, 0.0 ], [ 122.409339225679901, 29.864592509237578, 0.0 ], [ 122.426844293078204, 29.88169890539238, 0.0 ], [ 122.425397680347999, 29.900866020934831, 0.0 ], [ 122.410531772727893, 29.90536054653564, 0.0 ], [ 122.410084934148202, 29.91102349118156, 0.0 ], [ 122.429000075770404, 29.913900182226179, 0.0 ], [ 122.415548444334206, 29.930841478334759, 0.0 ], [ 122.416259105153799, 29.94744631491368, 0.0 ], [ 122.404463254420605, 29.94947123523891, 0.0 ], [ 122.390737287095803, 29.93279587903389, 0.0 ], [ 122.375876385511205, 29.94308693072858, 0.0 ], [ 122.369842919467501, 29.942040608241228, 0.0 ] ] ] } },
{ "type": "Feature", "properties": { "省份": "浙江", "id": "2026081100140009", "name": "浙江", "layer": "大长涂山", "path": "C:/Users/geste/Desktop/ming1433_fullv1.0.geojson" }, "geometry": { "type": "Polygon", "coordinates": [ [ [ 122.266136905732196, 30.239302377727881, 0.0 ], [ 122.288135498886007, 30.240748813397801, 0.0 ], [ 122.3012162650747, 30.232185527050181, 0.0 ], [ 122.309775834268507, 30.242246204447589, 0.0 ], [ 122.328557297207794, 30.234550392631711, 0.0 ], [ 122.334379031553098, 30.235840694582372, 0.0 ], [ 122.350311659851599, 30.241385629842078, 0.0 ], [ 122.359123969159697, 30.257540244568759, 0.0 ], [ 122.377356328030302, 30.254656584981191, 0.0 ], [ 122.381337494440302, 30.241990974189129, 0.0 ], [ 122.389100002895006, 30.242266582817109, 0.0 ], [ 122.393405409232599, 30.239122230522721, 0.0 ], [ 122.410298992062494, 30.236903901231969, 0.0 ], [ 122.418346565144404, 30.22870680756289, 0.0 ], [ 122.429415655436998, 30.242936093108959, 0.0 ], [ 122.417918925161899, 30.25106912279724, 0.0 ], [ 122.401391212996799, 30.274590903475879, 0.0 ], [ 122.334631885418901, 30.269283530661909, 0.0 ], [ 122.320302681104195, 30.26934174098551, 0.0 ], [ 122.317141061839394, 30.2620162324151, 0.0 ], [ 122.312313795698998, 30.25896798274545, 0.0 ], [ 122.305075006686906, 30.261623344358391, 0.0 ], [ 122.294066911163299, 30.27081096031835, 0.0 ], [ 122.258589864406204, 30.269137503958881, 0.0 ], [ 122.252471902569297, 30.239290415255439, 0.0 ], [ 122.266136905732196, 30.239302377727881, 0.0 ] ] ] } },
{ "type": "Feature", "properties": { "省份": "浙江", "id": "2026081100140010", "name": "浙江", "layer": "金塘岛", "path": "C:/Users/geste/Desktop/ming1433_fullv1.0.geojson" }, "geometry": { "type": "Polygon", "coordinates": [ [ [ 121.869330573173798, 30.081026224619489, 0.0 ], [ 121.854086302319899, 30.041781686788319, 0.0 ], [ 121.859248679434302, 30.017757901347689, 0.0 ], [ 121.8419147138179, 29.98365390403773, 0.0 ], [ 121.8618964508197, 29.95950675165949, 0.0 ], [ 121.914937348782601, 29.9846333758212, 0.0 ], [ 121.945798796143606, 29.992212941164791, 0.0 ], [ 121.924521442236497, 30.02040960780381, 0.0 ], [ 121.924340649321294, 30.05364326413396, 0.0 ], [ 121.8897133506252, 30.052779952460451, 0.0 ], [ 121.895510886221899, 30.073373313419111, 0.0 ], [ 121.869330573173798, 30.081026224619489, 0.0 ] ] ] } },
{ "type": "Feature", "properties": { "省份": "浙江", "id": "2026081100140011", "name": "浙江", "layer": "大衢山", "path": "C:/Users/geste/Desktop/ming1433_fullv1.0.geojson" }, "geometry": { "type": "Polygon", "coordinates": [ [ [ 122.2792978252956, 30.47848375742344, 0.0 ], [ 122.286528618264398, 30.451302857668409, 0.0 ], [ 122.280739706777396, 30.447512981345721, 0.0 ], [ 122.285838166994296, 30.43248985682316, 0.0 ], [ 122.2733766467029, 30.42689623438115, 0.0 ], [ 122.277571637202499, 30.423242378918559, 0.0 ], [ 122.290017272859799, 30.426977459085929, 0.0 ], [ 122.308103608896602, 30.425485902465748, 0.0 ], [ 122.316094009878995, 30.412906703542021, 0.0 ], [ 122.325016444144396, 30.413360525652809, 0.0 ], [ 122.326801477927305, 30.425665081776639, 0.0 ], [ 122.327933731736806, 30.437320174265189, 0.0 ], [ 122.354847918932705, 30.43446814410343, 0.0 ], [ 122.364032931859995, 30.41867642363265, 0.0 ], [ 122.379146201151897, 30.426990276058181, 0.0 ], [ 122.406384072866203, 30.42219741334155, 0.0 ], [ 122.417136753978994, 30.416816941192671, 0.0 ], [ 122.429703439469804, 30.417214877273171, 0.0 ], [ 122.429773104678802, 30.423603065918151, 0.0 ], [ 122.415137627515804, 30.43891056650531, 0.0 ], [ 122.418517930725102, 30.444412326978789, 0.0 ], [ 122.430760026594797, 30.452452670561701, 0.0 ], [ 122.427393326695295, 30.455449712136591, 0.0 ], [ 122.373722985490801, 30.459197891455961, 0.0 ], [ 122.367003945078906, 30.466346128110931, 0.0 ], [ 122.377600154856694, 30.478807058715919, 0.0 ], [ 122.370215466691107, 30.480298862404329, 0.0 ], [ 122.364366084355495, 30.470834350317421, 0.0 ], [ 122.355870061545303, 30.461272256496361, 0.0 ], [ 122.339605613573895, 30.466757007711891, 0.0 ], [ 122.311079099903395, 30.472171248310861, 0.0 ], [ 122.303336245688797, 30.46271945054135, 0.0 ], [ 122.291822046657003, 30.4707969865145, 0.0 ], [ 122.284755919737293, 30.47974225245984, 0.0 ], [ 122.2792978252956, 30.47848375742344, 0.0 ] ] ] } },
{ "type": "Feature", "properties": { "省份": "浙江", "id": "2026081100140012", "name": "浙江", "layer": "嵊泗", "path": "C:/Users/geste/Desktop/ming1433_fullv1.0.geojson" }, "geometry": { "type": "Polygon", "coordinates": [ [ [ 122.419471062210903, 30.750327714825001, 0.0 ], [ 122.436893913102395, 30.732449780280518, 0.0 ], [ 122.431767936364196, 30.70976135899415, 0.0 ], [ 122.455519118747802, 30.70991934566656, 0.0 ], [ 122.503742065294702, 30.713972370263999, 0.0 ], [ 122.5306678138016, 30.715974805896241, 0.0 ], [ 122.521012957721496, 30.727999826653999, 0.0 ], [ 122.533057567173401, 30.741018742822408, 0.0 ], [ 122.486920747979497, 30.734101102554359, 0.0 ], [ 122.454951579015699, 30.74677976127489, 0.0 ], [ 122.432293197688495, 30.758405504322141, 0.0 ], [ 122.419471062210903, 30.750327714825001, 0.0 ] ] ] } },
{ "type": "Feature", "properties": { "省份": "浙江", "id": "2026081100140013", "name": "浙江", "layer": "附属岛屿", "path": "C:/Users/geste/Desktop/ming1433_fullv1.0.geojson" }, "geometry": { "type": "Polygon", "coordinates": [ [ [ 121.237360513172902, 28.205073935602751, 0.0 ], [ 121.219907772274595, 28.170781468234459, 0.0 ], [ 121.146753060840794, 28.142344226935201, 0.0 ], [ 121.183670996897902, 28.0419829409005, 0.0 ], [ 121.227614571400494, 28.04418613096523, 0.0 ], [ 121.253453380573703, 28.072387147364889, 0.0 ], [ 121.287295885090003, 28.053946935065291, 0.0 ], [ 121.332787327389795, 28.11300945622521, 0.0 ], [ 121.268654940178905, 28.170423765568991, 0.0 ], [ 121.304288559425501, 28.189313202585861, 0.0 ], [ 121.270611323357699, 28.217281822326189, 0.0 ], [ 121.237360513172902, 28.205073935602751, 0.0 ] ] ] } },
{ "type": "Feature", "properties": { "省份": "浙江", "id": "2026081100140014", "name": "浙江", "layer": "附属岛屿", "path": "C:/Users/geste/Desktop/ming1433_fullv1.0.geojson" }, "geometry": { "type": "Polygon", "coordinates": [ [ [ 121.194749997139198, 28.008477849754971, 0.0 ], [ 121.173292786327906, 27.989569214317481, 0.0 ], [ 121.188307585635997, 27.958765402817971, 0.0 ], [ 121.2358671072856, 27.98916879893159, 0.0 ], [ 121.194749997139198, 28.008477849754971, 0.0 ] ] ] } },
{ "type": "Feature", "properties": { "省份": "浙江", "id": "2026081100140015", "name": "浙江", "layer": "附属岛屿", "path": "C:/Users/geste/Desktop/ming1433_fullv1.0.geojson" }, "geometry": { "type": "Polygon", "coordinates": [ [ [ 121.049259186797201, 27.93778222932513, 0.0 ], [ 121.099053999363605, 27.94803764538646, 0.0 ], [ 121.102163953078104, 27.93414723495356, 0.0 ], [ 121.140561996762798, 27.945898724661639, 0.0 ], [ 121.142479694755394, 27.977918935483679, 0.0 ], [ 121.049388666845601, 27.956797934178951, 0.0 ], [ 121.049259186797201, 27.93778222932513, 0.0 ] ] ] } },
{ "type": "Feature", "properties": { "省份": "浙江", "id": "2026081100140016", "name": "浙江", "layer": "附属岛屿", "path": "C:/Users/geste/Desktop/ming1433_fullv1.0.geojson" }, "geometry": { "type": "Polygon", "coordinates": [ [ [ 120.898340937669303, 27.935677592906991, 0.0 ], [ 120.937777799026094, 27.95667447674936, 0.0 ], [ 120.867460611568504, 27.970771220675861, 0.0 ], [ 120.898340937669303, 27.935677592906991, 0.0 ] ] ] } },
{ "type": "Feature", "properties": { "省份": "浙江", "id": "2026081100140017", "name": "浙江", "layer": "附属岛屿", "path": "C:/Users/geste/Desktop/ming1433_fullv1.0.geojson" }, "geometry": { "type": "Polygon", "coordinates": [ [ [ 121.035283256418595, 27.86865957587079, 0.0 ], [ 121.022375067522802, 27.8278930354588, 0.0 ], [ 121.058953912040195, 27.832748478874279, 0.0 ], [ 121.087532293681505, 27.863508118894011, 0.0 ], [ 121.035283256418595, 27.86865957587079, 0.0 ] ] ] } },
{ "type": "Feature", "properties": { "省份": "浙江", "id": "2026081100140018", "name": "浙江", "layer": "附属岛屿", "path": "C:/Users/geste/Desktop/ming1433_fullv1.0.geojson" }, "geometry": { "type": "Polygon", "coordinates": [ [ [ 121.132342965609496, 27.899169544208981, 0.0 ], [ 121.114030991747697, 27.867176988156711, 0.0 ], [ 121.155947386040694, 27.875337301362269, 0.0 ], [ 121.1624154212994, 27.90074904129969, 0.0 ], [ 121.132342965609496, 27.899169544208981, 0.0 ] ] ] } },
{ "type": "Feature", "properties": { "省份": "浙江", "id": "2026081100140019", "name": "浙江", "layer": "附属岛屿", "path": "C:/Users/geste/Desktop/ming1433_fullv1.0.geojson" }, "geometry": { "type": "Polygon", "coordinates": [ [ [ 121.128929664850105, 27.832279200394218, 0.0 ], [ 121.103569666084297, 27.808051456265069, 0.0 ], [ 121.191212850526796, 27.81040369773271, 0.0 ], [ 121.200036263276004, 27.85971059321626, 0.0 ], [ 121.151890899949393, 27.833413091242011, 0.0 ], [ 121.128929664850105, 27.832279200394218, 0.0 ] ] ] } },
{ "type": "Feature", "properties": { "省份": "浙江", "id": "2026081100140020", "name": "浙江", "layer": "附属岛屿", "path": "C:/Users/geste/Desktop/ming1433_fullv1.0.geojson" }, "geometry": { "type": "Polygon", "coordinates": [ [ [ 121.945585147441804, 29.184319991440379, 0.0 ], [ 121.899318683458006, 29.13791956178763, 0.0 ], [ 121.936278233272901, 29.113451635005561, 0.0 ], [ 121.933184909020099, 29.092142341408561, 0.0 ], [ 121.901779373078895, 29.080836357481768, 0.0 ], [ 121.909732079549201, 29.069301523079851, 0.0 ], [ 121.982983613084699, 29.058164589790511, 0.0 ], [ 121.998165525262095, 29.128889541471452, 0.0 ], [ 121.945585147441804, 29.184319991440379, 0.0 ] ] ] } },
{ "type": "Feature", "properties": { "省份": "浙江", "id": "2026081100140021", "name": "浙江", "layer": "附属岛屿", "path": "C:/Users/geste/Desktop/ming1433_fullv1.0.geojson" }, "geometry": { "type": "Polygon", "coordinates": [ [ [ 121.805191795493201, 29.12930366026805, 0.0 ], [ 121.845332304236706, 29.121596674428861, 0.0 ], [ 121.844725044308504, 29.10208752325174, 0.0 ], [ 121.861480018151596, 29.093279602638759, 0.0 ], [ 121.876661674085994, 29.105049028052559, 0.0 ], [ 121.907032838301205, 29.118206815798441, 0.0 ], [ 121.872305333207393, 29.146901651248779, 0.0 ], [ 121.854440199138196, 29.135303525605391, 0.0 ], [ 121.835158128043901, 29.149236077034171, 0.0 ], [ 121.787808207689295, 29.150507455497522, 0.0 ], [ 121.805191795493201, 29.12930366026805, 0.0 ] ] ] } },
{ "type": "Feature", "properties": { "省份": "浙江", "id": "2026081100140022", "name": "浙江", "layer": "附属岛屿", "path": "C:/Users/geste/Desktop/ming1433_fullv1.0.geojson" }, "geometry": { "type": "Polygon", "coordinates": [ [ [ 121.669580221556302, 28.356542813292119, 0.0 ], [ 121.626547387056902, 28.311523672149232, 0.0 ], [ 121.616739704078199, 28.265368975209629, 0.0 ], [ 121.678347361178695, 28.292002008942479, 0.0 ], [ 121.692491440527704, 28.3429509608473, 0.0 ], [ 121.6900505317126, 28.362886779189321, 0.0 ], [ 121.669580221556302, 28.356542813292119, 0.0 ] ] ] } },
{ "type": "Feature", "properties": { "省份": "浙江", "id": "2026081100140023", "name": "浙江", "layer": "附属岛屿", "path": "C:/Users/geste/Desktop/ming1433_fullv1.0.geojson" }, "geometry": { "type": "Polygon", "coordinates": [ [ [ 121.913069214263402, 28.51310596020959, 0.0 ], [ 121.898607235952696, 28.50308662615134, 0.0 ], [ 121.900368753129996, 28.481522257902601, 0.0 ], [ 121.914895608806006, 28.476676795136221, 0.0 ], [ 121.935125139469406, 28.48668292184821, 0.0 ], [ 121.936553044935906, 28.509311555104698, 0.0 ], [ 121.913069214263402, 28.51310596020959, 0.0 ] ] ] } },
{ "type": "Feature", "properties": { "省份": "浙江", "id": "2026081100140024", "name": "浙江", "layer": "附属岛屿", "path": "C:/Users/geste/Desktop/ming1433_fullv1.0.geojson" }, "geometry": { "type": "Polygon", "coordinates": [ [ [ 121.867481849452702, 28.81801431174507, 0.0 ], [ 121.864083398687001, 28.775876440403, 0.0 ], [ 121.888455014958893, 28.814854447206901, 0.0 ], [ 121.867481849452702, 28.81801431174507, 0.0 ] ] ] } },
{ "type": "Feature", "properties": { "省份": "浙江", "id": "2026081100140025", "name": "浙江", "layer": "附属岛屿", "path": "C:/Users/geste/Desktop/ming1433_fullv1.0.geojson" }, "geometry": { "type": "Polygon", "coordinates": [ [ [ 121.870237524087003, 28.750112584225288, 0.0 ], [ 121.857855750622093, 28.74093663950719, 0.0 ], [ 121.872019573715704, 28.72846166083793, 0.0 ], [ 121.885785558685896, 28.74851822762945, 0.0 ], [ 121.870237524087003, 28.750112584225288, 0.0 ] ] ] } },
{ "type": "Feature", "properties": { "省份": "浙江", "id": "2026081100140026", "name": "浙江", "layer": "附属岛屿", "path": "C:/Users/geste/Desktop/ming1433_fullv1.0.geojson" }, "geometry": { "type": "Polygon", "coordinates": [ [ [ 121.789387089977595, 28.7072750736206, 0.0 ], [ 121.774622024186897, 28.69432957627156, 0.0 ], [ 121.800472636619006, 28.67687129512159, 0.0 ], [ 121.818389277033106, 28.696085530294152, 0.0 ], [ 121.800613872435505, 28.69639281562506, 0.0 ], [ 121.789387089977595, 28.7072750736206, 0.0 ] ] ] } },
{ "type": "Feature", "properties": { "省份": "浙江", "id": "2026081100140027", "name": "浙江", "layer": "附属岛屿", "path": "C:/Users/geste/Desktop/ming1433_fullv1.0.geojson" }, "geometry": { "type": "Polygon", "coordinates": [ [ [ 122.256669985613797, 28.889353808742921, 0.0 ], [ 122.244950998547694, 28.884819610510611, 0.0 ], [ 122.252079571544698, 28.880315557038038, 0.0 ], [ 122.256669985613797, 28.889353808742921, 0.0 ] ] ] } },
{ "type": "Feature", "properties": { "省份": "浙江", "id": "2026081100140028", "name": "浙江", "layer": "附属岛屿", "path": "C:/Users/geste/Desktop/ming1433_fullv1.0.geojson" }, "geometry": { "type": "Polygon", "coordinates": [ [ [ 122.046451475932997, 29.195633812397531, 0.0 ], [ 122.036714440608407, 29.174459175318841, 0.0 ], [ 122.016971934230696, 29.162777041697229, 0.0 ], [ 122.029120550476904, 29.152013298151971, 0.0 ], [ 122.059609883506397, 29.162577655247318, 0.0 ], [ 122.063603701227905, 29.198354469284819, 0.0 ], [ 122.046451475932997, 29.195633812397531, 0.0 ] ] ] } },
{ "type": "Feature", "properties": { "省份": "山东", "id": "2026081100030001", "name": "山东", "layer": null, "path": "C:/Users/geste/Desktop/ming1433_fullv1.0.geojson" }, "geometry": { "type": "Polygon", "coordinates": [ [ [ 117.552544562357397, 38.221854931168608, 0.0 ], [ 117.528499527878196, 38.187825932175663, 0.0 ], [ 117.538920470166303, 38.136959167739192, 0.0 ], [ 117.558714104463107, 38.089252202140642, 0.0 ], [ 117.583694181722393, 38.027482170991171, 0.0 ], [ 117.577355742954595, 37.9839294305145, 0.0 ], [ 117.551119500859798, 37.943142074415483, 0.0 ], [ 117.528401532094506, 37.905341727857092, 0.0 ], [ 117.530488191084899, 37.839642333698443, 0.0 ], [ 117.488415389838707, 37.768748258461059, 0.0 ], [ 117.479645762446694, 37.741523295460532, 0.0 ], [ 117.483792778507905, 37.721949325810037, 0.0 ], [ 117.480364213846897, 37.682470012123453, 0.0 ], [ 117.451206182637193, 37.667785491456478, 0.0 ], [ 117.418217685848504, 37.666183195358727, 0.0 ], [ 117.383196898494802, 37.690669457245448, 0.0 ], [ 117.334547750465504, 37.730384501228258, 0.0 ], [ 117.330342270094107, 37.752434338136283, 0.0 ], [ 117.319650837362104, 37.787069237921472, 0.0 ], [ 117.306739928176299, 37.874234339014272, 0.0 ], [ 117.279379902434101, 37.898646663026859, 0.0 ], [ 117.237180602018796, 37.906526947573653, 0.0 ], [ 117.0071047056975, 37.878375112958537, 0.0 ], [ 116.977683273844505, 37.86901677238891, 0.0 ], [ 116.947808762211196, 37.832185288687633, 0.0 ], [ 116.950314626975, 37.799124265788031, 0.0 ], [ 117.000976191617497, 37.737002990465221, 0.0 ], [ 117.006292201789293, 37.685581559193572, 0.0 ], [ 117.009229644941399, 37.624099690404293, 0.0 ], [ 116.983951536941504, 37.599877353095238, 0.0 ], [ 116.959704378953504, 37.581994297519998, 0.0 ], [ 116.932604407670894, 37.585407929389127, 0.0 ], [ 116.895386285713002, 37.612702798313229, 0.0 ], [ 116.863666463936198, 37.61747842051026, 0.0 ], [ 116.836111701092904, 37.601962545672251, 0.0 ], [ 116.808567272146306, 37.571003896125433, 0.0 ], [ 116.786582277138095, 37.55946027957269, 0.0 ], [ 116.761846757028906, 37.57083768636565, 0.0 ], [ 116.694332505427397, 37.585945999035452, 0.0 ], [ 116.603018630950103, 37.544698979309899, 0.0 ], [ 116.586541376184599, 37.497319041925671, 0.0 ], [ 116.568787171437506, 37.480408185008251, 0.0 ], [ 116.545792831377995, 37.463251353996647, 0.0 ], [ 116.476448850455398, 37.456286721467748, 0.0 ], [ 116.410588253056403, 37.466002641629693, 0.0 ], [ 116.387909928598802, 37.536386328366262, 0.0 ], [ 116.403178352768705, 37.594386229009409, 0.0 ], [ 116.396888800281204, 37.638366382880768, 0.0 ], [ 116.367691309959199, 37.644780582015429, 0.0 ], [ 116.338635839463805, 37.635626179154173, 0.0 ], [ 116.286637895971793, 37.571253491328349, 0.0 ], [ 116.270781706803405, 37.535314300137081, 0.0 ], [ 116.275634576591798, 37.498370837834088, 0.0 ], [ 116.248162570554996, 37.473099944313027, 0.0 ], [ 116.242853005530506, 37.450365026750362, 0.0 ], [ 116.262622926508001, 37.422415443682247, 0.0 ], [ 116.260168961469105, 37.40125844160486, 0.0 ], [ 116.224778747695794, 37.367394632263021, 0.0 ], [ 116.132764045293698, 37.391691587765038, 0.0 ], [ 116.058302230546403, 37.335202844971469, 0.0 ], [ 116.006759508641196, 37.318311797967162, 0.0 ], [ 115.959840407808201, 37.334184373264407, 0.0 ], [ 115.842536279494198, 37.361503525960259, 0.0 ], [ 115.771141138298702, 37.344956769037623, 0.0 ], [ 115.748231028406295, 37.306138023296299, 0.0 ], [ 115.745814184269804, 37.175667687735768, 0.0 ], [ 115.806606690623894, 37.108635433939853, 0.0 ], [ 115.840350399930102, 37.058198255413849, 0.0 ], [ 115.795275005580393, 36.945311125886448, 0.0 ], [ 115.735296004410799, 36.936963922179267, 0.0 ], [ 115.536884207879297, 36.934469082320518, 0.0 ], [ 115.431263441786996, 36.91986173091297, 0.0 ], [ 115.3713245844678, 36.936709652178799, 0.0 ], [ 115.321532670974705, 36.92936485917101, 0.0 ], [ 115.364160900418199, 36.880839708473218, 0.0 ], [ 115.274215664225906, 36.818593796859112, 0.0 ], [ 115.206770279004999, 36.847655415169058, 0.0 ], [ 115.177027239984199, 36.884233219786857, 0.0 ], [ 115.131427456774304, 36.906626492591741, 0.0 ], [ 115.0897031192209, 36.870966723277419, 0.0 ], [ 115.109319998664901, 36.731959975748772, 0.0 ], [ 115.127369542367006, 36.672033592172014, 0.0 ], [ 115.185452308275998, 36.652698813834107, 0.0 ], [ 115.212963090707404, 36.617591007261453, 0.0 ], [ 115.171209983543307, 36.55729500963227, 0.0 ], [ 115.113968640778694, 36.518237954847628, 0.0 ], [ 115.207315822741094, 36.467006725229773, 0.0 ], [ 115.250498769806796, 36.503206122373797, 0.0 ], [ 115.374551072862701, 36.362831711049303, 0.0 ], [ 115.507951172580306, 36.116002667837229, 0.0 ], [ 115.3344821562563, 35.762841296729299, 0.0 ], [ 115.259134863140304, 35.424723820284662, 0.0 ], [ 115.305055149170101, 35.141864314308073, 0.0 ], [ 115.145730618966994, 35.012364873016288, 0.0 ], [ 115.167738971896398, 34.992990897518482, 0.0 ], [ 115.208723127257798, 34.967951050967443, 0.0 ], [ 115.217434850272994, 34.928509331675308, 0.0 ], [ 115.229366648878198, 34.92229697120294, 0.0 ], [ 115.2505715005978, 34.914324797502942, 0.0 ], [ 115.256978301301402, 34.908474365951122, 0.0 ], [ 115.259381921011794, 34.892013302124127, 0.0 ], [ 115.264649171831195, 34.879854021105693, 0.0 ], [ 115.288219184042603, 34.869282981852287, 0.0 ], [ 115.333902092107394, 34.871892496223538, 0.0 ], [ 115.445198373036703, 34.781004128994063, 0.0 ], [ 115.455380350091303, 34.673029441879592, 0.0 ], [ 115.482681523721695, 34.598227134266168, 0.0 ], [ 115.534036362929896, 34.561859571869299, 0.0 ], [ 115.7362614578483, 34.551041907919213, 0.0 ], [ 115.808038212424407, 34.565134193837729, 0.0 ], [ 115.863869091673607, 34.560081306291842, 0.0 ], [ 116.004111379667194, 34.586212312715539, 0.0 ], [ 116.108757781593098, 34.583522712531433, 0.0 ], [ 116.137516908458394, 34.551867465488513, 0.0 ], [ 116.181413642117207, 34.549589362669643, 0.0 ], [ 116.2099041319984, 34.559890196360271, 0.0 ], [ 116.213674973529606, 34.578247857803412, 0.0 ], [ 116.225399150036793, 34.583072405821042, 0.0 ], [ 116.245487385892801, 34.585164663387268, 0.0 ], [ 116.266662193413694, 34.579302260887943, 0.0 ], [ 116.285597156170894, 34.583391217643808, 0.0 ], [ 116.302934903192295, 34.609321600278072, 0.0 ], [ 116.365563638527703, 34.629646070082671, 0.0 ], [ 116.396827091788396, 34.689424214865127, 0.0 ], [ 116.375606567961398, 34.71837506288751, 0.0 ], [ 116.378780590783805, 34.73251270480781, 0.0 ], [ 116.409275619371201, 34.762823828792612, 0.0 ], [ 116.410693854211999, 34.799902759010202, 0.0 ], [ 116.444872320901894, 34.883721739201597, 0.0 ], [ 116.477964785250407, 34.898506556967128, 0.0 ], [ 116.6510145021754, 34.930531923559677, 0.0 ], [ 116.745354567047798, 34.922992395971377, 0.0 ], [ 116.801608298507304, 34.93528498498209, 0.0 ], [ 116.845182571474993, 34.930047158880562, 0.0 ], [ 116.856994832060394, 34.946621367857723, 0.0 ], [ 116.946491717363301, 35.001935505259951, 0.0 ], [ 116.976959430335597, 35.008941521874704, 0.0 ], [ 116.989958585809603, 34.991163733280203, 0.0 ], [ 116.994845149655305, 34.937533149160998, 0.0 ], [ 117.019806722489193, 34.894233050620997, 0.0 ], [ 117.055356112975701, 34.867391864452117, 0.0 ], [ 117.122444081642001, 34.863697932239447, 0.0 ], [ 117.162724737264497, 34.81054356859169, 0.0 ], [ 117.211329693372505, 34.799288691260223, 0.0 ], [ 117.240230662768695, 34.763129515396692, 0.0 ], [ 117.249444922859098, 34.696547956695873, 0.0 ], [ 117.3636214044448, 34.576862368748202, 0.0 ], [ 117.474988555885503, 34.474755528938871, 0.0 ], [ 117.5080566335523, 34.410287548608864, 0.0 ], [ 117.5312728669184, 34.410522530521227, 0.0 ], [ 117.597795633038402, 34.452553201789243, 0.0 ], [ 117.657282770673802, 34.458545015901748, 0.0 ], [ 117.755283143981899, 34.529714610714393, 0.0 ], [ 117.819422810783905, 34.534107554168507, 0.0 ], [ 117.800712022803907, 34.578423672717477, 0.0 ], [ 117.803418268577801, 34.631592459502222, 0.0 ], [ 117.885543002725797, 34.645310537712319, 0.0 ], [ 117.960915036093795, 34.668172375577463, 0.0 ], [ 118.111872440781298, 34.637252163651588, 0.0 ], [ 118.112883562762093, 34.575468296273257, 0.0 ], [ 118.184473090067598, 34.53577043096449, 0.0 ], [ 118.140127724784094, 34.481880232179527, 0.0 ], [ 118.195412693742497, 34.433184340874213, 0.0 ], [ 118.175521609286093, 34.395218811633328, 0.0 ], [ 118.226054601520204, 34.388867953490347, 0.0 ], [ 118.276623124588397, 34.414637420527633, 0.0 ], [ 118.409355342418195, 34.43370261393801, 0.0 ], [ 118.443874940037503, 34.493430876225972, 0.0 ], [ 118.435334931433502, 34.565638910102201, 0.0 ], [ 118.433471980530697, 34.596966247112803, 0.0 ], [ 118.463384073763706, 34.635668110626952, 0.0 ], [ 118.515939053376698, 34.697386831101632, 0.0 ], [ 118.616740103286304, 34.703428922971909, 0.0 ], [ 118.672088276098805, 34.678961934130378, 0.0 ], [ 118.715561965646799, 34.68265489264639, 0.0 ], [ 118.768260355639299, 34.708304671795688, 0.0 ], [ 118.7983754936878, 34.74752153513932, 0.0 ], [ 118.803479706972695, 34.859339769944313, 0.0 ], [ 118.820194835957906, 34.893072669176213, 0.0 ], [ 118.8416959251078, 34.918885532525628, 0.0 ], [ 118.868899240003202, 34.93266052797366, 0.0 ], [ 118.882364173399395, 34.97260059023008, 0.0 ], [ 118.880401484186095, 34.995780974734608, 0.0 ], [ 118.873155590259699, 35.018423428409683, 0.0 ], [ 118.905149104225998, 35.049115207046263, 0.0 ], [ 118.920296078315204, 35.051583995407931, 0.0 ], [ 118.952492634038705, 35.035988864091358, 0.0 ], [ 119.006815642283499, 35.037724588864648, 0.0 ], [ 119.089963994542799, 35.038312762908603, 0.0 ], [ 119.110752054424097, 35.04838696780125, 0.0 ], [ 119.153284040452903, 35.089630763398681, 0.0 ], [ 119.191186658345103, 35.103770224253353, 0.0 ], [ 119.247090839906093, 35.11111988703437, 0.0 ], [ 119.284198359909098, 35.117562105831901, 0.0 ], [ 119.302213007784701, 35.111018091624082, 0.0 ], [ 119.318900990058793, 35.09749663252402, 0.0 ], [ 119.314776761230604, 35.087795925606997, 0.0 ], [ 119.324711416113601, 35.093796652682023, 0.0 ], [ 119.339953180116197, 35.096884607055458, 0.0 ], [ 119.356544002924394, 35.093611085328853, 0.0 ], [ 119.380008203607801, 35.110465427652912, 0.0 ], [ 119.408196406807093, 35.258746573015081, 0.0 ], [ 119.459675731691206, 35.307943646751987, 0.0 ], [ 119.491303340480897, 35.337566420180231, 0.0 ], [ 119.522972182885297, 35.344288099989079, 0.0 ], [ 119.6606481275562, 35.580777134132298, 0.0 ], [ 119.630317561215193, 35.609921056789133, 0.0 ], [ 119.684046040947095, 35.593697605398319, 0.0 ], [ 119.752306409267504, 35.656948982455241, 0.0 ], [ 119.766128571108197, 35.586157507057813, 0.0 ], [ 119.843280807968199, 35.673981173225442, 0.0 ], [ 119.840592849012694, 35.62817788409987, 0.0 ], [ 119.875279474608007, 35.610204233011913, 0.0 ], [ 119.929836085453005, 35.649425476717653, 0.0 ], [ 119.907285649233302, 35.679528773686243, 0.0 ], [ 119.9585954631074, 35.719886169790271, 0.0 ], [ 119.912752453147206, 35.737425166609817, 0.0 ], [ 119.930776738295805, 35.767431624603077, 0.0 ], [ 119.962735583495501, 35.758672372936488, 0.0 ], [ 120.013737909305206, 35.720112381190482, 0.0 ], [ 120.0511520788816, 35.866697976719223, 0.0 ], [ 120.213633934688801, 35.955887859844559, 0.0 ], [ 120.169268279321798, 35.895093888292877, 0.0 ], [ 120.180851258982401, 35.892708338362198, 0.0 ], [ 120.240151007311297, 35.955832535321527, 0.0 ], [ 120.265191859068395, 35.972954207163319, 0.0 ], [ 120.302987518704498, 35.977242838292327, 0.0 ], [ 120.311861698764403, 36.008068693823731, 0.0 ], [ 120.294133817043402, 36.014965933482387, 0.0 ], [ 120.285014158914706, 36.005135013967703, 0.0 ], [ 120.283824429966202, 35.988225106142913, 0.0 ], [ 120.264823720941706, 35.982337432812152, 0.0 ], [ 120.242022593914399, 35.986482731096253, 0.0 ], [ 120.253481813577693, 36.006125454487609, 0.0 ], [ 120.212036878195207, 35.994597273382617, 0.0 ], [ 120.189797305019397, 35.97538151039037, 0.0 ], [ 120.183517661771901, 35.982954156772408, 0.0 ], [ 120.1906682509467, 36.065248670452839, 0.0 ], [ 120.099958760799097, 36.127160581757273, 0.0 ], [ 120.127692074618906, 36.18479800809606, 0.0 ], [ 120.208856900460006, 36.207600477858129, 0.0 ], [ 120.301785720113202, 36.181758045975997, 0.0 ], [ 120.313051354622303, 36.272602123617943, 0.0 ], [ 120.371355446467902, 36.174111708046013, 0.0 ], [ 120.292637239492194, 36.047425346768208, 0.0 ], [ 120.443177685978995, 36.056072821540063, 0.0 ], [ 120.7188070266983, 36.147060601033303, 0.0 ], [ 120.656892876494496, 36.329400582389553, 0.0 ], [ 120.719262060774696, 36.333462602303761, 0.0 ], [ 120.715186252892295, 36.449982300866758, 0.0 ], [ 120.8464299215523, 36.466384784471543, 0.0 ], [ 120.886733841524503, 36.368789830081788, 0.0 ], [ 120.921762944785797, 36.426108025253122, 0.0 ], [ 120.921275732889001, 36.460430203432807, 0.0 ], [ 120.9739874676836, 36.471097899299451, 0.0 ], [ 120.957544209176405, 36.51092056140407, 0.0 ], [ 120.989616942145105, 36.5397935050974, 0.0 ], [ 120.966477551242804, 36.559470974034461, 0.0 ], [ 120.963667616310204, 36.54225480864762, 0.0 ], [ 120.921042989183405, 36.569339946472873, 0.0 ], [ 120.898887735836894, 36.546553096137629, 0.0 ], [ 120.892454716580303, 36.584862440877878, 0.0 ], [ 120.854677998800994, 36.610334850775182, 0.0 ], [ 120.775508422200403, 36.543448722423427, 0.0 ], [ 120.804646198243702, 36.602825450673421, 0.0 ], [ 120.8788170077828, 36.659839842559578, 0.0 ], [ 120.965519448508701, 36.636496727728023, 0.0 ], [ 120.939427911410803, 36.591667554992313, 0.0 ], [ 121.043373094193996, 36.579112036497399, 0.0 ], [ 121.149591479679202, 36.672830459838814, 0.0 ], [ 121.480091201197595, 36.765699253099577, 0.0 ], [ 121.481448915222501, 36.806571081380923, 0.0 ], [ 121.464653918613706, 36.807832792506197, 0.0 ], [ 121.451299214383894, 36.847534071406344, 0.0 ], [ 121.487572622808699, 36.827214789928199, 0.0 ], [ 121.508947292241402, 36.842939364069537, 0.0 ], [ 121.494004242276901, 36.810322289577933, 0.0 ], [ 121.504342418337004, 36.80434445403754, 0.0 ], [ 121.559091995270094, 36.844643443113718, 0.0 ], [ 121.610365457256805, 36.851220940410997, 0.0 ], [ 121.610311852258903, 36.836407494104002, 0.0 ], [ 121.550368674472793, 36.796782621416902, 0.0 ], [ 121.4978233851824, 36.788761045938323, 0.0 ], [ 121.488867611998899, 36.773488196877317, 0.0 ], [ 121.546954152949993, 36.748941254080201, 0.0 ], [ 121.595726400002306, 36.77421560617163, 0.0 ], [ 121.647962741977807, 36.73702673911211, 0.0 ], [ 121.630543253857098, 36.802162280223627, 0.0 ], [ 121.7610302839215, 36.845023184954613, 0.0 ], [ 121.771829983669505, 36.88006069267896, 0.0 ], [ 121.960900622534297, 36.93726360690659, 0.0 ], [ 121.937205845909205, 36.99978244963156, 0.0 ], [ 122.056669992358394, 36.96076789626013, 0.0 ], [ 122.034260218802402, 36.90655031279227, 0.0 ], [ 122.103387043593898, 36.92237602805892, 0.0 ], [ 122.094586602417394, 36.946879041723619, 0.0 ], [ 122.142947891209502, 36.951730251198804, 0.0 ], [ 122.162924787941705, 37.004697190451928, 0.0 ], [ 122.213903942254007, 37.038014915273649, 0.0 ], [ 122.228904992271097, 37.023647416654477, 0.0 ], [ 122.188964534700105, 36.999934371207729, 0.0 ], [ 122.173798937531402, 36.95844700922963, 0.0 ], [ 122.150528198061593, 36.939712240927783, 0.0 ], [ 122.165552467037301, 36.931992624462673, 0.0 ], [ 122.282012806926502, 36.906136137149488, 0.0 ], [ 122.183135827564101, 36.886083342489563, 0.0 ], [ 122.197776798912798, 36.842669018910023, 0.0 ], [ 122.335929991826504, 36.826933518957837, 0.0 ], [ 122.4374621815154, 36.87086530647003, 0.0 ], [ 122.420019181548199, 36.920170904916247, 0.0 ], [ 122.522989714347602, 36.943617080849037, 0.0 ], [ 122.569841118633605, 37.041177488008671, 0.0 ], [ 122.5071028949409, 37.024286706718058, 0.0 ], [ 122.417595174350595, 37.020496031445838, 0.0 ], [ 122.465433176096397, 37.07476169194527, 0.0 ], [ 122.464740401235701, 37.136800787185088, 0.0 ], [ 122.576121090899804, 37.153289022927652, 0.0 ], [ 122.571460841641098, 37.179107441997537, 0.0 ], [ 122.637060622098105, 37.207557085718577, 0.0 ], [ 122.565117629863494, 37.280185041515388, 0.0 ], [ 122.575423268837696, 37.341470776874672, 0.0 ], [ 122.645724189559004, 37.389138099123542, 0.0 ], [ 122.672895402089793, 37.386049804916382, 0.0 ], [ 122.696776527099402, 37.372035569007338, 0.0 ], [ 122.707103980918106, 37.407966956214729, 0.0 ], [ 122.661944838937103, 37.424799075440653, 0.0 ], [ 122.613446277834996, 37.417294404652999, 0.0 ], [ 122.581140991099204, 37.39864659980978, 0.0 ], [ 122.520316396119597, 37.39741091004332, 0.0 ], [ 122.478186948712505, 37.422849186055409, 0.0 ], [ 122.417609188392206, 37.402027868600278, 0.0 ], [ 122.376228718405102, 37.41303984459114, 0.0 ], [ 122.336361685077705, 37.403267328061588, 0.0 ], [ 122.270502050883806, 37.42261038329233, 0.0 ], [ 122.277926334965699, 37.45378839741997, 0.0 ], [ 122.220181220644903, 37.450711205752782, 0.0 ], [ 122.193672490968098, 37.424036654194389, 0.0 ], [ 122.175886408961006, 37.425772859190687, 0.0 ], [ 122.149989936194103, 37.452067328266182, 0.0 ], [ 122.130779192671099, 37.501371962620297, 0.0 ], [ 122.161512349731197, 37.518496475405087, 0.0 ], [ 122.167267283140205, 37.535940171574993, 0.0 ], [ 122.125075403781494, 37.557836178482098, 0.0 ], [ 122.021520404918505, 37.522179215587997, 0.0 ], [ 122.003666232930101, 37.490907803683442, 0.0 ], [ 121.925680622289306, 37.468624218450692, 0.0 ], [ 121.755436110104299, 37.460034536555987, 0.0 ], [ 121.605184898633098, 37.430271029669903, 0.0 ], [ 121.487898705040294, 37.465169334787859, 0.0 ], [ 121.462612115850902, 37.482338556400187, 0.0 ], [ 121.451427413417505, 37.504400949467751, 0.0 ], [ 121.455568022303595, 37.521841218208188, 0.0 ], [ 121.437082644272493, 37.534328180360397, 0.0 ], [ 121.392193144322107, 37.54767810696638, 0.0 ], [ 121.377075521627205, 37.561670610069847, 0.0 ], [ 121.375590307260097, 37.588288647745152, 0.0 ], [ 121.384724878572797, 37.596208868161902, 0.0 ], [ 121.399328412608995, 37.601380850972369, 0.0 ], [ 121.433029039297196, 37.590074307654767, 0.0 ], [ 121.437083555934095, 37.597456739014909, 0.0 ], [ 121.408582506737801, 37.610103091865078, 0.0 ], [ 121.393382217495599, 37.622732525773777, 0.0 ], [ 121.349451720332894, 37.631692531124813, 0.0 ], [ 121.365715279893294, 37.61812366513275, 0.0 ], [ 121.373840712943405, 37.602884354457267, 0.0 ], [ 121.3711787630195, 37.595954313355143, 0.0 ], [ 121.357783857449704, 37.588632291227583, 0.0 ], [ 121.3344161844377, 37.583622301797043, 0.0 ], [ 121.243909382249299, 37.578237379498653, 0.0 ], [ 121.166347624968907, 37.590465026122651, 0.0 ], [ 121.1413949583186, 37.623967729729273, 0.0 ], [ 121.160216587961301, 37.645708096019298, 0.0 ], [ 121.137778393315003, 37.66377537726683, 0.0 ], [ 121.152546583355303, 37.707012129854348, 0.0 ], [ 121.031170305252701, 37.713760689786866, 0.0 ], [ 120.921544005746597, 37.819310047252941, 0.0 ], [ 120.749628525859706, 37.828169890925999, 0.0 ], [ 120.580877788082105, 37.76541459298123, 0.0 ], [ 120.531977465908398, 37.747962024278863, 0.0 ], [ 120.455235600441, 37.748985763545733, 0.0 ], [ 120.406996357769799, 37.710852903288959, 0.0 ], [ 120.372127473423703, 37.697458702416881, 0.0 ], [ 120.325292714977707, 37.690557188024968, 0.0 ], [ 120.219874703557807, 37.685007832369941, 0.0 ], [ 120.236822841061198, 37.675094539130043, 0.0 ], [ 120.3060552646715, 37.675711511578349, 0.0 ], [ 120.332310835395901, 37.660470264238903, 0.0 ], [ 120.327124216019698, 37.615421725451966, 0.0 ], [ 120.304167203144999, 37.595184316619068, 0.0 ], [ 120.200755980787903, 37.505303070778737, 0.0 ], [ 120.087481465163407, 37.450991696171883, 0.0 ], [ 119.851071043161596, 37.3566684582362, 0.0 ], [ 119.920822097103795, 37.293572136288958, 0.0 ], [ 119.859079724120207, 37.20566077618826, 0.0 ], [ 119.782776382094298, 37.168254898931202, 0.0 ], [ 119.784922610095094, 37.14136066153732, 0.0 ], [ 119.757732377075897, 37.115003821013417, 0.0 ], [ 119.618496349919994, 37.093055309701633, 0.0 ], [ 119.500251612527705, 37.128246476333693, 0.0 ], [ 119.377107245864195, 37.088456137328187, 0.0 ], [ 119.260253864560994, 37.074749475157091, 0.0 ], [ 119.176710318350899, 37.094809669614321, 0.0 ], [ 119.118855041827203, 37.157172495528457, 0.0 ], [ 119.056919589559399, 37.195221556224269, 0.0 ], [ 118.987720942907103, 37.211084247841463, 0.0 ], [ 118.925871699022096, 37.240743674004811, 0.0 ], [ 118.800305011727801, 37.340754887204, 0.0 ], [ 118.660679020600796, 37.44506659025037, 0.0 ], [ 118.522360394185796, 37.511415652624287, 0.0 ], [ 118.504449639777803, 37.574894294909441, 0.0 ], [ 118.506769832173504, 37.643603335337772, 0.0 ], [ 118.535845065374303, 37.711424796971642, 0.0 ], [ 118.515811438582105, 37.765908202131172, 0.0 ], [ 118.283652350412595, 37.846032186862402, 0.0 ], [ 118.195287241906598, 37.864452461757388, 0.0 ], [ 118.067027677630804, 37.863512704487192, 0.0 ], [ 117.939869328651895, 37.982503345561859, 0.0 ], [ 117.890180370238696, 38.088520863269103, 0.0 ], [ 117.8521541511289, 38.199209618201827, 0.0 ], [ 117.761126581596201, 38.252883614806301, 0.0 ], [ 117.718146032592003, 38.252335797910519, 0.0 ], [ 117.671708361358895, 38.251122923608833, 0.0 ], [ 117.600591543076106, 38.246952594929851, 0.0 ], [ 117.581961786022902, 38.238247154732008, 0.0 ], [ 117.552544562357397, 38.221854931168608, 0.0 ] ] ] } },
{ "type": "Feature", "properties": { "省份": "山东", "id": "2026081100030003", "name": "山东", "layer": null, "path": "C:/Users/geste/Desktop/ming1433_fullv1.0.geojson" }, "geometry": { "type": "Polygon", "coordinates": [ [ [ 120.718170824430501, 37.94617629556376, 0.0 ], [ 120.731086621916603, 37.900443548238137, 0.0 ], [ 120.764601531103395, 37.885827692889542, 0.0 ], [ 120.764752881980399, 37.924183300256288, 0.0 ], [ 120.718170824430501, 37.94617629556376, 0.0 ] ] ] } },
{ "type": "Feature", "properties": { "省份": "山东", "id": "2026081100030004", "name": "山东", "layer": null, "path": "C:/Users/geste/Desktop/ming1433_fullv1.0.geojson" }, "geometry": { "type": "Polygon", "coordinates": [ [ [ 120.741985135637094, 38.202482883100593, 0.0 ], [ 120.736480510571496, 38.159661048632337, 0.0 ], [ 120.779646811429302, 38.157082035342953, 0.0 ], [ 120.753994246039298, 38.17539159579929, 0.0 ], [ 120.741985135637094, 38.202482883100593, 0.0 ] ] ] } },
{ "type": "Feature", "properties": { "省份": "山东", "id": "2026081100030005", "name": "山东", "layer": null, "path": "C:/Users/geste/Desktop/ming1433_fullv1.0.geojson" }, "geometry": { "type": "Polygon", "coordinates": [ [ [ 120.810401981129701, 38.31545590283914, 0.0 ], [ 120.798399326026498, 38.284166887621772, 0.0 ], [ 120.845056102761504, 38.311132221594953, 0.0 ], [ 120.810401981129701, 38.31545590283914, 0.0 ] ] ] } },
{ "type": "Feature", "properties": { "省份": "山东", "id": "2026081100030006", "name": "山东", "layer": null, "path": "C:/Users/geste/Desktop/ming1433_fullv1.0.geojson" }, "geometry": { "type": "Polygon", "coordinates": [ [ [ 120.908470832874798, 38.398209985531523, 0.0 ], [ 120.897092118955001, 38.382383961081942, 0.0 ], [ 120.930195530347902, 38.389993533890788, 0.0 ], [ 120.908470832874798, 38.398209985531523, 0.0 ] ] ] } },
{ "type": "Feature", "properties": { "省份": "山东", "id": "2026081100030007", "name": "山东", "layer": null, "path": "C:/Users/geste/Desktop/ming1433_fullv1.0.geojson" }, "geometry": { "type": "Polygon", "coordinates": [ [ [ 120.606945822709406, 37.98447077484488, 0.0 ], [ 120.592696251878493, 37.967822777583798, 0.0 ], [ 120.631567460122, 37.929349251774177, 0.0 ], [ 120.6263246283645, 37.980369536414663, 0.0 ], [ 120.606945822709406, 37.98447077484488, 0.0 ] ] ] } },
{ "type": "Feature", "properties": { "省份": "山东", "id": "2026081100030008", "name": "山东", "layer": null, "path": "C:/Users/geste/Desktop/ming1433_fullv1.0.geojson" }, "geometry": { "type": "Polygon", "coordinates": [ [ [ 122.394831919257101, 39.211258325314482, 0.0 ], [ 122.298272515446499, 39.160563628260427, 0.0 ], [ 122.392709873494695, 39.15612326852402, 0.0 ], [ 122.394831919257101, 39.211258325314482, 0.0 ] ] ] } },
{ "type": "Feature", "properties": { "省份": "山东", "id": "2026081100030009", "name": "山东", "layer": null, "path": "C:/Users/geste/Desktop/ming1433_fullv1.0.geojson" }, "geometry": { "type": "Polygon", "coordinates": [ [ [ 122.661202523243205, 39.263054929919022, 0.0 ], [ 122.688222026740306, 39.281992756920552, 0.0 ], [ 122.545896878565003, 39.30511790789032, 0.0 ], [ 122.504380075753701, 39.300333822635949, 0.0 ], [ 122.661202523243205, 39.263054929919022, 0.0 ] ] ] } },
{ "type": "Feature", "properties": { "省份": "山东", "id": "2026081100030010", "name": "山东", "layer": null, "path": "C:/Users/geste/Desktop/ming1433_fullv1.0.geojson" }, "geometry": { "type": "Polygon", "coordinates": [ [ [ 122.972499021615604, 39.548606949859987, 0.0 ], [ 122.932743042838396, 39.514226647086502, 0.0 ], [ 123.006882427340599, 39.50320657741085, 0.0 ], [ 123.033463259799404, 39.54029934432122, 0.0 ], [ 122.972499021615604, 39.548606949859987, 0.0 ] ] ] } },
{ "type": "Feature", "properties": { "省份": "山东", "id": "2026081100030011", "name": "山东", "layer": null, "path": "C:/Users/geste/Desktop/ming1433_fullv1.0.geojson" }, "geometry": { "type": "Polygon", "coordinates": [ [ [ 123.1447029928391, 39.09263145486841, 0.0 ], [ 123.1491662981487, 39.027424295870823, 0.0 ], [ 123.208675035239906, 39.073319974963113, 0.0 ], [ 123.1447029928391, 39.09263145486841, 0.0 ] ] ] } },
{ "type": "Feature", "properties": { "省份": "山东", "id": "2026081100030012", "name": "山东", "layer": null, "path": "C:/Users/geste/Desktop/ming1433_fullv1.0.geojson" }, "geometry": { "type": "Polygon", "coordinates": [ [ [ 122.697033223063301, 39.044576142027672, 0.0 ], [ 122.763164197668502, 39.002606191756627, 0.0 ], [ 122.722445836853495, 39.048293093255879, 0.0 ], [ 122.697033223063301, 39.044576142027672, 0.0 ] ] ] } },
{ "type": "Feature", "properties": { "省份": "山东", "id": "2026081100030013", "name": "山东", "layer": null, "path": "C:/Users/geste/Desktop/ming1433_fullv1.0.geojson" }, "geometry": { "type": "Polygon", "coordinates": [ [ [ 122.695961951069094, 39.225707647948042, 0.0 ], [ 122.688379006236602, 39.200134524097933, 0.0 ], [ 122.754505698077907, 39.234533426952233, 0.0 ], [ 122.7328374557773, 39.242000213994693, 0.0 ], [ 122.638509748422095, 39.237600120691702, 0.0 ], [ 122.695961951069094, 39.225707647948042, 0.0 ] ] ] } },
{ "type": "Feature", "properties": { "省份": "南京", "id": "2026081100110001", "name": "南京", "layer": null, "path": "C:/Users/geste/Desktop/ming1433_fullv1.0.geojson" }, "geometry": { "type": "Polygon", "coordinates": [ [ [ 116.989958585809603, 34.991163733280203, 0.0 ], [ 116.976959430335597, 35.008941521874704, 0.0 ], [ 116.946491717363301, 35.001935505259951, 0.0 ], [ 116.856994832060394, 34.946621367857723, 0.0 ], [ 116.845182571474993, 34.930047158880562, 0.0 ], [ 116.801608298507304, 34.93528498498209, 0.0 ], [ 116.745354567047798, 34.922992395971377, 0.0 ], [ 116.6510145021754, 34.930531923559677, 0.0 ], [ 116.477964785250407, 34.898506556967128, 0.0 ], [ 116.444872320901894, 34.883721739201597, 0.0 ], [ 116.410693854211999, 34.799902759010202, 0.0 ], [ 116.409275619371201, 34.762823828792612, 0.0 ], [ 116.378780590783805, 34.73251270480781, 0.0 ], [ 116.375606567961398, 34.71837506288751, 0.0 ], [ 116.396827091788396, 34.689424214865127, 0.0 ], [ 116.365563638527703, 34.629646070082671, 0.0 ], [ 116.302934903192295, 34.609321600278072, 0.0 ], [ 116.285597156170894, 34.583391217643808, 0.0 ], [ 116.266662193413694, 34.579302260887943, 0.0 ], [ 116.245487385892801, 34.585164663387268, 0.0 ], [ 116.225399150036793, 34.583072405821042, 0.0 ], [ 116.213674973529606, 34.578247857803412, 0.0 ], [ 116.2099041319984, 34.559890196360271, 0.0 ], [ 116.198244857680706, 34.50100191326424, 0.0 ], [ 116.167306809697394, 34.473415764886632, 0.0 ], [ 116.189814244137295, 34.435409913101999, 0.0 ], [ 116.217991563941695, 34.405747345924233, 0.0 ], [ 116.276488105659098, 34.374753097813063, 0.0 ], [ 116.329528993766701, 34.335887447753109, 0.0 ], [ 116.379287741225198, 34.284591579462599, 0.0 ], [ 116.427197915270298, 34.274076404782193, 0.0 ], [ 116.482520096261894, 34.285254395554482, 0.0 ], [ 116.491935396923196, 34.258687381571868, 0.0 ], [ 116.5024968954081, 34.202454508771083, 0.0 ], [ 116.539936696847803, 34.141118757898347, 0.0 ], [ 116.541251484426397, 34.101768331397039, 0.0 ], [ 116.600009945934502, 34.049967827185171, 0.0 ], [ 116.609404560974298, 34.028573361600948, 0.0 ], [ 116.618800239953899, 34.002595581150707, 0.0 ], [ 116.653688764529704, 33.969673135758782, 0.0 ], [ 116.649338027586197, 33.94312838330324, 0.0 ], [ 116.649676991084107, 33.897624149433227, 0.0 ], [ 116.618759719964402, 33.900762905592273, 0.0 ], [ 116.588264504940099, 33.911707055879212, 0.0 ], [ 116.527498279256207, 33.888214418923098, 0.0 ], [ 116.510578687925502, 33.869420231851997, 0.0 ], [ 116.448638404276494, 33.864636558802033, 0.0 ], [ 116.443353158176294, 33.830989388127549, 0.0 ], [ 116.435735703013506, 33.798777272181191, 0.0 ], [ 116.415728534380406, 33.789265476517848, 0.0 ], [ 116.358210715444102, 33.78509514125129, 0.0 ], [ 116.264350641723894, 33.751946248582612, 0.0 ], [ 116.195084275053603, 33.727208364205431, 0.0 ], [ 116.1547466004738, 33.727064223897948, 0.0 ], [ 116.116816282433902, 33.767745246900873, 0.0 ], [ 116.086158562932397, 33.806431018846219, 0.0 ], [ 116.059162045712199, 33.829056083749251, 0.0 ], [ 116.055940589932902, 33.863474408756197, 0.0 ], [ 116.0358930534141, 33.904365771004933, 0.0 ], [ 115.968425188103296, 33.934754666838231, 0.0 ], [ 115.974151496171004, 33.956563426810298, 0.0 ], [ 115.995379784353801, 33.978085330316411, 0.0 ], [ 115.956870782781493, 34.015894662251263, 0.0 ], [ 115.8858685147312, 34.018146118060947, 0.0 ], [ 115.861290882582907, 34.009336428516441, 0.0 ], [ 115.839202859932001, 34.024971567902881, 0.0 ], [ 115.813621435421197, 34.060165269789159, 0.0 ], [ 115.713713898066004, 34.08057391645152, 0.0 ], [ 115.649921830294105, 34.064635780312443, 0.0 ], [ 115.645775474851305, 34.03019371309103, 0.0 ], [ 115.611144661783996, 34.02091981637043, 0.0 ], [ 115.578974232433794, 33.977016433970199, 0.0 ], [ 115.557152582713002, 33.888725195988762, 0.0 ], [ 115.595839500458197, 33.833996689793047, 0.0 ], [ 115.594051959542597, 33.819331562496878, 0.0 ], [ 115.574754879087607, 33.794437486588002, 0.0 ], [ 115.568993338165598, 33.757499560375813, 0.0 ], [ 115.598466044508598, 33.716540294695413, 0.0 ], [ 115.602209188289507, 33.680856336369011, 0.0 ], [ 115.605772139806305, 33.660280674811823, 0.0 ], [ 115.643237677815307, 33.611785478376788, 0.0 ], [ 115.648225381063995, 33.595971906659969, 0.0 ], [ 115.634791649953797, 33.581148018757283, 0.0 ], [ 115.578749450761293, 33.578719844867088, 0.0 ], [ 115.535549750942394, 33.566848012351429, 0.0 ], [ 115.451887244286297, 33.569407203465772, 0.0 ], [ 115.421009686478101, 33.559416913667498, 0.0 ], [ 115.406963967175599, 33.539960199808597, 0.0 ], [ 115.399332809593801, 33.520553319944483, 0.0 ], [ 115.378312259149098, 33.519826094842379, 0.0 ], [ 115.349804456043898, 33.541236304982668, 0.0 ], [ 115.333615674171199, 33.532561776573637, 0.0 ], [ 115.335290557956398, 33.516398495575928, 0.0 ], [ 115.348467270162303, 33.486781712086866, 0.0 ], [ 115.348477258639804, 33.464054755433303, 0.0 ], [ 115.325765534392303, 33.456203824261998, 0.0 ], [ 115.3231705306886, 33.434991604502322, 0.0 ], [ 115.332318086158494, 33.41745910133892, 0.0 ], [ 115.337118462982303, 33.400220377604668, 0.0 ], [ 115.332282100382798, 33.394354093355837, 0.0 ], [ 115.316255378035905, 33.389596363856327, 0.0 ], [ 115.316835168476601, 33.377659740457297, 0.0 ], [ 115.343366094697004, 33.367975283788098, 0.0 ], [ 115.3541670089501, 33.356946652951841, 0.0 ], [ 115.364947873065702, 33.32739235136706, 0.0 ], [ 115.384239394980995, 33.311745707332591, 0.0 ], [ 115.417049881016396, 33.267846269018861, 0.0 ], [ 115.412234512709603, 33.241054973008538, 0.0 ], [ 115.368641074191501, 33.179151804507988, 0.0 ], [ 115.328391462374, 33.157099665288392, 0.0 ], [ 115.258505570682004, 33.132195986206327, 0.0 ], [ 115.191259576128999, 33.118419220345267, 0.0 ], [ 115.140808042035104, 33.08578645770249, 0.0 ], [ 115.131694453574099, 33.049656755193332, 0.0 ], [ 115.155915378001296, 33.009857450372792, 0.0 ], [ 115.161330287856202, 32.991518511743458, 0.0 ], [ 115.141193984031503, 32.938593328074958, 0.0 ], [ 115.137983460638793, 32.907242403931591, 0.0 ], [ 115.152955013674301, 32.875379496935373, 0.0 ], [ 115.173669484374003, 32.858977267486139, 0.0 ], [ 115.199872226151996, 32.852054032905833, 0.0 ], [ 115.205404768277504, 32.83984607061344, 0.0 ], [ 115.194136484239195, 32.823593291553003, 0.0 ], [ 115.190243734326799, 32.812222203091117, 0.0 ], [ 115.202491236747207, 32.801092160225437, 0.0 ], [ 115.212061658905, 32.791304107361647, 0.0 ], [ 115.202360746772797, 32.784363111466419, 0.0 ], [ 115.184512536931095, 32.779236447245161, 0.0 ], [ 115.187902084144696, 32.748513952720202, 0.0 ], [ 115.181815542892807, 32.693147910959688, 0.0 ], [ 115.202994435163703, 32.672677323706161, 0.0 ], [ 115.215450777456994, 32.663359398452513, 0.0 ], [ 115.217651825331004, 32.637168487136641, 0.0 ], [ 115.206441795950795, 32.599910279826403, 0.0 ], [ 115.213595347942501, 32.595143543070463, 0.0 ], [ 115.223719268927994, 32.595492861861743, 0.0 ], [ 115.238271280904499, 32.582741454259057, 0.0 ], [ 115.257636677332002, 32.588009372281057, 0.0 ], [ 115.275647290525697, 32.580581160362179, 0.0 ], [ 115.302896900978595, 32.586949092208748, 0.0 ], [ 115.310285523464799, 32.58578746443451, 0.0 ], [ 115.311647274860903, 32.577248947943239, 0.0 ], [ 115.303763337146506, 32.561335104174177, 0.0 ], [ 115.310892030042197, 32.550142963738232, 0.0 ], [ 115.330354782263697, 32.549310715875592, 0.0 ], [ 115.369270934144197, 32.560574434170917, 0.0 ], [ 115.407941955016696, 32.561339370398393, 0.0 ], [ 115.423165989742799, 32.550132249704014, 0.0 ], [ 115.440473935227899, 32.529918701419923, 0.0 ], [ 115.498353272710304, 32.519602026518577, 0.0 ], [ 115.529681977038393, 32.472780753712918, 0.0 ], [ 115.538336271556801, 32.432728878436727, 0.0 ], [ 115.585341793020504, 32.405213081791807, 0.0 ], [ 115.608830841893294, 32.414378334643857, 0.0 ], [ 115.641588119596804, 32.401619968409982, 0.0 ], [ 115.660195048911106, 32.422253716894048, 0.0 ], [ 115.677611260948893, 32.416746726126277, 0.0 ], [ 115.676748591169499, 32.449319666846037, 0.0 ], [ 115.691978264557207, 32.4770487385778, 0.0 ], [ 115.701694845154606, 32.498326489210847, 0.0 ], [ 115.754884344797603, 32.485150098526461, 0.0 ], [ 115.777367096663397, 32.519019659114392, 0.0 ], [ 115.795574110244004, 32.512257877596738, 0.0 ], [ 115.803152198949903, 32.485951187675489, 0.0 ], [ 115.836986775515697, 32.518235054756111, 0.0 ], [ 115.862229958463502, 32.515109615414069, 0.0 ], [ 115.904053180699094, 32.492257892861353, 0.0 ], [ 115.8890674283995, 32.464534683304912, 0.0 ], [ 115.882380566938394, 32.422979917743703, 0.0 ], [ 115.909692445243905, 32.37392435654975, 0.0 ], [ 115.914009538884997, 32.309588511741268, 0.0 ], [ 115.924294330412394, 32.271229963105313, 0.0 ], [ 115.927642267529905, 32.203958870321863, 0.0 ], [ 115.944926580373803, 32.167652750392669, 0.0 ], [ 115.940125537670696, 32.110883820783208, 0.0 ], [ 115.942455109852403, 32.030867216985399, 0.0 ], [ 115.920748471551605, 31.97356968691534, 0.0 ], [ 115.917005183200402, 31.9341959883618, 0.0 ], [ 115.915327550952597, 31.884938374523561, 0.0 ], [ 115.903268663434801, 31.836702638163931, 0.0 ], [ 115.918466014516795, 31.80493957944476, 0.0 ], [ 115.888625608669003, 31.690996820456281, 0.0 ], [ 115.8939463937228, 31.655390262738621, 0.0 ], [ 115.836785468133797, 31.576979674908959, 0.0 ], [ 115.803600013798103, 31.508004521151442, 0.0 ], [ 115.741355167457698, 31.436759958462211, 0.0 ], [ 115.732700056137205, 31.3593858954663, 0.0 ], [ 115.713538986904098, 31.280920457697722, 0.0 ], [ 115.715935602847395, 31.252813156067589, 0.0 ], [ 115.692908832066806, 31.229015753486681, 0.0 ], [ 115.677792263810801, 31.21855595845658, 0.0 ], [ 115.659116521920296, 31.211840845156111, 0.0 ], [ 115.654245008801297, 31.20273261258609, 0.0 ], [ 115.653445017335699, 31.199859156664338, 0.0 ], [ 115.653587736511994, 31.196355738331992, 0.0 ], [ 115.657294154979397, 31.191603036664819, 0.0 ], [ 115.665562708143099, 31.18619151640047, 0.0 ], [ 115.678511333547505, 31.181483696606922, 0.0 ], [ 115.706122224240502, 31.171267746454131, 0.0 ], [ 115.743353248187304, 31.14137498966738, 0.0 ], [ 115.761616703307396, 31.102334467256551, 0.0 ], [ 115.761863698837104, 31.060115489101079, 0.0 ], [ 115.722779289541606, 30.997114132059838, 0.0 ], [ 115.647085319907504, 30.94961531266944, 0.0 ], [ 115.585785669308095, 30.892571758412451, 0.0 ], [ 115.560531893358799, 30.839915955291559, 0.0 ], [ 115.561089375896998, 30.806123906824919, 0.0 ], [ 115.577261252716397, 30.806302779133262, 0.0 ], [ 115.598908039308697, 30.824668413512949, 0.0 ], [ 115.610595789889601, 30.82484562067895, 0.0 ], [ 115.604303316187597, 30.780960610811871, 0.0 ], [ 115.607239934940793, 30.703940353519549, 0.0 ], [ 115.594508121905093, 30.63516162444817, 0.0 ], [ 115.594089860225907, 30.614084422806879, 0.0 ], [ 115.602239265196602, 30.598004018044829, 0.0 ], [ 115.6255532069802, 30.583716169655961, 0.0 ], [ 115.684228890930996, 30.562223550263919, 0.0 ], [ 115.694941370867994, 30.562926780872989, 0.0 ], [ 115.706686979210403, 30.568038608149649, 0.0 ], [ 115.712298483666004, 30.58675078481345, 0.0 ], [ 115.716407386443507, 30.61345577185692, 0.0 ], [ 115.723322378953796, 30.63782892252673, 0.0 ], [ 115.7618353497013, 30.684976253255179, 0.0 ], [ 115.766911485161302, 30.687895223869742, 0.0 ], [ 115.770859395883306, 30.687889899558161, 0.0 ], [ 115.796243379021305, 30.663242608493739, 0.0 ], [ 115.820627319583096, 30.633030411649742, 0.0 ], [ 115.8260836000713, 30.617356326371919, 0.0 ], [ 115.832353318369201, 30.605225349964378, 0.0 ], [ 115.841652619052596, 30.598078323210739, 0.0 ], [ 115.890421353706799, 30.582988867762442, 0.0 ], [ 115.9012900144875, 30.476803675796251, 0.0 ], [ 115.934217890508904, 30.420366624953019, 0.0 ], [ 115.881282824141195, 30.39245457908471, 0.0 ], [ 115.881770137751502, 30.366356217838639, 0.0 ], [ 115.916327201089999, 30.33631423193621, 0.0 ], [ 115.905424873295402, 30.30089573845715, 0.0 ], [ 115.978030596379796, 30.29638256659851, 0.0 ], [ 115.996173860576107, 30.255364456866019, 0.0 ], [ 116.066499514836096, 30.210136231526281, 0.0 ], [ 116.055567664250603, 30.146276634848839, 0.0 ], [ 116.076674072006, 30.115951332417691, 0.0 ], [ 116.083718943999799, 30.02608798359109, 0.0 ], [ 116.068082630132807, 30.002643955216111, 0.0 ], [ 116.086139188324495, 29.98820751903197, 0.0 ], [ 116.0810370558317, 29.95376806914684, 0.0 ], [ 116.124909556870605, 29.921167330992649, 0.0 ], [ 116.137687431105803, 29.905594748149291, 0.0 ], [ 116.126395304453396, 29.870135465503189, 0.0 ], [ 116.125934660873099, 29.85152785059655, 0.0 ], [ 116.142120759229599, 29.823898040910159, 0.0 ], [ 116.152395005830002, 29.823163934786759, 0.0 ], [ 116.184549559858397, 29.826278561526369, 0.0 ], [ 116.203923937435704, 29.825649497246339, 0.0 ], [ 116.222440227776403, 29.82204698054252, 0.0 ], [ 116.239212258251598, 29.811280155160521, 0.0 ], [ 116.250310389064396, 29.799760934972142, 0.0 ], [ 116.261111416990005, 29.788765990182949, 0.0 ], [ 116.276823889076795, 29.783740083876339, 0.0 ], [ 116.302689776442804, 29.79209491215213, 0.0 ], [ 116.367026698979402, 29.842135308848629, 0.0 ], [ 116.423827901912006, 29.87105427485557, 0.0 ], [ 116.516398221910293, 29.883193640298771, 0.0 ], [ 116.558522463734207, 29.93348312487154, 0.0 ], [ 116.569116023384396, 30.011698147490819, 0.0 ], [ 116.594612878556305, 30.057792048527741, 0.0 ], [ 116.695941459501498, 30.05202030086382, 0.0 ], [ 116.705455519926304, 30.034936287803049, 0.0 ], [ 116.691407708520899, 30.004031647447761, 0.0 ], [ 116.722489981884394, 29.991006155968659, 0.0 ], [ 116.757314655219503, 29.99588414287031, 0.0 ], [ 116.804736547588405, 30.024959405016151, 0.0 ], [ 116.831829477472098, 30.011092741414469, 0.0 ], [ 116.861551586886193, 29.977806080228849, 0.0 ], [ 116.9014979977092, 29.94104209389273, 0.0 ], [ 116.894390903847295, 29.889128450843231, 0.0 ], [ 116.874641164750003, 29.857330004416792, 0.0 ], [ 116.867900764081298, 29.823627492010122, 0.0 ], [ 116.827002751337005, 29.7922274999469, 0.0 ], [ 116.810915705227103, 29.754389449589802, 0.0 ], [ 116.768607388369901, 29.76535045125172, 0.0 ], [ 116.762253966189107, 29.726657109922929, 0.0 ], [ 116.750332634918294, 29.712645015158969, 0.0 ], [ 116.728612372908003, 29.716217555518881, 0.0 ], [ 116.7112572149979, 29.726192255215611, 0.0 ], [ 116.697860040567306, 29.72179164734877, 0.0 ], [ 116.687238679157403, 29.704762678375332, 0.0 ], [ 116.693421755157601, 29.671300077051459, 0.0 ], [ 116.688513725424997, 29.660692081738759, 0.0 ], [ 116.673516220479499, 29.647360630891932, 0.0 ], [ 116.654906096902295, 29.639128502974081, 0.0 ], [ 116.649954770733103, 29.629488858395121, 0.0 ], [ 116.696477430948903, 29.60760590848427, 0.0 ], [ 116.721829183618993, 29.587601509121821, 0.0 ], [ 116.746331499293902, 29.541294156686511, 0.0 ], [ 116.764733833840793, 29.532430155513211, 0.0 ], [ 116.780466007466302, 29.535403449918689, 0.0 ], [ 116.791596603448099, 29.562720092045431, 0.0 ], [ 116.8298519029141, 29.54371508361919, 0.0 ], [ 116.867437180552201, 29.543989705348888, 0.0 ], [ 116.894367567920199, 29.555661659900601, 0.0 ], [ 116.923676498764095, 29.583266505518331, 0.0 ], [ 116.976122364210397, 29.65860148977022, 0.0 ], [ 117.051620673078403, 29.680447039661018, 0.0 ], [ 117.122284158681893, 29.718421752600172, 0.0 ], [ 117.120908422295898, 29.755001484873251, 0.0 ], [ 117.1323259714665, 29.784462456262439, 0.0 ], [ 117.0889260601801, 29.83776455235072, 0.0 ], [ 117.134809036747995, 29.852606663222929, 0.0 ], [ 117.141154542027706, 29.908282933854011, 0.0 ], [ 117.203551175611594, 29.930847602256929, 0.0 ], [ 117.252986636373393, 29.923478328926091, 0.0 ], [ 117.271493066262096, 29.90823201683234, 0.0 ], [ 117.277791708532803, 29.8898279911445, 0.0 ], [ 117.261218474963201, 29.849667840690799, 0.0 ], [ 117.274885912025795, 29.835259297148479, 0.0 ], [ 117.302620080823502, 29.82793137479209, 0.0 ], [ 117.337588816994497, 29.85063942362115, 0.0 ], [ 117.369355342206902, 29.816002718646761, 0.0 ], [ 117.408518319345404, 29.8555182274117, 0.0 ], [ 117.428519876437804, 29.84745873766985, 0.0 ], [ 117.424323376047099, 29.776812563710621, 0.0 ], [ 117.464334962857805, 29.736004131042879, 0.0 ], [ 117.474182653130896, 29.683460541583329, 0.0 ], [ 117.528218228493202, 29.64578491185376, 0.0 ], [ 117.532586807300305, 29.63304854530471, 0.0 ], [ 117.554693833455502, 29.595006737438819, 0.0 ], [ 117.615885811802798, 29.59766544919249, 0.0 ], [ 117.662703660410003, 29.614811881992679, 0.0 ], [ 117.681976278816194, 29.591786167407051, 0.0 ], [ 117.695995925202695, 29.548010821771491, 0.0 ], [ 117.655791345437194, 29.509881642213401, 0.0 ], [ 117.594553590968104, 29.500943710806439, 0.0 ], [ 117.524139361674301, 29.434163072329639, 0.0 ], [ 117.499259175190602, 29.362913585417228, 0.0 ], [ 117.447048175369602, 29.321879932147951, 0.0 ], [ 117.434412447437396, 29.248410363391059, 0.0 ], [ 117.373643530649005, 29.192157184485051, 0.0 ], [ 117.4189724546479, 29.155929852810878, 0.0 ], [ 117.447405110609793, 29.10726382453711, 0.0 ], [ 117.502012419577795, 29.068769160812739, 0.0 ], [ 117.513853055771193, 29.031930359545829, 0.0 ], [ 117.539521888962398, 29.008869458432351, 0.0 ], [ 117.575086664679901, 29.037822481158681, 0.0 ], [ 117.618936294548206, 29.034633944305391, 0.0 ], [ 117.636112549763695, 29.057102798295421, 0.0 ], [ 117.695055311530695, 29.08002123298602, 0.0 ], [ 117.755710573214202, 29.06364714114985, 0.0 ], [ 117.775246928768794, 29.090727709139749, 0.0 ], [ 117.824515019361996, 29.10604444914809, 0.0 ], [ 117.833367841178202, 29.12949159092846, 0.0 ], [ 117.8945483849878, 29.156518613359641, 0.0 ], [ 117.942994827794806, 29.172218382137849, 0.0 ], [ 118.006395956057005, 29.22843638102632, 0.0 ], [ 118.033547325067104, 29.2610546340557, 0.0 ], [ 118.053631178097007, 29.272581570867789, 0.0 ], [ 118.079467569295403, 29.280484106750169, 0.0 ], [ 118.186217766990097, 29.319222756651541, 0.0 ], [ 118.215647552288502, 29.36863600936514, 0.0 ], [ 118.212843435692207, 29.414810586363021, 0.0 ], [ 118.239541418979599, 29.445732315420649, 0.0 ], [ 118.260981375930896, 29.443332342661542, 0.0 ], [ 118.273443135784603, 29.42735732914538, 0.0 ], [ 118.317669522513597, 29.4192252720451, 0.0 ], [ 118.329905678981305, 29.442155477083642, 0.0 ], [ 118.315791360311593, 29.49032591329588, 0.0 ], [ 118.331364847662201, 29.500961951757379, 0.0 ], [ 118.345010325897405, 29.500965825559689, 0.0 ], [ 118.362157460212501, 29.455557985792371, 0.0 ], [ 118.399580971579297, 29.46336727628093, 0.0 ], [ 118.406556048283306, 29.49269000605408, 0.0 ], [ 118.427452831949907, 29.507563688810421, 0.0 ], [ 118.503472145099295, 29.5317048099893, 0.0 ], [ 118.528966637009901, 29.56775928509515, 0.0 ], [ 118.574220639120796, 29.59792046921747, 0.0 ], [ 118.578112099867596, 29.61480555875826, 0.0 ], [ 118.744230757864898, 29.721532408803402, 0.0 ], [ 118.754184321338101, 29.764981829380229, 0.0 ], [ 118.747764250398205, 29.82606858573622, 0.0 ], [ 118.852264692550193, 29.892768715304278, 0.0 ], [ 118.858899492970394, 29.948197758196791, 0.0 ], [ 118.904746489739097, 29.961053643886231, 0.0 ], [ 118.909059036068001, 29.99142916080574, 0.0 ], [ 118.880586842116202, 30.10782541417051, 0.0 ], [ 118.893602779408099, 30.150694301917731, 0.0 ], [ 118.877678135640807, 30.177897822959579, 0.0 ], [ 118.913633364262395, 30.202981399293972, 0.0 ], [ 118.923549497673406, 30.218090149742022, 0.0 ], [ 118.900869811790898, 30.248237490681429, 0.0 ], [ 118.886679030195594, 30.310307007749859, 0.0 ], [ 118.929894016079004, 30.344866153802869, 0.0 ], [ 118.966575560152293, 30.3622441737146, 0.0 ], [ 119.018935784355904, 30.327152993606379, 0.0 ], [ 119.2264826448517, 30.31302767763728, 0.0 ], [ 119.272267574733206, 30.330965342589, 0.0 ], [ 119.306661061100002, 30.367329249298649, 0.0 ], [ 119.389571059096596, 30.371025596534039, 0.0 ], [ 119.395468928074493, 30.389585637013319, 0.0 ], [ 119.359058776591695, 30.392827125592099, 0.0 ], [ 119.325494128440496, 30.52982834309401, 0.0 ], [ 119.299100965386899, 30.52954275372554, 0.0 ], [ 119.268378885438295, 30.508439598002688, 0.0 ], [ 119.258676548221601, 30.508333503144339, 0.0 ], [ 119.224808379198706, 30.563435494082611, 0.0 ], [ 119.265333596684997, 30.580712237589552, 0.0 ], [ 119.272738662258405, 30.590396614110791, 0.0 ], [ 119.258043032046899, 30.602608555521851, 0.0 ], [ 119.263849309987407, 30.617166673090249, 0.0 ], [ 119.312612112231804, 30.62497007309878, 0.0 ], [ 119.334006215828396, 30.658414492486941, 0.0 ], [ 119.385783966071202, 30.691113012917828, 0.0 ], [ 119.400326794733303, 30.684325722006019, 0.0 ], [ 119.407862040009505, 30.648535674385759, 0.0 ], [ 119.461408847239795, 30.648942830768469, 0.0 ], [ 119.507025211944807, 30.671754689845571, 0.0 ], [ 119.5680776043436, 30.7338335000337, 0.0 ], [ 119.5819707276614, 30.841367929023551, 0.0 ], [ 119.680980341516999, 30.905290919848859, 0.0 ], [ 119.628405849650804, 31.030214186954641, 0.0 ], [ 119.6472916344418, 31.155619207473499, 0.0 ], [ 119.668826241187404, 31.168468298850492, 0.0 ], [ 119.699031360413599, 31.148740237648429, 0.0 ], [ 119.741551944392597, 31.1836837678477, 0.0 ], [ 119.801757931882094, 31.16322124371538, 0.0 ], [ 119.886842574819298, 31.176411261452159, 0.0 ], [ 120.112121729546402, 31.113889552599439, 0.0 ], [ 120.222328727506806, 31.00441401575582, 0.0 ], [ 120.294598783918701, 30.99562541621286, 0.0 ], [ 120.367110058043707, 30.953572952149461, 0.0 ], [ 120.368244632509004, 30.881956036544469, 0.0 ], [ 120.384410247174799, 30.872386920082558, 0.0 ], [ 120.419377881979003, 30.891371475526441, 0.0 ], [ 120.461726064503694, 30.848319644310891, 0.0 ], [ 120.486166866555806, 30.781930326016969, 0.0 ], [ 120.506082495565707, 30.749989395255131, 0.0 ], [ 120.512331645189505, 30.746904395518939, 0.0 ], [ 120.522648572703403, 30.755411326370059, 0.0 ], [ 120.545087544240502, 30.784736193926129, 0.0 ], [ 120.562879809719803, 30.81533253669771, 0.0 ], [ 120.596137616896598, 30.846076226312292, 0.0 ], [ 120.631804407260802, 30.84731919271249, 0.0 ], [ 120.683562648218697, 30.866890783186339, 0.0 ], [ 120.700553206730504, 30.887300045827612, 0.0 ], [ 120.706283611092104, 30.937297420091479, 0.0 ], [ 120.724074326745793, 30.968700959539412, 0.0 ], [ 120.756889301674306, 30.972461931087182, 0.0 ], [ 120.773381821763707, 30.993885736009471, 0.0 ], [ 120.807537389275595, 31.012330280708252, 0.0 ], [ 120.822084020297694, 31.010169922998621, 0.0 ], [ 120.852415162622606, 30.994660054775832, 0.0 ], [ 120.874684283588905, 30.995284447791299, 0.0 ], [ 120.895501210728099, 31.00717406147729, 0.0 ], [ 120.966469411057702, 31.018887462025599, 0.0 ], [ 120.998970942222201, 31.003132589081311, 0.0 ], [ 120.998087945295097, 30.950760136497259, 0.0 ], [ 121.030293600071602, 30.8973295561069, 0.0 ], [ 120.999188107488294, 30.840977094197129, 0.0 ], [ 121.008255205776095, 30.823994630689182, 0.0 ], [ 121.135186024217901, 30.850037417049741, 0.0 ], [ 121.141782423472705, 30.820477208421462, 0.0 ], [ 121.127406857581306, 30.786298635185808, 0.0 ], [ 121.143992015979705, 30.773446936682891, 0.0 ], [ 121.156368260705904, 30.768385610870862, 0.0 ], [ 121.210584296045198, 30.782083761850561, 0.0 ], [ 121.256527908929698, 30.735328954581131, 0.0 ], [ 121.264399348690503, 30.70221649774847, 0.0 ], [ 121.272668831647593, 30.692980390525921, 0.0 ], [ 121.503304393503299, 30.746921474738532, 0.0 ], [ 121.782979331232895, 30.87410328721549, 0.0 ], [ 121.8527096229883, 30.995631636653631, 0.0 ], [ 121.6982040694852, 31.315603145393059, 0.0 ], [ 121.485806072154304, 31.457745988533691, 0.0 ], [ 121.352660736999596, 31.512271320382521, 0.0 ], [ 121.246202527317095, 31.631826884299059, 0.0 ], [ 121.057793842162496, 31.752773571146349, 0.0 ], [ 120.834573029999206, 31.78557783236689, 0.0 ], [ 120.722695798002206, 31.850101826787629, 0.0 ], [ 120.515154379806802, 31.911712471205991, 0.0 ], [ 120.393158006147004, 31.96953951650962, 0.0 ], [ 120.192952242164495, 31.92321055208803, 0.0 ], [ 120.019304685780398, 31.95248440250073, 0.0 ], [ 119.944382873994599, 32.031151526783248, 0.0 ], [ 119.795813167556801, 32.110086592021872, 0.0 ], [ 119.7956253713172, 32.154375167540998, 0.0 ], [ 119.806627734776399, 32.191052419141982, 0.0 ], [ 119.703850117861805, 32.235538859974177, 0.0 ], [ 119.659824359870598, 32.192533063021187, 0.0 ], [ 119.599305323960493, 32.176034626247187, 0.0 ], [ 119.480389493130801, 32.21207350762073, 0.0 ], [ 119.418069533093004, 32.216166693790733, 0.0 ], [ 119.378350344953901, 32.230611711335897, 0.0 ], [ 119.618930355284505, 32.367547823992439, 0.0 ], [ 119.717311583940003, 32.307748805617749, 0.0 ], [ 119.800797315821299, 32.330374986557374, 0.0 ], [ 119.954291030364899, 32.243632969962853, 0.0 ], [ 119.931346002773907, 32.136947636721153, 0.0 ], [ 119.973662566727697, 32.083210378611909, 0.0 ], [ 120.046051887433194, 32.061704234845422, 0.0 ], [ 120.157205763394401, 32.087681963927508, 0.0 ], [ 120.303101414545793, 32.121285162966409, 0.0 ], [ 120.4041273897423, 32.133722706727838, 0.0 ], [ 120.522370722472104, 32.125950496059019, 0.0 ], [ 120.717467905527997, 32.070635018364889, 0.0 ], [ 120.802417490916795, 32.020383669368933, 0.0 ], [ 120.847375377617396, 31.99682079924656, 0.0 ], [ 120.886423542704307, 31.950778993482778, 0.0 ], [ 120.944380644919804, 31.940531956821069, 0.0 ], [ 121.032052571753994, 31.942501880648589, 0.0 ], [ 121.160579409471694, 32.021913764756754, 0.0 ], [ 121.513481891856003, 31.992960747008262, 0.0 ], [ 121.6351998231697, 32.010921066513227, 0.0 ], [ 121.667503032046696, 32.046289998151657, 0.0 ], [ 121.645503120717706, 32.075878368777303, 0.0 ], [ 121.346019918933607, 32.125082009184027, 0.0 ], [ 121.237768637514193, 32.188640658674792, 0.0 ], [ 121.223817662440894, 32.251655540589283, 0.0 ], [ 121.329307683659806, 32.380732726921913, 0.0 ], [ 121.319461544607506, 32.426292446574323, 0.0 ], [ 120.892462254942899, 32.577246393125989, 0.0 ], [ 120.626444006291607, 32.672187620990108, 0.0 ], [ 120.493282504119804, 32.867360230687503, 0.0 ], [ 120.457820952945099, 33.166059005750817, 0.0 ], [ 120.362143405199802, 33.392051532140613, 0.0 ], [ 120.208531149421901, 33.518392287829677, 0.0 ], [ 119.922774244741603, 33.826587952321113, 0.0 ], [ 119.857932678060905, 34.006364373757272, 0.0 ], [ 119.539321123512593, 34.193770777653803, 0.0 ], [ 119.483637983442307, 34.287163973372913, 0.0 ], [ 119.500522155439199, 34.494033389530401, 0.0 ], [ 119.427885282720595, 34.51852969710648, 0.0 ], [ 119.196956085860407, 34.51097319469423, 0.0 ], [ 119.171958977339997, 34.722707343651727, 0.0 ], [ 119.168560667650894, 34.869962192915743, 0.0 ], [ 119.194104922340799, 34.99392743950731, 0.0 ], [ 119.225445935116596, 35.039581941359259, 0.0 ], [ 119.261408604332601, 35.061018115688483, 0.0 ], [ 119.308521065917404, 35.070172062068792, 0.0 ], [ 119.314776761230604, 35.087795925606997, 0.0 ], [ 119.318900990058793, 35.09749663252402, 0.0 ], [ 119.302213007784701, 35.111018091624082, 0.0 ], [ 119.284198359909098, 35.117562105831901, 0.0 ], [ 119.247090839906093, 35.11111988703437, 0.0 ], [ 119.191186658345103, 35.103770224253353, 0.0 ], [ 119.153284040452903, 35.089630763398681, 0.0 ], [ 119.110752054424097, 35.04838696780125, 0.0 ], [ 119.089963994542799, 35.038312762908603, 0.0 ], [ 119.006815642283499, 35.037724588864648, 0.0 ], [ 118.952492634038705, 35.035988864091358, 0.0 ], [ 118.920296078315204, 35.051583995407931, 0.0 ], [ 118.905149104225998, 35.049115207046263, 0.0 ], [ 118.873155590259699, 35.018423428409683, 0.0 ], [ 118.880401484186095, 34.995780974734608, 0.0 ], [ 118.882364173399395, 34.97260059023008, 0.0 ], [ 118.868899240003202, 34.93266052797366, 0.0 ], [ 118.8416959251078, 34.918885532525628, 0.0 ], [ 118.820194835957906, 34.893072669176213, 0.0 ], [ 118.803479706972695, 34.859339769944313, 0.0 ], [ 118.7983754936878, 34.74752153513932, 0.0 ], [ 118.768260355639299, 34.708304671795688, 0.0 ], [ 118.715561965646799, 34.68265489264639, 0.0 ], [ 118.672088276098805, 34.678961934130378, 0.0 ], [ 118.616740103286304, 34.703428922971909, 0.0 ], [ 118.515939053376698, 34.697386831101632, 0.0 ], [ 118.463384073763706, 34.635668110626952, 0.0 ], [ 118.433471980530697, 34.596966247112803, 0.0 ], [ 118.435334931433502, 34.565638910102201, 0.0 ], [ 118.443874940037503, 34.493430876225972, 0.0 ], [ 118.409355342418195, 34.43370261393801, 0.0 ], [ 118.276623124588397, 34.414637420527633, 0.0 ], [ 118.226054601520204, 34.388867953490347, 0.0 ], [ 118.175521609286093, 34.395218811633328, 0.0 ], [ 118.195412693742497, 34.433184340874213, 0.0 ], [ 118.140127724784094, 34.481880232179527, 0.0 ], [ 118.184473090067598, 34.53577043096449, 0.0 ], [ 118.112883562762093, 34.575468296273257, 0.0 ], [ 118.111872440781298, 34.637252163651588, 0.0 ], [ 117.960915036093795, 34.668172375577463, 0.0 ], [ 117.885543002725797, 34.645310537712319, 0.0 ], [ 117.803418268577801, 34.631592459502222, 0.0 ], [ 117.800712022803907, 34.578423672717477, 0.0 ], [ 117.819422810783905, 34.534107554168507, 0.0 ], [ 117.755283143981899, 34.529714610714393, 0.0 ], [ 117.657282770673802, 34.458545015901748, 0.0 ], [ 117.597795633038402, 34.452553201789243, 0.0 ], [ 117.5312728669184, 34.410522530521227, 0.0 ], [ 117.5080566335523, 34.410287548608864, 0.0 ], [ 117.474988555885503, 34.474755528938871, 0.0 ], [ 117.3636214044448, 34.576862368748202, 0.0 ], [ 117.249444922859098, 34.696547956695873, 0.0 ], [ 117.240230662768695, 34.763129515396692, 0.0 ], [ 117.211329693372505, 34.799288691260223, 0.0 ], [ 117.162724737264497, 34.81054356859169, 0.0 ], [ 117.122444081642001, 34.863697932239447, 0.0 ], [ 117.055356112975701, 34.867391864452117, 0.0 ], [ 117.019806722489193, 34.894233050620997, 0.0 ], [ 116.994845149655305, 34.937533149160998, 0.0 ], [ 116.989958585809603, 34.991163733280203, 0.0 ] ] ] } },
{ "type": "Feature", "properties": { "省份": "南京", "id": "2026081100110002", "name": "南京", "layer": "常州", "path": "C:/Users/geste/Desktop/ming1433_fullv1.0.geojson" }, "geometry": { "type": "Polygon", "coordinates": [ [ [ 120.127023634851696, 32.014444576959711, 0.0 ], [ 120.1442625631515, 31.990411317624179, 0.0 ], [ 120.250816465986901, 31.972543346984072, 0.0 ], [ 120.342451440820895, 32.007549785577019, 0.0 ], [ 120.376100766112501, 32.054826779394112, 0.0 ], [ 120.354167301235904, 32.074693986499739, 0.0 ], [ 120.2517404974881, 32.08599276038462, 0.0 ], [ 120.134733611408805, 32.044157337826107, 0.0 ], [ 120.127023634851696, 32.014444576959711, 0.0 ] ] ] } },
{ "type": "Feature", "properties": { "省份": "南京", "id": "2026081100110003", "name": "南京", "layer": "崇明岛", "path": "C:/Users/geste/Desktop/ming1433_fullv1.0.geojson" }, "geometry": { "type": "Polygon", "coordinates": [ [ [ 121.112097777149899, 31.836133092727099, 0.0 ], [ 121.128129374749705, 31.80001783613811, 0.0 ], [ 121.199361252565794, 31.750688006812201, 0.0 ], [ 121.233663103487302, 31.741488434134041, 0.0 ], [ 121.269924364151905, 31.760636495527791, 0.0 ], [ 121.266783905889397, 31.797594044337728, 0.0 ], [ 121.237207499436906, 31.842559069801549, 0.0 ], [ 121.180065624623396, 31.86010767126044, 0.0 ], [ 121.122377726391406, 31.856803049109271, 0.0 ], [ 121.112097777149899, 31.836133092727099, 0.0 ] ] ] } },
{ "type": "Feature", "properties": { "省份": "南京", "id": "2026081100110004", "name": "南京", "layer": "连云港", "path": "C:/Users/geste/Desktop/ming1433_fullv1.0.geojson" }, "geometry": { "type": "Polygon", "coordinates": [ [ [ 119.2232682154537, 34.637984656880342, 0.0 ], [ 119.214232973045796, 34.550020835804773, 0.0 ], [ 119.259719832862103, 34.536267603631927, 0.0 ], [ 119.357555856821804, 34.569230773782827, 0.0 ], [ 119.472792662756504, 34.68004943578709, 0.0 ], [ 119.466711419679498, 34.735511139682018, 0.0 ], [ 119.377626911913197, 34.758644989863903, 0.0 ], [ 119.2232682154537, 34.637984656880342, 0.0 ] ] ] } },
{ "type": "Feature", "properties": { "省份": "南京", "id": "2026081100110005", "name": "南京", "layer": "长江江心岛", "path": "C:/Users/geste/Desktop/ming1433_fullv1.0.geojson" }, "geometry": { "type": "Polygon", "coordinates": [ [ [ 119.502812017005098, 32.271254123639181, 0.0 ], [ 119.557084502559704, 32.241916824131877, 0.0 ], [ 119.627142947345106, 32.229365549804193, 0.0 ], [ 119.672554014121502, 32.25160822039912, 0.0 ], [ 119.686164608090095, 32.27355369574849, 0.0 ], [ 119.673200280099906, 32.29267442324079, 0.0 ], [ 119.622512344706607, 32.304227503042853, 0.0 ], [ 119.603566640492403, 32.297525344262127, 0.0 ], [ 119.549846934270505, 32.306068332212547, 0.0 ], [ 119.522155872776693, 32.299210846819669, 0.0 ], [ 119.502812017005098, 32.271254123639181, 0.0 ] ] ] } },
{ "type": "Feature", "properties": { "省份": "南京", "id": "2026081100110006", "name": "南京", "layer": "长江江心岛", "path": "C:/Users/geste/Desktop/ming1433_fullv1.0.geojson" }, "geometry": { "type": "Polygon", "coordinates": [ [ [ 119.797210395613703, 32.236912850918138, 0.0 ], [ 119.814810068248704, 32.228077538152739, 0.0 ], [ 119.824233651636902, 32.217608420006997, 0.0 ], [ 119.817061693941895, 32.155971426879738, 0.0 ], [ 119.8557384638478, 32.10160191785787, 0.0 ], [ 119.876943401705702, 32.104192044844488, 0.0 ], [ 119.879239137969805, 32.151540133840633, 0.0 ], [ 119.862676594662403, 32.187155864381417, 0.0 ], [ 119.867100760579106, 32.237926592573963, 0.0 ], [ 119.837580240494503, 32.260339929550987, 0.0 ], [ 119.7862140413812, 32.282623759258051, 0.0 ], [ 119.748962669463197, 32.270514626848737, 0.0 ], [ 119.7433995614427, 32.258319553111157, 0.0 ], [ 119.797210395613703, 32.236912850918138, 0.0 ] ] ] } },
{ "type": "Feature", "properties": { "省份": "南京", "id": "2026081100110007", "name": "南京", "layer": "长江江心岛", "path": "C:/Users/geste/Desktop/ming1433_fullv1.0.geojson" }, "geometry": { "type": "Polygon", "coordinates": [ [ [ 121.547667044313798, 31.568460707439922, 0.0 ], [ 121.5451612720573, 31.553645743453, 0.0 ], [ 121.592698175478702, 31.51377365081586, 0.0 ], [ 121.669619549031296, 31.49864418172384, 0.0 ], [ 121.711562716538893, 31.47762624991169, 0.0 ], [ 121.748582871312905, 31.50888553274994, 0.0 ], [ 121.7360694087089, 31.546695470046629, 0.0 ], [ 121.673127160648093, 31.56601753486596, 0.0 ], [ 121.653824234096902, 31.559807406864131, 0.0 ], [ 121.586129691089994, 31.58132664668188, 0.0 ], [ 121.547667044313798, 31.568460707439922, 0.0 ] ] ] } },
{ "type": "Feature", "properties": { "省份": "南京", "id": "2026081100110008", "name": "南京", "layer": "长江江心岛", "path": "C:/Users/geste/Desktop/ming1433_fullv1.0.geojson" }, "geometry": { "type": "Polygon", "coordinates": [ [ [ 121.378030091417102, 31.665447131295799, 0.0 ], [ 121.374195287642493, 31.635578139743039, 0.0 ], [ 121.407582906623006, 31.59472526326968, 0.0 ], [ 121.441992256168703, 31.590322696827709, 0.0 ], [ 121.4666045808099, 31.599246377417959, 0.0 ], [ 121.470764835223704, 31.62857968788655, 0.0 ], [ 121.441341005893705, 31.659834491180838, 0.0 ], [ 121.415744987789793, 31.6715220847098, 0.0 ], [ 121.395511315123898, 31.672988398137221, 0.0 ], [ 121.378030091417102, 31.665447131295799, 0.0 ] ] ] } },
{ "type": "Feature", "properties": { "省份": "南京", "id": "2026081100110009", "name": "南京", "layer": "长江江心岛", "path": "C:/Users/geste/Desktop/ming1433_fullv1.0.geojson" }, "geometry": { "type": "Polygon", "coordinates": [ [ [ 121.404251773297901, 31.741192941614131, 0.0 ], [ 121.408102774468503, 31.72750364169859, 0.0 ], [ 121.440084181662897, 31.700258638606371, 0.0 ], [ 121.465650937493805, 31.669755820151369, 0.0 ], [ 121.499282945435198, 31.67434282301847, 0.0 ], [ 121.5054515773475, 31.700423963189799, 0.0 ], [ 121.481115528497497, 31.717492247341809, 0.0 ], [ 121.450121768750705, 31.744903828052209, 0.0 ], [ 121.422598823360502, 31.744361744647591, 0.0 ], [ 121.404251773297901, 31.741192941614131, 0.0 ] ] ] } },
{ "type": "Feature", "properties": { "省份": "广西", "id": "202608110015", "name": "广西", "layer": null, "path": "C:/Users/geste/Desktop/ming1433_fullv1.0.geojson" }, "geometry": { "type": "Polygon", "coordinates": [ [ [ 105.506588721758405, 23.139198443468889, 0.0 ], [ 105.5275343263895, 23.10162526882144, 0.0 ], [ 105.544123942023006, 23.093529509883261, 0.0 ], [ 105.595029229778504, 23.08385226706196, 0.0 ], [ 105.712279172528, 23.065427716948449, 0.0 ], [ 105.763842452182999, 23.03539575350997, 0.0 ], [ 105.798562798864495, 23.00034456463834, 0.0 ], [ 105.834155751325696, 22.973759444900899, 0.0 ], [ 105.902523132297304, 22.95860270220788, 0.0 ], [ 106.006765463886197, 22.967552791117569, 0.0 ], [ 106.135052894550896, 22.978521979390589, 0.0 ], [ 106.176617982790603, 22.972722920057521, 0.0 ], [ 106.277005493901299, 22.89903682064762, 0.0 ], [ 106.341156794587206, 22.87539359711575, 0.0 ], [ 106.413535743290694, 22.898727898179981, 0.0 ], [ 106.480517898435593, 22.938303403309479, 0.0 ], [ 106.518921869710894, 22.940878718361219, 0.0 ], [ 106.569237602934805, 22.92736943805987, 0.0 ], [ 106.626952824294193, 22.89745100726438, 0.0 ], [ 106.708283983728407, 22.83525315496124, 0.0 ], [ 106.765524876601404, 22.806521546896569, 0.0 ], [ 106.767698107609903, 22.782630808682761, 0.0 ], [ 106.7244157665356, 22.724876563842301, 0.0 ], [ 106.640333998047595, 22.628784944146648, 0.0 ], [ 106.599241933314204, 22.605044663569011, 0.0 ], [ 106.519381299502598, 22.598531817808279, 0.0 ], [ 106.509629772823303, 22.51639485671507, 0.0 ], [ 106.515246315911995, 22.420777143198301, 0.0 ], [ 106.519431564457804, 22.37622614600954, 0.0 ], [ 106.552336873957202, 22.371326873206058, 0.0 ], [ 106.600497225909805, 22.366682370816939, 0.0 ], [ 106.622735529194301, 22.352927591661011, 0.0 ], [ 106.645577993851902, 22.273027676537261, 0.0 ], [ 106.678395440397097, 22.174701779230531, 0.0 ], [ 106.687964057131893, 22.128095978743779, 0.0 ], [ 106.676890064752897, 22.03173178829498, 0.0 ], [ 106.673238411608907, 21.986405927611809, 0.0 ], [ 106.684561716061296, 21.960229125048009, 0.0 ], [ 106.719521825533604, 21.9523647739537, 0.0 ], [ 106.8373618938774, 21.97048232707472, 0.0 ], [ 106.936471963695993, 21.91840504854682, 0.0 ], [ 106.987845801510403, 21.89798026571134, 0.0 ], [ 107.034986287132497, 21.893530675921031, 0.0 ], [ 107.010371512716702, 21.837450754623159, 0.0 ], [ 107.022072144341294, 21.79955987602219, 0.0 ], [ 107.113427727049, 21.743390558686201, 0.0 ], [ 107.235053118051894, 21.699804738370212, 0.0 ], [ 107.279251483038195, 21.674432474105998, 0.0 ], [ 107.342055169717696, 21.670526699577181, 0.0 ], [ 107.369263267018795, 21.645849805408339, 0.0 ], [ 107.376025324780102, 21.618592428422438, 0.0 ], [ 107.502683362037104, 21.615119389510049, 0.0 ], [ 107.521628924314399, 21.652942827326982, 0.0 ], [ 107.548778035195696, 21.70989614792774, 0.0 ], [ 107.609897788862696, 21.741259765213741, 0.0 ], [ 107.716245419659799, 21.759706483405601, 0.0 ], [ 107.715859025224105, 21.800210114843001, 0.0 ], [ 107.749605078104906, 21.802275358978239, 0.0 ], [ 107.756362355191996, 21.80888886281733, 0.0 ], [ 107.7683605413837, 21.81436836363622, 0.0 ], [ 107.782881505520294, 21.81580298149396, 0.0 ], [ 107.792545083437503, 21.818191879257931, 0.0 ], [ 107.801419383549003, 21.818037210722981, 0.0 ], [ 107.816770541963095, 21.81773940672354, 0.0 ], [ 107.830192359955802, 21.820741457884719, 0.0 ], [ 107.850815497952397, 21.82103998099932, 0.0 ], [ 107.860068969533003, 21.82005249859656, 0.0 ], [ 107.882743730137605, 21.833276948555561, 0.0 ], [ 107.885887087218507, 21.841052363954098, 0.0 ], [ 107.886088630395804, 21.855831458533501, 0.0 ], [ 107.898829306740694, 21.871406935153551, 0.0 ], [ 107.931097999515202, 21.88071810975141, 0.0 ], [ 108.021107460313004, 21.897495393844139, 0.0 ], [ 108.079163464876402, 21.92623507271901, 0.0 ], [ 108.119835783659497, 21.953812657423761, 0.0 ], [ 108.168204328368901, 21.97114963873468, 0.0 ], [ 108.191597416532204, 21.993529766472751, 0.0 ], [ 108.207337063952394, 22.054751818533639, 0.0 ], [ 108.206357780391698, 22.087899816899728, 0.0 ], [ 108.212261760755197, 22.10835804933339, 0.0 ], [ 108.209183854439104, 22.116390716497989, 0.0 ], [ 108.191698936311596, 22.140511562613959, 0.0 ], [ 108.190998205199705, 22.152590996390568, 0.0 ], [ 108.194779155046405, 22.16740078485488, 0.0 ], [ 108.224160301800495, 22.185426539209651, 0.0 ], [ 108.230859521441701, 22.19637044871612, 0.0 ], [ 108.234376631042196, 22.21650151079745, 0.0 ], [ 108.239753031430297, 22.22760513171589, 0.0 ], [ 108.244522126108706, 22.232801541077119, 0.0 ], [ 108.255977063860499, 22.23457096073037, 0.0 ], [ 108.270396302038606, 22.22941711587503, 0.0 ], [ 108.287645007413801, 22.21271818694931, 0.0 ], [ 108.298236632642201, 22.21618773286265, 0.0 ], [ 108.310495474647894, 22.225138535662541, 0.0 ], [ 108.3283358470064, 22.2432891984969, 0.0 ], [ 108.349613581256094, 22.25160126474594, 0.0 ], [ 108.392327791863195, 22.256354545932091, 0.0 ], [ 108.416445298258196, 22.274445413379631, 0.0 ], [ 108.438414486304197, 22.274773435870589, 0.0 ], [ 108.449715972638799, 22.255217048293531, 0.0 ], [ 108.4662021451187, 22.24563135076, 0.0 ], [ 108.4870253960909, 22.241702903597972, 0.0 ], [ 108.502061175558893, 22.24581885419326, 0.0 ], [ 108.515937591493696, 22.260903370086051, 0.0 ], [ 108.516092777254698, 22.28309893499981, 0.0 ], [ 108.525310280879793, 22.290622967783609, 0.0 ], [ 108.542484871869405, 22.30152241700241, 0.0 ], [ 108.550396105573199, 22.312993805122201, 0.0 ], [ 108.555597816600397, 22.331832324792579, 0.0 ], [ 108.562115583904401, 22.339708618912571, 0.0 ], [ 108.569831646751894, 22.341304931038319, 0.0 ], [ 108.5868147214738, 22.34162016542415, 0.0 ], [ 108.613477909606601, 22.338008367541459, 0.0 ], [ 108.622315200710005, 22.341126220297419, 0.0 ], [ 108.634329203281993, 22.351931415483971, 0.0 ], [ 108.644778713801699, 22.385919199700592, 0.0 ], [ 108.636403341493505, 22.435505230895309, 0.0 ], [ 108.626761005764195, 22.438529214533961, 0.0 ], [ 108.6190463547874, 22.435353215806241, 0.0 ], [ 108.608321481086804, 22.405454967410058, 0.0 ], [ 108.592556266295603, 22.384339038221491, 0.0 ], [ 108.5839329755715, 22.376919930563432, 0.0 ], [ 108.576392275272994, 22.376286230645619, 0.0 ], [ 108.569654954067801, 22.38410529220603, 0.0 ], [ 108.571047402323998, 22.395827789956499, 0.0 ], [ 108.585841493394199, 22.414783650130079, 0.0 ], [ 108.587283076115895, 22.43823962501347, 0.0 ], [ 108.571979982932007, 22.456916067955191, 0.0 ], [ 108.538290955918995, 22.463876474707249, 0.0 ], [ 108.453861358630903, 22.424713299981239, 0.0 ], [ 108.423538045484605, 22.422253653671081, 0.0 ], [ 108.396535820139306, 22.432801365581099, 0.0 ], [ 108.340815193633603, 22.435669162715261, 0.0 ], [ 108.320212237515193, 22.43090875236194, 0.0 ], [ 108.305144574697096, 22.422551307349021, 0.0 ], [ 108.287249434603098, 22.40490650389297, 0.0 ], [ 108.266815522858906, 22.407832219526831, 0.0 ], [ 108.250707318604, 22.421652627097579, 0.0 ], [ 108.243394600018405, 22.475363936411181, 0.0 ], [ 108.251392238100493, 22.49369299232962, 0.0 ], [ 108.280590119907998, 22.530178192427531, 0.0 ], [ 108.293784748662901, 22.53947265014898, 0.0 ], [ 108.292457391457404, 22.572843242917699, 0.0 ], [ 108.381751413475598, 22.662063349419839, 0.0 ], [ 108.572988769417606, 22.72128929112764, 0.0 ], [ 108.599792280532498, 22.71341321711424, 0.0 ], [ 108.646418797328394, 22.626767916436631, 0.0 ], [ 108.666367828238606, 22.61600085001345, 0.0 ], [ 108.767781687946297, 22.59170482768938, 0.0 ], [ 108.854227768100301, 22.54860661853877, 0.0 ], [ 108.885343776386307, 22.52043425874459, 0.0 ], [ 108.914330136972595, 22.521191270117772, 0.0 ], [ 108.978973555152805, 22.544633630878021, 0.0 ], [ 108.998068482379793, 22.54497475033553, 0.0 ], [ 109.021873962018404, 22.530419943354421, 0.0 ], [ 109.074776362555795, 22.533558257720109, 0.0 ], [ 109.103914235824604, 22.524603601306019, 0.0 ], [ 109.122756138144197, 22.526017778876891, 0.0 ], [ 109.138352077886196, 22.539357496313869, 0.0 ], [ 109.1518688018662, 22.546676363568551, 0.0 ], [ 109.163201125276004, 22.54392411609108, 0.0 ], [ 109.175841935742795, 22.53625474307356, 0.0 ], [ 109.1995996761909, 22.527550649223169, 0.0 ], [ 109.252693068680799, 22.535142728477801, 0.0 ], [ 109.279466826689003, 22.55412141295546, 0.0 ], [ 109.294500471346197, 22.580259418440608, 0.0 ], [ 109.353969676959395, 22.631896822411338, 0.0 ], [ 109.385570158945399, 22.641210308400819, 0.0 ], [ 109.4152413534256, 22.640250726314981, 0.0 ], [ 109.434631183165195, 22.633321177770402, 0.0 ], [ 109.452816297124798, 22.617872842802111, 0.0 ], [ 109.474046531417997, 22.615794209650559, 0.0 ], [ 109.484507884580495, 22.629496777830848, 0.0 ], [ 109.487816683782398, 22.64390902535272, 0.0 ], [ 109.506351615297504, 22.66032350753996, 0.0 ], [ 109.5170033266715, 22.663320095017799, 0.0 ], [ 109.528301775349505, 22.661859471232439, 0.0 ], [ 109.5352721575629, 22.651876826237871, 0.0 ], [ 109.550124860191502, 22.650943338362261, 0.0 ], [ 109.578786931569397, 22.68273182709822, 0.0 ], [ 109.601717789039895, 22.682402723948179, 0.0 ], [ 109.6288004404486, 22.66226367750766, 0.0 ], [ 109.641529882644093, 22.661122846301311, 0.0 ], [ 109.657583868490505, 22.6694719533679, 0.0 ], [ 109.666281505454904, 22.67013239010921, 0.0 ], [ 109.673961972359805, 22.666345108099829, 0.0 ], [ 109.679988946851395, 22.659580401657529, 0.0 ], [ 109.693084580749897, 22.616660789131849, 0.0 ], [ 109.7481955130459, 22.57610874590863, 0.0 ], [ 109.810960320046107, 22.59894368116651, 0.0 ], [ 109.851983082672106, 22.59095458466992, 0.0 ], [ 109.874049057375203, 22.57106021156152, 0.0 ], [ 109.868612269232997, 22.512988500458381, 0.0 ], [ 109.827087977063499, 22.460048072764071, 0.0 ], [ 109.863839513899293, 22.38569911797439, 0.0 ], [ 109.859900237479295, 22.339737047684, 0.0 ], [ 109.812298392056604, 22.32388922910706, 0.0 ], [ 109.759943394680306, 22.333761566471789, 0.0 ], [ 109.737224037972695, 22.393219824993011, 0.0 ], [ 109.766619206743201, 22.440985909071351, 0.0 ], [ 109.755587826073196, 22.476572820126119, 0.0 ], [ 109.662611234961204, 22.47144809271094, 0.0 ], [ 109.627994940006602, 22.438233912525199, 0.0 ], [ 109.602208327191505, 22.398414516811201, 0.0 ], [ 109.626371123855094, 22.35276084555203, 0.0 ], [ 109.6695879944251, 22.316297829784361, 0.0 ], [ 109.646359037418193, 22.3045715365846, 0.0 ], [ 109.622920683755595, 22.312284969337611, 0.0 ], [ 109.600751046351306, 22.281374589067301, 0.0 ], [ 109.589269142606199, 22.222344277670121, 0.0 ], [ 109.548017752805904, 22.161101338755159, 0.0 ], [ 109.534929758278807, 22.118117020228599, 0.0 ], [ 109.5817133607719, 22.057492051364381, 0.0 ], [ 109.594445979318706, 22.006905999285571, 0.0 ], [ 109.563564132570903, 21.969416566414871, 0.0 ], [ 109.599778813764601, 21.91552911728003, 0.0 ], [ 109.703350266668807, 21.898627066002359, 0.0 ], [ 109.709865395556307, 21.738248417211629, 0.0 ], [ 109.729035119733894, 21.71955246851067, 0.0 ], [ 109.787139296055003, 21.716083271839381, 0.0 ], [ 109.836912684100199, 21.740833266514169, 0.0 ], [ 109.870526936893199, 21.805095328446441, 0.0 ], [ 109.878553973509, 21.858004430657779, 0.0 ], [ 109.960849603485599, 21.915047354079359, 0.0 ], [ 110.015045202811905, 21.93177802597506, 0.0 ], [ 110.096245425667504, 21.892494766789969, 0.0 ], [ 110.172220366852898, 21.897528158540151, 0.0 ], [ 110.249918585207098, 21.87257633705245, 0.0 ], [ 110.312922300925194, 21.91121081907232, 0.0 ], [ 110.369243587513594, 21.894351492373101, 0.0 ], [ 110.392617024394397, 21.917254710997739, 0.0 ], [ 110.362277259916894, 21.978025719721181, 0.0 ], [ 110.351254331577707, 22.042331590057991, 0.0 ], [ 110.364334410698703, 22.122120917183469, 0.0 ], [ 110.330910226827996, 22.15876622229009, 0.0 ], [ 110.340038803955593, 22.196779719581961, 0.0 ], [ 110.363711133860306, 22.200245469187049, 0.0 ], [ 110.387440226895606, 22.180482992654969, 0.0 ], [ 110.416481775057704, 22.203230747716411, 0.0 ], [ 110.431405370939203, 22.207594672696459, 0.0 ], [ 110.4413701897099, 22.205093860535889, 0.0 ], [ 110.474793874615898, 22.158982343998289, 0.0 ], [ 110.491863722852699, 22.151207889296781, 0.0 ], [ 110.521377750662296, 22.159034851537299, 0.0 ], [ 110.555812541069798, 22.193682243767569, 0.0 ], [ 110.573388051220704, 22.19615566019479, 0.0 ], [ 110.590837421550205, 22.187889883514242, 0.0 ], [ 110.609798702651403, 22.163027000014299, 0.0 ], [ 110.651379346124003, 22.163516798387551, 0.0 ], [ 110.668185139123096, 22.18837446886366, 0.0 ], [ 110.658845951846203, 22.218779716704301, 0.0 ], [ 110.663312942327494, 22.23222285049836, 0.0 ], [ 110.676547125634698, 22.240185683548471, 0.0 ], [ 110.684156288212094, 22.269934360608069, 0.0 ], [ 110.693602491755101, 22.28360881252831, 0.0 ], [ 110.714081172686505, 22.289566059786679, 0.0 ], [ 110.735368353928095, 22.27962849745882, 0.0 ], [ 110.772091771783806, 22.27417413280553, 0.0 ], [ 110.786148326196297, 22.282464858120171, 0.0 ], [ 110.772576805380098, 22.320568348169889, 0.0 ], [ 110.714938159062996, 22.37639456560829, 0.0 ], [ 110.711866493121406, 22.407307984829519, 0.0 ], [ 110.727726937891802, 22.440216779115911, 0.0 ], [ 110.687026983000706, 22.464607428268359, 0.0 ], [ 110.691735874541394, 22.484603525630629, 0.0 ], [ 110.735270331215801, 22.474681464474831, 0.0 ], [ 110.754915001225697, 22.479247376468809, 0.0 ], [ 110.754215689731396, 22.518744884821739, 0.0 ], [ 110.758119772729202, 22.535879430883831, 0.0 ], [ 110.761374145692201, 22.572347442517369, 0.0 ], [ 110.783174739206601, 22.583422052929141, 0.0 ], [ 110.806263279118198, 22.570730646080541, 0.0 ], [ 110.819458108677196, 22.570951953951528, 0.0 ], [ 110.826428787643096, 22.58563797290412, 0.0 ], [ 110.854907250463, 22.59165973178353, 0.0 ], [ 110.887664104892195, 22.587388728461921, 0.0 ], [ 110.9235670481375, 22.611828852675242, 0.0 ], [ 110.954103972033494, 22.62004603283231, 0.0 ], [ 110.969297875603701, 22.655634823563322, 0.0 ], [ 111.001787348900606, 22.655092074057141, 0.0 ], [ 111.014885779872102, 22.619576044563821, 0.0 ], [ 111.074869250061695, 22.643849582044901, 0.0 ], [ 111.102154665248307, 22.695572301112001, 0.0 ], [ 111.075326680196596, 22.725413772173681, 0.0 ], [ 111.112829121700599, 22.744110303645549, 0.0 ], [ 111.218914984187904, 22.742451553529751, 0.0 ], [ 111.251400101599202, 22.784827831105051, 0.0 ], [ 111.300342824089, 22.813717639864279, 0.0 ], [ 111.320005933434203, 22.849452805827571, 0.0 ], [ 111.355022085898497, 22.870425614971829, 0.0 ], [ 111.377393807289806, 22.90567134213509, 0.0 ], [ 111.381335489628896, 22.95649926376349, 0.0 ], [ 111.3887924607576, 22.969195025684709, 0.0 ], [ 111.403705498762207, 22.986803597241419, 0.0 ], [ 111.3964962831012, 23.012326374866081, 0.0 ], [ 111.429060726028794, 23.031567026141389, 0.0 ], [ 111.434052019616402, 23.065469343941551, 0.0 ], [ 111.385658705904206, 23.081166861770519, 0.0 ], [ 111.383375349927206, 23.130820015375019, 0.0 ], [ 111.397112449899197, 23.164503982986641, 0.0 ], [ 111.360552698085996, 23.318514581871391, 0.0 ], [ 111.395314377839796, 23.400269519347219, 0.0 ], [ 111.408739035233296, 23.469797220304802, 0.0 ], [ 111.466336397464602, 23.498766566454169, 0.0 ], [ 111.493128459591802, 23.59915839290754, 0.0 ], [ 111.515928551005203, 23.635065138333129, 0.0 ], [ 111.617598931169098, 23.64396018042801, 0.0 ], [ 111.659032157717107, 23.70031114217694, 0.0 ], [ 111.618684855029002, 23.725731607964718, 0.0 ], [ 111.652128774046801, 23.825774496625701, 0.0 ], [ 111.799065891329107, 23.80331083839938, 0.0 ], [ 111.8209136259226, 23.901306134598151, 0.0 ], [ 111.894986035181006, 23.924953000534611, 0.0 ], [ 111.935127182106001, 23.907028279243072, 0.0 ], [ 111.958173187484107, 23.877122905037879, 0.0 ], [ 111.947832843208602, 23.776499380839049, 0.0 ], [ 111.908485158785993, 23.722864204470021, 0.0 ], [ 111.914040841709493, 23.699964872574931, 0.0 ], [ 111.9449098501712, 23.664240226869701, 0.0 ], [ 111.957700486570502, 23.625515554207372, 0.0 ], [ 111.953058755391893, 23.518302048447481, 0.0 ], [ 111.969849023997995, 23.45812966506, 0.0 ], [ 112.004938899641104, 23.44813828489276, 0.0 ], [ 112.042488837910597, 23.47571082816107, 0.0 ], [ 112.088260218648301, 23.4666310011105, 0.0 ], [ 112.120053501871794, 23.485618660692751, 0.0 ], [ 112.211164878264995, 23.61998217213495, 0.0 ], [ 112.215380064851601, 23.709907203386841, 0.0 ], [ 112.312140707737498, 23.734639104545021, 0.0 ], [ 112.341008619367699, 23.84545841881652, 0.0 ], [ 112.421622427484394, 23.885355722437001, 0.0 ], [ 112.487052310622502, 23.94432275195485, 0.0 ], [ 112.547355428694004, 24.05662954705457, 0.0 ], [ 112.537578879517497, 24.10271951717872, 0.0 ], [ 112.477683606139195, 24.135175372270851, 0.0 ], [ 112.448628969381403, 24.178858583284349, 0.0 ], [ 112.448936775804896, 24.267577258698569, 0.0 ], [ 112.416935138343007, 24.320043244754881, 0.0 ], [ 112.376576056352803, 24.36879154124059, 0.0 ], [ 112.320558512114602, 24.394678959193261, 0.0 ], [ 112.258509199146403, 24.392757057874981, 0.0 ], [ 112.242075328410493, 24.36446080848809, 0.0 ], [ 112.242766061164602, 24.30166467162616, 0.0 ], [ 112.237718029945697, 24.269600713055599, 0.0 ], [ 112.172670772567798, 24.186312712738729, 0.0 ], [ 112.136727320004198, 24.184879960918948, 0.0 ], [ 112.100460247423996, 24.233778418989701, 0.0 ], [ 112.0412163992454, 24.226105319846091, 0.0 ], [ 111.988149827063395, 24.24589681051836, 0.0 ], [ 111.986495619362501, 24.265086513415579, 0.0 ], [ 112.002911628327695, 24.28801043348707, 0.0 ], [ 112.041368059249194, 24.30483359064203, 0.0 ], [ 112.086900951878405, 24.3506746216223, 0.0 ], [ 112.051494998484401, 24.387746968581389, 0.0 ], [ 112.043513721693799, 24.425594376645531, 0.0 ], [ 112.034027834297405, 24.438881640935019, 0.0 ], [ 111.997523917320606, 24.458241117563599, 0.0 ], [ 112.000419131662298, 24.487725197081762, 0.0 ], [ 112.014336792205, 24.501105600743749, 0.0 ], [ 112.021214438291693, 24.513491858751468, 0.0 ], [ 112.021468775691801, 24.530025997062669, 0.0 ], [ 111.941433307198807, 24.600396098806112, 0.0 ], [ 111.928481153117403, 24.629275034356091, 0.0 ], [ 111.933153641338293, 24.643770245131059, 0.0 ], [ 111.955441011076502, 24.66516866960697, 0.0 ], [ 111.954189469307394, 24.687265954048168, 0.0 ], [ 111.963378510639103, 24.709844947007539, 0.0 ], [ 112.029402537777202, 24.74220001151085, 0.0 ], [ 112.031576461031506, 24.749436205174518, 0.0 ], [ 112.025044163951506, 24.74548881170757, 0.0 ], [ 112.015884090584606, 24.747015511316231, 0.0 ], [ 111.958247189359795, 24.777131928638681, 0.0 ], [ 111.9337046774301, 24.77816061085656, 0.0 ], [ 111.897373877436493, 24.763168994318779, 0.0 ], [ 111.784868665573299, 24.758624884802561, 0.0 ], [ 111.742223482800298, 24.779840031487701, 0.0 ], [ 111.711004534171295, 24.78368329614641, 0.0 ], [ 111.686421186883607, 24.77760925804456, 0.0 ], [ 111.659234939889501, 24.746126944505509, 0.0 ], [ 111.650478530833993, 24.723963133769431, 0.0 ], [ 111.6341176425817, 24.70553941799972, 0.0 ], [ 111.649044590636606, 24.687925804254, 0.0 ], [ 111.650469035087497, 24.675681353536291, 0.0 ], [ 111.634939475502193, 24.67349765253627, 0.0 ], [ 111.610124919365703, 24.687739265867201, 0.0 ], [ 111.596077634258407, 24.682058321229249, 0.0 ], [ 111.562987841690898, 24.625067176034651, 0.0 ], [ 111.543417096365701, 24.619058778024449, 0.0 ], [ 111.527084375608794, 24.651334017089319, 0.0 ], [ 111.518364299806294, 24.66047389492654, 0.0 ], [ 111.498710996557307, 24.667425608494831, 0.0 ], [ 111.435856036479706, 24.677031414937169, 0.0 ], [ 111.437183501199996, 24.696543445014829, 0.0 ], [ 111.468318811441307, 24.733687074212909, 0.0 ], [ 111.489027470400302, 24.786264387827149, 0.0 ], [ 111.489889083902099, 24.79924131722214, 0.0 ], [ 111.482392846626695, 24.816827959029659, 0.0 ], [ 111.446959935632293, 24.832767181579239, 0.0 ], [ 111.445355916338201, 24.84500442078809, 0.0 ], [ 111.456648334115698, 24.866668512104951, 0.0 ], [ 111.4458729692671, 24.8904940146077, 0.0 ], [ 111.454508262024305, 24.9151719706752, 0.0 ], [ 111.449618052128301, 24.9715936894241, 0.0 ], [ 111.466097489173507, 24.987367321012051, 0.0 ], [ 111.477594756915707, 25.006935589832839, 0.0 ], [ 111.467744973811605, 25.021585608020821, 0.0 ], [ 111.4430324463993, 25.025648154088049, 0.0 ], [ 111.422202529168402, 25.0364667115042, 0.0 ], [ 111.418979535730998, 25.04863262944798, 0.0 ], [ 111.423947226174107, 25.06751903295245, 0.0 ], [ 111.437161237477596, 25.085860984629509, 0.0 ], [ 111.434973685826705, 25.09769858389938, 0.0 ], [ 111.410330570768707, 25.097832521071162, 0.0 ], [ 111.408287218813399, 25.126608530958361, 0.0 ], [ 111.397019122849798, 25.13318938685369, 0.0 ], [ 111.380903215863299, 25.127974983700199, 0.0 ], [ 111.3576060886367, 25.09816881268846, 0.0 ], [ 111.345780815414201, 25.093225883776199, 0.0 ], [ 111.314532580043206, 25.099019898177609, 0.0 ], [ 111.266373258696902, 25.138859796815769, 0.0 ], [ 111.253518394530204, 25.13544664819306, 0.0 ], [ 111.220701230119403, 25.093525198419488, 0.0 ], [ 111.172778250711303, 25.049715507781979, 0.0 ], [ 111.152934702746094, 25.042332838636849, 0.0 ], [ 111.134915897171396, 25.037401818876631, 0.0 ], [ 111.120445380593793, 25.0394346940984, 0.0 ], [ 111.109503512052399, 25.029855789820111, 0.0 ], [ 111.103226602577294, 25.010839710628201, 0.0 ], [ 111.091476242230101, 24.932537371396251, 0.0 ], [ 111.039143523300197, 24.904434813080069, 0.0 ], [ 111.016058169972297, 24.887020204621919, 0.0 ], [ 111.002328754559002, 24.890954450103379, 0.0 ], [ 110.987210308891505, 24.967530410514222, 0.0 ], [ 110.975121898674203, 25.000887405132531, 0.0 ], [ 110.960232324818605, 25.023549733695031, 0.0 ], [ 110.960578354135293, 25.066007272687109, 0.0 ], [ 110.974226249154, 25.10105970871313, 0.0 ], [ 110.999458216676501, 25.139116643079589, 0.0 ], [ 111.068422872944794, 25.185650976518801, 0.0 ], [ 111.118613056511606, 25.213276991323081, 0.0 ], [ 111.109140019823002, 25.258153676336171, 0.0 ], [ 111.111987478027999, 25.28688750539699, 0.0 ], [ 111.156809448971401, 25.305487558329631, 0.0 ], [ 111.154574333515399, 25.347430368355109, 0.0 ], [ 111.220728838447002, 25.403730644341639, 0.0 ], [ 111.252043178594704, 25.391473722809319, 0.0 ], [ 111.295477759946905, 25.43938033096218, 0.0 ], [ 111.298780996484894, 25.491258954792801, 0.0 ], [ 111.320776140242302, 25.524392988255101, 0.0 ], [ 111.319423968771503, 25.55718063088122, 0.0 ], [ 111.324375955048694, 25.587511318950739, 0.0 ], [ 111.321709339787304, 25.606184399472781, 0.0 ], [ 111.299260766377003, 25.62705684983996, 0.0 ], [ 111.298644691836998, 25.652215069994089, 0.0 ], [ 111.3056219855373, 25.67672429009497, 0.0 ], [ 111.307683025158994, 25.694588361085842, 0.0 ], [ 111.299870450535096, 25.72153531711788, 0.0 ], [ 111.303249099427106, 25.738489763492751, 0.0 ], [ 111.3162127483277, 25.750884774768711, 0.0 ], [ 111.355294274652906, 25.752088042224891, 0.0 ], [ 111.403810001664098, 25.767738311497869, 0.0 ], [ 111.432577085588903, 25.792320579748338, 0.0 ], [ 111.448801277144696, 25.831163094901601, 0.0 ], [ 111.455300288851504, 25.873800797050659, 0.0 ], [ 111.474662115200005, 25.891019213407422, 0.0 ], [ 111.502369352593107, 25.901662181287129, 0.0 ], [ 111.507310374210803, 25.908711446041149, 0.0 ], [ 111.507463184884898, 25.92526322942679, 0.0 ], [ 111.500375063112202, 25.928792448144559, 0.0 ], [ 111.423743918223707, 25.924070972340751, 0.0 ], [ 111.399205570384595, 25.928732601380911, 0.0 ], [ 111.374600714985903, 25.928236331982479, 0.0 ], [ 111.341232696617098, 25.915856800800629, 0.0 ], [ 111.327629171074605, 25.90035602626461, 0.0 ], [ 111.312056595887796, 25.865908550396281, 0.0 ], [ 111.298034406951103, 25.856683106728259, 0.0 ], [ 111.274533160635499, 25.856095853047002, 0.0 ], [ 111.2354170411068, 25.87949144305464, 0.0 ], [ 111.194701898044997, 25.95736450771529, 0.0 ], [ 111.196571367703299, 25.976299518998221, 0.0 ], [ 111.228634571658105, 26.074871758227069, 0.0 ], [ 111.248034765123094, 26.111167098734491, 0.0 ], [ 111.257515697186093, 26.207650533486088, 0.0 ], [ 111.2757675311246, 26.258309595558881, 0.0 ], [ 111.278581350067398, 26.280042609527939, 0.0 ], [ 111.263804303217697, 26.29077541882894, 0.0 ], [ 111.241199715984607, 26.28933953830418, 0.0 ], [ 111.210004525553998, 26.282274233219571, 0.0 ], [ 111.177232604573604, 26.311604627900358, 0.0 ], [ 111.118703900558401, 26.32771356426943, 0.0 ], [ 111.096172846988196, 26.328731604685679, 0.0 ], [ 111.079014153565097, 26.331008477535331, 0.0 ], [ 111.064578045301801, 26.346183354393439, 0.0 ], [ 111.042064814942506, 26.347729415331969, 0.0 ], [ 111.024573039087201, 26.34592789594927, 0.0 ], [ 110.998257088012593, 26.36086541704849, 0.0 ], [ 110.990535863488702, 26.367931871143131, 0.0 ], [ 110.981042572600003, 26.36845795392718, 0.0 ], [ 110.973704096978906, 26.366954324080709, 0.0 ], [ 110.929311555113301, 26.316589384470198, 0.0 ], [ 110.868010367924199, 26.300942342516951, 0.0 ], [ 110.744940659868604, 26.29955583386052, 0.0 ], [ 110.683025378442807, 26.32758803278541, 0.0 ], [ 110.5740366538149, 26.30314761723243, 0.0 ], [ 110.552400517145301, 26.29310102447743, 0.0 ], [ 110.541006031031998, 26.24569017009695, 0.0 ], [ 110.530389628511699, 26.227375478732039, 0.0 ], [ 110.363672547543104, 26.089338890731799, 0.0 ], [ 110.354488337090103, 26.057745093322492, 0.0 ], [ 110.354619537715493, 25.988733414784761, 0.0 ], [ 110.3405022679556, 25.979638557635369, 0.0 ], [ 110.309786216673103, 25.978317370488, 0.0 ], [ 110.286331254829605, 25.971229900541491, 0.0 ], [ 110.277769541996904, 25.974337701640039, 0.0 ], [ 110.282694136711498, 26.04194853623159, 0.0 ], [ 110.272091025806802, 26.08024282746517, 0.0 ], [ 110.255991149051397, 26.086332406850008, 0.0 ], [ 110.235022419190898, 26.08391884990095, 0.0 ], [ 110.196932532621901, 26.02730965022355, 0.0 ], [ 110.142526768392301, 26.03768610367235, 0.0 ], [ 110.118136136785395, 26.01787393424614, 0.0 ], [ 110.108785858704096, 26.03782096704818, 0.0 ], [ 110.079233262164294, 26.049239529818919, 0.0 ], [ 110.071790583547696, 26.063798304964141, 0.0 ], [ 110.075176850175097, 26.087200751395741, 0.0 ], [ 110.127890486499197, 26.159274751402311, 0.0 ], [ 110.131428344798806, 26.185576479058131, 0.0 ], [ 110.091601463919403, 26.203150798033441, 0.0 ], [ 110.073722677626904, 26.254929533465429, 0.0 ], [ 110.052954150822799, 26.281762611525, 0.0 ], [ 110.024766296022193, 26.284103631588241, 0.0 ], [ 110.004852698530499, 26.272794685887639, 0.0 ], [ 109.904494096929, 26.14859999401444, 0.0 ], [ 109.865864254183606, 25.993318483609801, 0.0 ], [ 109.848633955880501, 25.969923298876239, 0.0 ], [ 109.807418056329496, 25.931345869966929, 0.0 ], [ 109.764810425795304, 25.873521798537009, 0.0 ], [ 109.739136650119406, 25.872769408139629, 0.0 ], [ 109.728211913063006, 25.90484475405324, 0.0 ], [ 109.730388861617101, 25.946365403771711, 0.0 ], [ 109.768151034659994, 26.040488481738262, 0.0 ], [ 109.749656578742702, 26.10540569431533, 0.0 ], [ 109.718688245987394, 26.136702184623729, 0.0 ], [ 109.6912488209462, 26.13728184284879, 0.0 ], [ 109.677108768802, 26.120748071136909, 0.0 ], [ 109.661644182723705, 26.07724232686094, 0.0 ], [ 109.609516495431706, 26.03795043178355, 0.0 ], [ 109.5474029712516, 26.015215144286518, 0.0 ], [ 109.518703820762198, 26.014511820376001, 0.0 ], [ 109.478057522916501, 26.051891519159089, 0.0 ], [ 109.452505579782297, 26.060816083197999, 0.0 ], [ 109.452735412526593, 26.058000659219019, 0.0 ], [ 109.448643580159796, 26.02139483489325, 0.0 ], [ 109.434854763894194, 25.999040241620129, 0.0 ], [ 109.411241419632503, 25.972736789644209, 0.0 ], [ 109.387338796469507, 25.95425460150808, 0.0 ], [ 109.3921220398516, 25.94706902470697, 0.0 ], [ 109.418719730324298, 25.947541772037589, 0.0 ], [ 109.4288941445879, 25.938153737066099, 0.0 ], [ 109.421561842766195, 25.924278238607549, 0.0 ], [ 109.408361199226704, 25.913335297194742, 0.0 ], [ 109.401738073905804, 25.906061473902639, 0.0 ], [ 109.386266303925296, 25.874411511872111, 0.0 ], [ 109.353367918200505, 25.86609061807199, 0.0 ], [ 109.342539196009795, 25.85642752137371, 0.0 ], [ 109.340623288705999, 25.821254905993062, 0.0 ], [ 109.316391521953904, 25.790157483950839, 0.0 ], [ 109.348657915317403, 25.757915475829972, 0.0 ], [ 109.345397632321095, 25.746421403672311, 0.0 ], [ 109.321765741975, 25.734065689382881, 0.0 ], [ 109.268787629230602, 25.728330397789481, 0.0 ], [ 109.212576640276893, 25.75947139718544, 0.0 ], [ 109.193381483188304, 25.814719058753528, 0.0 ], [ 109.173793205504396, 25.816071127325419, 0.0 ], [ 109.182820539969697, 25.773391356123671, 0.0 ], [ 109.1518420618102, 25.76199634893025, 0.0 ], [ 109.137004804312596, 25.771113847411929, 0.0 ], [ 109.135392048619295, 25.805434319709821, 0.0 ], [ 109.120619841131202, 25.812864845724508, 0.0 ], [ 109.000457843732505, 25.799600958401289, 0.0 ], [ 108.981091302430599, 25.75620279999837, 0.0 ], [ 108.953088926123499, 25.733635523835439, 0.0 ], [ 108.902297879097901, 25.72180677411783, 0.0 ], [ 108.888276465256297, 25.675434373946342, 0.0 ], [ 108.991918360259803, 25.700467290821301, 0.0 ], [ 109.016699604362501, 25.745759672690301, 0.0 ], [ 109.060429347802199, 25.761792946229949, 0.0 ], [ 109.065871239713502, 25.698363932757939, 0.0 ], [ 109.044447648164194, 25.654209348779279, 0.0 ], [ 109.043373249157, 25.60824883735836, 0.0 ], [ 109.056406191234402, 25.57968653277775, 0.0 ], [ 109.089125056628603, 25.557088657968482, 0.0 ], [ 109.087678119641893, 25.54085695603408, 0.0 ], [ 109.037469022544897, 25.527161309145669, 0.0 ], [ 108.973492647632696, 25.532894878734272, 0.0 ], [ 108.935163806755, 25.55353375145803, 0.0 ], [ 108.900760013749107, 25.55294873456489, 0.0 ], [ 108.871325855958702, 25.569000404517531, 0.0 ], [ 108.828457186643703, 25.5592671017844, 0.0 ], [ 108.841235878013094, 25.61239039210157, 0.0 ], [ 108.809525398887999, 25.636620779262479, 0.0 ], [ 108.737671426981805, 25.641106457434319, 0.0 ], [ 108.725248008152505, 25.603360734670382, 0.0 ], [ 108.704246783149699, 25.573552690377841, 0.0 ], [ 108.682927882890397, 25.519466794762089, 0.0 ], [ 108.691907026289599, 25.496475465887919, 0.0 ], [ 108.677553792348704, 25.484447860924799, 0.0 ], [ 108.642612271677095, 25.484855474043162, 0.0 ], [ 108.611936101602396, 25.459520273892458, 0.0 ], [ 108.608401726107203, 25.448253146103781, 0.0 ], [ 108.624793980262396, 25.399041577828338, 0.0 ], [ 108.639455462359706, 25.368548628160649, 0.0 ], [ 108.656259762221893, 25.353034301150799, 0.0 ], [ 108.6472355673679, 25.338605757815991, 0.0 ], [ 108.620374174906999, 25.33433663680686, 0.0 ], [ 108.595551355249299, 25.359617030773581, 0.0 ], [ 108.552647914963799, 25.374108278195369, 0.0 ], [ 108.543334445493599, 25.408274677543059, 0.0 ], [ 108.495055913912694, 25.443715104203768, 0.0 ], [ 108.4825983381388, 25.405158413029529, 0.0 ], [ 108.469047618978607, 25.406039446680978, 0.0 ], [ 108.435979556263206, 25.512728749454521, 0.0 ], [ 108.424516793251499, 25.523824012949579, 0.0 ], [ 108.409850278984806, 25.519677021020499, 0.0 ], [ 108.385778311233906, 25.50064117101449, 0.0 ], [ 108.349892108347206, 25.53405194464343, 0.0 ], [ 108.314322719562298, 25.534649581821771, 0.0 ], [ 108.306427226668802, 25.627731703484969, 0.0 ], [ 108.283595879004494, 25.653274748449629, 0.0 ], [ 108.243172157723606, 25.64938741377226, 0.0 ], [ 108.178869339456796, 25.710851229400081, 0.0 ], [ 108.138363591872505, 25.738813425581721, 0.0 ], [ 108.073537100607197, 25.754774571500551, 0.0 ], [ 108.018035065736299, 25.789168380791761, 0.0 ], [ 107.949530835274302, 25.76559239786835, 0.0 ], [ 107.852383001472504, 25.772787212288829, 0.0 ], [ 107.8179652536123, 25.760079884888661, 0.0 ], [ 107.780762981632094, 25.668045706104181, 0.0 ], [ 107.752538701056594, 25.622305806991619, 0.0 ], [ 107.717778023092805, 25.59344596149537, 0.0 ], [ 107.676658613283493, 25.554772523519901, 0.0 ], [ 107.654887234900002, 25.516269723638981, 0.0 ], [ 107.655243657537994, 25.462275513381069, 0.0 ], [ 107.672466716410298, 25.444077034100811, 0.0 ], [ 107.675545525020596, 25.410240124748899, 0.0 ], [ 107.653739141293102, 25.325079944460441, 0.0 ], [ 107.631911546224202, 25.29954377722127, 0.0 ], [ 107.613347870381702, 25.266396622087822, 0.0 ], [ 107.601712394781899, 25.259171758505001, 0.0 ], [ 107.581887760871595, 25.257271405985058, 0.0 ], [ 107.543052879346206, 25.23249267547417, 0.0 ], [ 107.496010274819497, 25.21104116439766, 0.0 ], [ 107.472912627462904, 25.21872066042561, 0.0 ], [ 107.470294923833904, 25.240057035547402, 0.0 ], [ 107.486006878642002, 25.27460285418459, 0.0 ], [ 107.475488040177495, 25.2868498390254, 0.0 ], [ 107.426777047137406, 25.292714807129009, 0.0 ], [ 107.4231786029288, 25.317618020526989, 0.0 ], [ 107.4151159838555, 25.344130515709349, 0.0 ], [ 107.4167878926756, 25.39012754765503, 0.0 ], [ 107.401562751262006, 25.399448121530622, 0.0 ], [ 107.385348814782901, 25.407053389427912, 0.0 ], [ 107.363268753184002, 25.409102000099359, 0.0 ], [ 107.324780918330006, 25.405612585496531, 0.0 ], [ 107.306280582868695, 25.420592026713479, 0.0 ], [ 107.313830803779794, 25.441268733253342, 0.0 ], [ 107.352140782815397, 25.496468511680028, 0.0 ], [ 107.323565858870793, 25.515548452915191, 0.0 ], [ 107.279320275224507, 25.55136086561081, 0.0 ], [ 107.254127741391301, 25.542583874571129, 0.0 ], [ 107.197789071473593, 25.48381348617955, 0.0 ], [ 107.184917854530497, 25.454205294498689, 0.0 ], [ 107.169698124624503, 25.40120820833009, 0.0 ], [ 107.153840830297, 25.33561960506254, 0.0 ], [ 107.126843907986299, 25.319862150395899, 0.0 ], [ 107.093275636999095, 25.318887908100709, 0.0 ], [ 107.0723455556125, 25.353920735503419, 0.0 ], [ 106.995275688453702, 25.41182611939853, 0.0 ], [ 106.986476738633201, 25.431498124122399, 0.0 ], [ 106.993131257923594, 25.470508220402159, 0.0 ], [ 106.987833294415395, 25.517388843994372, 0.0 ], [ 106.924749991893805, 25.559548680257809, 0.0 ], [ 106.848766549942098, 25.594850612318499, 0.0 ], [ 106.804880094930198, 25.647715990818909, 0.0 ], [ 106.808447953615399, 25.683896441002869, 0.0 ], [ 106.706946142931898, 25.68863471921998, 0.0 ], [ 106.659885475509597, 25.730644298759991, 0.0 ], [ 106.634148753382505, 25.738998757974809, 0.0 ], [ 106.600873244646607, 25.733960907061409, 0.0 ], [ 106.590788058955098, 25.669510649569169, 0.0 ], [ 106.611613448891902, 25.60356520924768, 0.0 ], [ 106.657552863680905, 25.560765997423321, 0.0 ], [ 106.663005853542501, 25.541971833836691, 0.0 ], [ 106.657296743650903, 25.5257350394124, 0.0 ], [ 106.635850234703895, 25.519583228239579, 0.0 ], [ 106.5503789627234, 25.597711368237089, 0.0 ], [ 106.528753523742793, 25.6063756154294, 0.0 ], [ 106.504002288483406, 25.606362184876399, 0.0 ], [ 106.482753840714594, 25.590818906459148, 0.0 ], [ 106.451267361601694, 25.548910541849491, 0.0 ], [ 106.396958844042601, 25.503323668666141, 0.0 ], [ 106.292696545824299, 25.481592675478151, 0.0 ], [ 106.226242262215493, 25.448253037365131, 0.0 ], [ 106.169800263488099, 25.36983832200492, 0.0 ], [ 106.0822559257969, 25.36914474808918, 0.0 ], [ 106.077710882287406, 25.382087272290331, 0.0 ], [ 106.097264252346605, 25.416596571686799, 0.0 ], [ 106.087069142593293, 25.43606311378511, 0.0 ], [ 106.032375632427502, 25.443817100432661, 0.0 ], [ 105.999614500246594, 25.465486678922542, 0.0 ], [ 105.962041341673697, 25.476299255535871, 0.0 ], [ 105.916679174651193, 25.452871626157631, 0.0 ], [ 105.902767857316505, 25.41641271570052, 0.0 ], [ 105.908559431618102, 25.37565633257994, 0.0 ], [ 105.884259300906294, 25.35921229505416, 0.0 ], [ 105.853915044185896, 25.379915071141269, 0.0 ], [ 105.818812062725698, 25.429163207479089, 0.0 ], [ 105.747267515686104, 25.508833878830881, 0.0 ], [ 105.744719006251202, 25.54855944586161, 0.0 ], [ 105.725157545497893, 25.5724176559266, 0.0 ], [ 105.708281869585704, 25.603207154312472, 0.0 ], [ 105.684269068621504, 25.618952635109721, 0.0 ], [ 105.676663899111503, 25.676753960849449, 0.0 ], [ 105.633839357389604, 25.696079711007759, 0.0 ], [ 105.589524013901695, 25.719872769640041, 0.0 ], [ 105.563031810403302, 25.714800457850451, 0.0 ], [ 105.546189726004002, 25.685772278011861, 0.0 ], [ 105.549519073280905, 25.652019245853779, 0.0 ], [ 105.586028365938205, 25.589673527731211, 0.0 ], [ 105.564117997100197, 25.5488539504207, 0.0 ], [ 105.549150713444007, 25.49107310381115, 0.0 ], [ 105.489961720027296, 25.465937987084089, 0.0 ], [ 105.477108289331596, 25.42826990139438, 0.0 ], [ 105.486230382202393, 25.387048051331789, 0.0 ], [ 105.567398486302196, 25.348276287429421, 0.0 ], [ 105.639141011801598, 25.285536370008309, 0.0 ], [ 105.643530199649206, 25.244168811424071, 0.0 ], [ 105.6290667828886, 25.181112907530121, 0.0 ], [ 105.606622886394305, 25.138305233286079, 0.0 ], [ 105.6190597934105, 25.10274885722804, 0.0 ], [ 105.656418137151704, 25.072799852136569, 0.0 ], [ 105.652683061040605, 25.044916966005271, 0.0 ], [ 105.629301847911094, 25.02842624599802, 0.0 ], [ 105.554252299159899, 25.001092022572909, 0.0 ], [ 105.446972398117694, 24.938214479443189, 0.0 ], [ 105.371747596700203, 24.95245582868915, 0.0 ], [ 105.343184347209402, 24.937375528226521, 0.0 ], [ 105.313709732264897, 24.930450774026902, 0.0 ], [ 105.274211127007305, 24.944536475262499, 0.0 ], [ 105.274572890346207, 24.971038087342251, 0.0 ], [ 105.232123861778106, 25.004014818311511, 0.0 ], [ 105.222070862258704, 25.010143024838499, 0.0 ], [ 105.202592876681194, 25.006825297933901, 0.0 ], [ 105.148858418275097, 24.97996432641715, 0.0 ], [ 105.112874131324006, 24.948105548992359, 0.0 ], [ 105.083292087377899, 24.932690664606159, 0.0 ], [ 105.073955409668798, 24.908998147282059, 0.0 ], [ 105.038634091322805, 24.882782755015931, 0.0 ], [ 105.035729816199904, 24.855401835058341, 0.0 ], [ 105.0223117400718, 24.821487110340911, 0.0 ], [ 105.020662016271501, 24.808704892252809, 0.0 ], [ 105.029192156316299, 24.801901068234869, 0.0 ], [ 105.028500389524297, 24.794452888815211, 0.0 ], [ 104.906084197059101, 24.75413422271955, 0.0 ], [ 104.876993873985896, 24.7384110972516, 0.0 ], [ 104.847969134506798, 24.67988098094586, 0.0 ], [ 104.783381780850107, 24.657413736190431, 0.0 ], [ 104.760647382179798, 24.619572749051521, 0.0 ], [ 104.740572856472895, 24.608015380875202, 0.0 ], [ 104.712001659170596, 24.609448680842799, 0.0 ], [ 104.689201978281602, 24.651598277535971, 0.0 ], [ 104.641448273807001, 24.65277466930868, 0.0 ], [ 104.607791728349397, 24.67435836595428, 0.0 ], [ 104.579186862323894, 24.714505105420461, 0.0 ], [ 104.529257351088702, 24.737356771258622, 0.0 ], [ 104.483440640482399, 24.66891090101057, 0.0 ], [ 104.515266798432407, 24.556883748569259, 0.0 ], [ 104.558926450067602, 24.499083119255729, 0.0 ], [ 104.592624196697898, 24.427244619011091, 0.0 ], [ 104.682962977511096, 24.329546717746162, 0.0 ], [ 104.7634598747171, 24.311265680265219, 0.0 ], [ 104.706382013916894, 24.40129786184427, 0.0 ], [ 104.7477260670438, 24.473911987022952, 0.0 ], [ 104.933869278758806, 24.403948737784411, 0.0 ], [ 105.062271914929696, 24.48491698544434, 0.0 ], [ 105.134090106539702, 24.37843806730357, 0.0 ], [ 105.198430960238497, 24.30529472815234, 0.0 ], [ 105.158763869567096, 24.245583840820341, 0.0 ], [ 105.207510136443702, 24.11814625709793, 0.0 ], [ 105.267667305975195, 24.064325021666569, 0.0 ], [ 105.269110865465507, 24.10340377902525, 0.0 ], [ 105.302028241823294, 24.134146159661551, 0.0 ], [ 105.331425386309405, 24.08308523609475, 0.0 ], [ 105.400262938300102, 24.08309923429432, 0.0 ], [ 105.428795320787302, 24.035081339776831, 0.0 ], [ 105.479246360071599, 24.034044756973032, 0.0 ], [ 105.545864387305599, 24.118545562655878, 0.0 ], [ 105.590602860887699, 24.11722247873627, 0.0 ], [ 105.617132550045696, 24.128745214305908, 0.0 ], [ 105.656069386465305, 24.092598515267799, 0.0 ], [ 105.705404534104801, 24.06756702943219, 0.0 ], [ 105.776460773423807, 24.07248184471262, 0.0 ], [ 105.812399241295907, 24.04908647194106, 0.0 ], [ 105.845933067740006, 24.099127212292991, 0.0 ], [ 105.897232423259297, 24.1253373662719, 0.0 ], [ 105.968200115635796, 24.117866508661571, 0.0 ], [ 106.038344951343802, 24.118874563022072, 0.0 ], [ 106.051260003199602, 24.063825515277451, 0.0 ], [ 106.137500853182502, 23.98549864217857, 0.0 ], [ 106.140435526332197, 23.952611646870832, 0.0 ], [ 106.178075795658899, 23.918246967228701, 0.0 ], [ 106.216688719517904, 23.86941765881263, 0.0 ], [ 106.208054169550095, 23.83104423230278, 0.0 ], [ 106.1513080512279, 23.83537438864434, 0.0 ], [ 106.1330737651693, 23.803179736057022, 0.0 ], [ 106.161780335145295, 23.782167423072121, 0.0 ], [ 106.1596586761937, 23.717723571138261, 0.0 ], [ 106.146563527356605, 23.62633731907728, 0.0 ], [ 106.150302285506797, 23.564042563558019, 0.0 ], [ 106.128446895429704, 23.520748579130931, 0.0 ], [ 106.084584652872707, 23.503668575197519, 0.0 ], [ 106.031947546389205, 23.462897359632841, 0.0 ], [ 105.998348519252005, 23.491368254968101, 0.0 ], [ 105.956967959315904, 23.500779600194811, 0.0 ], [ 105.8527239800883, 23.49673143512079, 0.0 ], [ 105.839420287176296, 23.46291703796447, 0.0 ], [ 105.7711575188913, 23.452843768917148, 0.0 ], [ 105.702337000044196, 23.373188282982479, 0.0 ], [ 105.697411987039501, 23.33143358084952, 0.0 ], [ 105.647309635451094, 23.343855566762372, 0.0 ], [ 105.560885740784201, 23.21068709432965, 0.0 ], [ 105.537906454904999, 23.174134906598852, 0.0 ], [ 105.506588721758405, 23.139198443468889, 0.0 ] ] ] } },
{ "type": "Feature", "properties": { "省份": "江西", "id": "202608110016", "name": "江西", "layer": null, "path": "C:/Users/geste/Desktop/ming1433_fullv1.0.geojson" }, "geometry": { "type": "Polygon", "coordinates": [ [ [ 114.162944262747999, 28.7722349735565, 0.0 ], [ 114.116189541979693, 28.566948071830708, 0.0 ], [ 114.2051247848147, 28.482574127842199, 0.0 ], [ 114.183604054143601, 28.433058101306099, 0.0 ], [ 114.272220903736596, 28.375766241380909, 0.0 ], [ 114.214136627906797, 28.315517569382571, 0.0 ], [ 114.115199090486797, 28.1937502537711, 0.0 ], [ 114.008791074053804, 28.204178856291719, 0.0 ], [ 114.000684285356897, 28.19309493670054, 0.0 ], [ 113.997920342161393, 28.155881142112069, 0.0 ], [ 114.034940002099901, 28.085756128753719, 0.0 ], [ 114.038368457146802, 28.056849618956999, 0.0 ], [ 114.028484638224299, 28.039949687636181, 0.0 ], [ 113.976967748963702, 28.03858870398366, 0.0 ], [ 113.920311697170305, 28.009884887495271, 0.0 ], [ 113.870796014810097, 28.009755849548309, 0.0 ], [ 113.809809395973502, 27.991859335175949, 0.0 ], [ 113.748815923359103, 27.981607882242908, 0.0 ], [ 113.727043440333205, 27.943027227020639, 0.0 ], [ 113.723761872312593, 27.911017432969999, 0.0 ], [ 113.752050379411699, 27.878137557103841, 0.0 ], [ 113.7383816578905, 27.830570896865279, 0.0 ], [ 113.6735216214703, 27.755890944046371, 0.0 ], [ 113.6166148098349, 27.672534725383169, 0.0 ], [ 113.578644997561398, 27.553744326704091, 0.0 ], [ 113.580150050553499, 27.546109697039029, 0.0 ], [ 113.5982546237028, 27.536458490470562, 0.0 ], [ 113.6069778170787, 27.52317437180071, 0.0 ], [ 113.590161640258401, 27.493829325136549, 0.0 ], [ 113.599482347061695, 27.449644441562292, 0.0 ], [ 113.6092431928124, 27.406505374354129, 0.0 ], [ 113.603615631115304, 27.376237818096889, 0.0 ], [ 113.603884156931201, 27.351442181188041, 0.0 ], [ 113.701771671371901, 27.315748617621288, 0.0 ], [ 113.768907373894905, 27.36345793915909, 0.0 ], [ 113.813360441619196, 27.361689686726351, 0.0 ], [ 113.839907266729995, 27.33279795989651, 0.0 ], [ 113.904621090580505, 27.356668159020479, 0.0 ], [ 113.8502030805423, 27.226060462025149, 0.0 ], [ 113.788753006359798, 27.14679362020361, 0.0 ], [ 113.769537408217303, 27.10773884322624, 0.0 ], [ 113.776809526920303, 27.081242206661251, 0.0 ], [ 113.811185231036106, 27.10487555234273, 0.0 ], [ 113.820484690220098, 27.05288396487348, 0.0 ], [ 113.873941130177101, 27.025913838533441, 0.0 ], [ 113.882989774115302, 26.996388929741499, 0.0 ], [ 113.929098042020797, 26.96858080528806, 0.0 ], [ 113.890472716223201, 26.919472975597049, 0.0 ], [ 113.896544913776395, 26.881891811375631, 0.0 ], [ 113.838581854346401, 26.822455677347939, 0.0 ], [ 113.856867880362103, 26.77069910158977, 0.0 ], [ 113.8635018955449, 26.675961078546759, 0.0 ], [ 113.885336443811894, 26.659104090194749, 0.0 ], [ 113.909169663739107, 26.630094135886399, 0.0 ], [ 114.012110473165606, 26.627237493154869, 0.0 ], [ 114.026886579945597, 26.604364939178069, 0.0 ], [ 114.0585175770739, 26.58845800417247, 0.0 ], [ 114.107418856152606, 26.585733361005008, 0.0 ], [ 114.079417808138004, 26.549842135621759, 0.0 ], [ 114.078467893223504, 26.498033626305631, 0.0 ], [ 114.100076863642002, 26.491181831667671, 0.0 ], [ 114.069042017291906, 26.42104237384202, 0.0 ], [ 114.018648465684095, 26.371109879963019, 0.0 ], [ 114.017411491179303, 26.276595013834889, 0.0 ], [ 113.990025736082302, 26.246341600207121, 0.0 ], [ 113.966522914556407, 26.194603718543199, 0.0 ], [ 113.935539606958301, 26.177588375319811, 0.0 ], [ 113.9780295758042, 26.158476073367289, 0.0 ], [ 114.012351048202405, 26.182942297386131, 0.0 ], [ 114.021332844813898, 26.18237745923382, 0.0 ], [ 114.039261474694598, 26.169618268128751, 0.0 ], [ 114.067991464351493, 26.170518823413801, 0.0 ], [ 114.130864986107497, 26.20700775984292, 0.0 ], [ 114.174856882840402, 26.21810632151298, 0.0 ], [ 114.184734635145006, 26.208802333531509, 0.0 ], [ 114.213839198165104, 26.206723488015321, 0.0 ], [ 114.226270866066102, 26.19345228314441, 0.0 ], [ 114.219556819274999, 26.17377686971064, 0.0 ], [ 114.232046801262101, 26.16697452557959, 0.0 ], [ 114.231604226193298, 26.160208979369919, 0.0 ], [ 114.185578550154005, 26.129842509101131, 0.0 ], [ 114.131665999304403, 26.119301728246999, 0.0 ], [ 114.113592452400596, 26.111788082991261, 0.0 ], [ 114.106609814091001, 26.10277707369071, 0.0 ], [ 114.109138327605393, 26.084866695488191, 0.0 ], [ 114.102581646666493, 26.07462766506907, 0.0 ], [ 114.0892342659929, 26.07202509019011, 0.0 ], [ 114.057764843422504, 26.080240295771581, 0.0 ], [ 114.0458505461024, 26.074331381236679, 0.0 ], [ 114.024772740328302, 26.03844266947921, 0.0 ], [ 114.0139385520243, 26.025888474887811, 0.0 ], [ 114.009572011505796, 26.00864082485754, 0.0 ], [ 114.032912198837195, 25.942026924606029, 0.0 ], [ 114.026477812804799, 25.895577837805259, 0.0 ], [ 113.974602939570104, 25.836932553273741, 0.0 ], [ 113.970419411401593, 25.79104098210448, 0.0 ], [ 113.958330043765699, 25.77364337023614, 0.0 ], [ 113.931069086439194, 25.758635384712079, 0.0 ], [ 113.920097647426203, 25.74724894649917, 0.0 ], [ 113.915331412685504, 25.72458562877992, 0.0 ], [ 113.920314880138093, 25.697346699421171, 0.0 ], [ 113.929913007029697, 25.67481872501844, 0.0 ], [ 113.965956158491394, 25.631346736486041, 0.0 ], [ 113.980677185041699, 25.617188525446061, 0.0 ], [ 113.993255856553802, 25.602297978983721, 0.0 ], [ 113.999660047574494, 25.561704225841289, 0.0 ], [ 113.997247044617495, 25.546114602408171, 0.0 ], [ 113.989386308221597, 25.53936394773238, 0.0 ], [ 113.973900103922205, 25.531326023675788, 0.0 ], [ 113.949170827106997, 25.469159418658261, 0.0 ], [ 113.949346667591996, 25.452072539604771, 0.0 ], [ 113.953643230763504, 25.445054082680059, 0.0 ], [ 113.960092817661305, 25.44060954357214, 0.0 ], [ 113.978715989079006, 25.435219238584288, 0.0 ], [ 113.984831275304501, 25.428121609855079, 0.0 ], [ 113.990130670739802, 25.40120717556244, 0.0 ], [ 114.015699305617701, 25.38995888982403, 0.0 ], [ 114.023665762290705, 25.381183398924431, 0.0 ], [ 114.039972155575498, 25.347405284338681, 0.0 ], [ 114.038151312457003, 25.321934660593961, 0.0 ], [ 114.0293336866294, 25.299359660466681, 0.0 ], [ 114.028283718820802, 25.265731701834039, 0.0 ], [ 114.045500001203294, 25.2483695887267, 0.0 ], [ 114.117521556450399, 25.30413000225353, 0.0 ], [ 114.154078325196593, 25.316851220633239, 0.0 ], [ 114.216818526367504, 25.293490592066188, 0.0 ], [ 114.316158473791305, 25.296472792301021, 0.0 ], [ 114.329625840579496, 25.329345725099571, 0.0 ], [ 114.390203557126299, 25.32402730260911, 0.0 ], [ 114.415451508536407, 25.340504610140041, 0.0 ], [ 114.448752708443607, 25.390488535872208, 0.0 ], [ 114.504882887699196, 25.378534124887551, 0.0 ], [ 114.529351834267104, 25.413153345080278, 0.0 ], [ 114.578318449827407, 25.413973513338739, 0.0 ], [ 114.5883950322375, 25.404514161360389, 0.0 ], [ 114.596055754574607, 25.355403604690569, 0.0 ], [ 114.748975953366894, 25.278603904315698, 0.0 ], [ 114.698702629989597, 25.19858598758006, 0.0 ], [ 114.695565941142306, 25.151620636686669, 0.0 ], [ 114.700203876765499, 25.13548494359123, 0.0 ], [ 114.729273343248806, 25.131888461336491, 0.0 ], [ 114.750097143626206, 25.10967037681425, 0.0 ], [ 114.733992498846803, 25.097791665840031, 0.0 ], [ 114.684070202409899, 25.098129958035951, 0.0 ], [ 114.639002883837506, 25.065392320016361, 0.0 ], [ 114.579144967850397, 25.054819716519781, 0.0 ], [ 114.510166418438203, 25.00205469834065, 0.0 ], [ 114.466990072709294, 24.988183704308732, 0.0 ], [ 114.426223487855395, 24.970104636247491, 0.0 ], [ 114.395842478679, 24.913053876454448, 0.0 ], [ 114.408166905140504, 24.876528055892521, 0.0 ], [ 114.359616374839106, 24.833363591767132, 0.0 ], [ 114.340281154910102, 24.76502042814916, 0.0 ], [ 114.311474877841903, 24.733878453244671, 0.0 ], [ 114.253895680800596, 24.700388784719639, 0.0 ], [ 114.185994313572493, 24.68862964545335, 0.0 ], [ 114.180359955288907, 24.676445137682741, 0.0 ], [ 114.192746436722203, 24.657723056762379, 0.0 ], [ 114.284723774005002, 24.634929755991049, 0.0 ], [ 114.305234534474707, 24.585959849632729, 0.0 ], [ 114.376385087024005, 24.57403311748627, 0.0 ], [ 114.381091473736603, 24.540498755643529, 0.0 ], [ 114.408823099164294, 24.535926394511801, 0.0 ], [ 114.411074450308305, 24.496599256531379, 0.0 ], [ 114.448385769522901, 24.492198088811691, 0.0 ], [ 114.515971377882494, 24.552661223241291, 0.0 ], [ 114.584352204148004, 24.542517352759901, 0.0 ], [ 114.622248430610099, 24.578427148016161, 0.0 ], [ 114.660668765889994, 24.587664800102409, 0.0 ], [ 114.674667709090002, 24.587362031052471, 0.0 ], [ 114.679842575143297, 24.561425093471829, 0.0 ], [ 114.707304432263101, 24.548949640605649, 0.0 ], [ 114.739386266392501, 24.565039182882909, 0.0 ], [ 114.736378456689806, 24.630748935048729, 0.0 ], [ 114.806011106728405, 24.611650054271252, 0.0 ], [ 114.850817328981407, 24.58298005952723, 0.0 ], [ 114.876230868787701, 24.57435641700836, 0.0 ], [ 114.882751053919407, 24.592136199329008, 0.0 ], [ 114.903340760830005, 24.610165886617221, 0.0 ], [ 114.915867696340698, 24.638244413354649, 0.0 ], [ 114.928423984025102, 24.660891196516801, 0.0 ], [ 114.949237755511504, 24.670672820440441, 0.0 ], [ 114.983830725765003, 24.662079833940059, 0.0 ], [ 115.013031782453496, 24.68397519243462, 0.0 ], [ 115.032626114038706, 24.678738077375701, 0.0 ], [ 115.044356035830901, 24.717855717056018, 0.0 ], [ 115.058624063489304, 24.7227349354891, 0.0 ], [ 115.092833468976494, 24.70933088913775, 0.0 ], [ 115.1213020410908, 24.67965158617255, 0.0 ], [ 115.260381225539504, 24.742949033416298, 0.0 ], [ 115.280814941820296, 24.762754927157861, 0.0 ], [ 115.315644053834205, 24.761137494952941, 0.0 ], [ 115.366134033253303, 24.73588375473728, 0.0 ], [ 115.368937417023005, 24.774845515559171, 0.0 ], [ 115.380957379361902, 24.782192852365661, 0.0 ], [ 115.421596339219207, 24.78414814106317, 0.0 ], [ 115.460122372961493, 24.775250705822231, 0.0 ], [ 115.490099105104306, 24.750789452015031, 0.0 ], [ 115.500891188689906, 24.738470660482719, 0.0 ], [ 115.515459104403902, 24.712025870768471, 0.0 ], [ 115.520610329182603, 24.708454147430341, 0.0 ], [ 115.556410151548107, 24.693959987187629, 0.0 ], [ 115.568075399556506, 24.68790128804563, 0.0 ], [ 115.576918509856895, 24.674848894555431, 0.0 ], [ 115.600754908395999, 24.62487176589384, 0.0 ], [ 115.616684961955897, 24.60884192060767, 0.0 ], [ 115.633969187251907, 24.605779782256882, 0.0 ], [ 115.696870212098304, 24.545132329564471, 0.0 ], [ 115.716279578069404, 24.54052066907823, 0.0 ], [ 115.754979089859006, 24.55487425078142, 0.0 ], [ 115.812216939291105, 24.55627848441199, 0.0 ], [ 115.824214936154405, 24.563240163143291, 0.0 ], [ 115.825777074963895, 24.578834122859231, 0.0 ], [ 115.819221925958104, 24.612929096103379, 0.0 ], [ 115.799798171636297, 24.64050198491168, 0.0 ], [ 115.801248982803799, 24.698706566647491, 0.0 ], [ 115.764520266093598, 24.731525111146372, 0.0 ], [ 115.773940600522707, 24.80621702396731, 0.0 ], [ 115.757220522478903, 24.825889264814119, 0.0 ], [ 115.777933490045797, 24.854610391788729, 0.0 ], [ 115.805520615093698, 24.8689286011791, 0.0 ], [ 115.849230424328496, 24.8797849034429, 0.0 ], [ 115.866224421890095, 24.880056029588221, 0.0 ], [ 115.909844309174503, 24.86356958616178, 0.0 ], [ 115.929948329764002, 24.86313511213865, 0.0 ], [ 115.934559448894902, 24.87622759846786, 0.0 ], [ 115.903414000141098, 24.91661737146233, 0.0 ], [ 115.815103496404504, 25.197820285822839, 0.0 ], [ 116.100917741757698, 25.583791001631521, 0.0 ], [ 116.188896312908, 25.883162403606839, 0.0 ], [ 116.472147022592495, 26.055261636579161, 0.0 ], [ 116.402210777176805, 26.219468410937711, 0.0 ], [ 116.654835467860494, 26.44878423433536, 0.0 ], [ 116.538722963687405, 26.739613018964292, 0.0 ], [ 116.622070510970801, 26.930963883740979, 0.0 ], [ 117.070899369557907, 27.101499547281719, 0.0 ], [ 117.167979352601193, 27.348184665420689, 0.0 ], [ 117.065761706046203, 27.511783843499732, 0.0 ], [ 117.597010554939004, 27.906132109555511, 0.0 ], [ 117.807404131082507, 27.79343120539691, 0.0 ], [ 118.442718175338001, 28.093730661105091, 0.0 ], [ 118.350869082992006, 28.220492828705009, 0.0 ], [ 118.478869703601006, 28.303615937969159, 0.0 ], [ 118.491059893005499, 28.330121737367651, 0.0 ], [ 118.495700938584093, 28.344382757880471, 0.0 ], [ 118.496026774183704, 28.35996392456298, 0.0 ], [ 118.471923978807496, 28.408095579934169, 0.0 ], [ 118.471105711660002, 28.422169592432091, 0.0 ], [ 118.479015832839906, 28.483659887597931, 0.0 ], [ 118.464949648398104, 28.5266007408155, 0.0 ], [ 118.436342608404701, 28.606166476871419, 0.0 ], [ 118.4505776527851, 28.655214994147791, 0.0 ], [ 118.393400877637504, 28.787756541079592, 0.0 ], [ 118.264778125774598, 28.94251744690607, 0.0 ], [ 118.193022692557705, 28.998637982901212, 0.0 ], [ 118.132832152410501, 29.020947313619871, 0.0 ], [ 118.057681537978993, 29.064265117490869, 0.0 ], [ 118.008436606973206, 29.146817982565629, 0.0 ], [ 118.004429497909399, 29.16711433656609, 0.0 ], [ 118.082219254633202, 29.228056197783101, 0.0 ], [ 118.079467569295403, 29.280484106750169, 0.0 ], [ 118.053631178097007, 29.272581570867789, 0.0 ], [ 118.033547325067104, 29.2610546340557, 0.0 ], [ 118.006395956057005, 29.22843638102632, 0.0 ], [ 117.942994827794806, 29.172218382137849, 0.0 ], [ 117.8945483849878, 29.156518613359641, 0.0 ], [ 117.833367841178202, 29.12949159092846, 0.0 ], [ 117.824515019361996, 29.10604444914809, 0.0 ], [ 117.775246928768794, 29.090727709139749, 0.0 ], [ 117.755710573214202, 29.06364714114985, 0.0 ], [ 117.695055311530695, 29.08002123298602, 0.0 ], [ 117.636112549763695, 29.057102798295421, 0.0 ], [ 117.618936294548206, 29.034633944305391, 0.0 ], [ 117.575086664679901, 29.037822481158681, 0.0 ], [ 117.539521888962398, 29.008869458432351, 0.0 ], [ 117.513853055771193, 29.031930359545829, 0.0 ], [ 117.502012419577795, 29.068769160812739, 0.0 ], [ 117.447405110609793, 29.10726382453711, 0.0 ], [ 117.4189724546479, 29.155929852810878, 0.0 ], [ 117.373643530649005, 29.192157184485051, 0.0 ], [ 117.434412447437396, 29.248410363391059, 0.0 ], [ 117.447048175369602, 29.321879932147951, 0.0 ], [ 117.499259175190602, 29.362913585417228, 0.0 ], [ 117.524139361674301, 29.434163072329639, 0.0 ], [ 117.594553590968104, 29.500943710806439, 0.0 ], [ 117.655791345437194, 29.509881642213401, 0.0 ], [ 117.695995925202695, 29.548010821771491, 0.0 ], [ 117.681976278816194, 29.591786167407051, 0.0 ], [ 117.662703660410003, 29.614811881992679, 0.0 ], [ 117.615885811802798, 29.59766544919249, 0.0 ], [ 117.554693833455502, 29.595006737438819, 0.0 ], [ 117.532586807300305, 29.63304854530471, 0.0 ], [ 117.528218228493202, 29.64578491185376, 0.0 ], [ 117.474182653130896, 29.683460541583329, 0.0 ], [ 117.464334962857805, 29.736004131042879, 0.0 ], [ 117.424323376047099, 29.776812563710621, 0.0 ], [ 117.428519876437804, 29.84745873766985, 0.0 ], [ 117.408518319345404, 29.8555182274117, 0.0 ], [ 117.369355342206902, 29.816002718646761, 0.0 ], [ 117.337588816994497, 29.85063942362115, 0.0 ], [ 117.302620080823502, 29.82793137479209, 0.0 ], [ 117.274885912025795, 29.835259297148479, 0.0 ], [ 117.261218474963201, 29.849667840690799, 0.0 ], [ 117.277791708532803, 29.8898279911445, 0.0 ], [ 117.271493066262096, 29.90823201683234, 0.0 ], [ 117.252986636373393, 29.923478328926091, 0.0 ], [ 117.203551175611594, 29.930847602256929, 0.0 ], [ 117.141154542027706, 29.908282933854011, 0.0 ], [ 117.134809036747995, 29.852606663222929, 0.0 ], [ 117.0889260601801, 29.83776455235072, 0.0 ], [ 117.1323259714665, 29.784462456262439, 0.0 ], [ 117.120908422295898, 29.755001484873251, 0.0 ], [ 117.122284158681893, 29.718421752600172, 0.0 ], [ 117.051620673078403, 29.680447039661018, 0.0 ], [ 116.976122364210397, 29.65860148977022, 0.0 ], [ 116.923676498764095, 29.583266505518331, 0.0 ], [ 116.894367567920199, 29.555661659900601, 0.0 ], [ 116.867437180552201, 29.543989705348888, 0.0 ], [ 116.8298519029141, 29.54371508361919, 0.0 ], [ 116.791596603448099, 29.562720092045431, 0.0 ], [ 116.780466007466302, 29.535403449918689, 0.0 ], [ 116.764733833840793, 29.532430155513211, 0.0 ], [ 116.746331499293902, 29.541294156686511, 0.0 ], [ 116.721829183618993, 29.587601509121821, 0.0 ], [ 116.696477430948903, 29.60760590848427, 0.0 ], [ 116.649954770733103, 29.629488858395121, 0.0 ], [ 116.654906096902295, 29.639128502974081, 0.0 ], [ 116.673516220479499, 29.647360630891932, 0.0 ], [ 116.688513725424997, 29.660692081738759, 0.0 ], [ 116.693421755157601, 29.671300077051459, 0.0 ], [ 116.687238679157403, 29.704762678375332, 0.0 ], [ 116.697860040567306, 29.72179164734877, 0.0 ], [ 116.7112572149979, 29.726192255215611, 0.0 ], [ 116.728612372908003, 29.716217555518881, 0.0 ], [ 116.750332634918294, 29.712645015158969, 0.0 ], [ 116.762253966189107, 29.726657109922929, 0.0 ], [ 116.768607388369901, 29.76535045125172, 0.0 ], [ 116.810915705227103, 29.754389449589802, 0.0 ], [ 116.827002751337005, 29.7922274999469, 0.0 ], [ 116.867900764081298, 29.823627492010122, 0.0 ], [ 116.874641164750003, 29.857330004416792, 0.0 ], [ 116.894390903847295, 29.889128450843231, 0.0 ], [ 116.9014979977092, 29.94104209389273, 0.0 ], [ 116.861551586886193, 29.977806080228849, 0.0 ], [ 116.831829477472098, 30.011092741414469, 0.0 ], [ 116.804736547588405, 30.024959405016151, 0.0 ], [ 116.757314655219503, 29.99588414287031, 0.0 ], [ 116.722489981884394, 29.991006155968659, 0.0 ], [ 116.691407708520899, 30.004031647447761, 0.0 ], [ 116.705455519926304, 30.034936287803049, 0.0 ], [ 116.695941459501498, 30.05202030086382, 0.0 ], [ 116.594612878556305, 30.057792048527741, 0.0 ], [ 116.569116023384396, 30.011698147490819, 0.0 ], [ 116.558522463734207, 29.93348312487154, 0.0 ], [ 116.516398221910293, 29.883193640298771, 0.0 ], [ 116.423827901912006, 29.87105427485557, 0.0 ], [ 116.367026698979402, 29.842135308848629, 0.0 ], [ 116.302689776442804, 29.79209491215213, 0.0 ], [ 116.276823889076795, 29.783740083876339, 0.0 ], [ 116.261111416990005, 29.788765990182949, 0.0 ], [ 116.239212258251598, 29.811280155160521, 0.0 ], [ 116.222440227776403, 29.82204698054252, 0.0 ], [ 116.203923937435704, 29.825649497246339, 0.0 ], [ 116.184549559858397, 29.826278561526369, 0.0 ], [ 116.152395005830002, 29.823163934786759, 0.0 ], [ 116.142120759229599, 29.823898040910159, 0.0 ], [ 116.087329598041407, 29.807325056620542, 0.0 ], [ 116.053708709820796, 29.776268471165249, 0.0 ], [ 115.967591196062202, 29.726672636351289, 0.0 ], [ 115.949517840953803, 29.722967974635139, 0.0 ], [ 115.902426053266893, 29.725478045026051, 0.0 ], [ 115.752615519051204, 29.7865658333751, 0.0 ], [ 115.663824261387205, 29.860201488669439, 0.0 ], [ 115.5759840070737, 29.838392143196099, 0.0 ], [ 115.481355651527295, 29.835750503236799, 0.0 ], [ 115.463643016241306, 29.815035108097, 0.0 ], [ 115.456842358486099, 29.78768011413668, 0.0 ], [ 115.449931521226006, 29.728938428315882, 0.0 ], [ 115.368201250753899, 29.64907529892881, 0.0 ], [ 115.307798773621201, 29.629672777180701, 0.0 ], [ 115.290898856655005, 29.613424882208552, 0.0 ], [ 115.273659329529494, 29.61227857192581, 0.0 ], [ 115.250434384279899, 29.622178318159278, 0.0 ], [ 115.236033738336502, 29.64612776612811, 0.0 ], [ 115.1204673433555, 29.667636689619151, 0.0 ], [ 115.087050774310995, 29.667473073748891, 0.0 ], [ 115.081339305733593, 29.66253592990082, 0.0 ], [ 115.122117009884604, 29.639389001531502, 0.0 ], [ 115.129312778004802, 29.596448641240482, 0.0 ], [ 115.155470038112398, 29.592622293622011, 0.0 ], [ 115.159494862022498, 29.57920697475684, 0.0 ], [ 115.136460386422897, 29.56313303109814, 0.0 ], [ 115.149127689305899, 29.509766241286581, 0.0 ], [ 115.123250533143406, 29.50358411178609, 0.0 ], [ 115.107252642469206, 29.513610098937001, 0.0 ], [ 115.100521911051402, 29.546810092813541, 0.0 ], [ 115.082538413682997, 29.561026904881579, 0.0 ], [ 115.0260720467206, 29.55267387318688, 0.0 ], [ 114.975169839394198, 29.56363192222555, 0.0 ], [ 114.943169341415498, 29.54879073981305, 0.0 ], [ 114.941984211325703, 29.52946839553767, 0.0 ], [ 114.949648543331193, 29.49872972662914, 0.0 ], [ 114.940171218393004, 29.48730189347862, 0.0 ], [ 114.8894737346901, 29.521792779275941, 0.0 ], [ 114.818811608324495, 29.388878110997219, 0.0 ], [ 114.746806537954001, 29.354306733611679, 0.0 ], [ 114.735163101253505, 29.39145113072448, 0.0 ], [ 114.6297846356577, 29.370944725367501, 0.0 ], [ 114.586656894054599, 29.345568439527369, 0.0 ], [ 114.538954143841906, 29.337161124742071, 0.0 ], [ 114.474738405076096, 29.31250131381578, 0.0 ], [ 114.454265923838406, 29.314390303827011, 0.0 ], [ 114.443460216248795, 29.3307220516703, 0.0 ], [ 114.430945576460402, 29.340057173169779, 0.0 ], [ 114.365354893965801, 29.31529354326484, 0.0 ], [ 114.345721628542293, 29.323455873439421, 0.0 ], [ 114.332730990599302, 29.357784809259481, 0.0 ], [ 114.299112246159595, 29.366902913975149, 0.0 ], [ 114.266114989494298, 29.347808525032139, 0.0 ], [ 114.2565226564694, 29.246242506571381, 0.0 ], [ 114.157370547027895, 29.211005288845541, 0.0 ], [ 114.092182843544293, 29.212575432012351, 0.0 ], [ 114.053526043608997, 29.199094448780411, 0.0 ], [ 113.952628977109001, 29.08962661971335, 0.0 ], [ 113.9520365888676, 29.06091200331036, 0.0 ], [ 113.991870267488096, 29.024351621447568, 0.0 ], [ 114.045813287078005, 28.879927123514051, 0.0 ], [ 114.162944262747999, 28.7722349735565, 0.0 ] ] ] } },
{ "type": "Feature", "properties": { "省份": "贵州", "id": "202608110017", "name": "贵州", "layer": null, "path": "C:/Users/geste/Desktop/ming1433_fullv1.0.geojson" }, "geometry": { "type": "Polygon", "coordinates": [ [ [ 104.617053712480299, 26.246699240282531, 0.0 ], [ 104.536778009511394, 26.051760142207659, 0.0 ], [ 104.3738132684215, 25.948177324045439, 0.0 ], [ 104.440376915766507, 25.88899924872187, 0.0 ], [ 104.404912916848502, 25.747227312584041, 0.0 ], [ 104.329803837865498, 25.75765857542379, 0.0 ], [ 104.3168437442243, 25.64780419257707, 0.0 ], [ 104.4056893246253, 25.5855815465974, 0.0 ], [ 104.424472655703099, 25.45389217577253, 0.0 ], [ 104.448629354217601, 25.455219998651671, 0.0 ], [ 104.512108565502004, 25.528121508299389, 0.0 ], [ 104.554161519816503, 25.52845343888297, 0.0 ], [ 104.575820071443005, 25.403068249336581, 0.0 ], [ 104.697163543079597, 25.324744995572321, 0.0 ], [ 104.816668014224007, 25.239345408760851, 0.0 ], [ 104.742594791139396, 25.18893501439327, 0.0 ], [ 104.673124976784393, 25.067233275602572, 0.0 ], [ 104.746637805019603, 25.03431755559405, 0.0 ], [ 104.6795699919751, 24.949735016546601, 0.0 ], [ 104.529257351088702, 24.737356771258622, 0.0 ], [ 104.579186862323894, 24.714505105420461, 0.0 ], [ 104.607791728349397, 24.67435836595428, 0.0 ], [ 104.641448273807001, 24.65277466930868, 0.0 ], [ 104.689201978281602, 24.651598277535971, 0.0 ], [ 104.712001659170596, 24.609448680842799, 0.0 ], [ 104.740572856472895, 24.608015380875202, 0.0 ], [ 104.760647382179798, 24.619572749051521, 0.0 ], [ 104.783381780850107, 24.657413736190431, 0.0 ], [ 104.847969134506798, 24.67988098094586, 0.0 ], [ 104.876993873985896, 24.7384110972516, 0.0 ], [ 104.906084197059101, 24.75413422271955, 0.0 ], [ 105.028500389524297, 24.794452888815211, 0.0 ], [ 105.029192156316299, 24.801901068234869, 0.0 ], [ 105.020662016271501, 24.808704892252809, 0.0 ], [ 105.0223117400718, 24.821487110340911, 0.0 ], [ 105.035729816199904, 24.855401835058341, 0.0 ], [ 105.038634091322805, 24.882782755015931, 0.0 ], [ 105.073955409668798, 24.908998147282059, 0.0 ], [ 105.083292087377899, 24.932690664606159, 0.0 ], [ 105.112874131324006, 24.948105548992359, 0.0 ], [ 105.148858418275097, 24.97996432641715, 0.0 ], [ 105.202592876681194, 25.006825297933901, 0.0 ], [ 105.222070862258704, 25.010143024838499, 0.0 ], [ 105.232123861778106, 25.004014818311511, 0.0 ], [ 105.274572890346207, 24.971038087342251, 0.0 ], [ 105.274211127007305, 24.944536475262499, 0.0 ], [ 105.313709732264897, 24.930450774026902, 0.0 ], [ 105.343184347209402, 24.937375528226521, 0.0 ], [ 105.371747596700203, 24.95245582868915, 0.0 ], [ 105.446972398117694, 24.938214479443189, 0.0 ], [ 105.554252299159899, 25.001092022572909, 0.0 ], [ 105.629301847911094, 25.02842624599802, 0.0 ], [ 105.652683061040605, 25.044916966005271, 0.0 ], [ 105.656418137151704, 25.072799852136569, 0.0 ], [ 105.6190597934105, 25.10274885722804, 0.0 ], [ 105.606622886394305, 25.138305233286079, 0.0 ], [ 105.6290667828886, 25.181112907530121, 0.0 ], [ 105.643530199649206, 25.244168811424071, 0.0 ], [ 105.639141011801598, 25.285536370008309, 0.0 ], [ 105.567398486302196, 25.348276287429421, 0.0 ], [ 105.486230382202393, 25.387048051331789, 0.0 ], [ 105.477108289331596, 25.42826990139438, 0.0 ], [ 105.489961720027296, 25.465937987084089, 0.0 ], [ 105.549150713444007, 25.49107310381115, 0.0 ], [ 105.564117997100197, 25.5488539504207, 0.0 ], [ 105.586028365938205, 25.589673527731211, 0.0 ], [ 105.549519073280905, 25.652019245853779, 0.0 ], [ 105.546189726004002, 25.685772278011861, 0.0 ], [ 105.563031810403302, 25.714800457850451, 0.0 ], [ 105.589524013901695, 25.719872769640041, 0.0 ], [ 105.633839357389604, 25.696079711007759, 0.0 ], [ 105.676663899111503, 25.676753960849449, 0.0 ], [ 105.684269068621504, 25.618952635109721, 0.0 ], [ 105.708281869585704, 25.603207154312472, 0.0 ], [ 105.725157545497893, 25.5724176559266, 0.0 ], [ 105.744719006251202, 25.54855944586161, 0.0 ], [ 105.747267515686104, 25.508833878830881, 0.0 ], [ 105.818812062725698, 25.429163207479089, 0.0 ], [ 105.853915044185896, 25.379915071141269, 0.0 ], [ 105.884259300906294, 25.35921229505416, 0.0 ], [ 105.908559431618102, 25.37565633257994, 0.0 ], [ 105.902767857316505, 25.41641271570052, 0.0 ], [ 105.916679174651193, 25.452871626157631, 0.0 ], [ 105.962041341673697, 25.476299255535871, 0.0 ], [ 105.999614500246594, 25.465486678922542, 0.0 ], [ 106.032375632427502, 25.443817100432661, 0.0 ], [ 106.087069142593293, 25.43606311378511, 0.0 ], [ 106.097264252346605, 25.416596571686799, 0.0 ], [ 106.077710882287406, 25.382087272290331, 0.0 ], [ 106.0822559257969, 25.36914474808918, 0.0 ], [ 106.169800263488099, 25.36983832200492, 0.0 ], [ 106.226242262215493, 25.448253037365131, 0.0 ], [ 106.292696545824299, 25.481592675478151, 0.0 ], [ 106.396958844042601, 25.503323668666141, 0.0 ], [ 106.451267361601694, 25.548910541849491, 0.0 ], [ 106.482753840714594, 25.590818906459148, 0.0 ], [ 106.504002288483406, 25.606362184876399, 0.0 ], [ 106.528753523742793, 25.6063756154294, 0.0 ], [ 106.5503789627234, 25.597711368237089, 0.0 ], [ 106.635850234703895, 25.519583228239579, 0.0 ], [ 106.657296743650903, 25.5257350394124, 0.0 ], [ 106.663005853542501, 25.541971833836691, 0.0 ], [ 106.657552863680905, 25.560765997423321, 0.0 ], [ 106.611613448891902, 25.60356520924768, 0.0 ], [ 106.590788058955098, 25.669510649569169, 0.0 ], [ 106.600873244646607, 25.733960907061409, 0.0 ], [ 106.634148753382505, 25.738998757974809, 0.0 ], [ 106.659885475509597, 25.730644298759991, 0.0 ], [ 106.706946142931898, 25.68863471921998, 0.0 ], [ 106.808447953615399, 25.683896441002869, 0.0 ], [ 106.804880094930198, 25.647715990818909, 0.0 ], [ 106.848766549942098, 25.594850612318499, 0.0 ], [ 106.924749991893805, 25.559548680257809, 0.0 ], [ 106.987833294415395, 25.517388843994372, 0.0 ], [ 106.993131257923594, 25.470508220402159, 0.0 ], [ 106.986476738633201, 25.431498124122399, 0.0 ], [ 106.995275688453702, 25.41182611939853, 0.0 ], [ 107.0723455556125, 25.353920735503419, 0.0 ], [ 107.093275636999095, 25.318887908100709, 0.0 ], [ 107.126843907986299, 25.319862150395899, 0.0 ], [ 107.153840830297, 25.33561960506254, 0.0 ], [ 107.169698124624503, 25.40120820833009, 0.0 ], [ 107.184917854530497, 25.454205294498689, 0.0 ], [ 107.197789071473593, 25.48381348617955, 0.0 ], [ 107.254127741391301, 25.542583874571129, 0.0 ], [ 107.279320275224507, 25.55136086561081, 0.0 ], [ 107.323565858870793, 25.515548452915191, 0.0 ], [ 107.352140782815397, 25.496468511680028, 0.0 ], [ 107.313830803779794, 25.441268733253342, 0.0 ], [ 107.306280582868695, 25.420592026713479, 0.0 ], [ 107.324780918330006, 25.405612585496531, 0.0 ], [ 107.363268753184002, 25.409102000099359, 0.0 ], [ 107.385348814782901, 25.407053389427912, 0.0 ], [ 107.401562751262006, 25.399448121530622, 0.0 ], [ 107.4167878926756, 25.39012754765503, 0.0 ], [ 107.4151159838555, 25.344130515709349, 0.0 ], [ 107.4231786029288, 25.317618020526989, 0.0 ], [ 107.426777047137406, 25.292714807129009, 0.0 ], [ 107.475488040177495, 25.2868498390254, 0.0 ], [ 107.486006878642002, 25.27460285418459, 0.0 ], [ 107.470294923833904, 25.240057035547402, 0.0 ], [ 107.472912627462904, 25.21872066042561, 0.0 ], [ 107.496010274819497, 25.21104116439766, 0.0 ], [ 107.543052879346206, 25.23249267547417, 0.0 ], [ 107.581887760871595, 25.257271405985058, 0.0 ], [ 107.601712394781899, 25.259171758505001, 0.0 ], [ 107.613347870381702, 25.266396622087822, 0.0 ], [ 107.631911546224202, 25.29954377722127, 0.0 ], [ 107.653739141293102, 25.325079944460441, 0.0 ], [ 107.675545525020596, 25.410240124748899, 0.0 ], [ 107.672466716410298, 25.444077034100811, 0.0 ], [ 107.655243657537994, 25.462275513381069, 0.0 ], [ 107.654887234900002, 25.516269723638981, 0.0 ], [ 107.676658613283493, 25.554772523519901, 0.0 ], [ 107.717778023092805, 25.59344596149537, 0.0 ], [ 107.752538701056594, 25.622305806991619, 0.0 ], [ 107.780762981632094, 25.668045706104181, 0.0 ], [ 107.8179652536123, 25.760079884888661, 0.0 ], [ 107.852383001472504, 25.772787212288829, 0.0 ], [ 107.949530835274302, 25.76559239786835, 0.0 ], [ 108.018035065736299, 25.789168380791761, 0.0 ], [ 108.073537100607197, 25.754774571500551, 0.0 ], [ 108.138363591872505, 25.738813425581721, 0.0 ], [ 108.178869339456796, 25.710851229400081, 0.0 ], [ 108.243172157723606, 25.64938741377226, 0.0 ], [ 108.283595879004494, 25.653274748449629, 0.0 ], [ 108.306427226668802, 25.627731703484969, 0.0 ], [ 108.314322719562298, 25.534649581821771, 0.0 ], [ 108.349892108347206, 25.53405194464343, 0.0 ], [ 108.385778311233906, 25.50064117101449, 0.0 ], [ 108.409850278984806, 25.519677021020499, 0.0 ], [ 108.424516793251499, 25.523824012949579, 0.0 ], [ 108.435979556263206, 25.512728749454521, 0.0 ], [ 108.469047618978607, 25.406039446680978, 0.0 ], [ 108.4825983381388, 25.405158413029529, 0.0 ], [ 108.495055913912694, 25.443715104203768, 0.0 ], [ 108.543334445493599, 25.408274677543059, 0.0 ], [ 108.552647914963799, 25.374108278195369, 0.0 ], [ 108.595551355249299, 25.359617030773581, 0.0 ], [ 108.620374174906999, 25.33433663680686, 0.0 ], [ 108.6472355673679, 25.338605757815991, 0.0 ], [ 108.656259762221893, 25.353034301150799, 0.0 ], [ 108.639455462359706, 25.368548628160649, 0.0 ], [ 108.624793980262396, 25.399041577828338, 0.0 ], [ 108.608401726107203, 25.448253146103781, 0.0 ], [ 108.611936101602396, 25.459520273892458, 0.0 ], [ 108.642612271677095, 25.484855474043162, 0.0 ], [ 108.677553792348704, 25.484447860924799, 0.0 ], [ 108.691907026289599, 25.496475465887919, 0.0 ], [ 108.682927882890397, 25.519466794762089, 0.0 ], [ 108.704246783149699, 25.573552690377841, 0.0 ], [ 108.725248008152505, 25.603360734670382, 0.0 ], [ 108.737671426981805, 25.641106457434319, 0.0 ], [ 108.809525398887999, 25.636620779262479, 0.0 ], [ 108.841235878013094, 25.61239039210157, 0.0 ], [ 108.828457186643703, 25.5592671017844, 0.0 ], [ 108.871325855958702, 25.569000404517531, 0.0 ], [ 108.900760013749107, 25.55294873456489, 0.0 ], [ 108.935163806755, 25.55353375145803, 0.0 ], [ 108.973492647632696, 25.532894878734272, 0.0 ], [ 109.037469022544897, 25.527161309145669, 0.0 ], [ 109.087678119641893, 25.54085695603408, 0.0 ], [ 109.089125056628603, 25.557088657968482, 0.0 ], [ 109.056406191234402, 25.57968653277775, 0.0 ], [ 109.043373249157, 25.60824883735836, 0.0 ], [ 109.044447648164194, 25.654209348779279, 0.0 ], [ 109.065871239713502, 25.698363932757939, 0.0 ], [ 109.060429347802199, 25.761792946229949, 0.0 ], [ 109.016699604362501, 25.745759672690301, 0.0 ], [ 108.991918360259803, 25.700467290821301, 0.0 ], [ 108.888276465256297, 25.675434373946342, 0.0 ], [ 108.902297879097901, 25.72180677411783, 0.0 ], [ 108.953088926123499, 25.733635523835439, 0.0 ], [ 108.981091302430599, 25.75620279999837, 0.0 ], [ 109.000457843732505, 25.799600958401289, 0.0 ], [ 109.120619841131202, 25.812864845724508, 0.0 ], [ 109.135392048619295, 25.805434319709821, 0.0 ], [ 109.137004804312596, 25.771113847411929, 0.0 ], [ 109.1518420618102, 25.76199634893025, 0.0 ], [ 109.182820539969697, 25.773391356123671, 0.0 ], [ 109.173793205504396, 25.816071127325419, 0.0 ], [ 109.193381483188304, 25.814719058753528, 0.0 ], [ 109.212576640276893, 25.75947139718544, 0.0 ], [ 109.268787629230602, 25.728330397789481, 0.0 ], [ 109.321765741975, 25.734065689382881, 0.0 ], [ 109.345397632321095, 25.746421403672311, 0.0 ], [ 109.348657915317403, 25.757915475829972, 0.0 ], [ 109.316391521953904, 25.790157483950839, 0.0 ], [ 109.340623288705999, 25.821254905993062, 0.0 ], [ 109.342539196009795, 25.85642752137371, 0.0 ], [ 109.353367918200505, 25.86609061807199, 0.0 ], [ 109.386266303925296, 25.874411511872111, 0.0 ], [ 109.401738073905804, 25.906061473902639, 0.0 ], [ 109.408361199226704, 25.913335297194742, 0.0 ], [ 109.421561842766195, 25.924278238607549, 0.0 ], [ 109.4288941445879, 25.938153737066099, 0.0 ], [ 109.418719730324298, 25.947541772037589, 0.0 ], [ 109.3921220398516, 25.94706902470697, 0.0 ], [ 109.387338796469507, 25.95425460150808, 0.0 ], [ 109.411241419632503, 25.972736789644209, 0.0 ], [ 109.434854763894194, 25.999040241620129, 0.0 ], [ 109.448643580159796, 26.02139483489325, 0.0 ], [ 109.452735412526593, 26.058000659219019, 0.0 ], [ 109.452505579782297, 26.060816083197999, 0.0 ], [ 109.442981730440295, 26.071378414300401, 0.0 ], [ 109.430635719095704, 26.153697839865892, 0.0 ], [ 109.428488126970095, 26.191580252366911, 0.0 ], [ 109.437193765340098, 26.22785027737396, 0.0 ], [ 109.443316989413105, 26.24679990272146, 0.0 ], [ 109.458460040416199, 26.264367425256509, 0.0 ], [ 109.488670400872394, 26.277287579400841, 0.0 ], [ 109.489534170538505, 26.301223905882111, 0.0 ], [ 109.5056492444361, 26.341696109048289, 0.0 ], [ 109.497721452746802, 26.386465387376049, 0.0 ], [ 109.497386535289607, 26.43198017401706, 0.0 ], [ 109.509037012075694, 26.49543612251702, 0.0 ], [ 109.489043612571805, 26.521736518730211, 0.0 ], [ 109.489895030465405, 26.578813642045041, 0.0 ], [ 109.432929880241105, 26.62401304690605, 0.0 ], [ 109.392800107648398, 26.64146214220262, 0.0 ], [ 109.292748345782698, 26.733868556331391, 0.0 ], [ 109.182221876472795, 26.762904517074041, 0.0 ], [ 109.095788726652799, 26.784988413794949, 0.0 ], [ 109.045235824404898, 26.81878399465624, 0.0 ], [ 109.037887929409493, 26.8944136306019, 0.0 ], [ 109.068961091747099, 26.94868219708464, 0.0 ], [ 109.063093947770597, 27.023804088769669, 0.0 ], [ 109.017912028399707, 27.03788187571023, 0.0 ], [ 108.980299222550698, 27.006884180621689, 0.0 ], [ 108.943190249590799, 26.99846137694275, 0.0 ], [ 108.893528227457793, 27.005874132757391, 0.0 ], [ 108.865323788235003, 27.021291608959441, 0.0 ], [ 108.814303520973397, 27.07511583999025, 0.0 ], [ 108.815794213119503, 27.09946777537753, 0.0 ], [ 108.915928327398007, 27.140643294133689, 0.0 ], [ 108.942248673845299, 27.228337427117321, 0.0 ], [ 109.040216272365797, 27.272694142295538, 0.0 ], [ 109.061055587806806, 27.336171821479549, 0.0 ], [ 109.091602179998702, 27.34046075289152, 0.0 ], [ 109.1299851686219, 27.378991247212721, 0.0 ], [ 109.136461094462902, 27.423705488462179, 0.0 ], [ 109.148593900767594, 27.430077619495091, 0.0 ], [ 109.169114514678398, 27.411178368607651, 0.0 ], [ 109.204056708907103, 27.452841869286971, 0.0 ], [ 109.216743321509796, 27.45341071901003, 0.0 ], [ 109.242950382204498, 27.427974386820441, 0.0 ], [ 109.271364796569799, 27.418727123037819, 0.0 ], [ 109.289968693904697, 27.42592268976712, 0.0 ], [ 109.302347653998496, 27.46845477210854, 0.0 ], [ 109.384989527457904, 27.537578466660769, 0.0 ], [ 109.448526769922594, 27.557149846956911, 0.0 ], [ 109.471626762132203, 27.612225195049749, 0.0 ], [ 109.468976269260395, 27.64759716955319, 0.0 ], [ 109.462037463395504, 27.681797951338091, 0.0 ], [ 109.428760466570296, 27.71169568900935, 0.0 ], [ 109.435898305317906, 27.730102357543728, 0.0 ], [ 109.435833039040006, 27.742144306299931, 0.0 ], [ 109.374887588749402, 27.739608575102121, 0.0 ], [ 109.332425246923194, 27.790877862387369, 0.0 ], [ 109.334329176632906, 27.87078818770069, 0.0 ], [ 109.312285433171596, 27.90531760210116, 0.0 ], [ 109.312296452983304, 27.917268152657069, 0.0 ], [ 109.3236160922973, 27.92694809153447, 0.0 ], [ 109.336663317161097, 27.93376705920409, 0.0 ], [ 109.343386430113895, 27.939035310300849, 0.0 ], [ 109.345689662732397, 27.94717986752347, 0.0 ], [ 109.324177060385793, 27.952112621712391, 0.0 ], [ 109.319006056704595, 27.954783233252961, 0.0 ], [ 109.319579233817194, 27.973348647992779, 0.0 ], [ 109.330068125614304, 27.994552223183909, 0.0 ], [ 109.350792957850004, 28.01027512744162, 0.0 ], [ 109.378337392970295, 28.021563954170809, 0.0 ], [ 109.379117291974694, 28.048446811574671, 0.0 ], [ 109.3633735958866, 28.069097773050569, 0.0 ], [ 109.325879084453803, 28.05093830904886, 0.0 ], [ 109.304250506433206, 28.051814718264229, 0.0 ], [ 109.3111346903639, 28.112557064971188, 0.0 ], [ 109.345426843688401, 28.16629161617718, 0.0 ], [ 109.362938373716702, 28.27216398103192, 0.0 ], [ 109.305925067330307, 28.295456160936549, 0.0 ], [ 109.274054203032605, 28.327792360699689, 0.0 ], [ 109.276561411028396, 28.344401018780371, 0.0 ], [ 109.290619379127406, 28.360215938897291, 0.0 ], [ 109.2938332691742, 28.39283382960673, 0.0 ], [ 109.262368456174897, 28.447509925625251, 0.0 ], [ 109.265203435078902, 28.514378041371248, 0.0 ], [ 109.231552735553194, 28.504304853836011, 0.0 ], [ 109.177270556173397, 28.46833503207958, 0.0 ], [ 109.1033424255087, 28.368811780042439, 0.0 ], [ 109.087749608047204, 28.33417133208113, 0.0 ], [ 109.115510833844198, 28.295827901495748, 0.0 ], [ 109.127044628780695, 28.27052972305242, 0.0 ], [ 109.114834026150206, 28.24487410626606, 0.0 ], [ 109.081400729600304, 28.24252775182044, 0.0 ], [ 109.054332790764505, 28.2582676607888, 0.0 ], [ 109.016262704233597, 28.23221431573478, 0.0 ], [ 108.990775901575404, 28.23959669009162, 0.0 ], [ 108.987736652457002, 28.26055247752473, 0.0 ], [ 108.969185623842094, 28.277154896293482, 0.0 ], [ 108.934433434281203, 28.253767195020409, 0.0 ], [ 108.853498334181097, 28.222610333548261, 0.0 ], [ 108.7978442901086, 28.224512474582731, 0.0 ], [ 108.764458175179897, 28.248415198750539, 0.0 ], [ 108.769311302968205, 28.274608800802302, 0.0 ], [ 108.758483348305205, 28.327209782273972, 0.0 ], [ 108.768319824666406, 28.369892127635861, 0.0 ], [ 108.760109288561793, 28.389298686531969, 0.0 ], [ 108.750589367850196, 28.4780535510506, 0.0 ], [ 108.744605, 28.497661, 0.0 ], [ 108.63472, 28.555576, 0.0 ], [ 108.678674, 28.632747, 0.0 ], [ 108.645709, 28.709861, 0.0 ], [ 108.524836, 28.709861, 0.0 ], [ 108.436928, 28.767659, 0.0 ], [ 108.425939, 28.873539, 0.0 ], [ 108.34902, 29.075375, 0.0 ], [ 108.239135, 29.171349, 0.0 ], [ 108.107411, 29.046566, 0.0 ], [ 107.953572, 29.046566, 0.0 ], [ 107.788745, 28.960089, 0.0 ], [ 107.777757, 28.806174, 0.0 ], [ 107.722814, 28.661671, 0.0 ], [ 107.700837, 28.478349, 0.0 ], [ 107.75578, 28.343065, 0.0 ], [ 107.920607, 28.246328, 0.0 ], [ 107.942584, 28.07198, 0.0 ], [ 107.931595, 27.897349, 0.0 ], [ 107.986538, 27.702984, 0.0 ], [ 108.074445, 27.547242, 0.0 ], [ 108.173342, 27.44979, 0.0 ], [ 108.162353, 27.25463, 0.0 ], [ 108.18433, 27.049342, 0.0 ], [ 108.074445, 26.931865, 0.0 ], [ 107.821711, 27.019984, 0.0 ], [ 107.656883, 27.117813, 0.0 ], [ 107.503045, 27.225326, 0.0 ], [ 107.371183, 27.303452, 0.0 ], [ 107.204361331563106, 27.34702665864263, 0.0 ], [ 107.204968973982005, 27.3691621624017, 0.0 ], [ 107.183707006196499, 27.38369393448739, 0.0 ], [ 107.1551831307751, 27.368573816514221, 0.0 ], [ 107.130248856198904, 27.352396486381409, 0.0 ], [ 107.095090996212704, 27.334572257397209, 0.0 ], [ 107.026062568398103, 27.36876452652356, 0.0 ], [ 107.005673101725293, 27.365299216143988, 0.0 ], [ 106.956395734393794, 27.329807976271571, 0.0 ], [ 106.903011011008104, 27.271676869727109, 0.0 ], [ 106.870964408959495, 27.27869705105136, 0.0 ], [ 106.861669027928599, 27.31423277470914, 0.0 ], [ 106.836605227908095, 27.329502997334679, 0.0 ], [ 106.744995598477402, 27.318650251658621, 0.0 ], [ 106.720759735340906, 27.329638151102991, 0.0 ], [ 106.709879579481694, 27.358227352610552, 0.0 ], [ 106.723745990498202, 27.40786495534682, 0.0 ], [ 106.721805913866902, 27.43511402825926, 0.0 ], [ 106.702835887717399, 27.459917708336452, 0.0 ], [ 106.657422635895699, 27.49043444455193, 0.0 ], [ 106.621387413423093, 27.531679737539751, 0.0 ], [ 106.572343559076501, 27.52107873715757, 0.0 ], [ 106.554614988332801, 27.472463369456701, 0.0 ], [ 106.523729509007893, 27.475942518229768, 0.0 ], [ 106.470208829856702, 27.491620761992049, 0.0 ], [ 106.401053906778301, 27.454293185423129, 0.0 ], [ 106.354807161679105, 27.424671552717669, 0.0 ], [ 106.301429355447198, 27.4525068867224, 0.0 ], [ 106.298219892857304, 27.527753464868891, 0.0 ], [ 106.239525727927202, 27.594285802993621, 0.0 ], [ 106.164430821142901, 27.618701371770491, 0.0 ], [ 106.0852044599051, 27.705198548048369, 0.0 ], [ 106.027296050882498, 27.73308567572597, 0.0 ], [ 105.995789277558899, 27.822445260069241, 0.0 ], [ 105.885431363056398, 27.922580311661051, 0.0 ], [ 105.727928990354798, 27.972796893184452, 0.0 ], [ 105.673976853904406, 28.00997455292411, 0.0 ], [ 105.590411269495505, 28.04019240336255, 0.0 ], [ 105.455987450309294, 28.043807760513779, 0.0 ], [ 105.381382681147301, 27.991900474255178, 0.0 ], [ 105.274402729501801, 27.961844664332041, 0.0 ], [ 105.226442054106499, 27.874951591265869, 0.0 ], [ 105.226445102020094, 27.832725774460549, 0.0 ], [ 105.2623210760229, 27.79876407547729, 0.0 ], [ 105.264683281192603, 27.764874098490662, 0.0 ], [ 105.293303784005104, 27.746815694348509, 0.0 ], [ 105.300544866755402, 27.685523860223359, 0.0 ], [ 105.255027332983701, 27.588241883718819, 0.0 ], [ 105.248369545214501, 27.487695836661182, 0.0 ], [ 105.207951973047798, 27.406698189711349, 0.0 ], [ 105.165334188470297, 27.400324492047289, 0.0 ], [ 105.101880357190396, 27.418755598474721, 0.0 ], [ 105.057263597681697, 27.40514141281551, 0.0 ], [ 104.995237473836198, 27.363257584889439, 0.0 ], [ 104.870788255033403, 27.311204021664249, 0.0 ], [ 104.850742563774105, 27.283536864205679, 0.0 ], [ 104.848266165342295, 27.210381085562108, 0.0 ], [ 104.8706006015573, 27.18301949501981, 0.0 ], [ 104.936106552017904, 27.17057943803156, 0.0 ], [ 104.949736783330806, 27.1440840254131, 0.0 ], [ 104.991628019786901, 27.10826622900931, 0.0 ], [ 105.017745664762003, 27.06956928660675, 0.0 ], [ 105.008825554966407, 27.023935853643071, 0.0 ], [ 104.914968833720195, 26.965314400597649, 0.0 ], [ 104.870669645376395, 26.912340437805732, 0.0 ], [ 104.830125299424097, 26.817525661184781, 0.0 ], [ 104.829280562256798, 26.751356463481471, 0.0 ], [ 104.830531608616198, 26.682242816971669, 0.0 ], [ 104.817109848560506, 26.658890364249689, 0.0 ], [ 104.767984371383605, 26.602175961300251, 0.0 ], [ 104.747953332541798, 26.57547348010409, 0.0 ], [ 104.7395513608068, 26.553389213325399, 0.0 ], [ 104.735527364792205, 26.470456071210211, 0.0 ], [ 104.699167029227198, 26.416222155337479, 0.0 ], [ 104.676527773763794, 26.39541214196278, 0.0 ], [ 104.657593567138605, 26.380631040619441, 0.0 ], [ 104.634528576164001, 26.375151599674499, 0.0 ], [ 104.613812098006306, 26.380274406105499, 0.0 ], [ 104.592137393394907, 26.394179969517189, 0.0 ], [ 104.617053712480299, 26.246699240282531, 0.0 ] ] ] } },
{ "type": "Feature", "properties": { "省份": "山西", "id": "202608110018", "name": "山西", "layer": null, "path": "C:/Users/geste/Desktop/ming1433_fullv1.0.geojson" }, "geometry": { "type": "Polygon", "coordinates": [ [ [ 111.070763957022507, 39.378104019754318, 0.0 ], [ 111.068977552318401, 39.364760632190247, 0.0 ], [ 111.069833636617105, 39.330099751418537, 0.0 ], [ 111.085258664234601, 39.302493733555451, 0.0 ], [ 111.1102919329728, 39.288302420930307, 0.0 ], [ 111.119996705480901, 39.277362639077751, 0.0 ], [ 111.135712653514005, 39.256386469658189, 0.0 ], [ 111.147870011374593, 39.250764130897423, 0.0 ], [ 111.173314686404495, 39.243778360227687, 0.0 ], [ 111.195021002087998, 39.23459695576944, 0.0 ], [ 111.202537382916901, 39.226590475180018, 0.0 ], [ 111.194394048976207, 39.205421173376301, 0.0 ], [ 111.188822455551104, 39.189221236355543, 0.0 ], [ 111.183360241487506, 39.177937702479433, 0.0 ], [ 111.165919452520797, 39.167818658765214, 0.0 ], [ 111.166130806136806, 39.161975833647283, 0.0 ], [ 111.172043815358407, 39.143005755519383, 0.0 ], [ 111.175336230267405, 39.129452042207447, 0.0 ], [ 111.169501873335804, 39.114619582266208, 0.0 ], [ 111.157671072585799, 39.114473040129191, 0.0 ], [ 111.142018320970195, 39.113647986837726, 0.0 ], [ 111.136173208772306, 39.10608533032682, 0.0 ], [ 111.141894524891001, 39.092935491549447, 0.0 ], [ 111.147069950550602, 39.079116669961721, 0.0 ], [ 111.122671312902398, 39.050202078438929, 0.0 ], [ 111.106821516912206, 39.03230825444242, 0.0 ], [ 111.090311822257604, 39.023747545332043, 0.0 ], [ 111.072698115116395, 39.018805960175108, 0.0 ], [ 111.048896958954501, 39.02158889833354, 0.0 ], [ 111.027292776500701, 39.019352322406817, 0.0 ], [ 111.000501672953803, 39.004589026323053, 0.0 ], [ 110.981226066763497, 38.992742944359918, 0.0 ], [ 110.983917790192294, 38.978927801351126, 0.0 ], [ 110.989091915688604, 38.973956413878817, 0.0 ], [ 111.005133921318702, 38.9604263203587, 0.0 ], [ 111.011024609400707, 38.948152281105479, 0.0 ], [ 111.011916953895394, 38.935703554201162, 0.0 ], [ 111.012192342177997, 38.925806110721972, 0.0 ], [ 111.021506010942105, 38.897876572371707, 0.0 ], [ 111.022559172038498, 38.889114137449639, 0.0 ], [ 111.016507400826697, 38.883979506473523, 0.0 ], [ 111.006413165569001, 38.873168971972767, 0.0 ], [ 111.004136088999005, 38.858127954552643, 0.0 ], [ 111.0087815103076, 38.84888548284561, 0.0 ], [ 111.007637761115902, 38.838792100678461, 0.0 ], [ 110.9989282562684, 38.827558442089391, 0.0 ], [ 110.984307134455094, 38.81069985454689, 0.0 ], [ 110.980932009375394, 38.797670620393447, 0.0 ], [ 110.971996841544794, 38.790031679289648, 0.0 ], [ 110.963532416255205, 38.781412008051383, 0.0 ], [ 110.968115765418403, 38.767681799019712, 0.0 ], [ 110.968456509802195, 38.754187980182671, 0.0 ], [ 110.959732336273802, 38.740392610739917, 0.0 ], [ 110.934614636614697, 38.726445764841053, 0.0 ], [ 110.922611779772694, 38.71330007744664, 0.0 ], [ 110.915895908313402, 38.6946230064205, 0.0 ], [ 110.915416856149506, 38.67670392174022, 0.0 ], [ 110.914063365524996, 38.668261924012967, 0.0 ], [ 110.900840694086696, 38.652574722398249, 0.0 ], [ 110.886173897258701, 38.641135302946559, 0.0 ], [ 110.876525137705997, 38.627532401746038, 0.0 ], [ 110.896037978031501, 38.592780431391922, 0.0 ], [ 110.913091532180204, 38.553614246640741, 0.0 ], [ 110.899775985516499, 38.514507621683968, 0.0 ], [ 110.859084582314594, 38.498742989775558, 0.0 ], [ 110.863498449397099, 38.467621666768252, 0.0 ], [ 110.854661518971099, 38.445370396385009, 0.0 ], [ 110.8077312156678, 38.448346173436271, 0.0 ], [ 110.772089562804595, 38.421947705627836, 0.0 ], [ 110.757053259768995, 38.385517135850613, 0.0 ], [ 110.7462857749953, 38.362560769095381, 0.0 ], [ 110.699246022349897, 38.33719989471782, 0.0 ], [ 110.659162029694002, 38.306263581600213, 0.0 ], [ 110.613952299840406, 38.305392146086831, 0.0 ], [ 110.578455902300107, 38.309834721620483, 0.0 ], [ 110.569094552216995, 38.254167605962103, 0.0 ], [ 110.568711237283395, 38.213023512730352, 0.0 ], [ 110.532735777672002, 38.204917558531839, 0.0 ], [ 110.509231142094904, 38.177650410512193, 0.0 ], [ 110.523986921016402, 38.141533049941913, 0.0 ], [ 110.522852640412495, 38.120624610277829, 0.0 ], [ 110.502660551597003, 38.104647181155457, 0.0 ], [ 110.508868378563804, 38.082716286989253, 0.0 ], [ 110.526891727365793, 38.067374496117573, 0.0 ], [ 110.517323558158097, 38.050350419152807, 0.0 ], [ 110.5096749854103, 38.031627577739783, 0.0 ], [ 110.535437525325506, 38.006707842504262, 0.0 ], [ 110.518220982767502, 37.957444939869767, 0.0 ], [ 110.5797874715483, 37.938203824844258, 0.0 ], [ 110.613640954809796, 37.908581487268073, 0.0 ], [ 110.639389589152501, 37.864122753426138, 0.0 ], [ 110.663317427850203, 37.79620501342626, 0.0 ], [ 110.712352186965106, 37.787750616797922, 0.0 ], [ 110.752616329687399, 37.767849598890393, 0.0 ], [ 110.763496507519804, 37.745134955096837, 0.0 ], [ 110.728982196273805, 37.732352543179744, 0.0 ], [ 110.714885796874299, 37.712186329703947, 0.0 ], [ 110.732989049496297, 37.694287368165682, 0.0 ], [ 110.794434977052703, 37.684836286859372, 0.0 ], [ 110.806828451828807, 37.66498446833522, 0.0 ], [ 110.768899747880397, 37.64499167732744, 0.0 ], [ 110.769809594944206, 37.606851443580013, 0.0 ], [ 110.794183965697201, 37.579998654849433, 0.0 ], [ 110.801644699241393, 37.566666668662691, 0.0 ], [ 110.777976870557296, 37.55083390119448, 0.0 ], [ 110.774094040918897, 37.523295132579918, 0.0 ], [ 110.754055560131107, 37.493475455716911, 0.0 ], [ 110.752252569496093, 37.469862035771278, 0.0 ], [ 110.7317138798022, 37.457177312663077, 0.0 ], [ 110.698644205158203, 37.450241275317133, 0.0 ], [ 110.651995408043007, 37.448409208473898, 0.0 ], [ 110.627124775720006, 37.400925626339408, 0.0 ], [ 110.630542850013896, 37.365153738266962, 0.0 ], [ 110.678329114730104, 37.364571194586347, 0.0 ], [ 110.701185556208998, 37.360663018122793, 0.0 ], [ 110.701378422695299, 37.345731739452958, 0.0 ], [ 110.674142680598194, 37.331282084263137, 0.0 ], [ 110.679767095740203, 37.317512600325252, 0.0 ], [ 110.700882970443004, 37.308691542540657, 0.0 ], [ 110.697990841906503, 37.293885536841842, 0.0 ], [ 110.680179851083295, 37.292557528029583, 0.0 ], [ 110.663133195425104, 37.29803036137416, 0.0 ], [ 110.661753194197203, 37.272786939213553, 0.0 ], [ 110.629581361202995, 37.242681032756273, 0.0 ], [ 110.5965710535216, 37.200316577932597, 0.0 ], [ 110.542810200235394, 37.155070617411113, 0.0 ], [ 110.524425073715406, 37.113075095303557, 0.0 ], [ 110.494441283863694, 37.095426884850028, 0.0 ], [ 110.464503152484596, 37.057367511549643, 0.0 ], [ 110.423470977041703, 37.056275257198337, 0.0 ], [ 110.416373659309002, 37.044813985857168, 0.0 ], [ 110.443812905319604, 37.030813818052223, 0.0 ], [ 110.447836838247198, 37.01486411386994, 0.0 ], [ 110.431651537142102, 37.007771568616391, 0.0 ], [ 110.407079162772106, 37.013645017559277, 0.0 ], [ 110.385313844974405, 37.024310761533727, 0.0 ], [ 110.381345855329201, 37.005829362091127, 0.0 ], [ 110.408212388950503, 36.987527256527841, 0.0 ], [ 110.416164961297397, 36.964875336983312, 0.0 ], [ 110.409228555939094, 36.924899968256483, 0.0 ], [ 110.409091938476905, 36.898247267926138, 0.0 ], [ 110.387263276789, 36.895669289374467, 0.0 ], [ 110.376127379137301, 36.883238348609552, 0.0 ], [ 110.385809377772404, 36.875203095030528, 0.0 ], [ 110.418156932291296, 36.87362618759424, 0.0 ], [ 110.427585142807899, 36.85824905505789, 0.0 ], [ 110.413512182505599, 36.842869372306353, 0.0 ], [ 110.406911194690807, 36.829730948318812, 0.0 ], [ 110.427571619950299, 36.818814674528831, 0.0 ], [ 110.421318286075007, 36.799246225954782, 0.0 ], [ 110.404903776360001, 36.780043334650813, 0.0 ], [ 110.381864959190906, 36.775695119560339, 0.0 ], [ 110.387784250975997, 36.759945650906779, 0.0 ], [ 110.418189710072895, 36.756732294924518, 0.0 ], [ 110.415662908247299, 36.744422579427592, 0.0 ], [ 110.413286907124203, 36.729964203902377, 0.0 ], [ 110.460436605495602, 36.728731161842198, 0.0 ], [ 110.453241561925495, 36.71881504507958, 0.0 ], [ 110.4420171356157, 36.715859445911811, 0.0 ], [ 110.446396794870097, 36.69886262587741, 0.0 ], [ 110.436566940724006, 36.679150081336132, 0.0 ], [ 110.413998246985798, 36.687561302782058, 0.0 ], [ 110.395056043214097, 36.695057844843213, 0.0 ], [ 110.387461658171006, 36.681509268554159, 0.0 ], [ 110.390835063487799, 36.668753064947623, 0.0 ], [ 110.432716104368794, 36.648449357631193, 0.0 ], [ 110.441066182422105, 36.635615193678973, 0.0 ], [ 110.454624724906793, 36.605846209586701, 0.0 ], [ 110.491470058979004, 36.584132917334202, 0.0 ], [ 110.493098883644393, 36.56622044218205, 0.0 ], [ 110.484975556609101, 36.549736519478117, 0.0 ], [ 110.497211272172095, 36.525303902552963, 0.0 ], [ 110.503866075186494, 36.501160803064089, 0.0 ], [ 110.502441578875505, 36.490890903980173, 0.0 ], [ 110.485282786021898, 36.467040873214287, 0.0 ], [ 110.481428929233005, 36.434270548255967, 0.0 ], [ 110.493846550274299, 36.414750653145511, 0.0 ], [ 110.497291942044001, 36.399879777786857, 0.0 ], [ 110.481745936425597, 36.382660148559367, 0.0 ], [ 110.469010014814501, 36.375813856197382, 0.0 ], [ 110.470638648857602, 36.347529302650948, 0.0 ], [ 110.459150361585898, 36.325521849012738, 0.0 ], [ 110.469292185516906, 36.311293407025808, 0.0 ], [ 110.469820674223797, 36.28701288234867, 0.0 ], [ 110.4821820327994, 36.270779341014972, 0.0 ], [ 110.480128338222798, 36.249296566429507, 0.0 ], [ 110.467282007868604, 36.229744162404167, 0.0 ], [ 110.459584988592397, 36.212376994216889, 0.0 ], [ 110.465583185414999, 36.18743646658465, 0.0 ], [ 110.453433156126394, 36.177610241832632, 0.0 ], [ 110.449723023450503, 36.158379339421217, 0.0 ], [ 110.461055106474404, 36.129687459972118, 0.0 ], [ 110.469374816938299, 36.087460187422067, 0.0 ], [ 110.469043638047495, 36.057590102705248, 0.0 ], [ 110.480122084752793, 36.041029166589297, 0.0 ], [ 110.494222313525398, 36.026716752381432, 0.0 ], [ 110.491101878126997, 36.001842034973407, 0.0 ], [ 110.498498859833404, 35.984951061318142, 0.0 ], [ 110.516141493391302, 35.973933536910351, 0.0 ], [ 110.517315723473402, 35.961545284944677, 0.0 ], [ 110.507056671717507, 35.942362091386478, 0.0 ], [ 110.510133453745794, 35.929926964687233, 0.0 ], [ 110.516585921741495, 35.920945614166349, 0.0 ], [ 110.515473531232402, 35.902553650187812, 0.0 ], [ 110.526273073358297, 35.880700978984002, 0.0 ], [ 110.547500481758306, 35.875235000393062, 0.0 ], [ 110.557629573538804, 35.862020776879852, 0.0 ], [ 110.5575717687842, 35.83907614984944, 0.0 ], [ 110.565777647917102, 35.819211307034188, 0.0 ], [ 110.571573735420799, 35.801492249664243, 0.0 ], [ 110.567094276263404, 35.780780930604067, 0.0 ], [ 110.578779035548195, 35.77188180807228, 0.0 ], [ 110.586647188655306, 35.757793585504622, 0.0 ], [ 110.576353772904696, 35.711327804100918, 0.0 ], [ 110.605505871819801, 35.660560219753059, 0.0 ], [ 110.617132803377103, 35.609250910575042, 0.0 ], [ 110.601345445809102, 35.549586395046767, 0.0 ], [ 110.583443113938699, 35.496366461996963, 0.0 ], [ 110.524927869439907, 35.414944729001412, 0.0 ], [ 110.458101861923893, 35.342835776687657, 0.0 ], [ 110.392978454674406, 35.258461727378993, 0.0 ], [ 110.391899176329403, 35.224521461587891, 0.0 ], [ 110.369052786944494, 35.190951043912783, 0.0 ], [ 110.349946271717997, 35.111458762997351, 0.0 ], [ 110.324674969839805, 35.045893547655503, 0.0 ], [ 110.262362211646803, 34.987863925646558, 0.0 ], [ 110.286514883022306, 34.933153213362523, 0.0 ], [ 110.305446387482704, 34.895848418377597, 0.0 ], [ 110.296655195230798, 34.836391261770871, 0.0 ], [ 110.284092848741594, 34.764225532438608, 0.0 ], [ 110.252612203270104, 34.7293993485385, 0.0 ], [ 110.181405213564801, 34.696727891239057, 0.0 ], [ 110.191499819247895, 34.652794565297448, 0.0 ], [ 110.2117336641561, 34.632197947091029, 0.0 ], [ 110.278662655214205, 34.611787798344139, 0.0 ], [ 110.301726403669903, 34.612103448628943, 0.0 ], [ 110.360172503450002, 34.615634230293551, 0.0 ], [ 110.413490821249795, 34.595399742652901, 0.0 ], [ 110.482211132383199, 34.604694555362897, 0.0 ], [ 110.578294155025702, 34.5936780020754, 0.0 ], [ 110.680688709130806, 34.597518749158269, 0.0 ], [ 110.728434568189499, 34.631460042245124, 0.0 ], [ 110.758142537200996, 34.651167601693189, 0.0 ], [ 110.842959688664806, 34.659281357896731, 0.0 ], [ 110.901425955558693, 34.668234689870339, 0.0 ], [ 110.920961757192401, 34.720720029567303, 0.0 ], [ 110.942748642470704, 34.731526191855068, 0.0 ], [ 110.967407799792994, 34.70654630073026, 0.0 ], [ 111.008046667667102, 34.735143700412777, 0.0 ], [ 111.107194392879805, 34.781599387267534, 0.0 ], [ 111.152807846491797, 34.808279104088072, 0.0 ], [ 111.233321966663695, 34.799429685816229, 0.0 ], [ 111.319194892237405, 34.827880723026482, 0.0 ], [ 111.366803213517699, 34.815637436559292, 0.0 ], [ 111.410732778213799, 34.832360410321783, 0.0 ], [ 111.485443469475001, 34.835741787273008, 0.0 ], [ 111.526477121701106, 34.856901641025672, 0.0 ], [ 111.558361387209601, 34.853854465700977, 0.0 ], [ 111.587960019954394, 34.878543198459333, 0.0 ], [ 111.646252667570806, 34.93971416643614, 0.0 ], [ 111.675108302432307, 34.968484778665413, 0.0 ], [ 111.680410383401593, 35.000817848399869, 0.0 ], [ 111.707697451778699, 35.014805152965941, 0.0 ], [ 111.749920285135005, 35.010904856914173, 0.0 ], [ 111.781048184229405, 35.030242621501969, 0.0 ], [ 111.804472310216994, 35.036426352829487, 0.0 ], [ 111.809350101285403, 35.065763148428672, 0.0 ], [ 111.852807040102505, 35.078257551426063, 0.0 ], [ 111.904738955299905, 35.103225366253007, 0.0 ], [ 111.936013035769804, 35.163274634227371, 0.0 ], [ 112.031306645078303, 35.246173284031642, 0.0 ], [ 112.187721691440004, 35.236094988166222, 0.0 ], [ 112.287024500153905, 35.211501500837919, 0.0 ], [ 112.3172098016408, 35.219337035537222, 0.0 ], [ 112.362994092694294, 35.213717176627377, 0.0 ], [ 112.399419269386101, 35.236534479976001, 0.0 ], [ 112.483432407383503, 35.215882909696937, 0.0 ], [ 112.551507522648606, 35.220261334875659, 0.0 ], [ 112.601311921379903, 35.252971897185141, 0.0 ], [ 112.634289143836298, 35.294100594034042, 0.0 ], [ 112.664525184834602, 35.302448690787543, 0.0 ], [ 112.698793391859297, 35.284135117944203, 0.0 ], [ 112.718336055639, 35.256445029289686, 0.0 ], [ 112.727098589387097, 35.232291495852557, 0.0 ], [ 112.773698445004797, 35.245255305746383, 0.0 ], [ 112.831188065995704, 35.246625919060747, 0.0 ], [ 112.883779343473293, 35.258351671245293, 0.0 ], [ 112.953869571366397, 35.292939328543298, 0.0 ], [ 112.986046437222498, 35.3271587932391, 0.0 ], [ 113.008989577853001, 35.360265285229787, 0.0 ], [ 113.104902729703497, 35.347314452922568, 0.0 ], [ 113.164464793299302, 35.353926317513519, 0.0 ], [ 113.2102091799687, 35.403233374356141, 0.0 ], [ 113.243172053208198, 35.422827007567427, 0.0 ], [ 113.291708352673098, 35.43471501955905, 0.0 ], [ 113.307298339201296, 35.476004709872939, 0.0 ], [ 113.361309361253504, 35.465281155962501, 0.0 ], [ 113.388949408432794, 35.492092221079872, 0.0 ], [ 113.456233123855597, 35.483967024262547, 0.0 ], [ 113.494886379623907, 35.530116195255857, 0.0 ], [ 113.509798955311098, 35.565816684574393, 0.0 ], [ 113.579210140052396, 35.61837506895656, 0.0 ], [ 113.626851467399604, 35.647387199178922, 0.0 ], [ 113.617223742238593, 35.672748865272602, 0.0 ], [ 113.604703672363001, 35.709110015975597, 0.0 ], [ 113.604174631707494, 35.798278896304339, 0.0 ], [ 113.594255797360702, 35.820693630804868, 0.0 ], [ 113.652516823433203, 35.846987533733291, 0.0 ], [ 113.625326005584299, 35.889070110189081, 0.0 ], [ 113.649147587522506, 35.967769445014611, 0.0 ], [ 113.686525808459194, 36.015714601698527, 0.0 ], [ 113.682175663498398, 36.068010168182532, 0.0 ], [ 113.723849210097697, 36.109716132333233, 0.0 ], [ 113.688666301954001, 36.149026231002217, 0.0 ], [ 113.6635942436384, 36.163960636031931, 0.0 ], [ 113.681778362294594, 36.186783355118841, 0.0 ], [ 113.693328533921601, 36.201573156803533, 0.0 ], [ 113.677251004771094, 36.215978594678731, 0.0 ], [ 113.695716175548895, 36.262171205704377, 0.0 ], [ 113.731758391527507, 36.317591348860383, 0.0 ], [ 113.7246323417844, 36.382530406320249, 0.0 ], [ 113.697435827948397, 36.414321317152599, 0.0 ], [ 113.614752814608707, 36.455932489523541, 0.0 ], [ 113.564392586802796, 36.478876027388893, 0.0 ], [ 113.542497513301001, 36.520028417991398, 0.0 ], [ 113.571392122762802, 36.5445313052603, 0.0 ], [ 113.588156968759904, 36.560160417022402, 0.0 ], [ 113.555771427752802, 36.578363810058264, 0.0 ], [ 113.543715484703, 36.604944659166897, 0.0 ], [ 113.528295400150697, 36.619887631735367, 0.0 ], [ 113.481741256111206, 36.630649209653001, 0.0 ], [ 113.477092938044905, 36.661807280630377, 0.0 ], [ 113.507976627984803, 36.684348307957997, 0.0 ], [ 113.513184273167994, 36.695953768724031, 0.0 ], [ 113.473051718614698, 36.708288283655087, 0.0 ], [ 113.457750939362995, 36.719856217281922, 0.0 ], [ 113.494636308335302, 36.731723341332653, 0.0 ], [ 113.548216579943301, 36.722761803177157, 0.0 ], [ 113.564252538502799, 36.763106511281869, 0.0 ], [ 113.593694719838695, 36.75608477098703, 0.0 ], [ 113.608658175293499, 36.722211426007988, 0.0 ], [ 113.616858868999103, 36.675843919141521, 0.0 ], [ 113.656836867265099, 36.675102089018957, 0.0 ], [ 113.739281257857499, 36.700586685083678, 0.0 ], [ 113.804110764471901, 36.7458707381534, 0.0 ], [ 113.806539310616799, 36.786118913421078, 0.0 ], [ 113.790874412260706, 36.835004549166783, 0.0 ], [ 113.796367104159003, 36.917552314636801, 0.0 ], [ 113.779411233265904, 36.974941698369072, 0.0 ], [ 113.777564331193801, 36.987306063451648, 0.0 ], [ 113.775100239947093, 36.997677641239058, 0.0 ], [ 113.777638813252594, 37.003107337137187, 0.0 ], [ 113.791566257031803, 37.027194642412447, 0.0 ], [ 113.794078354769994, 37.063197753418578, 0.0 ], [ 113.763603854837399, 37.101405125624851, 0.0 ], [ 113.7662429333771, 37.131077808518377, 0.0 ], [ 113.832733878240802, 37.190068149896341, 0.0 ], [ 113.905333808567804, 37.307254110267777, 0.0 ], [ 113.963624776347103, 37.372657332991857, 0.0 ], [ 114.055757088641101, 37.5185893895436, 0.0 ], [ 114.100535090943197, 37.600431850777099, 0.0 ], [ 114.125545695629498, 37.66964955525448, 0.0 ], [ 114.116606, 37.753344, 0.0 ], [ 114.094629, 37.909534, 0.0 ], [ 113.984745, 38.065392, 0.0 ], [ 113.87486, 38.160476, 0.0 ], [ 113.742998, 38.307181, 0.0 ], [ 113.644102, 38.462192, 0.0 ], [ 113.688056, 38.642618, 0.0 ], [ 113.764975, 38.848264, 0.0 ], [ 114.061664, 39.019184, 0.0 ], [ 114.314399, 39.061849, 0.0 ], [ 114.545182, 39.147103, 0.0 ], [ 114.71001, 39.113014, 0.0 ], [ 114.885825, 39.147103, 0.0 ], [ 114.951756, 39.368279, 0.0 ], [ 115.017687, 39.529467, 0.0 ], [ 115.105595, 39.698734, 0.0 ], [ 115.204491, 39.985538, 0.0 ], [ 115.248445, 40.195659, 0.0 ], [ 115.259384, 40.354917, 0.0 ], [ 115.204442, 40.488737, 0.0 ], [ 115.094557, 40.505446, 0.0 ], [ 114.940718, 40.472024, 0.0 ], [ 114.830833, 40.388397, 0.0 ], [ 114.742926, 40.279526, 0.0 ], [ 114.633041, 40.178873, 0.0 ], [ 114.523156, 40.044438, 0.0 ], [ 114.369317, 39.985538, 0.0 ], [ 114.237456, 40.019201, 0.0 ], [ 114.193502, 40.136891, 0.0 ], [ 114.369317, 40.380028, 0.0 ], [ 114.325364, 40.505446, 0.0 ], [ 114.325364, 40.688969, 0.0 ], [ 114.20449, 40.622292, 0.0 ], [ 114.143575780057901, 40.751051275391298, 0.0 ], [ 114.105594, 40.813809, 0.0 ], [ 114.050652, 40.979898, 0.0 ], [ 114.050652, 41.162114, 0.0 ], [ 114.083617, 41.327326, 0.0 ], [ 114.160536, 41.483891, 0.0 ], [ 114.259433, 41.697526, 0.0 ], [ 114.336352, 41.828642, 0.0 ], [ 114.413271, 41.861379, 0.0 ], [ 114.479202, 41.975827, 0.0 ], [ 114.633041, 42.138968, 0.0 ], [ 114.37998, 42.081917, 0.0 ], [ 113.820254, 41.910453, 0.0 ], [ 113.336761, 41.71393, 0.0 ], [ 112.952165, 41.656497, 0.0 ], [ 112.391753, 41.71393, 0.0 ], [ 112.128029, 41.450961, 0.0 ], [ 111.798375, 41.211722, 0.0 ], [ 111.424767, 41.203456, 0.0 ], [ 111.204997, 41.013066, 0.0 ], [ 110.721505, 41.029643, 0.0 ], [ 110.336908, 41.120746, 0.0 ], [ 110.029231, 41.352072, 0.0 ], [ 109.688588, 41.516804, 0.0 ], [ 109.380911, 41.681118, 0.0 ], [ 109.073233, 41.746726, 0.0 ], [ 108.721602, 41.763117, 0.0 ], [ 108.315029, 41.754922, 0.0 ], [ 107.930432, 41.73033, 0.0 ], [ 107.29465, 41.533254, 0.0 ], [ 106.8661, 41.426253, 0.0 ], [ 106.623823, 41.203456, 0.0 ], [ 106.78865, 41.228249, 0.0 ], [ 106.843593, 41.104191, 0.0 ], [ 106.975454, 41.037931, 0.0 ], [ 107.074351, 41.120746, 0.0 ], [ 107.15127, 41.203456, 0.0 ], [ 107.327085, 41.253032, 0.0 ], [ 107.524878, 41.319076, 0.0 ], [ 107.678717, 41.352072, 0.0 ], [ 107.854532, 41.360319, 0.0 ], [ 108.052325, 41.352072, 0.0 ], [ 108.184186, 41.352072, 0.0 ], [ 108.30506, 41.286062, 0.0 ], [ 108.469887, 41.236511, 0.0 ], [ 108.799541, 41.062786, 0.0 ], [ 108.689656, 40.963308, 0.0 ], [ 108.667679, 40.747257, 0.0 ], [ 108.711633, 40.580585, 0.0 ], [ 108.799541, 40.505446, 0.0 ], [ 108.986345, 40.488737, 0.0 ], [ 109.162161, 40.488737, 0.0 ], [ 109.272045, 40.480381, 0.0 ], [ 109.403907, 40.530502, 0.0 ], [ 109.513792, 40.605612, 0.0 ], [ 109.66763, 40.538852, 0.0 ], [ 109.843446, 40.555548, 0.0 ], [ 110.008273, 40.588928, 0.0 ], [ 110.085192, 40.472024, 0.0 ], [ 110.195077, 40.33817, 0.0 ], [ 110.293973, 40.22083, 0.0 ], [ 110.403858, 40.078071, 0.0 ], [ 110.491766, 39.943436, 0.0 ], [ 110.623628, 39.816975, 0.0 ], [ 110.711535, 39.707187, 0.0 ], [ 110.843397, 39.546412, 0.0 ], [ 111.019213, 39.487085, 0.0 ], [ 111.129098, 39.495563, 0.0 ], [ 111.174098062602297, 39.420048613719104, 0.0 ], [ 111.104212694829599, 39.376781120378297, 0.0 ], [ 111.0919982513023, 39.378582248096599, 0.0 ], [ 111.070763957022507, 39.378104019754318, 0.0 ] ] ] } },
{ "type": "Feature", "properties": { "省份": null, "id": "202608110004", "name": "鞑靼瓦剌", "layer": null, "path": "C:/Users/geste/Desktop/ming1433_fullv1.0.geojson" }, "geometry": { "type": "Polygon", "coordinates": [ [ [ 79.498053, 46.995241, 0.0 ], [ 79.542007, 47.189712, 0.0 ], [ 79.66288, 47.346267, 0.0 ], [ 79.52003, 47.517201, 0.0 ], [ 79.618926, 47.717154, 0.0 ], [ 79.981546, 47.864774, 0.0 ], [ 80.366143, 47.975214, 0.0 ], [ 80.750739, 48.100095, 0.0 ], [ 80.970509, 48.239309, 0.0 ], [ 81.190278, 48.334343, 0.0 ], [ 81.201267, 48.57479, 0.0 ], [ 81.454002, 48.727209, 0.0 ], [ 81.574875, 48.91528, 0.0 ], [ 81.673771, 49.05947, 0.0 ], [ 81.68476, 49.310799, 0.0 ], [ 81.541909, 49.460984, 0.0 ], [ 81.311151, 49.546598, 0.0 ], [ 80.992486, 49.660517, 0.0 ], [ 80.695797, 49.908787, 0.0 ], [ 80.827659, 50.268277, 0.0 ], [ 80.322189, 50.35948, 0.0 ], [ 79.948581, 50.492463, 0.0 ], [ 79.685482, 50.520412, 0.0 ], [ 79.432747, 50.632042, 0.0 ], [ 79.147047, 50.680797, 0.0 ], [ 78.894312, 50.597186, 0.0 ], [ 78.597623, 50.792047, 0.0 ], [ 78.245992, 50.916887, 0.0 ], [ 78.092153, 51.124213, 0.0 ], [ 77.982268, 51.344339, 0.0 ], [ 77.75151, 51.433464, 0.0 ], [ 77.487787, 51.563412, 0.0 ], [ 77.454821, 51.822198, 0.0 ], [ 77.125167, 51.937492, 0.0 ], [ 76.949352, 52.126744, 0.0 ], [ 76.883421, 52.429222, 0.0 ], [ 76.685628, 52.629729, 0.0 ], [ 76.597995, 52.749594, 0.0 ], [ 76.356249, 52.862497, 0.0 ], [ 76.136479, 53.034607, 0.0 ], [ 75.861767, 53.047818, 0.0 ], [ 75.641998, 53.284922, 0.0 ], [ 75.378275, 53.494582, 0.0 ], [ 75.136528, 53.559889, 0.0 ], [ 74.971701, 53.871963, 0.0 ], [ 74.740943, 54.09806, 0.0 ], [ 73.719015, 54.470038, 0.0 ], [ 73.455895, 54.572062, 0.0 ], [ 73.20316, 54.711929, 0.0 ], [ 73.148217, 54.895565, 0.0 ], [ 73.543802, 54.996524, 0.0 ], [ 73.983341, 55.078367, 0.0 ], [ 74.620673, 55.059495, 0.0 ], [ 75.082189, 55.09723, 0.0 ], [ 75.312947, 55.185141, 0.0 ], [ 75.477774, 55.410307, 0.0 ], [ 76.08214, 55.441479, 0.0 ], [ 76.653541, 55.485079, 0.0 ], [ 77.071103, 55.447711, 0.0 ], [ 77.488665, 55.347889, 0.0 ], [ 77.972158, 55.322894, 0.0 ], [ 78.45565, 55.397831, 0.0 ], [ 79.235832, 55.596971, 0.0 ], [ 79.774267, 55.745666, 0.0 ], [ 80.213806, 55.813629, 0.0 ], [ 80.796195, 55.899956, 0.0 ], [ 81.278778, 55.9492, 0.0 ], [ 81.542502, 56.157788, 0.0 ], [ 81.938087, 56.292157, 0.0 ], [ 82.619372, 56.377419, 0.0 ], [ 83.278681, 56.474628, 0.0 ], [ 83.71822, 56.571589, 0.0 ], [ 84.267643, 56.607885, 0.0 ], [ 84.839044, 56.632064, 0.0 ], [ 85.630214, 56.752723, 0.0 ], [ 86.179638, 56.824933, 0.0 ], [ 86.751038, 56.920997, 0.0 ], [ 87.38837, 57.04073, 0.0 ], [ 88.003724, 57.255281, 0.0 ], [ 88.39931, 57.444949, 0.0 ], [ 89.102572, 57.668911, 0.0 ], [ 89.739903, 57.786233, 0.0 ], [ 90.597004, 57.914848, 0.0 ], [ 91.212359, 57.914848, 0.0 ], [ 91.915621, 58.054632, 0.0 ], [ 92.794699, 58.12432, 0.0 ], [ 93.497962, 58.217025, 0.0 ], [ 94.596809, 58.193871, 0.0 ], [ 95.212164, 58.32103, 0.0 ], [ 95.431933, 58.493694, 0.0 ], [ 96.354965, 58.585436, 0.0 ], [ 97.717536, 58.378679, 0.0 ], [ 98.55266, 58.401712, 0.0 ], [ 99.431738, 58.286395, 0.0 ], [ 100.398723, 58.240164, 0.0 ], [ 101.387686, 58.182289, 0.0 ], [ 102.373211, 58.054632, 0.0 ], [ 103.274266, 57.973157, 0.0 ], [ 104.285205, 57.821355, 0.0 ], [ 105.318122, 57.704147, 0.0 ], [ 107.252093, 57.219608, 0.0 ], [ 107.933379, 57.00485, 0.0 ], [ 108.988272, 56.752723, 0.0 ], [ 109.889327, 56.619977, 0.0 ], [ 110.702474, 56.498892, 0.0 ], [ 111.38376, 56.52314, 0.0 ], [ 112.240861, 56.788845, 0.0 ], [ 113.054008, 56.956957, 0.0 ], [ 113.735293, 57.00485, 0.0 ], [ 114.438555, 56.885002, 0.0 ], [ 115.361587, 56.571589, 0.0 ], [ 116.196711, 56.316537, 0.0 ], [ 117.757075, 55.961501, 0.0 ], [ 118.751637506850415, 55.604668446903112, 0.0 ], [ 118.676939, 55.565922, 0.0 ], [ 118.105538, 55.153766, 0.0 ], [ 117.709953, 54.813348, 0.0 ], [ 117.006691, 54.444492, 0.0 ], [ 116.501221, 54.007769, 0.0 ], [ 115.92982, 53.683695, 0.0 ], [ 115.534235, 53.357109, 0.0 ], [ 114.940858, 53.080827, 0.0 ], [ 114.523296, 52.829321, 0.0 ], [ 114.083757, 52.536273, 0.0 ], [ 113.578287, 52.268157, 0.0 ], [ 113.116771, 52.133488, 0.0 ], [ 112.875025, 51.890054, 0.0 ], [ 112.633278, 51.631657, 0.0 ], [ 112.061877, 51.522416, 0.0 ], [ 111.644315, 51.261915, 0.0 ], [ 111.710246, 50.903033, 0.0 ], [ 111.732223, 50.694718, 0.0 ], [ 111.7542, 50.415519, 0.0 ], [ 111.523067, 50.226124, 0.0 ], [ 111.303297, 49.965356, 0.0 ], [ 111.435159, 49.75288, 0.0 ], [ 111.621963, 49.560852, 0.0 ], [ 111.808767, 49.396675, 0.0 ], [ 111.797778, 49.21042, 0.0 ], [ 111.64394, 48.91528, 0.0 ], [ 111.676905, 48.748945, 0.0 ], [ 111.92964, 48.69096, 0.0 ], [ 112.21534, 48.922499, 0.0 ], [ 112.490052, 49.095452, 0.0 ], [ 112.841684, 49.095452, 0.0 ], [ 112.963465, 49.167339, 0.0 ], [ 113.358142, 49.382373, 0.0 ], [ 113.665819, 49.410973, 0.0 ], [ 113.962508, 49.403825, 0.0 ], [ 114.226231, 49.532339, 0.0 ], [ 114.676759, 49.539469, 0.0 ], [ 115.02839, 49.674738, 0.0 ], [ 115.401998, 49.710273, 0.0 ], [ 115.67671, 49.688955, 0.0 ], [ 115.566825, 49.396675, 0.0 ], [ 115.500894, 49.066668, 0.0 ], [ 115.39101, 48.712713, 0.0 ], [ 115.302675, 48.487486, 0.0 ], [ 115.236744, 48.253941, 0.0 ], [ 115.258721, 48.04871, 0.0 ], [ 115.412559, 47.850031, 0.0 ], [ 115.654306, 47.635784, 0.0 ], [ 115.940006, 47.487513, 0.0 ], [ 116.258672, 47.45038, 0.0 ], [ 116.665245, 47.44295, 0.0 ], [ 117.005888, 47.472663, 0.0 ], [ 117.434439, 47.472663, 0.0 ], [ 117.884966, 47.398349, 0.0 ], [ 118.390436, 47.376035, 0.0 ], [ 118.884917, 47.249407, 0.0 ], [ 119.269514, 47.070122, 0.0 ], [ 119.445329, 46.875213, 0.0 ], [ 119.412364, 46.649436, 0.0 ], [ 119.665099, 46.528635, 0.0 ], [ 119.950181, 46.490829, 0.0 ], [ 119.950181, 46.263443, 0.0 ], [ 119.88425, 45.996962, 0.0 ], [ 119.796343, 45.729191, 0.0 ], [ 119.620527, 45.598666, 0.0 ], [ 119.400757, 45.483244, 0.0 ], [ 119.23593, 45.328979, 0.0 ], [ 119.115057, 45.096791, 0.0 ], [ 118.994184, 44.84808, 0.0 ], [ 118.851334, 44.676466, 0.0 ], [ 118.719472, 44.527843, 0.0 ], [ 118.433772, 44.260937, 0.0 ], [ 118.15906, 44.048116, 0.0 ], [ 118.170048, 43.747289, 0.0 ], [ 118.444698, 43.55651, 0.0 ], [ 118.730398, 43.47684, 0.0 ], [ 119.00511, 43.413029, 0.0 ], [ 119.203383, 43.261206, 0.0 ], [ 119.116012, 43.181147, 0.0 ], [ 118.500658, 43.277205, 0.0 ], [ 117.918268, 43.428988, 0.0 ], [ 117.643557, 43.548548, 0.0 ], [ 117.555649, 43.628123, 0.0 ], [ 117.654545, 43.771094, 0.0 ], [ 117.445764, 43.786958, 0.0 ], [ 117.138087, 43.659924, 0.0 ], [ 116.720525, 43.620171, 0.0 ], [ 116.193078, 43.612217, 0.0 ], [ 115.775516, 43.683764, 0.0 ], [ 115.204115, 43.755225, 0.0 ], [ 114.88545, 43.771094, 0.0 ], [ 114.511841, 43.628123, 0.0 ], [ 114.401957, 43.405047, 0.0 ], [ 114.489865, 43.165123, 0.0 ], [ 114.874461, 42.875964, 0.0 ], [ 115.138184, 42.472097, 0.0 ], [ 114.896438, 42.204107, 0.0 ], [ 114.633041, 42.138968, 0.0 ], [ 114.37998, 42.081917, 0.0 ], [ 113.820254, 41.910453, 0.0 ], [ 113.336761, 41.71393, 0.0 ], [ 112.952165, 41.656497, 0.0 ], [ 112.391753, 41.71393, 0.0 ], [ 112.128029, 41.450961, 0.0 ], [ 111.798375, 41.211722, 0.0 ], [ 111.424767, 41.203456, 0.0 ], [ 111.204997, 41.013066, 0.0 ], [ 110.721505, 41.029643, 0.0 ], [ 110.336908, 41.120746, 0.0 ], [ 110.029231, 41.352072, 0.0 ], [ 109.688588, 41.516804, 0.0 ], [ 109.380911, 41.681118, 0.0 ], [ 109.073233, 41.746726, 0.0 ], [ 108.721602, 41.763117, 0.0 ], [ 108.315029, 41.754922, 0.0 ], [ 107.930432, 41.73033, 0.0 ], [ 107.29465, 41.533254, 0.0 ], [ 106.8661, 41.426253, 0.0 ], [ 106.623823, 41.203456, 0.0 ], [ 106.458996, 41.079351, 0.0 ], [ 106.382077, 40.855371, 0.0 ], [ 106.272192, 40.605612, 0.0 ], [ 106.250215, 40.329796, 0.0 ], [ 106.118883, 40.002372, 0.0 ], [ 106.096906, 39.588757, 0.0 ], [ 106.024433069900709, 39.430472531565535, 0.0 ], [ 105.877137, 39.181175, 0.0 ], [ 105.877137, 38.736946, 0.0 ], [ 105.756727, 38.255436, 0.0 ], [ 105.646843, 37.978845, 0.0 ], [ 105.580609, 37.866181, 0.0 ], [ 104.976243, 37.666429, 0.0 ], [ 104.635903, 37.596824, 0.0 ], [ 104.426819, 37.579413, 0.0 ], [ 104.009257, 37.770715, 0.0 ], [ 103.833442, 38.134557, 0.0 ], [ 103.822453, 38.496594, 0.0 ], [ 103.866407, 38.788345, 0.0 ], [ 103.98728, 39.061849, 0.0 ], [ 103.942593279844871, 39.142311716050457, 0.0 ], [ 103.811465, 39.249271, 0.0 ], [ 103.630012056235316, 39.244877430047339, 0.0 ], [ 103.218087, 39.181175, 0.0 ], [ 102.946240629589425, 39.149637838478796, 0.0 ], [ 102.514825, 39.061849, 0.0 ], [ 102.273078, 38.796908, 0.0 ], [ 101.888482, 38.719805, 0.0 ], [ 101.590907980344852, 38.84682477810702, 0.0 ], [ 101.273442675116399, 39.044630083672445, 0.0 ], [ 100.778948, 39.232253, 0.0 ], [ 100.611649615755525, 39.353548246067831, 0.0 ], [ 100.427015, 39.427707, 0.0 ], [ 99.789683, 39.926588, 0.0 ], [ 99.844626, 40.212441, 0.0 ], [ 100.03143, 40.413496, 0.0 ], [ 99.943522, 40.613952, 0.0 ], [ 99.538637, 40.5472, 0.0 ], [ 99.176018, 40.538852, 0.0 ], [ 98.406824, 40.63063, 0.0 ], [ 98.07717, 40.822124, 0.0 ], [ 97.813447, 41.236511, 0.0 ], [ 97.64862, 41.516804, 0.0 ], [ 97.198092, 41.541478, 0.0 ], [ 96.835473, 41.516804, 0.0 ], [ 96.49483, 41.664705, 0.0 ], [ 96.384945, 42.008489, 0.0 ], [ 96.143199, 42.220382, 0.0 ], [ 95.901452, 42.431566, 0.0 ], [ 95.747614, 42.819581, 0.0 ], [ 95.571798, 43.020714, 0.0 ], [ 95.275109, 43.157109, 0.0 ], [ 94.890513, 43.189158, 0.0 ], [ 94.571847, 43.261206, 0.0 ], [ 94.3301, 43.357138, 0.0 ], [ 94.000446, 43.428988, 0.0 ], [ 93.747711, 43.436966, 0.0 ], [ 93.39608, 43.484812, 0.0 ], [ 93.066426, 43.55651, 0.0 ], [ 92.681829, 43.644026, 0.0 ], [ 92.253279, 43.628123, 0.0 ], [ 91.725832, 43.699651, 0.0 ], [ 91.506063, 44.00862, 0.0 ], [ 91.539028, 44.590467, 0.0 ], [ 91.692867, 44.840291, 0.0 ], [ 91.825368, 45.127805, 0.0 ], [ 91.396817, 45.158801, 0.0 ], [ 90.979255, 45.205263, 0.0 ], [ 90.671578, 45.328979, 0.0 ], [ 90.506751, 45.544831, 0.0 ], [ 90.451809, 45.912944, 0.0 ], [ 90.177097, 46.065608, 0.0 ], [ 89.836454, 46.293816, 0.0 ], [ 89.561742, 46.362093, 0.0 ], [ 89.265053, 46.475699, 0.0 ], [ 89.056272, 46.407564, 0.0 ], [ 88.704641, 46.407564, 0.0 ], [ 88.243125, 46.551305, 0.0 ], [ 87.935448, 46.626806, 0.0 ], [ 87.693702, 46.792538, 0.0 ], [ 87.649748, 46.980252, 0.0 ], [ 87.429978, 47.062638, 0.0 ], [ 87.188232, 47.122476, 0.0 ], [ 87.221197, 47.294134, 0.0 ], [ 87.495909, 47.368594, 0.0 ], [ 87.484921, 47.546872, 0.0 ], [ 87.133289, 47.517201, 0.0 ], [ 86.749695, 47.583937, 0.0 ], [ 86.442018, 47.813155, 0.0 ], [ 86.123352, 47.975214, 0.0 ], [ 85.782709, 48.026672, 0.0 ], [ 85.497009, 48.107431, 0.0 ], [ 85.05747, 48.122101, 0.0 ], [ 84.749793, 48.04871, 0.0 ], [ 84.387173, 47.931066, 0.0 ], [ 84.244323, 47.702368, 0.0 ], [ 84.40915, 47.361153, 0.0 ], [ 84.62892, 47.219568, 0.0 ], [ 84.617931, 46.980252, 0.0 ], [ 84.244323, 46.882723, 0.0 ], [ 83.508095, 46.513516, 0.0 ], [ 82.936694, 46.483265, 0.0 ], [ 82.365294, 46.468133, 0.0 ], [ 81.81587, 46.331758, 0.0 ], [ 81.354354, 46.475699, 0.0 ], [ 80.870861, 46.611715, 0.0 ], [ 80.299461, 46.754917, 0.0 ], [ 79.80563, 46.860191, 0.0 ], [ 79.498053, 46.995241, 0.0 ] ] ] } },
{ "type": "Feature", "properties": { "省份": null, "id": "2026081100050001", "name": "奴儿干都司", "layer": null, "path": "C:/Users/geste/Desktop/ming1433_fullv1.0.geojson" }, "geometry": { "type": "Polygon", "coordinates": [ [ [ 119.203383, 43.261206, 0.0 ], [ 119.544026, 43.2932, 0.0 ], [ 119.796761, 43.309191, 0.0 ], [ 120.049496, 43.34915, 0.0 ], [ 120.269265, 43.421009, 0.0 ], [ 120.543977, 43.389082, 0.0 ], [ 120.796712, 43.444943, 0.0 ], [ 121.038459, 43.524655, 0.0 ], [ 121.24724, 43.564472, 0.0 ], [ 121.53294, 43.53262, 0.0 ], [ 121.829629, 43.675818, 0.0 ], [ 122.104341, 43.818675, 0.0 ], [ 122.32411, 43.92955, 0.0 ], [ 122.554868, 44.024422, 0.0 ], [ 122.862545, 44.087585, 0.0 ], [ 123.203188, 44.134913, 0.0 ], [ 123.532842, 44.190082, 0.0 ], [ 123.851508, 44.190082, 0.0 ], [ 124.082266, 44.205835, 0.0 ], [ 124.335001, 44.174325, 0.0 ], [ 124.576747, 44.095476, 0.0 ], [ 124.77454, 43.937462, 0.0 ], [ 124.807505, 43.755225, 0.0 ], [ 124.818494, 43.596306, 0.0 ], [ 124.752563, 43.2932, 0.0 ], [ 124.752563, 43.004647, 0.0 ], [ 124.642682, 42.350425, 0.0 ], [ 124.631097, 42.122673, 0.0 ], [ 124.587143, 41.8941, 0.0 ], [ 124.60912, 41.697526, 0.0 ], [ 124.68604, 41.557922, 0.0 ], [ 124.806913, 41.418015, 0.0 ], [ 124.82889, 41.219986, 0.0 ], [ 124.850867, 41.029643, 0.0 ], [ 124.894821, 40.880295, 0.0 ], [ 125.103602, 40.75558, 0.0 ], [ 125.323371, 40.605612, 0.0 ], [ 125.554129, 40.705628, 0.0 ], [ 125.664014, 40.805494, 0.0 ], [ 125.751922, 40.871988, 0.0 ], [ 125.98268, 40.913513, 0.0 ], [ 126.169484, 41.004775, 0.0 ], [ 126.334311, 41.137296, 0.0 ], [ 126.367276, 41.286062, 0.0 ], [ 126.55408, 41.360319, 0.0 ], [ 126.565069, 41.483891, 0.0 ], [ 126.631, 41.648288, 0.0 ], [ 126.850769, 41.689322, 0.0 ], [ 127.05955, 41.738528, 0.0 ], [ 127.2024, 41.541478, 0.0 ], [ 127.433158, 41.426253, 0.0 ], [ 127.70787, 41.426253, 0.0 ], [ 127.982582, 41.376809, 0.0 ], [ 128.279271, 41.393294, 0.0 ], [ 128.411132, 41.557922, 0.0 ], [ 128.290259, 41.681118, 0.0 ], [ 128.147409, 41.763117, 0.0 ], [ 128.180374, 41.934977, 0.0 ], [ 128.663867, 41.983994, 0.0 ], [ 129.026487, 42.000325, 0.0 ], [ 129.191314, 42.147114, 0.0 ], [ 129.345153, 42.309815, 0.0 ], [ 129.444049, 42.399122, 0.0 ], [ 129.861611, 42.455888, 0.0 ], [ 130.048415, 42.585444, 0.0 ], [ 130.147311, 42.747012, 0.0 ], [ 130.476966, 42.423457, 0.0 ], [ 130.761535, 42.187829, 0.0 ], [ 130.827466, 42.423457, 0.0 ], [ 130.882408, 42.577355, 0.0 ], [ 131.245028, 42.593533, 0.0 ], [ 131.486774, 42.811522, 0.0 ], [ 131.508751, 42.964463, 0.0 ], [ 131.684567, 43.117024, 0.0 ], [ 131.816428, 43.285203, 0.0 ], [ 132.025209, 43.309191, 0.0 ], [ 131.904336, 43.117024, 0.0 ], [ 131.816428, 42.940339, 0.0 ], [ 131.959279, 42.940339, 0.0 ], [ 132.058175, 43.125043, 0.0 ], [ 132.266956, 43.229195, 0.0 ], [ 132.420795, 43.317185, 0.0 ], [ 132.387829, 43.084937, 0.0 ], [ 132.343875, 42.892064, 0.0 ], [ 132.563645, 42.875964, 0.0 ], [ 132.783414, 42.851806, 0.0 ], [ 132.860334, 42.75508, 0.0 ], [ 133.047138, 42.803462, 0.0 ], [ 133.157022, 42.747012, 0.0 ], [ 133.420746, 42.722804, 0.0 ], [ 133.739411, 42.843751, 0.0 ], [ 134.035512, 42.843751, 0.0 ], [ 134.321213, 43.076913, 0.0 ], [ 134.716798, 43.197167, 0.0 ], [ 134.99151, 43.357138, 0.0 ], [ 135.233256, 43.468868, 0.0 ], [ 135.310175, 43.667872, 0.0 ], [ 135.573899, 43.76316, 0.0 ], [ 135.595876, 43.882057, 0.0 ], [ 135.672795, 43.992815, 0.0 ], [ 135.70576, 44.182204, 0.0 ], [ 135.914541, 44.347422, 0.0 ], [ 136.145299, 44.41024, 0.0 ], [ 136.310126, 44.559163, 0.0 ], [ 136.387046, 44.699898, 0.0 ], [ 136.584838, 44.793531, 0.0 ], [ 136.7167, 44.949249, 0.0 ], [ 136.880935, 45.1123, 0.0 ], [ 137.144658, 45.236218, 0.0 ], [ 137.309485, 45.444717, 0.0 ], [ 137.474312, 45.560218, 0.0 ], [ 137.738036, 45.713851, 0.0 ], [ 138.089667, 46.050361, 0.0 ], [ 138.166586, 46.233053, 0.0 ], [ 138.243506, 46.354511, 0.0 ], [ 138.364379, 46.468133, 0.0 ], [ 138.43031, 46.702202, 0.0 ], [ 138.495665, 46.890232, 0.0 ], [ 138.715435, 47.070122, 0.0 ], [ 138.946193, 47.204642, 0.0 ], [ 139.056078, 47.346267, 0.0 ], [ 139.154974, 47.517201, 0.0 ], [ 139.25387, 47.680183, 0.0 ], [ 139.39672, 47.842658, 0.0 ], [ 139.594513, 47.960502, 0.0 ], [ 139.814282, 48.092757, 0.0 ], [ 140.088629, 48.224673, 0.0 ], [ 140.198514, 48.414619, 0.0 ], [ 140.253456, 48.589326, 0.0 ], [ 140.286422, 48.719961, 0.0 ], [ 140.44026, 48.864715, 0.0 ], [ 140.407295, 48.951366, 0.0 ], [ 140.275433, 48.908059, 0.0 ], [ 140.385318, 49.124219, 0.0 ], [ 140.451249, 49.296472, 0.0 ], [ 140.561134, 49.453843, 0.0 ], [ 140.51718, 49.59647, 0.0 ], [ 140.451249, 49.809632, 0.0 ], [ 140.605088, 49.922935, 0.0 ], [ 140.780903, 50.035974, 0.0 ], [ 140.495203, 50.078295, 0.0 ], [ 140.506206, 50.205033, 0.0 ], [ 140.495218, 50.338449, 0.0 ], [ 140.418298, 50.50644, 0.0 ], [ 140.517195, 50.722547, 0.0 ], [ 140.62708, 50.847573, 0.0 ], [ 140.725976, 50.999929, 0.0 ], [ 140.725976, 51.179343, 0.0 ], [ 140.813834, 51.330612, 0.0 ], [ 140.802846, 51.460852, 0.0 ], [ 140.923719, 51.536086, 0.0 ], [ 141.011627, 51.604372, 0.0 ], [ 141.374246, 51.856139, 0.0 ], [ 141.451166, 52.025459, 0.0 ], [ 141.56105, 52.126744, 0.0 ], [ 141.440177, 52.214339, 0.0 ], [ 141.220408, 52.462704, 0.0 ], [ 141.341281, 52.57635, 0.0 ], [ 141.319304, 52.756243, 0.0 ], [ 141.121511, 52.835958, 0.0 ], [ 141.35231, 52.975108, 0.0 ], [ 141.528126, 53.14677, 0.0 ], [ 141.330333, 53.265213, 0.0 ], [ 140.978711, 53.376775, 0.0 ], [ 140.561149, 53.618579, 0.0 ], [ 140.022713, 53.943155, 0.0 ], [ 139.704048, 54.175297, 0.0 ], [ 139.308463, 54.136696, 0.0 ], [ 138.82497, 54.175297, 0.0 ], [ 138.649154, 54.072283, 0.0 ], [ 138.813981, 53.735716, 0.0 ], [ 138.528281, 53.46189, 0.0 ], [ 138.616189, 53.904338, 0.0 ], [ 138.374442, 53.735716, 0.0 ], [ 138.011823, 53.501117, 0.0 ], [ 137.253618, 53.507651, 0.0 ], [ 137.682168, 53.755207, 0.0 ], [ 137.715134, 53.923751, 0.0 ], [ 137.407457, 53.93022, 0.0 ], [ 137.396468, 54.040038, 0.0 ], [ 137.803042, 54.380557, 0.0 ], [ 137.572284, 54.322931, 0.0 ], [ 137.16571, 54.104502, 0.0 ], [ 137.099779, 53.865486, 0.0 ], [ 136.901987, 53.748711, 0.0 ], [ 136.572333, 53.579461, 0.0 ], [ 136.561344, 53.904338, 0.0 ], [ 136.836056, 54.13026, 0.0 ], [ 136.836056, 54.399748, 0.0 ], [ 136.594309, 54.622978, 0.0 ], [ 136.352563, 54.412537, 0.0 ], [ 135.462497, 54.482805, 0.0 ], [ 135.154819, 54.699234, 0.0 ], [ 135.495462, 54.933454, 0.0 ], [ 135.891047, 55.046909, 0.0 ], [ 136.154771, 55.241552, 0.0 ], [ 136.396517, 55.460171, 0.0 ], [ 136.847044, 55.615589, 0.0 ], [ 137.154722, 55.825973, 0.0 ], [ 135.949108, 56.12106, 0.0 ], [ 134.542583, 56.401744, 0.0 ], [ 133.55362, 56.644147, 0.0 ], [ 132.454773, 56.885002, 0.0 ], [ 131.114179, 57.136239, 0.0 ], [ 130.147193, 57.326521, 0.0 ], [ 129.114277, 57.539417, 0.0 ], [ 127.839614, 57.751076, 0.0 ], [ 126.630882, 57.961503, 0.0 ], [ 125.532034, 58.12432, 0.0 ], [ 124.433187, 58.309489, 0.0 ], [ 123.070616, 58.482209, 0.0 ], [ 122.235492, 58.631217, 0.0 ], [ 121.334437, 58.722599, 0.0 ], [ 121.422345, 58.332567, 0.0 ], [ 121.290483, 57.844751, 0.0 ], [ 121.004783, 57.409461, 0.0 ], [ 120.697106, 57.028774, 0.0 ], [ 120.30152, 56.632064, 0.0 ], [ 119.73012, 56.194481, 0.0 ], [ 119.380201, 55.912273, 0.0 ], [ 118.676939, 55.565922, 0.0 ], [ 118.105538, 55.153766, 0.0 ], [ 117.709953, 54.813348, 0.0 ], [ 117.006691, 54.444492, 0.0 ], [ 116.501221, 54.007769, 0.0 ], [ 115.92982, 53.683695, 0.0 ], [ 115.534235, 53.357109, 0.0 ], [ 114.940858, 53.080827, 0.0 ], [ 114.523296, 52.829321, 0.0 ], [ 114.083757, 52.536273, 0.0 ], [ 113.578287, 52.268157, 0.0 ], [ 113.116771, 52.133488, 0.0 ], [ 112.875025, 51.890054, 0.0 ], [ 112.633278, 51.631657, 0.0 ], [ 112.061877, 51.522416, 0.0 ], [ 111.644315, 51.261915, 0.0 ], [ 111.710246, 50.903033, 0.0 ], [ 111.732223, 50.694718, 0.0 ], [ 111.7542, 50.415519, 0.0 ], [ 111.523067, 50.226124, 0.0 ], [ 111.303297, 49.965356, 0.0 ], [ 111.435159, 49.75288, 0.0 ], [ 111.621963, 49.560852, 0.0 ], [ 111.808767, 49.396675, 0.0 ], [ 111.797778, 49.21042, 0.0 ], [ 111.64394, 48.91528, 0.0 ], [ 111.676905, 48.748945, 0.0 ], [ 111.92964, 48.69096, 0.0 ], [ 112.21534, 48.922499, 0.0 ], [ 112.490052, 49.095452, 0.0 ], [ 112.841684, 49.095452, 0.0 ], [ 113.028488, 49.203243, 0.0 ], [ 113.358142, 49.382373, 0.0 ], [ 113.665819, 49.410973, 0.0 ], [ 113.962508, 49.403825, 0.0 ], [ 114.226231, 49.532339, 0.0 ], [ 114.676759, 49.539469, 0.0 ], [ 115.02839, 49.674738, 0.0 ], [ 115.401998, 49.710273, 0.0 ], [ 115.67671, 49.688955, 0.0 ], [ 115.566825, 49.396675, 0.0 ], [ 115.500894, 49.066668, 0.0 ], [ 115.39101, 48.712713, 0.0 ], [ 115.302675, 48.487486, 0.0 ], [ 115.236744, 48.253941, 0.0 ], [ 115.258721, 48.04871, 0.0 ], [ 115.412559, 47.850031, 0.0 ], [ 115.654306, 47.635784, 0.0 ], [ 115.940006, 47.487513, 0.0 ], [ 116.258672, 47.45038, 0.0 ], [ 116.665245, 47.44295, 0.0 ], [ 117.005888, 47.472663, 0.0 ], [ 117.434439, 47.472663, 0.0 ], [ 117.884966, 47.398349, 0.0 ], [ 118.390436, 47.376035, 0.0 ], [ 118.884917, 47.249407, 0.0 ], [ 119.269514, 47.070122, 0.0 ], [ 119.445329, 46.875213, 0.0 ], [ 119.412364, 46.649436, 0.0 ], [ 119.665099, 46.528635, 0.0 ], [ 119.950181, 46.490829, 0.0 ], [ 119.950181, 46.263443, 0.0 ], [ 119.88425, 45.996962, 0.0 ], [ 119.796343, 45.729191, 0.0 ], [ 119.620527, 45.598666, 0.0 ], [ 119.400757, 45.483244, 0.0 ], [ 119.23593, 45.328979, 0.0 ], [ 119.115057, 45.096791, 0.0 ], [ 118.994184, 44.84808, 0.0 ], [ 118.851334, 44.676466, 0.0 ], [ 118.719472, 44.527843, 0.0 ], [ 118.433772, 44.260937, 0.0 ], [ 118.15906, 44.048116, 0.0 ], [ 118.170048, 43.747289, 0.0 ], [ 118.444698, 43.55651, 0.0 ], [ 118.730398, 43.47684, 0.0 ], [ 119.00511, 43.413029, 0.0 ], [ 119.203383, 43.261206, 0.0 ] ] ] } },
{ "type": "Feature", "properties": { "省份": "陕西", "id": "202608110006", "name": "陕西", "layer": null, "path": "C:/Users/geste/Desktop/ming1433_fullv1.0.geojson" }, "geometry": { "type": "Polygon", "coordinates": [ [ [ 98.406824, 40.63063, 0.0 ], [ 99.176018, 40.538852, 0.0 ], [ 99.538637, 40.5472, 0.0 ], [ 99.943522, 40.613952, 0.0 ], [ 100.03143, 40.413496, 0.0 ], [ 99.844626, 40.212441, 0.0 ], [ 99.789683, 39.926588, 0.0 ], [ 100.427015, 39.427707, 0.0 ], [ 100.611649615755525, 39.353548246067831, 0.0 ], [ 100.778948, 39.232253, 0.0 ], [ 101.273442675116399, 39.044630083672445, 0.0 ], [ 101.590907980344852, 38.84682477810702, 0.0 ], [ 101.888482, 38.719805, 0.0 ], [ 102.273078, 38.796908, 0.0 ], [ 102.514825, 39.061849, 0.0 ], [ 102.946240629589425, 39.149637838478796, 0.0 ], [ 103.218087, 39.181175, 0.0 ], [ 103.630012056235316, 39.244877430047339, 0.0 ], [ 103.811465, 39.249271, 0.0 ], [ 103.942593279844871, 39.142311716050457, 0.0 ], [ 103.98728, 39.061849, 0.0 ], [ 103.866407, 38.788345, 0.0 ], [ 103.822453, 38.496594, 0.0 ], [ 103.833442, 38.134557, 0.0 ], [ 104.009257, 37.770715, 0.0 ], [ 104.426819, 37.579413, 0.0 ], [ 104.635903, 37.596824, 0.0 ], [ 104.965557, 37.666429, 0.0 ], [ 105.580609, 37.866181, 0.0 ], [ 105.646843, 37.978845, 0.0 ], [ 105.756727, 38.255436, 0.0 ], [ 105.877137, 38.736946, 0.0 ], [ 105.877137, 39.181175, 0.0 ], [ 106.024433069900709, 39.430472531565535, 0.0 ], [ 106.096906, 39.588757, 0.0 ], [ 106.118883, 40.002372, 0.0 ], [ 106.250215, 40.329796, 0.0 ], [ 106.272192, 40.605612, 0.0 ], [ 106.382077, 40.855371, 0.0 ], [ 106.458996, 41.079351, 0.0 ], [ 106.623823, 41.203456, 0.0 ], [ 106.78865, 41.228249, 0.0 ], [ 106.843593, 41.104191, 0.0 ], [ 106.975454, 41.037931, 0.0 ], [ 107.074351, 41.120746, 0.0 ], [ 107.15127, 41.203456, 0.0 ], [ 107.327085, 41.253032, 0.0 ], [ 107.524878, 41.319076, 0.0 ], [ 107.678717, 41.352072, 0.0 ], [ 107.854532, 41.360319, 0.0 ], [ 108.052325, 41.352072, 0.0 ], [ 108.184186, 41.352072, 0.0 ], [ 108.30506, 41.286062, 0.0 ], [ 108.469887, 41.236511, 0.0 ], [ 108.645702, 41.14557, 0.0 ], [ 108.799541, 41.062786, 0.0 ], [ 108.689656, 40.963308, 0.0 ], [ 108.667679, 40.747257, 0.0 ], [ 108.711633, 40.580585, 0.0 ], [ 108.799541, 40.505446, 0.0 ], [ 108.986345, 40.488737, 0.0 ], [ 109.162161, 40.488737, 0.0 ], [ 109.272045, 40.480381, 0.0 ], [ 109.403907, 40.530502, 0.0 ], [ 109.513792, 40.605612, 0.0 ], [ 109.66763, 40.538852, 0.0 ], [ 109.843446, 40.555548, 0.0 ], [ 110.008273, 40.588928, 0.0 ], [ 110.085192, 40.472024, 0.0 ], [ 110.195077, 40.33817, 0.0 ], [ 110.293973, 40.22083, 0.0 ], [ 110.403858, 40.078071, 0.0 ], [ 110.491766, 39.943436, 0.0 ], [ 110.623628, 39.816975, 0.0 ], [ 110.711535, 39.707187, 0.0 ], [ 110.843397, 39.546412, 0.0 ], [ 111.019213, 39.487085, 0.0 ], [ 111.129098, 39.495563, 0.0 ], [ 111.174098062602297, 39.420048613719104, 0.0 ], [ 111.104212694829599, 39.376781120378297, 0.0 ], [ 111.0919982513023, 39.378582248096599, 0.0 ], [ 111.070763957022507, 39.378104019754318, 0.0 ], [ 111.068977552318401, 39.364760632190247, 0.0 ], [ 111.069833636617105, 39.330099751418537, 0.0 ], [ 111.085258664234601, 39.302493733555451, 0.0 ], [ 111.1102919329728, 39.288302420930307, 0.0 ], [ 111.119996705480901, 39.277362639077751, 0.0 ], [ 111.135712653514005, 39.256386469658189, 0.0 ], [ 111.147870011374593, 39.250764130897423, 0.0 ], [ 111.173314686404495, 39.243778360227687, 0.0 ], [ 111.195021002087998, 39.23459695576944, 0.0 ], [ 111.202537382916901, 39.226590475180018, 0.0 ], [ 111.194394048976207, 39.205421173376301, 0.0 ], [ 111.188822455551104, 39.189221236355543, 0.0 ], [ 111.183360241487506, 39.177937702479433, 0.0 ], [ 111.165919452520797, 39.167818658765214, 0.0 ], [ 111.166130806136806, 39.161975833647283, 0.0 ], [ 111.172043815358407, 39.143005755519383, 0.0 ], [ 111.175336230267405, 39.129452042207447, 0.0 ], [ 111.169501873335804, 39.114619582266208, 0.0 ], [ 111.157671072585799, 39.114473040129191, 0.0 ], [ 111.142018320970195, 39.113647986837726, 0.0 ], [ 111.136173208772306, 39.10608533032682, 0.0 ], [ 111.141894524891001, 39.092935491549447, 0.0 ], [ 111.147069950550602, 39.079116669961721, 0.0 ], [ 111.122671312902398, 39.050202078438929, 0.0 ], [ 111.106821516912206, 39.03230825444242, 0.0 ], [ 111.090311822257604, 39.023747545332043, 0.0 ], [ 111.072698115116395, 39.018805960175108, 0.0 ], [ 111.048896958954501, 39.02158889833354, 0.0 ], [ 111.027292776500701, 39.019352322406817, 0.0 ], [ 111.000501672953803, 39.004589026323053, 0.0 ], [ 110.981226066763497, 38.992742944359918, 0.0 ], [ 110.983917790192294, 38.978927801351126, 0.0 ], [ 110.989091915688604, 38.973956413878817, 0.0 ], [ 111.005133921318702, 38.9604263203587, 0.0 ], [ 111.011024609400707, 38.948152281105479, 0.0 ], [ 111.012192342177997, 38.925806110721972, 0.0 ], [ 111.021506010942105, 38.897876572371707, 0.0 ], [ 111.022559172038498, 38.889114137449639, 0.0 ], [ 111.016507400826697, 38.883979506473523, 0.0 ], [ 111.006413165569001, 38.873168971972767, 0.0 ], [ 111.004136088999005, 38.858127954552643, 0.0 ], [ 111.0087815103076, 38.84888548284561, 0.0 ], [ 111.007637761115902, 38.838792100678461, 0.0 ], [ 110.9989282562684, 38.827558442089391, 0.0 ], [ 110.984307134455094, 38.81069985454689, 0.0 ], [ 110.980932009375394, 38.797670620393447, 0.0 ], [ 110.971996841544794, 38.790031679289648, 0.0 ], [ 110.963532416255205, 38.781412008051383, 0.0 ], [ 110.968115765418403, 38.767681799019712, 0.0 ], [ 110.968456509802195, 38.754187980182671, 0.0 ], [ 110.959732336273802, 38.740392610739917, 0.0 ], [ 110.934614636614697, 38.726445764841053, 0.0 ], [ 110.922611779772694, 38.71330007744664, 0.0 ], [ 110.915895908313402, 38.6946230064205, 0.0 ], [ 110.915416856149506, 38.67670392174022, 0.0 ], [ 110.914063365524996, 38.668261924012967, 0.0 ], [ 110.900840694086696, 38.652574722398249, 0.0 ], [ 110.886173897258701, 38.641135302946559, 0.0 ], [ 110.876525137705997, 38.627532401746038, 0.0 ], [ 110.896037978031501, 38.592780431391922, 0.0 ], [ 110.913091532180204, 38.553614246640741, 0.0 ], [ 110.899775985516499, 38.514507621683968, 0.0 ], [ 110.859084582314594, 38.498742989775558, 0.0 ], [ 110.863498449397099, 38.467621666768252, 0.0 ], [ 110.854661518971099, 38.445370396385009, 0.0 ], [ 110.8077312156678, 38.448346173436271, 0.0 ], [ 110.772089562804595, 38.421947705627836, 0.0 ], [ 110.7462857749953, 38.362560769095381, 0.0 ], [ 110.699246022349897, 38.33719989471782, 0.0 ], [ 110.659162029694002, 38.306263581600213, 0.0 ], [ 110.613952299840406, 38.305392146086831, 0.0 ], [ 110.578455902300107, 38.309834721620483, 0.0 ], [ 110.569094552216995, 38.254167605962103, 0.0 ], [ 110.568711237283395, 38.213023512730352, 0.0 ], [ 110.532735777672002, 38.204917558531839, 0.0 ], [ 110.509231142094904, 38.177650410512193, 0.0 ], [ 110.523986921016402, 38.141533049941913, 0.0 ], [ 110.522852640412495, 38.120624610277829, 0.0 ], [ 110.502660551597003, 38.104647181155457, 0.0 ], [ 110.508868378563804, 38.082716286989253, 0.0 ], [ 110.526891727365793, 38.067374496117573, 0.0 ], [ 110.517323558158097, 38.050350419152807, 0.0 ], [ 110.5096749854103, 38.031627577739783, 0.0 ], [ 110.535437525325506, 38.006707842504262, 0.0 ], [ 110.518220982767502, 37.957444939869767, 0.0 ], [ 110.5797874715483, 37.938203824844258, 0.0 ], [ 110.613640954809796, 37.908581487268073, 0.0 ], [ 110.639389589152501, 37.864122753426138, 0.0 ], [ 110.663317427850203, 37.79620501342626, 0.0 ], [ 110.712352186965106, 37.787750616797922, 0.0 ], [ 110.752616329687399, 37.767849598890393, 0.0 ], [ 110.763496507519804, 37.745134955096837, 0.0 ], [ 110.728982196273805, 37.732352543179744, 0.0 ], [ 110.714885796874299, 37.712186329703947, 0.0 ], [ 110.732989049496297, 37.694287368165682, 0.0 ], [ 110.794434977052703, 37.684836286859372, 0.0 ], [ 110.806828451828807, 37.66498446833522, 0.0 ], [ 110.768899747880397, 37.64499167732744, 0.0 ], [ 110.769809594944206, 37.606851443580013, 0.0 ], [ 110.794183965697201, 37.579998654849433, 0.0 ], [ 110.801644699241393, 37.566666668662691, 0.0 ], [ 110.777976870557296, 37.55083390119448, 0.0 ], [ 110.774094040918897, 37.523295132579918, 0.0 ], [ 110.754055560131107, 37.493475455716911, 0.0 ], [ 110.752252569496093, 37.469862035771278, 0.0 ], [ 110.7317138798022, 37.457177312663077, 0.0 ], [ 110.698644205158203, 37.450241275317133, 0.0 ], [ 110.651995408043007, 37.448409208473898, 0.0 ], [ 110.627124775720006, 37.400925626339408, 0.0 ], [ 110.630542850013896, 37.365153738266962, 0.0 ], [ 110.678329114730104, 37.364571194586347, 0.0 ], [ 110.701185556208998, 37.360663018122793, 0.0 ], [ 110.701378422695299, 37.345731739452958, 0.0 ], [ 110.674142680598194, 37.331282084263137, 0.0 ], [ 110.679767095740203, 37.317512600325252, 0.0 ], [ 110.700882970443004, 37.308691542540657, 0.0 ], [ 110.697990841906503, 37.293885536841842, 0.0 ], [ 110.680179851083295, 37.292557528029583, 0.0 ], [ 110.663133195425104, 37.29803036137416, 0.0 ], [ 110.661753194197203, 37.272786939213553, 0.0 ], [ 110.629581361202995, 37.242681032756273, 0.0 ], [ 110.5965710535216, 37.200316577932597, 0.0 ], [ 110.542810200235394, 37.155070617411113, 0.0 ], [ 110.524425073715406, 37.113075095303557, 0.0 ], [ 110.494441283863694, 37.095426884850028, 0.0 ], [ 110.464503152484596, 37.057367511549643, 0.0 ], [ 110.423470977041703, 37.056275257198337, 0.0 ], [ 110.416373659309002, 37.044813985857168, 0.0 ], [ 110.443812905319604, 37.030813818052223, 0.0 ], [ 110.447836838247198, 37.01486411386994, 0.0 ], [ 110.431651537142102, 37.007771568616391, 0.0 ], [ 110.407079162772106, 37.013645017559277, 0.0 ], [ 110.385313844974405, 37.024310761533727, 0.0 ], [ 110.381345855329201, 37.005829362091127, 0.0 ], [ 110.408212388950503, 36.987527256527841, 0.0 ], [ 110.416164961297397, 36.964875336983312, 0.0 ], [ 110.409228555939094, 36.924899968256483, 0.0 ], [ 110.409091938476905, 36.898247267926138, 0.0 ], [ 110.387263276789, 36.895669289374467, 0.0 ], [ 110.376127379137301, 36.883238348609552, 0.0 ], [ 110.385809377772404, 36.875203095030528, 0.0 ], [ 110.418156932291296, 36.87362618759424, 0.0 ], [ 110.427585142807899, 36.85824905505789, 0.0 ], [ 110.413512182505599, 36.842869372306353, 0.0 ], [ 110.406911194690807, 36.829730948318812, 0.0 ], [ 110.427571619950299, 36.818814674528831, 0.0 ], [ 110.421318286075007, 36.799246225954782, 0.0 ], [ 110.404903776360001, 36.780043334650813, 0.0 ], [ 110.381864959190906, 36.775695119560339, 0.0 ], [ 110.387784250975997, 36.759945650906779, 0.0 ], [ 110.418189710072895, 36.756732294924518, 0.0 ], [ 110.413286907124203, 36.729964203902377, 0.0 ], [ 110.460436605495602, 36.728731161842198, 0.0 ], [ 110.453241561925495, 36.71881504507958, 0.0 ], [ 110.4420171356157, 36.715859445911811, 0.0 ], [ 110.446396794870097, 36.69886262587741, 0.0 ], [ 110.436566940724006, 36.679150081336132, 0.0 ], [ 110.395056043214097, 36.695057844843213, 0.0 ], [ 110.387461658171006, 36.681509268554159, 0.0 ], [ 110.390835063487799, 36.668753064947623, 0.0 ], [ 110.432716104368794, 36.648449357631193, 0.0 ], [ 110.441066182422105, 36.635615193678973, 0.0 ], [ 110.454624724906793, 36.605846209586701, 0.0 ], [ 110.491470058979004, 36.584132917334202, 0.0 ], [ 110.493098883644393, 36.56622044218205, 0.0 ], [ 110.484975556609101, 36.549736519478117, 0.0 ], [ 110.497211272172095, 36.525303902552963, 0.0 ], [ 110.503866075186494, 36.501160803064089, 0.0 ], [ 110.502441578875505, 36.490890903980173, 0.0 ], [ 110.485282786021898, 36.467040873214287, 0.0 ], [ 110.481428929233005, 36.434270548255967, 0.0 ], [ 110.493846550274299, 36.414750653145511, 0.0 ], [ 110.497291942044001, 36.399879777786857, 0.0 ], [ 110.481745936425597, 36.382660148559367, 0.0 ], [ 110.469010014814501, 36.375813856197382, 0.0 ], [ 110.470638648857602, 36.347529302650948, 0.0 ], [ 110.459150361585898, 36.325521849012738, 0.0 ], [ 110.469292185516906, 36.311293407025808, 0.0 ], [ 110.469820674223797, 36.28701288234867, 0.0 ], [ 110.4821820327994, 36.270779341014972, 0.0 ], [ 110.480128338222798, 36.249296566429507, 0.0 ], [ 110.467282007868604, 36.229744162404167, 0.0 ], [ 110.459584988592397, 36.212376994216889, 0.0 ], [ 110.465583185414999, 36.18743646658465, 0.0 ], [ 110.453433156126394, 36.177610241832632, 0.0 ], [ 110.449723023450503, 36.158379339421217, 0.0 ], [ 110.461055106474404, 36.129687459972118, 0.0 ], [ 110.469374816938299, 36.087460187422067, 0.0 ], [ 110.469043638047495, 36.057590102705248, 0.0 ], [ 110.480122084752793, 36.041029166589297, 0.0 ], [ 110.494222313525398, 36.026716752381432, 0.0 ], [ 110.491101878126997, 36.001842034973407, 0.0 ], [ 110.498498859833404, 35.984951061318142, 0.0 ], [ 110.516141493391302, 35.973933536910351, 0.0 ], [ 110.517315723473402, 35.961545284944677, 0.0 ], [ 110.507056671717507, 35.942362091386478, 0.0 ], [ 110.510133453745794, 35.929926964687233, 0.0 ], [ 110.516585921741495, 35.920945614166349, 0.0 ], [ 110.515473531232402, 35.902553650187812, 0.0 ], [ 110.526273073358297, 35.880700978984002, 0.0 ], [ 110.547500481758306, 35.875235000393062, 0.0 ], [ 110.557629573538804, 35.862020776879852, 0.0 ], [ 110.5575717687842, 35.83907614984944, 0.0 ], [ 110.565777647917102, 35.819211307034188, 0.0 ], [ 110.571573735420799, 35.801492249664243, 0.0 ], [ 110.567094276263404, 35.780780930604067, 0.0 ], [ 110.578779035548195, 35.77188180807228, 0.0 ], [ 110.586647188655306, 35.757793585504622, 0.0 ], [ 110.576353772904696, 35.711327804100918, 0.0 ], [ 110.605505871819801, 35.660560219753059, 0.0 ], [ 110.617132803377103, 35.609250910575042, 0.0 ], [ 110.601345445809102, 35.549586395046767, 0.0 ], [ 110.583443113938699, 35.496366461996963, 0.0 ], [ 110.524927869439907, 35.414944729001412, 0.0 ], [ 110.458101861923893, 35.342835776687657, 0.0 ], [ 110.392978454674406, 35.258461727378993, 0.0 ], [ 110.391899176329403, 35.224521461587891, 0.0 ], [ 110.369052786944494, 35.190951043912783, 0.0 ], [ 110.349946271717997, 35.111458762997351, 0.0 ], [ 110.324674969839805, 35.045893547655503, 0.0 ], [ 110.262362211646803, 34.987863925646558, 0.0 ], [ 110.286514883022306, 34.933153213362523, 0.0 ], [ 110.305446387482704, 34.895848418377597, 0.0 ], [ 110.284092848741594, 34.764225532438608, 0.0 ], [ 110.252612203270104, 34.7293993485385, 0.0 ], [ 110.181405213564801, 34.696727891239057, 0.0 ], [ 110.191499819247895, 34.652794565297448, 0.0 ], [ 110.2117336641561, 34.632197947091029, 0.0 ], [ 110.278662655214205, 34.611787798344139, 0.0 ], [ 110.301726403669903, 34.612103448628943, 0.0 ], [ 110.306374495575199, 34.599284358351539, 0.0 ], [ 110.352306472782402, 34.5695833349819, 0.0 ], [ 110.434193671005104, 34.424129404279043, 0.0 ], [ 110.487457094433395, 34.406842509589083, 0.0 ], [ 110.502573988658, 34.351306878416182, 0.0 ], [ 110.430414153656201, 34.30168687619166, 0.0 ], [ 110.456177470700396, 34.257781600230459, 0.0 ], [ 110.641880045995705, 34.174017431733724, 0.0 ], [ 110.605753857292598, 34.113643695625058, 0.0 ], [ 110.601573106978904, 34.047183885409993, 0.0 ], [ 110.661363351719899, 33.99863603322104, 0.0 ], [ 110.678956572824305, 33.936052857420172, 0.0 ], [ 110.593919390888004, 33.912354446439323, 0.0 ], [ 110.602681789465393, 33.864492484576303, 0.0 ], [ 110.787252211821297, 33.805935071219551, 0.0 ], [ 110.830862007972996, 33.729024745120512, 0.0 ], [ 110.833156665093199, 33.668383772985131, 0.0 ], [ 110.901521976748896, 33.633004752965057, 0.0 ], [ 110.983846928635003, 33.609774399234972, 0.0 ], [ 111.022345249853501, 33.54838373748904, 0.0 ], [ 111.031568912142305, 33.480765662138353, 0.0 ], [ 111.013847273259898, 33.430375692262722, 0.0 ], [ 111.033730460334795, 33.38623468206373, 0.0 ], [ 111.035492917264705, 33.348641919173133, 0.0 ], [ 110.997674865102795, 33.306676460366837, 0.0 ], [ 110.995890569528299, 33.281865006054318, 0.0 ], [ 110.912964279514995, 33.200422118867841, 0.0 ], [ 110.856904093811707, 33.20957167983719, 0.0 ], [ 110.8233144960668, 33.188440542025283, 0.0 ], [ 110.807309278335197, 33.153031290834519, 0.0 ], [ 110.733140823087396, 33.139756716184962, 0.0 ], [ 110.715040830541597, 33.10538924613077, 0.0 ], [ 110.670060158188306, 33.159923805451918, 0.0 ], [ 110.600751071660994, 33.162060140017523, 0.0 ], [ 110.585951126944494, 33.241850508274418, 0.0 ], [ 110.540172795089504, 33.257294841398327, 0.0 ], [ 110.512102582565007, 33.212927727395112, 0.0 ], [ 110.443869365427602, 33.175289450421957, 0.0 ], [ 110.206574053656993, 33.168478358242979, 0.0 ], [ 110.167659658422906, 33.216868002856863, 0.0 ], [ 109.868287008405503, 33.240429701822372, 0.0 ], [ 109.661660722646005, 33.246675097692147, 0.0 ], [ 109.498038207102695, 33.228341059187493, 0.0 ], [ 109.462422852122799, 33.132797457282507, 0.0 ], [ 109.696153039418107, 33.092513473533721, 0.0 ], [ 109.787801616768704, 33.053074559205832, 0.0 ], [ 109.789365371108502, 32.921125855177543, 0.0 ], [ 109.815388501963895, 32.864417555410583, 0.0 ], [ 109.938651703332894, 32.885045480491442, 0.0 ], [ 110.089458648028995, 32.858029619574957, 0.0 ], [ 110.172424961500198, 32.767986982945352, 0.0 ], [ 110.163609709797797, 32.673154003858023, 0.0 ], [ 110.075771992521894, 32.606881868062857, 0.0 ], [ 110.025502306024407, 32.556154122130842, 0.0 ], [ 109.898618690697404, 32.602234280308259, 0.0 ], [ 109.737208929164296, 32.568535434772222, 0.0 ], [ 109.408777711451407, 32.477808844387688, 0.0 ], [ 109.360612243119405, 32.405259562763582, 0.0 ], [ 109.422035419527901, 32.326483888630953, 0.0 ], [ 109.542348060194499, 32.246175216852151, 0.0 ], [ 109.637851675412506, 32.147928883147927, 0.0 ], [ 109.700200343165704, 32.067507039787799, 0.0 ], [ 109.632774091682947, 31.970143840691755, 0.0 ], [ 109.631930278660803, 31.829890821624449, 0.0 ], [ 109.666049272373101, 31.832903158037549, 0.0 ], [ 109.706031351847798, 31.820834202496101, 0.0 ], [ 109.738551053476996, 31.79757852913681, 0.0 ], [ 109.7764309849304, 31.76544066778721, 0.0 ], [ 109.733677, 31.756196, 0.0 ], [ 109.557862, 31.70013, 0.0 ], [ 109.382046, 31.746854, 0.0 ], [ 109.272161, 31.849565, 0.0 ], [ 109.118323, 31.924193, 0.0 ], [ 109.037504421960023, 31.97654996752205, 0.0 ], [ 108.975472, 32.008076, 0.0 ], [ 108.799657, 32.082575, 0.0 ], [ 108.656807, 32.184911, 0.0 ], [ 108.569584, 32.29642, 0.0 ], [ 108.426733, 32.305706, 0.0 ], [ 108.250918, 32.259265, 0.0 ], [ 108.097079, 32.194209, 0.0 ], [ 107.931097, 32.249974, 0.0 ], [ 107.810224, 32.361403, 0.0 ], [ 107.689351, 32.42634, 0.0 ], [ 107.535512, 32.472695, 0.0 ], [ 107.414639, 32.565333, 0.0 ], [ 107.370685, 32.731841, 0.0 ], [ 107.228384, 32.759562, 0.0 ], [ 107.030592, 32.778038, 0.0 ], [ 106.909719, 32.787275, 0.0 ], [ 106.733903, 32.79651, 0.0 ], [ 106.623140075017417, 32.722593434808935, 0.0 ], [ 106.547704, 32.694866, 0.0 ], [ 106.305958, 32.731841, 0.0 ], [ 106.096572, 32.87036, 0.0 ], [ 105.942733, 32.87036, 0.0 ], [ 105.755929, 32.898038, 0.0 ], [ 105.580113, 32.898038, 0.0 ], [ 105.415286, 32.805745, 0.0 ], [ 105.415286, 32.667125, 0.0 ], [ 105.206505, 32.583849, 0.0 ], [ 105.020306, 32.639375, 0.0 ], [ 104.788943, 32.704111, 0.0 ], [ 104.536813, 32.713355, 0.0 ], [ 104.437312, 32.833443, 0.0 ], [ 104.393358, 32.916485, 0.0 ], [ 104.426324, 33.027088, 0.0 ], [ 104.371381, 33.155948, 0.0 ], [ 104.371381, 33.275435, 0.0 ], [ 104.338416, 33.376412, 0.0 ], [ 104.23952, 33.413102, 0.0 ], [ 104.111908109300046, 33.445844521207611, 0.0 ], [ 103.98739, 33.486435, 0.0 ], [ 103.899482, 33.394759, 0.0 ], [ 103.789597, 33.367237, 0.0 ], [ 103.756632, 33.449777, 0.0 ], [ 103.76762, 33.60547, 0.0 ], [ 103.855528, 33.779147, 0.0 ], [ 103.98739, 33.797409, 0.0 ], [ 104.086286, 33.879537, 0.0 ], [ 104.207159, 33.952474, 0.0 ], [ 104.229136, 34.070862, 0.0 ], [ 103.921459, 34.070862, 0.0 ], [ 103.745038, 34.016242, 0.0 ], [ 103.503292, 33.94336, 0.0 ], [ 103.305499, 33.998027, 0.0 ], [ 103.118695, 34.052659, 0.0 ], [ 102.986833, 34.125448, 0.0 ], [ 102.778052, 34.125448, 0.0 ], [ 102.734704, 34.079962, 0.0 ], [ 102.756681, 33.92513, 0.0 ], [ 102.624819, 33.906896, 0.0 ], [ 102.492352, 34.025348, 0.0 ], [ 102.306153, 33.979809, 0.0 ], [ 102.273188, 33.888658, 0.0 ], [ 102.196685, 34.061761, 0.0 ], [ 101.976915, 34.143635, 0.0 ], [ 101.768134, 34.161818, 0.0 ], [ 101.734557, 34.189086, 0.0 ], [ 101.690603, 34.298068, 0.0 ], [ 101.976915, 34.388779, 0.0 ], [ 101.998892, 34.542762, 0.0 ], [ 101.954327, 34.606085, 0.0 ], [ 101.889650972700849, 34.635932409012746, 0.0 ], [ 101.910373, 34.714525, 0.0 ], [ 101.93235, 34.804783, 0.0 ], [ 102.020869, 34.921971, 0.0 ], [ 101.746157, 35.047987, 0.0 ], [ 101.64665, 35.164828, 0.0 ], [ 101.536765, 35.272532, 0.0 ], [ 101.360949, 35.371135, 0.0 ], [ 101.130191, 35.43382, 0.0 ], [ 100.899433, 35.469618, 0.0 ], [ 100.646698, 35.469618, 0.0 ], [ 100.317656, 35.478565, 0.0 ], [ 100.218148, 35.576917, 0.0 ], [ 100.229136, 35.719758, 0.0 ], [ 100.404952, 35.817813, 0.0 ], [ 100.569779, 35.89795, 0.0 ], [ 100.745595, 36.057981, 0.0 ], [ 100.92141, 36.146747, 0.0 ], [ 101.042895, 36.093499, 0.0 ], [ 101.273653, 36.102376, 0.0 ], [ 101.174145, 36.27085, 0.0 ], [ 101.053272, 36.447799, 0.0 ], [ 100.99833, 36.5626, 0.0 ], [ 100.899433, 36.589068, 0.0 ], [ 101.075249, 36.75649, 0.0 ], [ 101.218099, 36.826875, 0.0 ], [ 101.327984, 37.011326, 0.0 ], [ 101.185385, 37.142803, 0.0 ], [ 100.987592, 37.282795, 0.0 ], [ 100.888696, 37.431251, 0.0 ], [ 100.767823, 37.561997, 0.0 ], [ 100.723869, 37.779399, 0.0 ], [ 100.756834, 37.926868, 0.0 ], [ 100.778811, 38.099983, 0.0 ], [ 100.624972, 38.23818, 0.0 ], [ 100.361249, 38.272689, 0.0 ], [ 100.152468, 38.22092, 0.0 ], [ 99.866768, 38.289937, 0.0 ], [ 99.625021, 38.393339, 0.0 ], [ 99.405252, 38.479395, 0.0 ], [ 99.185482, 38.530979, 0.0 ], [ 98.98769, 38.591114, 0.0 ], [ 98.789897, 38.651198, 0.0 ], [ 98.493209, 38.754083, 0.0 ], [ 98.317393, 38.83115, 0.0 ], [ 98.185531, 39.223743, 0.0 ], [ 98.240474, 39.334297, 0.0 ], [ 98.152688, 39.520992, 0.0 ], [ 98.130711, 39.690281, 0.0 ], [ 98.218619, 39.901309, 0.0 ], [ 98.350481, 40.044438, 0.0 ], [ 98.350481, 40.262761, 0.0 ], [ 98.394435, 40.413496, 0.0 ], [ 98.406824, 40.63063, 0.0 ] ] ] } },
{ "type": "Feature", "properties": { "省份": "四川", "id": "202608110007", "name": "四川", "layer": null, "path": "C:/Users/geste/Desktop/ming1433_fullv1.0.geojson" }, "geometry": { "type": "Polygon", "coordinates": [ [ [ 101.25179, 27.741885, 0.0 ], [ 101.383651, 27.84879, 0.0 ], [ 101.592432, 27.994401, 0.0 ], [ 101.652722138333743, 28.144275675592553, 0.0 ], [ 101.724294, 28.236649, 0.0 ], [ 101.801213, 28.478349, 0.0 ], [ 101.955052, 28.642389, 0.0 ], [ 102.020983, 28.950476, 0.0 ], [ 102.097407, 29.065773, 0.0 ], [ 102.18581, 29.180941, 0.0 ], [ 102.196799, 29.372602, 0.0 ], [ 102.108891, 29.506549, 0.0 ], [ 102.053948, 29.659416, 0.0 ], [ 101.977029, 29.831114, 0.0 ], [ 102.009995, 30.031055, 0.0 ], [ 102.218776, 30.088108, 0.0 ], [ 102.372114, 30.249577, 0.0 ], [ 102.54843, 30.334954, 0.0 ], [ 102.735234, 30.401307, 0.0 ], [ 102.911049, 30.5528, 0.0 ], [ 102.823142, 30.704058, 0.0 ], [ 102.911049, 30.817346, 0.0 ], [ 102.867095, 30.987028, 0.0 ], [ 102.944015, 31.147006, 0.0 ], [ 102.921538, 31.231592, 0.0 ], [ 102.844619, 31.363018, 0.0 ], [ 102.69078, 31.484893, 0.0 ], [ 102.65233084300182, 31.522432128664544, 0.0 ], [ 102.581395, 31.569175, 0.0 ], [ 102.317672, 31.690782, 0.0 ], [ 102.251741, 31.886887, 0.0 ], [ 102.295195, 31.998759, 0.0 ], [ 102.350137, 32.240683, 0.0 ], [ 102.383603, 32.398516, 0.0 ], [ 102.40558, 32.630123, 0.0 ], [ 102.47487587751516, 32.785781240753174, 0.0 ], [ 102.602872, 32.962586, 0.0 ], [ 102.640120638954585, 33.101618518775346, 0.0 ], [ 102.623840366891585, 33.206626273581684, 0.0 ], [ 102.603258, 33.293804, 0.0 ], [ 102.504362, 33.504759, 0.0 ], [ 102.47098, 33.541395, 0.0 ], [ 102.383073, 33.660353, 0.0 ], [ 102.32813, 33.779147, 0.0 ], [ 102.273188, 33.888658, 0.0 ], [ 102.306153, 33.979809, 0.0 ], [ 102.492352, 34.025348, 0.0 ], [ 102.624819, 33.906896, 0.0 ], [ 102.756681, 33.92513, 0.0 ], [ 102.734704, 34.079962, 0.0 ], [ 102.778052, 34.125448, 0.0 ], [ 102.986833, 34.125448, 0.0 ], [ 103.118695, 34.052659, 0.0 ], [ 103.305499, 33.998027, 0.0 ], [ 103.503292, 33.94336, 0.0 ], [ 103.745038, 34.016242, 0.0 ], [ 103.921459, 34.070862, 0.0 ], [ 104.119251, 34.070862, 0.0 ], [ 104.229136, 34.070862, 0.0 ], [ 104.207159, 33.952474, 0.0 ], [ 104.086286, 33.879537, 0.0 ], [ 103.98739, 33.797409, 0.0 ], [ 103.855528, 33.779147, 0.0 ], [ 103.76762, 33.60547, 0.0 ], [ 103.756632, 33.449777, 0.0 ], [ 103.789597, 33.367237, 0.0 ], [ 103.899482, 33.394759, 0.0 ], [ 103.98739, 33.486435, 0.0 ], [ 104.111908109300046, 33.445844521207611, 0.0 ], [ 104.23952, 33.413102, 0.0 ], [ 104.338416, 33.376412, 0.0 ], [ 104.371381, 33.275435, 0.0 ], [ 104.371381, 33.155948, 0.0 ], [ 104.426324, 33.027088, 0.0 ], [ 104.393358, 32.916485, 0.0 ], [ 104.437312, 32.833443, 0.0 ], [ 104.536813, 32.713355, 0.0 ], [ 104.788943, 32.704111, 0.0 ], [ 105.020306, 32.639375, 0.0 ], [ 105.206505, 32.583849, 0.0 ], [ 105.415286, 32.667125, 0.0 ], [ 105.415286, 32.805745, 0.0 ], [ 105.580113, 32.898038, 0.0 ], [ 105.755929, 32.898038, 0.0 ], [ 105.942733, 32.87036, 0.0 ], [ 106.096572, 32.87036, 0.0 ], [ 106.305958, 32.731841, 0.0 ], [ 106.547704, 32.694866, 0.0 ], [ 106.623140075017417, 32.722593434808935, 0.0 ], [ 106.733903, 32.79651, 0.0 ], [ 107.030592, 32.778038, 0.0 ], [ 107.228384, 32.759562, 0.0 ], [ 107.370685, 32.731841, 0.0 ], [ 107.414639, 32.565333, 0.0 ], [ 107.535512, 32.472695, 0.0 ], [ 107.689351, 32.42634, 0.0 ], [ 107.810224, 32.361403, 0.0 ], [ 107.931097, 32.249974, 0.0 ], [ 108.097079, 32.194209, 0.0 ], [ 108.250918, 32.259265, 0.0 ], [ 108.426733, 32.305706, 0.0 ], [ 108.569584, 32.29642, 0.0 ], [ 108.656807, 32.184911, 0.0 ], [ 108.799657, 32.082575, 0.0 ], [ 108.975472, 32.008076, 0.0 ], [ 109.037504421960023, 31.97654996752205, 0.0 ], [ 109.118323, 31.924193, 0.0 ], [ 109.272161, 31.849565, 0.0 ], [ 109.382046, 31.746854, 0.0 ], [ 109.557862, 31.70013, 0.0 ], [ 109.733677, 31.756196, 0.0 ], [ 109.7764309849304, 31.76544066778721, 0.0 ], [ 109.800835714509702, 31.736442629412711, 0.0 ], [ 109.8007495611579, 31.716661786123829, 0.0 ], [ 109.787950864125804, 31.68305622670885, 0.0 ], [ 109.7830094110831, 31.661646748673451, 0.0 ], [ 109.783518007622703, 31.637820323471502, 0.0 ], [ 109.805644518286897, 31.611724399097721, 0.0 ], [ 109.811746893289992, 31.606410293255024, 0.0 ], [ 109.825109433495797, 31.594213013815441, 0.0 ], [ 109.848557003299206, 31.580195340639062, 0.0 ], [ 109.879634239586807, 31.57199772255052, 0.0 ], [ 109.899607490559603, 31.569626540495271, 0.0 ], [ 109.912064375392802, 31.575259497421641, 0.0 ], [ 109.998860786499804, 31.549786007556541, 0.0 ], [ 110.072562750839793, 31.50384705197218, 0.0 ], [ 110.102153055439203, 31.46558410670697, 0.0 ], [ 110.1220164260899, 31.42350839215327, 0.0 ], [ 110.119007465026201, 31.375220805887668, 0.0 ], [ 110.130791929868906, 31.352643012336529, 0.0 ], [ 110.159706878777101, 31.319067408896611, 0.0 ], [ 110.165959524948704, 31.296890063970721, 0.0 ], [ 110.163931044658895, 31.247199436534, 0.0 ], [ 110.182642270105703, 31.221691226055022, 0.0 ], [ 110.185377288887096, 31.187908113501638, 0.0 ], [ 110.177223832336907, 31.13780597771029, 0.0 ], [ 110.139922110729103, 31.11006619049525, 0.0 ], [ 110.130849982682193, 31.091558337439039, 0.0 ], [ 110.135398768302295, 31.073071868269601, 0.0 ], [ 110.136936967739004, 31.041109684081551, 0.0 ], [ 110.168785780254098, 30.97722965107884, 0.0 ], [ 110.171899991700798, 30.943180172082339, 0.0 ], [ 110.147873523505694, 30.88905858981822, 0.0 ], [ 110.130933321979398, 30.874040874991199, 0.0 ], [ 110.122874255468005, 30.858775140844958, 0.0 ], [ 110.124054819312605, 30.841286002018119, 0.0 ], [ 110.124374540021606, 30.832013339440341, 0.0 ], [ 110.133694755760899, 30.819335629702682, 0.0 ], [ 110.178942996427295, 30.811581584192592, 0.0 ], [ 110.193739116496701, 30.816232840141449, 0.0 ], [ 110.207028988163401, 30.819098422143039, 0.0 ], [ 110.227016599737695, 30.818850767413931, 0.0 ], [ 110.246093438737603, 30.814860500339261, 0.0 ], [ 110.251754262834893, 30.809999952721469, 0.0 ], [ 110.262904181552898, 30.772934280725821, 0.0 ], [ 110.269156353631402, 30.730655663997609, 0.0 ], [ 110.227150601453801, 30.667506106799291, 0.0 ], [ 110.214847940124997, 30.624799258759548, 0.0 ], [ 110.195570678040596, 30.534402160485872, 0.0 ], [ 110.115849883180303, 30.476155973393219, 0.0 ], [ 110.111193280092706, 30.453757883742199, 0.0 ], [ 110.121846947543702, 30.363563557700289, 0.0 ], [ 110.171814514817598, 30.297478660195591, 0.0 ], [ 110.177451433589397, 30.262775704152229, 0.0 ], [ 110.162590598043494, 30.225423043893709, 0.0 ], [ 110.110331094453102, 30.203182077862621, 0.0 ], [ 110.040869313378394, 30.192213033333079, 0.0 ], [ 110.019990211020598, 30.186416714903292, 0.0 ], [ 110.002886519206996, 30.17172773657645, 0.0 ], [ 109.992988179767096, 30.141954445961211, 0.0 ], [ 109.9496824187014, 30.115680460888431, 0.0 ], [ 109.9163473764781, 30.10118414640468, 0.0 ], [ 109.899433244485095, 30.101046244604131, 0.0 ], [ 109.891810625655495, 30.104319056170699, 0.0 ], [ 109.889168890260905, 30.113280631042699, 0.0 ], [ 109.898005302244897, 30.13352881450961, 0.0 ], [ 109.921482732528304, 30.16804679958291, 0.0 ], [ 109.873969241066305, 30.19421279748509, 0.0 ], [ 109.863343201027305, 30.225813280992629, 0.0 ], [ 109.879248379514806, 30.275831778835141, 0.0 ], [ 109.907527953523001, 30.304722695288799, 0.0 ], [ 109.9193580456717, 30.341899723036239, 0.0 ], [ 109.921966512839703, 30.36603909029753, 0.0 ], [ 109.903303889657593, 30.400984912639291, 0.0 ], [ 109.890661547720796, 30.460979259491761, 0.0 ], [ 109.849442894212601, 30.491806934007101, 0.0 ], [ 109.870902466954902, 30.538171903916581, 0.0 ], [ 109.909970761468301, 30.560228610455709, 0.0 ], [ 109.915204167684394, 30.57016775994861, 0.0 ], [ 109.906106148467302, 30.579638161306089, 0.0 ], [ 109.836479442977605, 30.55327380990958, 0.0 ], [ 109.736124453576906, 30.490428020247649, 0.0 ], [ 109.663361814205103, 30.515047629237301, 0.0 ], [ 109.651789410404206, 30.559790963310011, 0.0 ], [ 109.608525937623099, 30.602719384511641, 0.0 ], [ 109.606318475038606, 30.64113407207542, 0.0 ], [ 109.5877602589823, 30.665525808934412, 0.0 ], [ 109.568423319533196, 30.65580514549324, 0.0 ], [ 109.543097206738594, 30.663473708519401, 0.0 ], [ 109.473725752789406, 30.626459428925951, 0.0 ], [ 109.413702552544706, 30.521878177602229, 0.0 ], [ 109.364836364775201, 30.491078070423089, 0.0 ], [ 109.332405235562007, 30.494104175570161, 0.0 ], [ 109.358227743690193, 30.540272925243801, 0.0 ], [ 109.364353885141398, 30.571858185748589, 0.0 ], [ 109.328116436650603, 30.56782710430863, 0.0 ], [ 109.321688400004504, 30.604188608500479, 0.0 ], [ 109.308088212059999, 30.618024872974171, 0.0 ], [ 109.284551956330304, 30.617400719264641, 0.0 ], [ 109.157901730465099, 30.529537707980101, 0.0 ], [ 109.124258012953106, 30.536985249439201, 0.0 ], [ 109.134418872513194, 30.635080720122051, 0.0 ], [ 109.014732781989295, 30.641006194387689, 0.0 ], [ 108.981711609376504, 30.620770953062149, 0.0 ], [ 108.850430144618699, 30.52165771438159, 0.0 ], [ 108.704494272219904, 30.51251146947952, 0.0 ], [ 108.703978501551504, 30.569344751198692, 0.0 ], [ 108.672504550453198, 30.582814139985722, 0.0 ], [ 108.605213790776503, 30.486305865476279, 0.0 ], [ 108.568284114611899, 30.45811169633674, 0.0 ], [ 108.514045317896901, 30.464549112672969, 0.0 ], [ 108.459233515291203, 30.452480515428139, 0.0 ], [ 108.426683042280303, 30.420655645315829, 0.0 ], [ 108.421148032081803, 30.369166870239141, 0.0 ], [ 108.530587437070196, 30.318541347851951, 0.0 ], [ 108.567226754211106, 30.260238745646451, 0.0 ], [ 108.539970077674297, 30.053374634196661, 0.0 ], [ 108.568223951693, 29.969688598648901, 0.0 ], [ 108.529197105482993, 29.857571711239849, 0.0 ], [ 108.490918887847101, 29.83740441553735, 0.0 ], [ 108.448623609631795, 29.840625066058418, 0.0 ], [ 108.405251155819101, 29.830446940949329, 0.0 ], [ 108.414824515533695, 29.80873084269632, 0.0 ], [ 108.455786577990594, 29.79469721658392, 0.0 ], [ 108.456554465741107, 29.758311418189649, 0.0 ], [ 108.437462158429796, 29.73382040688352, 0.0 ], [ 108.439793355866698, 29.698106648538271, 0.0 ], [ 108.478189618453598, 29.690810732795981, 0.0 ], [ 108.533287361230506, 29.733522226573289, 0.0 ], [ 108.623893076803796, 29.846996636002881, 0.0 ], [ 108.653535240649703, 29.84696251713828, 0.0 ], [ 108.668129816968005, 29.829910215426271, 0.0 ], [ 108.673152982858397, 29.739866872580979, 0.0 ], [ 108.6619659026844, 29.704778348692319, 0.0 ], [ 108.691148093927794, 29.699527796765391, 0.0 ], [ 108.692731230445801, 29.671399191618089, 0.0 ], [ 108.736877362509006, 29.648964994593129, 0.0 ], [ 108.845059371823695, 29.649511161051251, 0.0 ], [ 108.876508734836804, 29.646673161609211, 0.0 ], [ 108.887898106887803, 29.636866233944801, 0.0 ], [ 108.903531807903207, 29.614973893170529, 0.0 ], [ 108.905523957284103, 29.577587090147791, 0.0 ], [ 108.879161260688207, 29.496954618138801, 0.0 ], [ 108.880711650179805, 29.470626907513481, 0.0 ], [ 108.9247733139334, 29.433956103326629, 0.0 ], [ 108.933781365069805, 29.410825434725439, 0.0 ], [ 108.917920747060904, 29.36571477098493, 0.0 ], [ 108.920909176096103, 29.349148132375969, 0.0 ], [ 109.022590887653806, 29.35106816445353, 0.0 ], [ 109.047982479050305, 29.376731683943401, 0.0 ], [ 109.072414131702104, 29.34379932742068, 0.0 ], [ 109.096197297087002, 29.31848011900555, 0.0 ], [ 109.086983663256603, 29.287290021761549, 0.0 ], [ 109.092450168380097, 29.254134550858868, 0.0 ], [ 109.111244412708103, 29.24387038403443, 0.0 ], [ 109.117028214998996, 29.22670853074008, 0.0 ], [ 109.109638369174704, 29.186140672934219, 0.0 ], [ 109.116236811287905, 29.17280198806467, 0.0 ], [ 109.239584828263602, 29.148536672278521, 0.0 ], [ 109.259688391638406, 29.101002546802899, 0.0 ], [ 109.312882566537397, 29.07353019838644, 0.0 ], [ 109.312334216372093, 29.03591552989856, 0.0 ], [ 109.294559222074398, 29.00766739080299, 0.0 ], [ 109.283700247023802, 28.997374382062532, 0.0 ], [ 109.2403955789555, 28.995587638068191, 0.0 ], [ 109.235548235726498, 28.989180109107249, 0.0 ], [ 109.247971623728901, 28.976764996374811, 0.0 ], [ 109.267600599924094, 28.968008937275648, 0.0 ], [ 109.281033567298905, 28.955300789213979, 0.0 ], [ 109.286961607652202, 28.91935086584861, 0.0 ], [ 109.261425781179994, 28.863259292087001, 0.0 ], [ 109.251056078243707, 28.803339587089031, 0.0 ], [ 109.256939929980902, 28.77778503994233, 0.0 ], [ 109.293301099373494, 28.752784213480609, 0.0 ], [ 109.295484376822799, 28.721288812742891, 0.0 ], [ 109.280204937278, 28.683971790813349, 0.0 ], [ 109.209063898892495, 28.668498367091789, 0.0 ], [ 109.200195134831006, 28.65340019232362, 0.0 ], [ 109.211589358170102, 28.640681262990391, 0.0 ], [ 109.297179908236004, 28.641385979174611, 0.0 ], [ 109.311366823352103, 28.632585562006859, 0.0 ], [ 109.311153594077396, 28.611975946399301, 0.0 ], [ 109.290478231444098, 28.592390549485678, 0.0 ], [ 109.270410663924807, 28.554520565146181, 0.0 ], [ 109.265203435078902, 28.514378041371248, 0.0 ], [ 109.231552735553194, 28.504304853836011, 0.0 ], [ 109.177270556173397, 28.46833503207958, 0.0 ], [ 109.1033424255087, 28.368811780042439, 0.0 ], [ 109.087749608047204, 28.33417133208113, 0.0 ], [ 109.115510833844198, 28.295827901495748, 0.0 ], [ 109.127044628780695, 28.27052972305242, 0.0 ], [ 109.114834026150206, 28.24487410626606, 0.0 ], [ 109.081400729600304, 28.24252775182044, 0.0 ], [ 109.054332790764505, 28.2582676607888, 0.0 ], [ 109.016262704233597, 28.23221431573478, 0.0 ], [ 108.990775901575404, 28.23959669009162, 0.0 ], [ 108.987736652457002, 28.26055247752473, 0.0 ], [ 108.969185623842094, 28.277154896293482, 0.0 ], [ 108.934433434281203, 28.253767195020409, 0.0 ], [ 108.853498334181097, 28.222610333548261, 0.0 ], [ 108.7978442901086, 28.224512474582731, 0.0 ], [ 108.764458175179897, 28.248415198750539, 0.0 ], [ 108.769311302968205, 28.274608800802302, 0.0 ], [ 108.758483348305205, 28.327209782273972, 0.0 ], [ 108.768319824666406, 28.369892127635861, 0.0 ], [ 108.760109288561793, 28.389298686531969, 0.0 ], [ 108.750589367850196, 28.4780535510506, 0.0 ], [ 108.744605, 28.497661, 0.0 ], [ 108.63472, 28.555576, 0.0 ], [ 108.678674, 28.632747, 0.0 ], [ 108.645709, 28.709861, 0.0 ], [ 108.524836, 28.709861, 0.0 ], [ 108.436928, 28.767659, 0.0 ], [ 108.425939, 28.873539, 0.0 ], [ 108.392974, 28.969701, 0.0 ], [ 108.34902, 29.075375, 0.0 ], [ 108.239135, 29.171349, 0.0 ], [ 108.107411, 29.046566, 0.0 ], [ 107.953572, 29.046566, 0.0 ], [ 107.788745, 28.960089, 0.0 ], [ 107.777757, 28.806174, 0.0 ], [ 107.722814, 28.661671, 0.0 ], [ 107.700837, 28.478349, 0.0 ], [ 107.75578, 28.343065, 0.0 ], [ 107.920607, 28.246328, 0.0 ], [ 107.942584, 28.07198, 0.0 ], [ 107.931595, 27.897349, 0.0 ], [ 107.986538, 27.702984, 0.0 ], [ 108.074445, 27.547242, 0.0 ], [ 108.173342, 27.44979, 0.0 ], [ 108.162353, 27.25463, 0.0 ], [ 108.18433, 27.049342, 0.0 ], [ 108.074445, 26.931865, 0.0 ], [ 107.821711, 27.019984, 0.0 ], [ 107.656883, 27.117813, 0.0 ], [ 107.503045, 27.225326, 0.0 ], [ 107.371183, 27.303452, 0.0 ], [ 107.204361331563106, 27.34702665864263, 0.0 ], [ 107.204968973982005, 27.3691621624017, 0.0 ], [ 107.183707006196499, 27.38369393448739, 0.0 ], [ 107.1551831307751, 27.368573816514221, 0.0 ], [ 107.130248856198904, 27.352396486381409, 0.0 ], [ 107.095090996212704, 27.334572257397209, 0.0 ], [ 107.026062568398103, 27.36876452652356, 0.0 ], [ 107.005673101725293, 27.365299216143988, 0.0 ], [ 106.956395734393794, 27.329807976271571, 0.0 ], [ 106.903011011008104, 27.271676869727109, 0.0 ], [ 106.870964408959495, 27.27869705105136, 0.0 ], [ 106.861669027928599, 27.31423277470914, 0.0 ], [ 106.836605227908095, 27.329502997334679, 0.0 ], [ 106.744995598477402, 27.318650251658621, 0.0 ], [ 106.720759735340906, 27.329638151102991, 0.0 ], [ 106.709879579481694, 27.358227352610552, 0.0 ], [ 106.723745990498202, 27.40786495534682, 0.0 ], [ 106.721805913866902, 27.43511402825926, 0.0 ], [ 106.702835887717399, 27.459917708336452, 0.0 ], [ 106.657422635895699, 27.49043444455193, 0.0 ], [ 106.621387413423093, 27.531679737539751, 0.0 ], [ 106.572343559076501, 27.52107873715757, 0.0 ], [ 106.554614988332801, 27.472463369456701, 0.0 ], [ 106.523729509007893, 27.475942518229768, 0.0 ], [ 106.470208829856702, 27.491620761992049, 0.0 ], [ 106.401053906778301, 27.454293185423129, 0.0 ], [ 106.354807161679105, 27.424671552717669, 0.0 ], [ 106.301429355447198, 27.4525068867224, 0.0 ], [ 106.298219892857304, 27.527753464868891, 0.0 ], [ 106.239525727927202, 27.594285802993621, 0.0 ], [ 106.164430821142901, 27.618701371770491, 0.0 ], [ 106.0852044599051, 27.705198548048369, 0.0 ], [ 106.027296050882498, 27.73308567572597, 0.0 ], [ 105.995789277558899, 27.822445260069241, 0.0 ], [ 105.885431363056398, 27.922580311661051, 0.0 ], [ 105.727928990354798, 27.972796893184452, 0.0 ], [ 105.673976853904406, 28.00997455292411, 0.0 ], [ 105.590411269495505, 28.04019240336255, 0.0 ], [ 105.455987450309294, 28.043807760513779, 0.0 ], [ 105.381382681147301, 27.991900474255178, 0.0 ], [ 105.274402729501801, 27.961844664332041, 0.0 ], [ 105.226442054106499, 27.874951591265869, 0.0 ], [ 105.226445102020094, 27.832725774460549, 0.0 ], [ 105.2623210760229, 27.79876407547729, 0.0 ], [ 105.264683281192603, 27.764874098490662, 0.0 ], [ 105.293303784005104, 27.746815694348509, 0.0 ], [ 105.300544866755402, 27.685523860223359, 0.0 ], [ 105.255027332983701, 27.588241883718819, 0.0 ], [ 105.248369545214501, 27.487695836661182, 0.0 ], [ 105.207951973047798, 27.406698189711349, 0.0 ], [ 105.165334188470297, 27.400324492047289, 0.0 ], [ 105.101880357190396, 27.418755598474721, 0.0 ], [ 105.057263597681697, 27.40514141281551, 0.0 ], [ 104.995237473836198, 27.363257584889439, 0.0 ], [ 104.870788255033403, 27.311204021664249, 0.0 ], [ 104.850742563774105, 27.283536864205679, 0.0 ], [ 104.848266165342295, 27.210381085562108, 0.0 ], [ 104.8706006015573, 27.18301949501981, 0.0 ], [ 104.936106552017904, 27.17057943803156, 0.0 ], [ 104.949736783330806, 27.1440840254131, 0.0 ], [ 104.991628019786901, 27.10826622900931, 0.0 ], [ 105.017745664762003, 27.06956928660675, 0.0 ], [ 105.008825554966407, 27.023935853643071, 0.0 ], [ 104.914968833720195, 26.965314400597649, 0.0 ], [ 104.870669645376395, 26.912340437805732, 0.0 ], [ 104.830125299424097, 26.817525661184781, 0.0 ], [ 104.829280562256798, 26.751356463481471, 0.0 ], [ 104.830531608616198, 26.682242816971669, 0.0 ], [ 104.817109848560506, 26.658890364249689, 0.0 ], [ 104.767984371383605, 26.602175961300251, 0.0 ], [ 104.747953332541798, 26.57547348010409, 0.0 ], [ 104.7395513608068, 26.553389213325399, 0.0 ], [ 104.735527364792205, 26.470456071210211, 0.0 ], [ 104.699167029227198, 26.416222155337479, 0.0 ], [ 104.676527773763794, 26.39541214196278, 0.0 ], [ 104.657593567138605, 26.380631040619441, 0.0 ], [ 104.634528576164001, 26.375151599674499, 0.0 ], [ 104.613812098006306, 26.380274406105499, 0.0 ], [ 104.592137393394907, 26.394179969517189, 0.0 ], [ 104.580478, 26.500073, 0.0 ], [ 104.558134, 26.519735, 0.0 ], [ 104.382685, 26.598351, 0.0 ], [ 104.217858, 26.598351, 0.0 ], [ 104.064019, 26.529565, 0.0 ], [ 103.855238, 26.539394, 0.0 ], [ 103.723377, 26.460738, 0.0 ], [ 103.602503, 26.234302, 0.0 ], [ 103.33878, 26.204734, 0.0 ], [ 103.064068, 26.185018, 0.0 ], [ 102.877264, 26.204734, 0.0 ], [ 102.85074665876968, 26.201632211675378, 0.0 ], [ 102.82253, 26.204734, 0.0 ], [ 102.712437, 26.263862, 0.0 ], [ 102.613541, 26.372185, 0.0 ], [ 102.437725, 26.342653, 0.0 ], [ 102.217956, 26.185018, 0.0 ], [ 102.17421, 26.096255, 0.0 ], [ 102.119059, 25.977799, 0.0 ], [ 101.987198, 25.987675, 0.0 ], [ 101.866325, 25.977799, 0.0 ], [ 101.855336, 26.076521, 0.0 ], [ 101.954232, 26.32296, 0.0 ], [ 101.89929, 26.480407, 0.0 ], [ 101.868435743168561, 26.557763163053448, 0.0 ], [ 101.800394, 26.647459, 0.0 ], [ 101.701497, 26.608174, 0.0 ], [ 101.602601, 26.627818, 0.0 ], [ 101.558647, 26.814266, 0.0 ], [ 101.39382, 26.931865, 0.0 ], [ 101.239982, 27.078692, 0.0 ], [ 101.174051, 27.264396, 0.0 ], [ 101.174051, 27.410786, 0.0 ], [ 101.174259, 27.44979, 0.0 ], [ 101.229296, 27.71271, 0.0 ], [ 101.25179, 27.741885, 0.0 ] ] ] } },
{ "type": "Feature", "properties": { "省份": null, "id": "202608110008", "name": "朵干都司乌斯藏都司", "layer": null, "path": "C:/Users/geste/Desktop/ming1433_fullv1.0.geojson" }, "geometry": { "type": "Polygon", "coordinates": [ [ [ 89.935073, 35.915747, 0.0 ], [ 90.165831, 36.057981, 0.0 ], [ 90.374612, 36.173357, 0.0 ], [ 90.583393, 36.288563, 0.0 ], [ 90.770198, 36.377068, 0.0 ], [ 91.033921, 36.438961, 0.0 ], [ 91.198748, 36.500805, 0.0 ], [ 91.374564, 36.633162, 0.0 ], [ 91.495437, 36.765292, 0.0 ], [ 91.638287, 36.914764, 0.0 ], [ 91.912999, 36.993778, 0.0 ], [ 92.066837, 36.949892, 0.0 ], [ 92.429457, 36.791691, 0.0 ], [ 92.836031, 36.668419, 0.0 ], [ 93.220627, 36.571424, 0.0 ], [ 93.737086, 36.606709, 0.0 ], [ 93.978832, 36.782892, 0.0 ], [ 94.231567, 36.985003, 0.0 ], [ 94.528256, 37.151561, 0.0 ], [ 94.956806, 37.256566, 0.0 ], [ 95.253495, 37.370157, 0.0 ], [ 95.736988, 37.666429, 0.0 ], [ 96.396296, 37.961523, 0.0 ], [ 96.846824, 38.065392, 0.0 ], [ 97.351096, 38.143198, 0.0 ], [ 97.768658, 38.177751, 0.0 ], [ 98.098312, 38.151837, 0.0 ], [ 98.438955, 38.022131, 0.0 ], [ 98.856517, 37.805444, 0.0 ], [ 99.318033, 37.71859, 0.0 ], [ 99.691622, 37.431251, 0.0 ], [ 100.043253, 37.169072, 0.0 ], [ 100.284999, 37.195331, 0.0 ], [ 100.515757, 37.03764, 0.0 ], [ 100.636631, 36.870832, 0.0 ], [ 100.790469, 36.826875, 0.0 ], [ 100.899433, 36.589068, 0.0 ], [ 100.99833, 36.5626, 0.0 ], [ 101.053272, 36.447799, 0.0 ], [ 101.174145, 36.27085, 0.0 ], [ 101.273653, 36.102376, 0.0 ], [ 101.042895, 36.093499, 0.0 ], [ 100.92141, 36.146747, 0.0 ], [ 100.745595, 36.057981, 0.0 ], [ 100.569779, 35.89795, 0.0 ], [ 100.404952, 35.817813, 0.0 ], [ 100.229136, 35.719758, 0.0 ], [ 100.218148, 35.576917, 0.0 ], [ 100.317656, 35.478565, 0.0 ], [ 100.646698, 35.469618, 0.0 ], [ 100.899433, 35.469618, 0.0 ], [ 101.130191, 35.43382, 0.0 ], [ 101.360949, 35.371135, 0.0 ], [ 101.536765, 35.272532, 0.0 ], [ 101.64665, 35.164828, 0.0 ], [ 101.746157, 35.047987, 0.0 ], [ 102.020869, 34.921971, 0.0 ], [ 101.93235, 34.804783, 0.0 ], [ 101.910373, 34.714525, 0.0 ], [ 101.889650972700849, 34.635932409012746, 0.0 ], [ 101.954327, 34.606085, 0.0 ], [ 101.998892, 34.542762, 0.0 ], [ 101.976915, 34.388779, 0.0 ], [ 101.690603, 34.298068, 0.0 ], [ 101.734557, 34.189086, 0.0 ], [ 101.768134, 34.161818, 0.0 ], [ 101.976915, 34.143635, 0.0 ], [ 102.196685, 34.061761, 0.0 ], [ 102.273188, 33.888658, 0.0 ], [ 102.32813, 33.779147, 0.0 ], [ 102.383073, 33.660353, 0.0 ], [ 102.47098, 33.541395, 0.0 ], [ 102.504362, 33.504759, 0.0 ], [ 102.603258, 33.293804, 0.0 ], [ 102.623840366891585, 33.206626273581684, 0.0 ], [ 102.640120638954585, 33.101618518775346, 0.0 ], [ 102.602872, 32.962586, 0.0 ], [ 102.47487587751516, 32.785781240753174, 0.0 ], [ 102.40558, 32.630123, 0.0 ], [ 102.383603, 32.398516, 0.0 ], [ 102.350137, 32.240683, 0.0 ], [ 102.295195, 31.998759, 0.0 ], [ 102.251741, 31.886887, 0.0 ], [ 102.317672, 31.690782, 0.0 ], [ 102.581395, 31.569175, 0.0 ], [ 102.65233084300182, 31.522432128664544, 0.0 ], [ 102.69078, 31.484893, 0.0 ], [ 102.844619, 31.363018, 0.0 ], [ 102.921538, 31.231592, 0.0 ], [ 102.944015, 31.147006, 0.0 ], [ 102.867095, 30.987028, 0.0 ], [ 102.911049, 30.817346, 0.0 ], [ 102.823142, 30.704058, 0.0 ], [ 102.911049, 30.5528, 0.0 ], [ 102.735234, 30.401307, 0.0 ], [ 102.54843, 30.334954, 0.0 ], [ 102.372114, 30.249577, 0.0 ], [ 102.218776, 30.088108, 0.0 ], [ 102.009995, 30.031055, 0.0 ], [ 101.977029, 29.831114, 0.0 ], [ 102.053948, 29.659416, 0.0 ], [ 102.108891, 29.506549, 0.0 ], [ 102.196799, 29.372602, 0.0 ], [ 102.18581, 29.180941, 0.0 ], [ 102.097407, 29.065773, 0.0 ], [ 102.020983, 28.950476, 0.0 ], [ 101.955052, 28.642389, 0.0 ], [ 101.801213, 28.478349, 0.0 ], [ 101.724294, 28.236649, 0.0 ], [ 101.652722138333743, 28.144275675592553, 0.0 ], [ 101.592432, 27.994401, 0.0 ], [ 101.383651, 27.84879, 0.0 ], [ 101.25179, 27.741885, 0.0 ], [ 101.229296, 27.71271, 0.0 ], [ 101.163365, 27.780772, 0.0 ], [ 101.042492, 27.80021, 0.0 ], [ 100.921618, 27.936181, 0.0 ], [ 100.899641, 28.091366, 0.0 ], [ 101.141388, 28.130128, 0.0 ], [ 101.306215, 28.168875, 0.0 ], [ 101.383134, 28.265682, 0.0 ], [ 101.383134, 28.372069, 0.0 ], [ 101.317203, 28.565225, 0.0 ], [ 101.262261, 28.690588, 0.0 ], [ 101.251273, 28.892779, 0.0 ], [ 100.966167, 28.825425, 0.0 ], [ 100.823317, 28.748397, 0.0 ], [ 100.789757, 28.738764, 0.0 ], [ 100.603547, 28.68095, 0.0 ], [ 100.394766, 28.661671, 0.0 ], [ 100.196974, 28.526622, 0.0 ], [ 100.009575, 28.507316, 0.0 ], [ 99.834354, 28.430053, 0.0 ], [ 99.757435, 28.246328, 0.0 ], [ 99.592607, 28.381735, 0.0 ], [ 99.42778, 28.256006, 0.0 ], [ 99.28493, 28.188244, 0.0 ], [ 99.186034, 28.343065, 0.0 ], [ 99.14208, 28.545926, 0.0 ], [ 99.163463, 28.700225, 0.0 ], [ 99.141486, 28.8158, 0.0 ], [ 99.141486, 28.921631, 0.0 ], [ 99.207416, 29.036961, 0.0 ], [ 99.207416, 29.13297, 0.0 ], [ 99.163463, 29.238477, 0.0 ], [ 99.064566, 29.238477, 0.0 ], [ 99.053578, 29.113775, 0.0 ], [ 99.009624, 28.940862, 0.0 ], [ 98.943693, 28.83505, 0.0 ], [ 98.844797, 28.988922, 0.0 ], [ 98.71353, 28.988922, 0.0 ], [ 98.614039, 28.940862, 0.0 ], [ 98.668981, 28.777289, 0.0 ], [ 98.701947, 28.603814, 0.0 ], [ 98.767877, 28.430053, 0.0 ], [ 98.690958, 28.352734, 0.0 ], [ 98.427235, 28.333395, 0.0 ], [ 98.438223, 28.17856, 0.0 ], [ 98.284385, 28.294707, 0.0 ], [ 98.130546, 28.256006, 0.0 ], [ 97.976707, 28.333395, 0.0 ], [ 97.86196254016501, 28.349000096784703, 0.0 ], [ 97.669629, 28.507316, 0.0 ], [ 97.515597, 28.497661, 0.0 ], [ 97.372747, 28.304381, 0.0 ], [ 97.252067, 27.887639, 0.0 ], [ 96.999332, 27.829361, 0.0 ], [ 96.526827, 27.9847, 0.0 ], [ 96.065312, 28.188244, 0.0 ], [ 95.824893, 28.236649, 0.0 ], [ 95.517216, 28.197927, 0.0 ], [ 95.363378, 28.052591, 0.0 ], [ 95.044712, 27.829361, 0.0 ], [ 94.594184, 27.586198, 0.0 ], [ 94.220576, 27.518015, 0.0 ], [ 94.044761, 27.342494, 0.0 ], [ 93.83598, 27.019984, 0.0 ], [ 93.440395, 26.951453, 0.0 ], [ 92.978879, 26.853479, 0.0 ], [ 92.594282, 26.931865, 0.0 ], [ 92.220674, 26.853479, 0.0 ], [ 91.847066, 26.853479, 0.0 ], [ 91.462469, 26.814266, 0.0 ], [ 90.978976, 26.755421, 0.0 ], [ 90.694444, 26.74561, 0.0 ], [ 90.485662, 26.804461, 0.0 ], [ 90.112054, 26.735799, 0.0 ], [ 89.584608, 26.814266, 0.0 ], [ 89.123092, 26.824071, 0.0 ], [ 88.826403, 26.912274, 0.0 ], [ 88.441806, 26.824071, 0.0 ], [ 88.145118, 26.765231, 0.0 ], [ 87.892383, 26.676913, 0.0 ], [ 87.540751, 26.74561, 0.0 ], [ 87.211097, 26.873081, 0.0 ], [ 87.178132, 27.098254, 0.0 ], [ 87.167143, 27.362011, 0.0 ], [ 87.40889, 27.57646, 0.0 ], [ 87.200109, 27.702984, 0.0 ], [ 86.90342, 27.780772, 0.0 ], [ 86.595743, 27.829361, 0.0 ], [ 86.288065, 27.916767, 0.0 ], [ 86.156204, 27.994401, 0.0 ], [ 85.958411, 27.926474, 0.0 ], [ 85.74963, 28.149503, 0.0 ], [ 85.507884, 28.22697, 0.0 ], [ 85.156253, 28.265682, 0.0 ], [ 84.870552, 28.372069, 0.0 ], [ 84.59584, 28.430053, 0.0 ], [ 84.376071, 28.632747, 0.0 ], [ 84.156301, 28.777289, 0.0 ], [ 84.112347, 28.940862, 0.0 ], [ 84.145313, 29.123373, 0.0 ], [ 84.046417, 29.257649, 0.0 ], [ 83.782693, 29.209713, 0.0 ], [ 83.540947, 29.142566, 0.0 ], [ 83.442051, 29.286399, 0.0 ], [ 83.332166, 29.477861, 0.0 ], [ 82.991523, 29.544788, 0.0 ], [ 82.749777, 29.707139, 0.0 ], [ 82.573961, 29.916852, 0.0 ], [ 82.36518, 29.954935, 0.0 ], [ 82.124389, 30.069094, 0.0 ], [ 81.849677, 30.050077, 0.0 ], [ 81.520023, 29.993002, 0.0 ], [ 81.146414, 29.907329, 0.0 ], [ 80.805772, 29.945415, 0.0 ], [ 80.629956, 30.031055, 0.0 ], [ 80.476118, 30.240086, 0.0 ], [ 80.047567, 30.722949, 0.0 ], [ 79.673959, 30.86451, 0.0 ], [ 79.410236, 30.939924, 0.0 ], [ 79.124535, 30.949347, 0.0 ], [ 78.8718, 31.128199, 0.0 ], [ 78.72895, 31.372399, 0.0 ], [ 78.72895, 31.615966, 0.0 ], [ 78.531158, 31.662733, 0.0 ], [ 78.135573, 31.597253, 0.0 ], [ 77.904815, 31.709476, 0.0 ], [ 77.619986, 31.774878, 0.0 ], [ 77.268354, 31.765537, 0.0 ], [ 76.982654, 31.840233, 0.0 ], [ 77.026608, 32.222096, 0.0 ], [ 77.147481, 32.472695, 0.0 ], [ 77.180447, 32.759562, 0.0 ], [ 76.971666, 32.953368, 0.0 ], [ 76.751896, 33.100745, 0.0 ], [ 76.543115, 33.413102, 0.0 ], [ 76.257415, 33.578015, 0.0 ], [ 75.950083, 33.669497, 0.0 ], [ 75.708337, 33.906896, 0.0 ], [ 75.389671, 34.234512, 0.0 ], [ 75.125947, 34.560859, 0.0 ], [ 75.114959, 34.840859, 0.0 ], [ 75.312751, 35.003003, 0.0 ], [ 75.510544, 35.083956, 0.0 ], [ 75.334728, 35.299435, 0.0 ], [ 75.016063, 35.559043, 0.0 ], [ 74.895189, 35.799994, 0.0 ], [ 75.18089, 35.942436, 0.0 ], [ 75.488567, 35.906849, 0.0 ], [ 75.785256, 35.978006, 0.0 ], [ 75.890700915517868, 36.022621540589959, 0.0 ], [ 76.005025, 35.88905, 0.0 ], [ 76.235783, 35.764343, 0.0 ], [ 76.374767671524467, 35.799039137591393, 0.0 ], [ 76.500668442145027, 35.799039137591393, 0.0 ], [ 76.602691480406506, 35.727405940514188, 0.0 ], [ 76.675322, 35.639441, 0.0 ], [ 77.004976, 35.523285, 0.0 ], [ 77.488469, 35.43382, 0.0 ], [ 77.783553880709604, 35.453897369855731, 0.0 ], [ 78.081847, 35.406961, 0.0 ], [ 78.21769446905634, 35.132633334479152, 0.0 ], [ 78.279639, 34.831841, 0.0 ], [ 78.433478, 34.533712, 0.0 ], [ 78.785109, 34.388779, 0.0 ], [ 79.158717, 34.361576, 0.0 ], [ 79.510349, 34.434098, 0.0 ], [ 79.883957, 34.569906, 0.0 ], [ 80.015818, 34.849875, 0.0 ], [ 80.235588, 35.128894, 0.0 ], [ 80.389427, 35.308401, 0.0 ], [ 80.576231, 35.442771, 0.0 ], [ 80.850942, 35.371135, 0.0 ], [ 81.046793, 35.272532, 0.0 ], [ 81.244585, 35.344255, 0.0 ], [ 81.530286, 35.263562, 0.0 ], [ 81.837963, 35.227672, 0.0 ], [ 82.090698, 35.371135, 0.0 ], [ 82.266513, 35.550105, 0.0 ], [ 82.50826, 35.666222, 0.0 ], [ 82.728029, 35.684072, 0.0 ], [ 82.958787, 35.675147, 0.0 ], [ 83.101637, 35.478565, 0.0 ], [ 83.453269, 35.353216, 0.0 ], [ 83.815888, 35.353216, 0.0 ], [ 84.112577, 35.335293, 0.0 ], [ 84.431243, 35.424868, 0.0 ], [ 84.705955, 35.585852, 0.0 ], [ 85.046597, 35.701917, 0.0 ], [ 85.365263, 35.782171, 0.0 ], [ 85.617998, 35.835628, 0.0 ], [ 86.013583, 35.808904, 0.0 ], [ 86.485562, 35.791083, 0.0 ], [ 86.903124, 35.746512, 0.0 ], [ 87.243766, 35.835628, 0.0 ], [ 87.639352, 35.906849, 0.0 ], [ 87.969006, 36.013561, 0.0 ], [ 88.353602, 35.969115, 0.0 ], [ 88.595349, 35.782171, 0.0 ], [ 89.133784, 35.541166, 0.0 ], [ 89.474427, 35.496456, 0.0 ], [ 89.804081, 35.532226, 0.0 ], [ 89.891989, 35.675147, 0.0 ], [ 89.935073, 35.915747, 0.0 ] ] ] } },
{ "type": "Feature", "properties": { "省份": null, "id": "202608110009", "name": "亦力把里", "layer": null, "path": "C:/Users/geste/Desktop/ming1433_fullv1.0.geojson" }, "geometry": { "type": "Polygon", "coordinates": [ [ [ 76.005025, 35.88905, 0.0 ], [ 75.890700915517868, 36.022621540589959, 0.0 ], [ 75.876591346396594, 36.203875236224718, 0.0 ], [ 75.849713, 36.253133, 0.0 ], [ 75.72884, 36.4036, 0.0 ], [ 75.575002, 36.509636, 0.0 ], [ 75.333255, 36.699255, 0.0 ], [ 75.135463, 36.760891, 0.0 ], [ 74.981624, 36.853252, 0.0 ], [ 74.904705, 36.919156, 0.0 ], [ 74.83328, 36.958671, 0.0 ], [ 74.827785, 37.028869, 0.0 ], [ 74.608016, 37.050793, 0.0 ], [ 74.481648, 37.085858, 0.0 ], [ 74.492637, 37.182202, 0.0 ], [ 74.657464, 37.230328, 0.0 ], [ 74.83328, 37.252194, 0.0 ], [ 74.866245, 37.352693, 0.0 ], [ 74.695924, 37.405074, 0.0 ], [ 74.448683, 37.357059, 0.0 ], [ 74.217925, 37.274053, 0.0 ], [ 74.086063, 37.234702, 0.0 ], [ 73.866294, 37.274053, 0.0 ], [ 73.608065, 37.374523, 0.0 ], [ 73.372107, 37.374523, 0.0 ], [ 73.152337, 37.269682, 0.0 ], [ 72.877625, 37.182202, 0.0 ], [ 72.647131, 37.055177, 0.0 ], [ 72.454833, 36.93233, 0.0 ], [ 72.196604, 36.791691, 0.0 ], [ 71.987823, 36.686041, 0.0 ], [ 71.812007, 36.615528, 0.0 ], [ 71.669157, 36.668419, 0.0 ], [ 71.592238, 36.81808, 0.0 ], [ 71.515318, 36.985003, 0.0 ], [ 71.515318, 37.160317, 0.0 ], [ 71.553778, 37.339592, 0.0 ], [ 71.553778, 37.492294, 0.0 ], [ 71.603226, 37.653383, 0.0 ], [ 71.674651, 37.76203, 0.0 ], [ 71.691134, 37.892196, 0.0 ], [ 71.636192, 37.952861, 0.0 ], [ 71.493341, 37.900865, 0.0 ], [ 71.388951, 37.88786, 0.0 ], [ 71.366974, 37.996163, 0.0 ], [ 71.498836, 38.264063, 0.0 ], [ 71.400216, 38.341656, 0.0 ], [ 71.257366, 38.414862, 0.0 ], [ 71.180447, 38.475094, 0.0 ], [ 70.850793, 38.427774, 0.0 ], [ 70.746402, 38.401949, 0.0 ], [ 70.680471, 38.320111, 0.0 ], [ 70.658494, 38.246809, 0.0 ], [ 70.548609, 38.307181, 0.0 ], [ 70.466196, 38.401949, 0.0 ], [ 70.416748, 38.539573, 0.0 ], [ 70.477184, 38.651198, 0.0 ], [ 70.674977, 38.715519, 0.0 ], [ 70.988148, 38.758367, 0.0 ], [ 71.290331, 38.80547, 0.0 ], [ 71.993594, 38.843986, 0.0 ], [ 72.268306, 38.861098, 0.0 ], [ 72.652902, 38.873929, 0.0 ], [ 72.982557, 38.899583, 0.0 ], [ 73.449567, 38.925229, 0.0 ], [ 73.817681, 38.96368, 0.0 ], [ 74.147335, 38.993572, 0.0 ], [ 74.449518, 39.04052, 0.0 ], [ 74.751701, 39.074644, 0.0 ], [ 75.004436, 39.121537, 0.0 ], [ 75.301125, 39.13006, 0.0 ], [ 75.74002, 39.1684, 0.0 ], [ 76.02572, 39.219487, 0.0 ], [ 76.190547, 39.334297, 0.0 ], [ 76.24549, 39.491324, 0.0 ], [ 76.256478, 39.669142, 0.0 ], [ 76.152087, 39.867588, 0.0 ], [ 76.036709, 40.019201, 0.0 ], [ 75.827928, 40.187267, 0.0 ], [ 75.6631, 40.32142, 0.0 ], [ 75.426848, 40.400948, 0.0 ], [ 75.152136, 40.517975, 0.0 ], [ 74.91039, 40.688969, 0.0 ], [ 74.712597, 40.809652, 0.0 ], [ 74.448924, 41.062786, 0.0 ], [ 74.212672, 41.323201, 0.0 ], [ 74.075316, 41.578471, 0.0 ], [ 73.981914, 41.853196, 0.0 ], [ 73.844558, 42.130821, 0.0 ], [ 73.597318, 42.399122, 0.0 ], [ 73.240192, 42.658202, 0.0 ], [ 72.932817, 42.875964, 0.0 ], [ 72.740518, 43.169129, 0.0 ], [ 72.696564, 43.401056, 0.0 ], [ 72.883368, 43.965145, 0.0 ], [ 72.888952, 44.095476, 0.0 ], [ 72.855986, 44.272738, 0.0 ], [ 72.784561, 44.331707, 0.0 ], [ 72.537321, 44.382766, 0.0 ], [ 72.43293, 44.488668, 0.0 ], [ 72.504355, 44.59829, 0.0 ], [ 72.844998, 44.656932, 0.0 ], [ 73.526283, 44.797429, 0.0 ], [ 73.735064, 44.933696, 0.0 ], [ 73.855937, 45.081279, 0.0 ], [ 73.888903, 45.201393, 0.0 ], [ 73.718581, 45.348285, 0.0 ], [ 73.520789, 45.552525, 0.0 ], [ 73.504306, 45.640928, 0.0 ], [ 73.636168, 45.828799, 0.0 ], [ 73.674559, 45.916766, 0.0 ], [ 73.70203, 46.046548, 0.0 ], [ 73.718513, 46.149394, 0.0 ], [ 73.866857, 46.118942, 0.0 ], [ 74.02619, 46.221652, 0.0 ], [ 73.98773, 46.301406, 0.0 ], [ 74.136075, 46.392411, 0.0 ], [ 74.53166, 46.581518, 0.0 ], [ 74.603085, 46.702202, 0.0 ], [ 74.839337, 46.709736, 0.0 ], [ 75.031635, 46.743625, 0.0 ], [ 75.163497, 46.649436, 0.0 ], [ 75.383267, 46.649436, 0.0 ], [ 75.641496, 46.709736, 0.0 ], [ 75.86676, 46.762443, 0.0 ], [ 75.93269, 46.694667, 0.0 ], [ 76.092023, 46.709736, 0.0 ], [ 76.119494, 46.754917, 0.0 ], [ 76.245862, 46.683363, 0.0 ], [ 76.316773, 46.615488, 0.0 ], [ 76.976081, 46.589069, 0.0 ], [ 77.102449, 46.607941, 0.0 ], [ 77.212334, 46.573967, 0.0 ], [ 77.338701, 46.623034, 0.0 ], [ 77.701321, 46.619261, 0.0 ], [ 78.008998, 46.607941, 0.0 ], [ 78.206791, 46.490829, 0.0 ], [ 78.355135, 46.479482, 0.0 ], [ 78.613364, 46.626806, 0.0 ], [ 78.78918, 46.566414, 0.0 ], [ 78.959501, 46.728566, 0.0 ], [ 79.135317, 46.769968, 0.0 ], [ 79.315868, 46.777493, 0.0 ], [ 79.469706, 46.863947, 0.0 ], [ 79.498053, 46.995241, 0.0 ], [ 79.80563, 46.860191, 0.0 ], [ 80.299461, 46.754917, 0.0 ], [ 80.870861, 46.611715, 0.0 ], [ 81.354354, 46.475699, 0.0 ], [ 81.81587, 46.331758, 0.0 ], [ 82.365294, 46.468133, 0.0 ], [ 82.937016, 46.483265, 0.0 ], [ 83.508095, 46.513516, 0.0 ], [ 84.244323, 46.882723, 0.0 ], [ 84.617931, 46.980252, 0.0 ], [ 84.62892, 47.219568, 0.0 ], [ 84.40915, 47.361153, 0.0 ], [ 84.244323, 47.702368, 0.0 ], [ 84.387173, 47.931066, 0.0 ], [ 84.749793, 48.04871, 0.0 ], [ 85.05747, 48.122101, 0.0 ], [ 85.497009, 48.107431, 0.0 ], [ 85.782709, 48.026672, 0.0 ], [ 86.123352, 47.975214, 0.0 ], [ 86.442018, 47.813155, 0.0 ], [ 86.749695, 47.583937, 0.0 ], [ 87.133289, 47.517201, 0.0 ], [ 87.484921, 47.546872, 0.0 ], [ 87.495909, 47.368594, 0.0 ], [ 87.221197, 47.294134, 0.0 ], [ 87.188232, 47.122476, 0.0 ], [ 87.429978, 47.062638, 0.0 ], [ 87.649748, 46.980252, 0.0 ], [ 87.693702, 46.792538, 0.0 ], [ 87.935448, 46.626806, 0.0 ], [ 88.243125, 46.551305, 0.0 ], [ 88.704641, 46.407564, 0.0 ], [ 89.056272, 46.407564, 0.0 ], [ 89.265053, 46.475699, 0.0 ], [ 89.561742, 46.362093, 0.0 ], [ 89.836454, 46.293816, 0.0 ], [ 90.177097, 46.065608, 0.0 ], [ 90.451809, 45.912944, 0.0 ], [ 90.506751, 45.544831, 0.0 ], [ 90.671578, 45.328979, 0.0 ], [ 90.979255, 45.205263, 0.0 ], [ 91.396817, 45.158801, 0.0 ], [ 91.825368, 45.127805, 0.0 ], [ 91.692867, 44.840291, 0.0 ], [ 91.539028, 44.590467, 0.0 ], [ 91.506063, 44.00862, 0.0 ], [ 91.725832, 43.699651, 0.0 ], [ 91.630467946030535, 43.637809244014861, 0.0 ], [ 91.588439, 43.47684, 0.0 ], [ 91.489542, 43.261206, 0.0 ], [ 91.489542, 43.008664, 0.0 ], [ 91.53899, 42.666281, 0.0 ], [ 91.489542, 42.326062, 0.0 ], [ 91.566457, 41.627762, 0.0 ], [ 91.588434, 41.471544, 0.0 ], [ 91.76425, 41.356196, 0.0 ], [ 92.033468, 41.405656, 0.0 ], [ 92.1928, 41.393294, 0.0 ], [ 92.225766, 41.310824, 0.0 ], [ 92.115881, 40.934265, 0.0 ], [ 91.918089, 40.405131, 0.0 ], [ 91.835729, 40.212441, 0.0 ], [ 91.780786, 39.850721, 0.0 ], [ 91.736832, 39.622615, 0.0 ], [ 91.769798, 39.423464, 0.0 ], [ 91.852211, 39.31305, 0.0 ], [ 91.808257, 39.159882, 0.0 ], [ 91.379707, 39.053318, 0.0 ], [ 90.846766, 38.950865, 0.0 ], [ 90.368767, 38.878205, 0.0 ], [ 89.835826, 38.796908, 0.0 ], [ 89.665505, 38.694085, 0.0 ], [ 89.643528, 38.522384, 0.0 ], [ 89.714953, 38.289937, 0.0 ], [ 89.610654, 38.164795, 0.0 ], [ 89.34693, 38.138877, 0.0 ], [ 89.017276, 38.190704, 0.0 ], [ 88.813989, 38.173433, 0.0 ], [ 88.654657, 38.078366, 0.0 ], [ 88.418404, 37.939865, 0.0 ], [ 88.12721, 37.913867, 0.0 ], [ 87.885463, 37.861844, 0.0 ], [ 87.874475, 37.749001, 0.0 ], [ 88.039302, 37.649034, 0.0 ], [ 88.193141, 37.601176, 0.0 ], [ 88.176658, 37.461778, 0.0 ], [ 88.314014, 37.348326, 0.0 ], [ 88.55576, 37.326489, 0.0 ], [ 88.813989, 37.247821, 0.0 ], [ 88.896403, 37.033255, 0.0 ], [ 88.945808, 36.840065, 0.0 ], [ 89.094153, 36.752089, 0.0 ], [ 89.324911, 36.70366, 0.0 ], [ 89.517209, 36.611118, 0.0 ], [ 89.654565, 36.390335, 0.0 ], [ 89.747828, 36.142311, 0.0 ], [ 89.896173, 35.955777, 0.0 ], [ 89.935073, 35.915747, 0.0 ], [ 89.891989, 35.675147, 0.0 ], [ 89.804081, 35.532226, 0.0 ], [ 89.474427, 35.496456, 0.0 ], [ 89.133784, 35.541166, 0.0 ], [ 88.595349, 35.782171, 0.0 ], [ 88.353602, 35.969115, 0.0 ], [ 87.969006, 36.013561, 0.0 ], [ 87.639352, 35.906849, 0.0 ], [ 87.243766, 35.835628, 0.0 ], [ 86.903124, 35.746512, 0.0 ], [ 86.485562, 35.791083, 0.0 ], [ 86.013583, 35.808904, 0.0 ], [ 85.617998, 35.835628, 0.0 ], [ 85.365263, 35.782171, 0.0 ], [ 85.046597, 35.701917, 0.0 ], [ 84.705955, 35.585852, 0.0 ], [ 84.431243, 35.424868, 0.0 ], [ 84.112577, 35.335293, 0.0 ], [ 83.815888, 35.353216, 0.0 ], [ 83.453269, 35.353216, 0.0 ], [ 83.101637, 35.478565, 0.0 ], [ 82.958787, 35.675147, 0.0 ], [ 82.728029, 35.684072, 0.0 ], [ 82.50826, 35.666222, 0.0 ], [ 82.266513, 35.550105, 0.0 ], [ 82.090698, 35.371135, 0.0 ], [ 81.837963, 35.227672, 0.0 ], [ 81.530286, 35.263562, 0.0 ], [ 81.244585, 35.344255, 0.0 ], [ 81.046793, 35.272532, 0.0 ], [ 80.850942, 35.371135, 0.0 ], [ 80.576231, 35.442771, 0.0 ], [ 80.389427, 35.308401, 0.0 ], [ 80.235588, 35.128894, 0.0 ], [ 80.015818, 34.849875, 0.0 ], [ 79.883957, 34.569906, 0.0 ], [ 79.510349, 34.434098, 0.0 ], [ 79.158717, 34.361576, 0.0 ], [ 78.785109, 34.388779, 0.0 ], [ 78.433478, 34.533712, 0.0 ], [ 78.279639, 34.831841, 0.0 ], [ 78.21769446905634, 35.132633334479152, 0.0 ], [ 78.081847, 35.406961, 0.0 ], [ 77.783553880709604, 35.453897369855731, 0.0 ], [ 77.488469, 35.43382, 0.0 ], [ 77.004976, 35.523285, 0.0 ], [ 76.675322, 35.639441, 0.0 ], [ 76.602691480406506, 35.727405940514188, 0.0 ], [ 76.500668442145027, 35.799039137591393, 0.0 ], [ 76.374767671524467, 35.799039137591393, 0.0 ], [ 76.235783, 35.764343, 0.0 ], [ 76.005025, 35.88905, 0.0 ] ] ] } },
{ "type": "Feature", "properties": { "省份": "云南", "id": "202608110010", "name": "云南", "layer": null, "path": "C:/Users/geste/Desktop/ming1433_fullv1.0.geojson" }, "geometry": { "type": "Polygon", "coordinates": [ [ [ 96.999332, 27.829361, 0.0 ], [ 96.977252, 27.547242, 0.0 ], [ 97.142079, 27.283926, 0.0 ], [ 96.977252, 27.176469, 0.0 ], [ 96.779459, 27.391278, 0.0 ], [ 96.515736, 27.332735, 0.0 ], [ 96.27399, 27.244863, 0.0 ], [ 96.010266, 27.196014, 0.0 ], [ 95.867416, 27.000408, 0.0 ], [ 95.581716, 26.853479, 0.0 ], [ 95.252061, 26.725987, 0.0 ], [ 95.065257, 26.588527, 0.0 ], [ 95.153165, 26.313113, 0.0 ], [ 95.1202, 25.99755, 0.0 ], [ 94.966361, 25.720735, 0.0 ], [ 94.768569, 25.463115, 0.0 ], [ 94.592753, 25.334097, 0.0 ], [ 94.768569, 25.105497, 0.0 ], [ 94.61473, 24.766785, 0.0 ], [ 94.417077, 24.407138, 0.0 ], [ 94.25225, 24.136728, 0.0 ], [ 94.241261, 23.735069, 0.0 ], [ 94.25225, 23.382598, 0.0 ], [ 94.461031, 23.281719, 0.0 ], [ 94.933535, 23.32208, 0.0 ], [ 95.47197, 23.422928, 0.0 ], [ 95.801625, 23.614329, 0.0 ], [ 96.19721, 23.825551, 0.0 ], [ 96.48291, 24.006326, 0.0 ], [ 96.636749, 23.986253, 0.0 ], [ 96.570818, 23.654588, 0.0 ], [ 96.384014, 23.231251, 0.0 ], [ 96.318083, 22.836946, 0.0 ], [ 96.416979, 22.532854, 0.0 ], [ 96.691691, 22.22809, 0.0 ], [ 96.867507, 21.871695, 0.0 ], [ 96.900472, 20.82801, 0.0 ], [ 96.96619, 20.324024, 0.0 ], [ 97.317822, 19.963023, 0.0 ], [ 97.669453, 19.766704, 0.0 ], [ 98.010095, 19.911384, 0.0 ], [ 98.438646, 20.066251, 0.0 ], [ 98.812254, 20.200346, 0.0 ], [ 99.010047, 20.334326, 0.0 ], [ 99.438597, 20.365228, 0.0 ], [ 99.768251, 20.334326, 0.0 ], [ 100.020986, 20.437308, 0.0 ], [ 100.42756, 20.673905, 0.0 ], [ 100.658318, 20.858812, 0.0 ], [ 100.680295, 21.0845, 0.0 ], [ 100.812156, 21.309846, 0.0 ], [ 101.053903, 21.361013, 0.0 ], [ 101.263371, 21.401934, 0.0 ], [ 101.351278, 21.135745, 0.0 ], [ 101.669944, 21.186973, 0.0 ], [ 101.84576, 21.361013, 0.0 ], [ 101.84576, 21.585935, 0.0 ], [ 101.933667, 21.739091, 0.0 ], [ 102.142448, 21.932855, 0.0 ], [ 102.252333, 22.156883, 0.0 ], [ 102.438247, 22.350076, 0.0 ], [ 102.712959, 22.380556, 0.0 ], [ 102.943717, 22.23826, 0.0 ], [ 103.185463, 22.065278, 0.0 ], [ 103.416221, 22.126355, 0.0 ], [ 103.537094, 22.319589, 0.0 ], [ 103.625002, 22.553147, 0.0 ], [ 103.723898, 22.634293, 0.0 ], [ 103.965645, 22.512557, 0.0 ], [ 104.163437, 22.735657, 0.0 ], [ 104.383207, 22.776182, 0.0 ], [ 104.635942, 22.66471, 0.0 ], [ 104.844723, 22.776182, 0.0 ], [ 104.866699, 22.998852, 0.0 ], [ 105.020538, 23.221155, 0.0 ], [ 105.328215, 23.352343, 0.0 ], [ 105.49832467218441, 23.247266891545593, 0.0 ], [ 105.537906454904999, 23.174134906598852, 0.0 ], [ 105.647309635451094, 23.343855566762372, 0.0 ], [ 105.697411987039501, 23.33143358084952, 0.0 ], [ 105.702337000044196, 23.373188282982479, 0.0 ], [ 105.7711575188913, 23.452843768917148, 0.0 ], [ 105.839420287176296, 23.46291703796447, 0.0 ], [ 105.8527239800883, 23.49673143512079, 0.0 ], [ 105.956967959315904, 23.500779600194811, 0.0 ], [ 105.998348519252005, 23.491368254968101, 0.0 ], [ 106.031947546389205, 23.462897359632841, 0.0 ], [ 106.084584652872707, 23.503668575197519, 0.0 ], [ 106.128446895429704, 23.520748579130931, 0.0 ], [ 106.150302285506797, 23.564042563558019, 0.0 ], [ 106.146563527356605, 23.62633731907728, 0.0 ], [ 106.1596586761937, 23.717723571138261, 0.0 ], [ 106.161780335145295, 23.782167423072121, 0.0 ], [ 106.1330737651693, 23.803179736057022, 0.0 ], [ 106.1513080512279, 23.83537438864434, 0.0 ], [ 106.208054169550095, 23.83104423230278, 0.0 ], [ 106.216688719517904, 23.86941765881263, 0.0 ], [ 106.178075795658899, 23.918246967228701, 0.0 ], [ 106.140435526332197, 23.952611646870832, 0.0 ], [ 106.137500853182502, 23.98549864217857, 0.0 ], [ 106.051260003199602, 24.063825515277451, 0.0 ], [ 106.038344951343802, 24.118874563022072, 0.0 ], [ 105.968200115635796, 24.117866508661571, 0.0 ], [ 105.897232423259297, 24.1253373662719, 0.0 ], [ 105.845933067740006, 24.099127212292991, 0.0 ], [ 105.812399241295907, 24.04908647194106, 0.0 ], [ 105.776460773423807, 24.07248184471262, 0.0 ], [ 105.705404534104801, 24.06756702943219, 0.0 ], [ 105.656069386465305, 24.092598515267799, 0.0 ], [ 105.617132550045696, 24.128745214305908, 0.0 ], [ 105.590602860887699, 24.11722247873627, 0.0 ], [ 105.545864387305599, 24.118545562655878, 0.0 ], [ 105.479246360071599, 24.034044756973032, 0.0 ], [ 105.428795320787302, 24.035081339776831, 0.0 ], [ 105.400262938300102, 24.08309923429432, 0.0 ], [ 105.331425386309405, 24.08308523609475, 0.0 ], [ 105.302028241823294, 24.134146159661551, 0.0 ], [ 105.269110865465507, 24.10340377902525, 0.0 ], [ 105.267667305975195, 24.064325021666569, 0.0 ], [ 105.207510136443702, 24.11814625709793, 0.0 ], [ 105.158763869567096, 24.245583840820341, 0.0 ], [ 105.198430960238497, 24.30529472815234, 0.0 ], [ 105.134090106539702, 24.37843806730357, 0.0 ], [ 105.062271914929696, 24.48491698544434, 0.0 ], [ 104.933869278758806, 24.403948737784411, 0.0 ], [ 104.7477260670438, 24.473911987022952, 0.0 ], [ 104.706382013916894, 24.40129786184427, 0.0 ], [ 104.7634598747171, 24.311265680265219, 0.0 ], [ 104.682962977511096, 24.329546717746162, 0.0 ], [ 104.592624196697898, 24.427244619011091, 0.0 ], [ 104.558926450067602, 24.499083119255729, 0.0 ], [ 104.515266798432407, 24.556883748569259, 0.0 ], [ 104.483440640482399, 24.66891090101057, 0.0 ], [ 104.529257351088702, 24.737356771258622, 0.0 ], [ 104.6795699919751, 24.949735016546601, 0.0 ], [ 104.746637805019603, 25.03431755559405, 0.0 ], [ 104.673124976784393, 25.067233275602572, 0.0 ], [ 104.742594791139396, 25.18893501439327, 0.0 ], [ 104.816668014224007, 25.239345408760851, 0.0 ], [ 104.697163543079597, 25.324744995572321, 0.0 ], [ 104.575820071443005, 25.403068249336581, 0.0 ], [ 104.554161519816503, 25.52845343888297, 0.0 ], [ 104.512108565502004, 25.528121508299389, 0.0 ], [ 104.448629354217601, 25.455219998651671, 0.0 ], [ 104.424472655703099, 25.45389217577253, 0.0 ], [ 104.4056893246253, 25.5855815465974, 0.0 ], [ 104.3168437442243, 25.64780419257707, 0.0 ], [ 104.329803837865498, 25.75765857542379, 0.0 ], [ 104.404912916848502, 25.747227312584041, 0.0 ], [ 104.440376915766507, 25.88899924872187, 0.0 ], [ 104.3738132684215, 25.948177324045439, 0.0 ], [ 104.536778009511394, 26.051760142207659, 0.0 ], [ 104.617053712480299, 26.246699240282531, 0.0 ], [ 104.592137393394907, 26.394179969517189, 0.0 ], [ 104.580478, 26.500073, 0.0 ], [ 104.558134, 26.519735, 0.0 ], [ 104.382685, 26.598351, 0.0 ], [ 104.217858, 26.598351, 0.0 ], [ 104.064019, 26.529565, 0.0 ], [ 103.855238, 26.539394, 0.0 ], [ 103.723377, 26.460738, 0.0 ], [ 103.602503, 26.234302, 0.0 ], [ 103.33878, 26.204734, 0.0 ], [ 103.064068, 26.185018, 0.0 ], [ 102.877264, 26.204734, 0.0 ], [ 102.85074665876968, 26.201632211675378, 0.0 ], [ 102.82253, 26.204734, 0.0 ], [ 102.712437, 26.263862, 0.0 ], [ 102.613541, 26.372185, 0.0 ], [ 102.437725, 26.342653, 0.0 ], [ 102.217956, 26.185018, 0.0 ], [ 102.119059, 25.977799, 0.0 ], [ 101.987198, 25.987675, 0.0 ], [ 101.866325, 25.977799, 0.0 ], [ 101.855336, 26.076521, 0.0 ], [ 101.954232, 26.32296, 0.0 ], [ 101.89929, 26.480407, 0.0 ], [ 101.868435743168561, 26.557763163053448, 0.0 ], [ 101.800394, 26.647459, 0.0 ], [ 101.701497, 26.608174, 0.0 ], [ 101.602601, 26.627818, 0.0 ], [ 101.558647, 26.814266, 0.0 ], [ 101.39382, 26.931865, 0.0 ], [ 101.239982, 27.078692, 0.0 ], [ 101.174051, 27.264396, 0.0 ], [ 101.174051, 27.410786, 0.0 ], [ 101.174259, 27.44979, 0.0 ], [ 101.229296, 27.71271, 0.0 ], [ 101.163365, 27.780772, 0.0 ], [ 101.042492, 27.80021, 0.0 ], [ 100.921618, 27.936181, 0.0 ], [ 100.899641, 28.091366, 0.0 ], [ 101.141388, 28.130128, 0.0 ], [ 101.306215, 28.168875, 0.0 ], [ 101.383134, 28.265682, 0.0 ], [ 101.383134, 28.372069, 0.0 ], [ 101.317203, 28.565225, 0.0 ], [ 101.262261, 28.690588, 0.0 ], [ 101.251273, 28.892779, 0.0 ], [ 100.966167, 28.825425, 0.0 ], [ 100.823317, 28.748397, 0.0 ], [ 100.789757, 28.738764, 0.0 ], [ 100.603547, 28.68095, 0.0 ], [ 100.394766, 28.661671, 0.0 ], [ 100.196974, 28.526622, 0.0 ], [ 100.009575, 28.507316, 0.0 ], [ 99.834354, 28.430053, 0.0 ], [ 99.757435, 28.246328, 0.0 ], [ 99.592607, 28.381735, 0.0 ], [ 99.42778, 28.256006, 0.0 ], [ 99.28493, 28.188244, 0.0 ], [ 99.186034, 28.343065, 0.0 ], [ 99.14208, 28.545926, 0.0 ], [ 99.163463, 28.700225, 0.0 ], [ 99.141486, 28.8158, 0.0 ], [ 99.141486, 28.921631, 0.0 ], [ 99.207416, 29.036961, 0.0 ], [ 99.207416, 29.13297, 0.0 ], [ 99.163463, 29.238477, 0.0 ], [ 99.064566, 29.238477, 0.0 ], [ 99.053578, 29.113775, 0.0 ], [ 99.009624, 28.940862, 0.0 ], [ 98.943693, 28.83505, 0.0 ], [ 98.844797, 28.988922, 0.0 ], [ 98.712935, 28.988922, 0.0 ], [ 98.614039, 28.940862, 0.0 ], [ 98.668981, 28.777289, 0.0 ], [ 98.701947, 28.603814, 0.0 ], [ 98.767877, 28.430053, 0.0 ], [ 98.690958, 28.352734, 0.0 ], [ 98.548108, 28.343065, 0.0 ], [ 98.427235, 28.333395, 0.0 ], [ 98.438223, 28.17856, 0.0 ], [ 98.284385, 28.294707, 0.0 ], [ 98.130546, 28.256006, 0.0 ], [ 97.976707, 28.333395, 0.0 ], [ 97.86196254016501, 28.349000096784703, 0.0 ], [ 97.669629, 28.507316, 0.0 ], [ 97.515597, 28.497661, 0.0 ], [ 97.372747, 28.304381, 0.0 ], [ 97.252067, 27.887639, 0.0 ], [ 96.999332, 27.829361, 0.0 ] ] ] } }
]
}
