{
"type": "FeatureCollection",
"name": "japan(1)",
"features": [
{ "type": "Feature", "properties": { "nam": "Saitama Ken", "nam_ja": "埼玉県", "id": 11 }, "geometry": { "type": "Polygon", "coordinates": [ [ [ 139.129302978516023, 36.283401489257834 ], [ 139.136001586913949, 36.278533935546889 ], [ 139.16110229492196, 36.278400421142557 ], [ 139.16389465332, 36.278999328613288 ], [ 139.169494628905994, 36.274868011474588 ], [ 139.171401977538977, 36.273868560791037 ], [ 139.197998046875, 36.262332916259794 ], [ 139.208602905273011, 36.262332916259794 ], [ 139.211898803710994, 36.260265350341761 ], [ 139.21159362793, 36.256332397460881 ], [ 139.223892211914006, 36.258468627929666 ], [ 139.229904174805, 36.253200531005909 ], [ 139.238098144531023, 36.246067047119119 ], [ 139.243698120117017, 36.244533538818416 ], [ 139.246795654297017, 36.244800567626996 ], [ 139.25669860839804, 36.245464324951207 ], [ 139.264801025391023, 36.242668151855476 ], [ 139.266998291016023, 36.243667602539112 ], [ 139.268005371094006, 36.250400543212905 ], [ 139.272705078125028, 36.249332427978516 ], [ 139.29699707031304, 36.24340057373054 ], [ 139.303695678710966, 36.245532989501967 ], [ 139.305404663085966, 36.244400024414084 ], [ 139.305404663085966, 36.240200042724631 ], [ 139.309997558594034, 36.233268737793018 ], [ 139.323501586913977, 36.229732513427685 ], [ 139.329101562499972, 36.233467102050838 ], [ 139.327804565429972, 36.239933013915966 ], [ 139.335296630858977, 36.243068695068388 ], [ 139.339904785155966, 36.244598388671903 ], [ 139.340408325194971, 36.246467590332024 ], [ 139.345993041991989, 36.249198913574183 ], [ 139.347106933593977, 36.253200531005909 ], [ 139.350997924804972, 36.254398345947273 ], [ 139.351898193359006, 36.253200531005909 ], [ 139.354598999022983, 36.251934051513693 ], [ 139.357498168945, 36.253200531005909 ], [ 139.359497070312983, 36.253200531005909 ], [ 139.370193481445, 36.246067047119119 ], [ 139.371795654296989, 36.2456665039063 ], [ 139.377105712890994, 36.244132995605511 ], [ 139.382904052734006, 36.237998962402266 ], [ 139.389892578125, 36.229732513427685 ], [ 139.407897949219006, 36.223064422607379 ], [ 139.416793823242017, 36.218067169189467 ], [ 139.419097900391023, 36.216732025146499 ], [ 139.420806884765994, 36.210933685302678 ], [ 139.425094604492017, 36.210468292236278 ], [ 139.44419860839804, 36.196865081787095 ], [ 139.457199096680029, 36.190601348876967 ], [ 139.473297119140938, 36.189334869384844 ], [ 139.493499755858977, 36.192199707031328 ], [ 139.495697021483977, 36.192665100097727 ], [ 139.49679565429696, 36.192798614501967 ], [ 139.513000488280994, 36.192798614501967 ], [ 139.525802612304972, 36.191333770752024 ], [ 139.541900634765994, 36.195533752441392 ], [ 139.558303833007983, 36.201400756835881 ], [ 139.57470703125, 36.204799652099609 ], [ 139.587905883789006, 36.210399627685526 ], [ 139.600997924805029, 36.205532073974581 ], [ 139.60989379882804, 36.196865081787095 ], [ 139.621795654296932, 36.188198089599602 ], [ 139.624893188477017, 36.186599731445327 ], [ 139.628097534180029, 36.194599151611335 ], [ 139.64059448242196, 36.197399139404332 ], [ 139.650299072265938, 36.19693374633794 ], [ 139.65100097656304, 36.201332092285213 ], [ 139.65000915527304, 36.21126556396483 ], [ 139.66059875488304, 36.214668273925824 ], [ 139.66369628906304, 36.211200714111342 ], [ 139.66200256347696, 36.207866668701186 ], [ 139.664794921874972, 36.207199096679702 ], [ 139.669998168944971, 36.207664489746101 ], [ 139.674301147460966, 36.209133148193402 ], [ 139.67770385742196, 36.201400756835881 ], [ 139.682800292968977, 36.201465606689545 ], [ 139.686096191405994, 36.203735351562486 ], [ 139.687896728515966, 36.199798583984425 ], [ 139.689605712890966, 36.194534301757756 ], [ 139.694396972655994, 36.190334320068388 ], [ 139.691192626952983, 36.172599792480504 ], [ 139.692001342772983, 36.169864654540987 ], [ 139.69860839843804, 36.152065277099616 ], [ 139.703094482421989, 36.145133972168004 ], [ 139.710098266601989, 36.135932922363274 ], [ 139.715408325195, 36.124332427978537 ], [ 139.726806640625, 36.111400604248018 ], [ 139.727096557617017, 36.10753250122071 ], [ 139.729797363280994, 36.087932586669886 ], [ 139.731903076171989, 36.08653259277343 ], [ 139.736801147460994, 36.08653259277343 ], [ 139.746795654297017, 36.087066650390582 ], [ 139.748199462890994, 36.08653259277343 ], [ 139.761001586914006, 36.081268310546939 ], [ 139.770309448242017, 36.081199645996094 ], [ 139.772506713867017, 36.084865570068395 ], [ 139.772003173828011, 36.08653259277343 ], [ 139.776199340820028, 36.090866088867216 ], [ 139.777893066406023, 36.08653259277343 ], [ 139.78250122070304, 36.0710639953613 ], [ 139.78959655761696, 36.061866760253928 ], [ 139.790695190430029, 36.05920028686517 ], [ 139.806900024414034, 36.04320144653316 ], [ 139.812103271484034, 36.039531707763679 ], [ 139.817398071289034, 36.032535552978487 ], [ 139.814208984375028, 36.02533340454103 ], [ 139.816894531249972, 36.003868103027266 ], [ 139.816894531249972, 36.003200531005866 ], [ 139.814208984375028, 35.997932434082017 ], [ 139.82589721679696, 35.984798431396499 ], [ 139.825607299805029, 35.972934722900369 ], [ 139.833404541015938, 35.968933105468821 ], [ 139.83549499511696, 35.958999633789119 ], [ 139.849395751952983, 35.938266754150412 ], [ 139.861694335937983, 35.932064056396499 ], [ 139.870101928710966, 35.919864654541037 ], [ 139.871795654296989, 35.915798187255916 ], [ 139.874694824218977, 35.912933349609425 ], [ 139.887298583984006, 35.89653396606451 ], [ 139.899200439453011, 35.866867065429737 ], [ 139.899993896484006, 35.865333557128857 ], [ 139.896896362305, 35.855400085449155 ], [ 139.8916015625, 35.846733093261669 ], [ 139.889892578125, 35.836532592773388 ], [ 139.88850402832, 35.830200195312507 ], [ 139.888198852539006, 35.825000762939503 ], [ 139.891098022460994, 35.819999694824226 ], [ 139.889297485351989, 35.808666229247983 ], [ 139.890594482421989, 35.80193328857419 ], [ 139.888595581055, 35.796398162841761 ], [ 139.893798828125, 35.782733917236271 ], [ 139.889099121093977, 35.783733367919908 ], [ 139.881301879882983, 35.782066345214787 ], [ 139.876693725585994, 35.780864715576236 ], [ 139.871795654296989, 35.784465789794879 ], [ 139.871795654296989, 35.788333892822273 ], [ 139.877395629882983, 35.793800354003942 ], [ 139.871795654296989, 35.797065734863338 ], [ 139.862701416015966, 35.794731140136733 ], [ 139.858795166015966, 35.794464111328068 ], [ 139.856399536132983, 35.790931701660185 ], [ 139.84680175781304, 35.796531677246094 ], [ 139.845001220702983, 35.798465728759794 ], [ 139.838806152344034, 35.800800323486307 ], [ 139.83419799804696, 35.797466278076243 ], [ 139.82719421386696, 35.793598175048764 ], [ 139.821594238280966, 35.796466827392607 ], [ 139.820205688477017, 35.802066802978523 ], [ 139.825103759766023, 35.811531066894467 ], [ 139.821105957030966, 35.815067291259801 ], [ 139.82099914550804, 35.811531066894467 ], [ 139.815597534180029, 35.809066772460888 ], [ 139.804595947266023, 35.808799743652315 ], [ 139.79609680175804, 35.805599212646491 ], [ 139.782394409180029, 35.807197570800767 ], [ 139.772796630859034, 35.815666198730526 ], [ 139.767700195313012, 35.817531585693381 ], [ 139.761199951172017, 35.812801361084041 ], [ 139.755599975586023, 35.812732696533196 ], [ 139.755401611328011, 35.812133789062464 ], [ 139.753402709960994, 35.810600280761676 ], [ 139.750503540039006, 35.8092651367188 ], [ 139.75080871582, 35.807731628418011 ], [ 139.760498046875028, 35.797866821289062 ], [ 139.755905151367017, 35.789600372314482 ], [ 139.753494262695028, 35.78646469116206 ], [ 139.746795654297017, 35.786865234374972 ], [ 139.746398925781023, 35.784133911132812 ], [ 139.737808227539006, 35.780532836914084 ], [ 139.738403320312983, 35.786598205566392 ], [ 139.735305786132983, 35.789665222167969 ], [ 139.725006103515994, 35.787334442138722 ], [ 139.722305297851989, 35.790664672851605 ], [ 139.709503173827983, 35.792068481445334 ], [ 139.697601318358977, 35.798400878906307 ], [ 139.696899414062983, 35.798866271972699 ], [ 139.691696166991989, 35.800666809081974 ], [ 139.67590332031304, 35.798931121826186 ], [ 139.65710449218804, 35.800533294677734 ], [ 139.647201538085966, 35.79753112792973 ], [ 139.641601562500028, 35.798065185546882 ], [ 139.639801025391023, 35.794334411621094 ], [ 139.63569641113304, 35.790664672851605 ], [ 139.629806518555029, 35.785533905029268 ], [ 139.624694824219034, 35.77946853637696 ], [ 139.624893188477017, 35.773200988769474 ], [ 139.621795654296932, 35.766731262206989 ], [ 139.617797851563012, 35.766666412353501 ], [ 139.61729431152304, 35.770465850830142 ], [ 139.611999511719034, 35.769668579101591 ], [ 139.611404418945028, 35.770534515380895 ], [ 139.609008789063012, 35.76953125 ], [ 139.60549926757804, 35.770732879638715 ], [ 139.602996826172017, 35.771064758300781 ], [ 139.59939575195304, 35.76953125 ], [ 139.597396850586023, 35.771133422851626 ], [ 139.604202270508011, 35.774333953857443 ], [ 139.597106933594006, 35.776599884033203 ], [ 139.596893310547017, 35.778400421142571 ], [ 139.59410095214804, 35.778732299804723 ], [ 139.593795776367017, 35.777332305908175 ], [ 139.588699340820028, 35.778598785400391 ], [ 139.585403442383011, 35.775333404540994 ], [ 139.582092285156023, 35.771800994873018 ], [ 139.578201293945028, 35.770931243896534 ], [ 139.576995849609034, 35.768066406249957 ], [ 139.574905395508011, 35.768131256103537 ], [ 139.574493408203011, 35.766998291015568 ], [ 139.57080078125, 35.76546478271478 ], [ 139.570999145508011, 35.764198303222742 ], [ 139.56689453125, 35.7627983093262 ], [ 139.564804077148011, 35.762531280517621 ], [ 139.562805175780994, 35.761734008789077 ], [ 139.561706542968977, 35.759666442871136 ], [ 139.557800292969006, 35.759666442871136 ], [ 139.555297851562983, 35.757133483886712 ], [ 139.553207397460994, 35.755664825439496 ], [ 139.547897338866989, 35.753665924072315 ], [ 139.54719543457, 35.754531860351619 ], [ 139.544601440429972, 35.754798889160192 ], [ 139.545394897460994, 35.757732391357436 ], [ 139.547805786132983, 35.773799896240206 ], [ 139.544906616210994, 35.773601531982386 ], [ 139.526992797851989, 35.768333435058622 ], [ 139.516098022460966, 35.76546478271478 ], [ 139.523895263671989, 35.771865844726598 ], [ 139.536102294921989, 35.775264739990234 ], [ 139.543594360351989, 35.781665802001967 ], [ 139.542495727539006, 35.78906631469733 ], [ 139.537200927734006, 35.791599273681577 ], [ 139.546295166015994, 35.79946517944343 ], [ 139.546401977539006, 35.803932189941371 ], [ 139.541595458984006, 35.807399749755945 ], [ 139.531799316405994, 35.79753112792973 ], [ 139.525192260741989, 35.791866302490241 ], [ 139.52340698242196, 35.791866302490241 ], [ 139.522003173827983, 35.789001464843842 ], [ 139.513702392577983, 35.78799819946294 ], [ 139.511596679687955, 35.785068511962876 ], [ 139.50770568847696, 35.783664703369062 ], [ 139.497802734374972, 35.781131744384815 ], [ 139.496994018554972, 35.778667449951236 ], [ 139.49679565429696, 35.778732299804723 ], [ 139.495101928710966, 35.781467437744055 ], [ 139.49360656738304, 35.78153228759772 ], [ 139.492599487304972, 35.779998779296932 ], [ 139.489898681640966, 35.780334472656264 ], [ 139.489593505858977, 35.779598236084027 ], [ 139.481597900390966, 35.780666351318416 ], [ 139.47529602050804, 35.777000427246115 ], [ 139.474792480469034, 35.775600433349567 ], [ 139.47360229492196, 35.775932312011719 ], [ 139.470306396484034, 35.773731231689538 ], [ 139.464508056641023, 35.773731231689538 ], [ 139.458801269530966, 35.771667480468778 ], [ 139.45730590820304, 35.769466400146506 ], [ 139.454498291016023, 35.769466400146506 ], [ 139.45210266113304, 35.769001007080107 ], [ 139.450607299805029, 35.769199371337926 ], [ 139.442703247070028, 35.766799926757834 ], [ 139.440795898438012, 35.766933441162081 ], [ 139.438003540039034, 35.769397735595746 ], [ 139.435806274414034, 35.767333984374986 ], [ 139.432998657227017, 35.767398834228473 ], [ 139.425994873047017, 35.767131805419901 ], [ 139.421401977539006, 35.767467498779318 ], [ 139.41650390625, 35.766201019287109 ], [ 139.408401489258011, 35.768798828125021 ], [ 139.404006958008011, 35.769264221191413 ], [ 139.399795532226989, 35.766933441162081 ], [ 139.396301269531023, 35.764266967773409 ], [ 139.391906738280994, 35.763267517089773 ], [ 139.3916015625, 35.763401031494105 ], [ 139.391693115234006, 35.766864776611321 ], [ 139.387298583984006, 35.766201019287109 ], [ 139.381195068359006, 35.765998840332017 ], [ 139.379196166992017, 35.771064758300781 ], [ 139.381500244140994, 35.774265289306598 ], [ 139.380004882812983, 35.777732849121087 ], [ 139.376892089844006, 35.780132293701179 ], [ 139.371795654296989, 35.778598785400391 ], [ 139.371398925780994, 35.778266906738324 ], [ 139.371795654296989, 35.778934478759808 ], [ 139.371795654296989, 35.780265808105511 ], [ 139.368103027343977, 35.783931732177727 ], [ 139.368804931640966, 35.787200927734389 ], [ 139.369003295898011, 35.789264678955064 ], [ 139.370193481445, 35.791198730468757 ], [ 139.358795166015994, 35.792400360107393 ], [ 139.351806640624972, 35.793464660644517 ], [ 139.347595214843977, 35.795867919921882 ], [ 139.343704223632983, 35.794868469238331 ], [ 139.339706420897983, 35.794464111328068 ], [ 139.333297729491989, 35.792198181152308 ], [ 139.330398559569971, 35.793598175048764 ], [ 139.325698852538977, 35.794998168945305 ], [ 139.315994262694971, 35.81340026855468 ], [ 139.31629943847696, 35.818931579589837 ], [ 139.315994262694971, 35.822998046874957 ], [ 139.31359863281304, 35.825199127197322 ], [ 139.305404663085966, 35.822601318359411 ], [ 139.303604125976932, 35.824333190918018 ], [ 139.301498413085966, 35.834064483642628 ], [ 139.298095703124972, 35.835266113281264 ], [ 139.29600524902304, 35.834133148193388 ], [ 139.29269409179696, 35.836532592773388 ], [ 139.291198730469034, 35.837799072265604 ], [ 139.28599548339804, 35.836532592773388 ], [ 139.28340148925804, 35.836532592773388 ], [ 139.280807495116932, 35.840534210205114 ], [ 139.280105590820028, 35.839466094970724 ], [ 139.274993896484034, 35.839599609374964 ], [ 139.261398315430029, 35.836532592773388 ], [ 139.258804321289034, 35.836532592773388 ], [ 139.256301879883011, 35.837799072265604 ], [ 139.246795654297017, 35.83686447143554 ], [ 139.244094848633011, 35.836799621581967 ], [ 139.241592407227017, 35.838531494140575 ], [ 139.239395141602017, 35.840534210205114 ], [ 139.233306884765994, 35.837131500244119 ], [ 139.229507446289006, 35.837333679199205 ], [ 139.222396850585994, 35.840732574462933 ], [ 139.21549987793, 35.845333099365213 ], [ 139.209106445312983, 35.846401214599602 ], [ 139.204895019530994, 35.844532012939482 ], [ 139.203903198241989, 35.842266082763722 ], [ 139.196395874023011, 35.840133666992209 ], [ 139.185806274413977, 35.842800140380874 ], [ 139.17550659179696, 35.847198486328061 ], [ 139.163406372069971, 35.850864410400369 ], [ 139.160095214843977, 35.855731964111307 ], [ 139.151107788085966, 35.860866546630916 ], [ 139.13839721679696, 35.864265441894467 ], [ 139.130294799804943, 35.865066528320284 ], [ 139.12179565429696, 35.864933013916037 ], [ 139.101791381835938, 35.86619949340816 ], [ 139.10020446777304, 35.86713409423831 ], [ 139.099197387695028, 35.868534088134766 ], [ 139.092407226563012, 35.868999481201165 ], [ 139.08610534668, 35.872600555419893 ], [ 139.078598022461023, 35.875400543212891 ], [ 139.072601318359034, 35.871799468994077 ], [ 139.062408447265994, 35.87340164184571 ], [ 139.05810546875, 35.877334594726591 ], [ 139.051696777344006, 35.878200531005895 ], [ 139.036193847656023, 35.889801025390625 ], [ 139.023895263671989, 35.897399902343814 ], [ 139.019393920898011, 35.898132324218786 ], [ 139.010299682616989, 35.897132873535234 ], [ 139.006607055663977, 35.891132354736328 ], [ 139.001495361327983, 35.884399414062536 ], [ 138.996795654296989, 35.884399414062536 ], [ 138.986694335937955, 35.881267547607379 ], [ 138.979904174804972, 35.884601593017621 ], [ 138.975997924804972, 35.88313293457032 ], [ 138.968200683594034, 35.882133483886683 ], [ 138.966003417969034, 35.878398895263715 ], [ 138.956893920897983, 35.87566757202147 ], [ 138.95030212402304, 35.869934082031314 ], [ 138.946304321289034, 35.868667602539098 ], [ 138.945892333983977, 35.865932464599588 ], [ 138.944091796874972, 35.861534118652308 ], [ 138.944000244141023, 35.854667663574183 ], [ 138.933898925780966, 35.851131439209034 ], [ 138.92819213867196, 35.849334716796939 ], [ 138.91499328613304, 35.85253143310549 ], [ 138.909896850586023, 35.851932525634759 ], [ 138.899703979492017, 35.846866607666001 ], [ 138.892898559570028, 35.839866638183629 ], [ 138.886505126953011, 35.846401214599602 ], [ 138.880004882812983, 35.846797943115241 ], [ 138.871795654297017, 35.854934692382763 ], [ 138.865905761718977, 35.858531951904311 ], [ 138.862701416015994, 35.858867645263729 ], [ 138.858993530273011, 35.857467651367188 ], [ 138.856704711914006, 35.864067077636733 ], [ 138.846298217773011, 35.867198944091797 ], [ 138.843994140625, 35.86626434326174 ], [ 138.832504272460966, 35.862400054931612 ], [ 138.829895019530994, 35.865200042724616 ], [ 138.820404052733977, 35.865264892578104 ], [ 138.81359863281304, 35.862331390380945 ], [ 138.808593749999972, 35.869598388671889 ], [ 138.802902221679972, 35.870265960693374 ], [ 138.792999267577954, 35.875068664550831 ], [ 138.792404174805029, 35.880401611328075 ], [ 138.791107177733977, 35.891334533691413 ], [ 138.77819824218804, 35.900131225585881 ], [ 138.767501831055029, 35.899333953857422 ], [ 138.758193969727017, 35.902267456054666 ], [ 138.750305175781023, 35.901733398437514 ], [ 138.746795654297017, 35.902801513671903 ], [ 138.739700317383011, 35.905601501464815 ], [ 138.734802246094006, 35.903934478759787 ], [ 138.728805541992017, 35.909267425537124 ], [ 138.729904174805, 35.913932800292976 ], [ 138.728302001953011, 35.917465209960945 ], [ 138.732604980469006, 35.919864654541037 ], [ 138.737106323242017, 35.926933288574162 ], [ 138.738494873047017, 35.934333801269531 ], [ 138.738708496094006, 35.938400268554744 ], [ 138.732391357422017, 35.94446563720696 ], [ 138.728103637695028, 35.954730987548814 ], [ 138.72349548339804, 35.958198547363303 ], [ 138.719696044922017, 35.961864471435518 ], [ 138.716400146484034, 35.964401245117209 ], [ 138.712295532227017, 35.969665527343793 ], [ 138.712692260742017, 35.985267639160163 ], [ 138.717300415039006, 35.993198394775412 ], [ 138.727691650391023, 35.995864868164077 ], [ 138.73570251464804, 36.001934051513743 ], [ 138.735794067383011, 36.003200531005866 ], [ 138.73789978027304, 36.006866455078082 ], [ 138.743896484375028, 36.011066436767628 ], [ 138.746795654297017, 36.014732360839844 ], [ 138.748596191405937, 36.018333435058572 ], [ 138.75230407714804, 36.026199340820334 ], [ 138.755004882813012, 36.034599304199162 ], [ 138.764297485352017, 36.03680038452152 ], [ 138.770401000977017, 36.038265228271463 ], [ 138.775405883789034, 36.037799835205071 ], [ 138.780593872069971, 36.03680038452152 ], [ 138.783599853515938, 36.033535003662124 ], [ 138.787704467772954, 36.031665802002003 ], [ 138.79080200195304, 36.02946472167973 ], [ 138.80700683593804, 36.033931732177678 ], [ 138.81410217285196, 36.03379821777343 ], [ 138.82020568847696, 36.036266326904283 ], [ 138.82850646972696, 36.037334442138672 ], [ 138.828994750976989, 36.04133224487304 ], [ 138.834991455077983, 36.050132751464773 ], [ 138.837997436523011, 36.050399780273438 ], [ 138.845397949218977, 36.061798095703082 ], [ 138.847396850585994, 36.067131042480511 ], [ 138.852798461914006, 36.068931579589787 ], [ 138.858993530273011, 36.069866180419936 ], [ 138.866104125976989, 36.077667236328118 ], [ 138.871795654297017, 36.079467773437486 ], [ 138.877197265625, 36.082466125488303 ], [ 138.888305664062983, 36.085597991943366 ], [ 138.889602661133011, 36.08653259277343 ], [ 138.896606445313012, 36.089401245117188 ], [ 138.903991699219034, 36.09180068969728 ], [ 138.90969848632804, 36.091201782226641 ], [ 138.91709899902304, 36.093532562255888 ], [ 138.93119812011696, 36.088268280029304 ], [ 138.94200134277304, 36.094333648681612 ], [ 138.945800781250028, 36.096267700195312 ], [ 138.94999694824196, 36.100933074951165 ], [ 138.957794189452954, 36.107933044433622 ], [ 138.956695556640966, 36.116134643554716 ], [ 138.958404541016023, 36.124267578124964 ], [ 138.95950317382804, 36.124134063720717 ], [ 138.965103149413949, 36.125801086425838 ], [ 138.973297119140966, 36.121868133544872 ], [ 138.976394653319971, 36.11733245849608 ], [ 138.979904174804972, 36.116466522216776 ], [ 138.982696533202983, 36.11673355102544 ], [ 138.985992431640966, 36.116001129150384 ], [ 138.990798950194971, 36.121067047119141 ], [ 138.995193481445, 36.12559890747066 ], [ 138.996795654296989, 36.125732421874993 ], [ 139.002197265624972, 36.12559890747066 ], [ 139.006195068359006, 36.130599975585938 ], [ 139.004302978515966, 36.13313293457027 ], [ 139.012191772460994, 36.13280105590821 ], [ 139.01600646972696, 36.133800506591754 ], [ 139.020401000976989, 36.131198883056577 ], [ 139.024993896484006, 36.134201049804666 ], [ 139.026596069335994, 36.130065917968786 ], [ 139.037002563476989, 36.12633514404299 ], [ 139.04280090332, 36.129600524902301 ], [ 139.041305541991989, 36.140933990478544 ], [ 139.043106079101989, 36.148468017578068 ], [ 139.047409057616989, 36.149868011474609 ], [ 139.04850769043, 36.152400970459034 ], [ 139.062103271484006, 36.153068542480518 ], [ 139.062698364258011, 36.158000946044858 ], [ 139.063705444335994, 36.159000396728494 ], [ 139.059692382813012, 36.164001464843771 ], [ 139.059295654297017, 36.165798187255866 ], [ 139.057403564453011, 36.169864654540987 ], [ 139.057601928710994, 36.183666229247997 ], [ 139.064498901367017, 36.187866210937543 ], [ 139.063201904297017, 36.195865631103544 ], [ 139.082702636719006, 36.216865539550831 ], [ 139.096405029297017, 36.23833465576169 ], [ 139.107803344727017, 36.253200531005909 ], [ 139.110198974609034, 36.258865356445305 ], [ 139.107498168944943, 36.261531829833977 ], [ 139.116195678710966, 36.268268585205128 ], [ 139.12179565429696, 36.27306747436522 ], [ 139.129302978516023, 36.283401489257834 ] ] ] } },
{ "type": "Feature", "properties": { "nam": "Chiba Ken", "nam_ja": "千葉県", "id": 12 }, "geometry": { "type": "MultiPolygon", "coordinates": [ [ [ [ 139.776199340820028, 36.090866088867216 ], [ 139.777496337891023, 36.09799957275392 ], [ 139.786804199219006, 36.104133605956982 ], [ 139.801208496094034, 36.091934204101612 ], [ 139.803894042969034, 36.08653259277343 ], [ 139.810607910155937, 36.065998077392628 ], [ 139.820205688477017, 36.057266235351562 ], [ 139.845993041991989, 36.034732818603494 ], [ 139.85910034179696, 36.027534484863303 ], [ 139.866302490233977, 36.020267486572273 ], [ 139.871795654296989, 36.014533996582024 ], [ 139.878494262695, 36.007198333740234 ], [ 139.879501342772983, 36.003200531005866 ], [ 139.884201049804972, 35.988864898681619 ], [ 139.900802612305, 35.976932525634822 ], [ 139.917098999023011, 35.970264434814517 ], [ 139.923706054687983, 35.970600128173764 ], [ 139.934097290039006, 35.968399047851577 ], [ 139.938201904297017, 35.961864471435518 ], [ 139.932098388672017, 35.949733734130902 ], [ 139.939193725586023, 35.940265655517592 ], [ 139.952102661133011, 35.935733795165987 ], [ 139.966003417969034, 35.926532745361342 ], [ 139.978500366211023, 35.922000885009822 ], [ 139.980804443359034, 35.919864654541037 ], [ 139.993103027344034, 35.910331726074155 ], [ 139.995208740234034, 35.909534454345696 ], [ 139.99679565429696, 35.909198760986278 ], [ 140.0, 35.909420013427713 ], [ 140.016998291015966, 35.91059875488282 ], [ 140.024200439452983, 35.906265258789119 ], [ 140.03059387207, 35.900932312011697 ], [ 140.048599243163977, 35.891799926757812 ], [ 140.060806274413977, 35.888332366943416 ], [ 140.070495605469006, 35.878398895263715 ], [ 140.076202392578011, 35.876998901367166 ], [ 140.089004516601989, 35.884067535400384 ], [ 140.10270690918, 35.880733489990227 ], [ 140.118392944336023, 35.874267578125014 ], [ 140.121795654297017, 35.87360000610353 ], [ 140.127197265625028, 35.870864868164105 ], [ 140.137603759766023, 35.85566711425782 ], [ 140.146606445313012, 35.845600128173785 ], [ 140.154800415039034, 35.842601776122969 ], [ 140.167907714844034, 35.845466613769545 ], [ 140.191497802733977, 35.85459899902343 ], [ 140.206405639647983, 35.861400604247976 ], [ 140.21369934082, 35.861999511718793 ], [ 140.232498168945, 35.854133605957031 ], [ 140.243591308594006, 35.855400085449155 ], [ 140.246795654296989, 35.85733413696294 ], [ 140.273101806640994, 35.872333526611314 ], [ 140.281204223633011, 35.874134063720682 ], [ 140.289398193359034, 35.871398925781342 ], [ 140.308197021484034, 35.864532470703132 ], [ 140.317596435546932, 35.8643989562988 ], [ 140.335296630858977, 35.872600555419893 ], [ 140.350204467772954, 35.885601043701172 ], [ 140.355697631835966, 35.894466400146477 ], [ 140.36650085449196, 35.900199890136726 ], [ 140.37179565429696, 35.901466369628935 ], [ 140.375900268554972, 35.902332305908239 ], [ 140.378997802733977, 35.90306472778321 ], [ 140.398803710937983, 35.909332275390611 ], [ 140.410903930663977, 35.90840148925782 ], [ 140.420501708984006, 35.906398773193366 ], [ 140.434906005859006, 35.911731719970703 ], [ 140.44859313964804, 35.915199279785185 ], [ 140.452301025390994, 35.919864654541037 ], [ 140.458496093750028, 35.926132202148438 ], [ 140.471008300781023, 35.919864654541037 ], [ 140.484100341797017, 35.909866333007763 ], [ 140.49679565429696, 35.906467437744119 ], [ 140.502792358397954, 35.905799865722727 ], [ 140.49679565429696, 35.910465240478487 ], [ 140.490798950195028, 35.915134429931612 ], [ 140.489501953125028, 35.919864654541037 ], [ 140.487197875977017, 35.928131103515618 ], [ 140.49050903320304, 35.931934356689524 ], [ 140.495300292969034, 35.930801391601555 ], [ 140.49679565429696, 35.932865142822315 ], [ 140.501205444336023, 35.94659805297848 ], [ 140.511306762694943, 35.958667755126967 ], [ 140.52870178222696, 35.945999145507841 ], [ 140.533294677733977, 35.941265106201229 ], [ 140.555404663085966, 35.931331634521527 ], [ 140.573699951171989, 35.922000885009822 ], [ 140.572799682616989, 35.921333312988338 ], [ 140.576904296874972, 35.919864654541037 ], [ 140.583099365234006, 35.913398742675824 ], [ 140.585205078125, 35.909332275390611 ], [ 140.587997436523011, 35.91059875488282 ], [ 140.588806152343977, 35.907733917236335 ], [ 140.588394165039006, 35.906265258789119 ], [ 140.598892211914006, 35.903198242187543 ], [ 140.600006103515994, 35.902065277099574 ], [ 140.612503051758011, 35.890132904052692 ], [ 140.621795654297017, 35.873931884765589 ], [ 140.630096435547017, 35.861598968505888 ], [ 140.631805419922017, 35.858867645263729 ], [ 140.647994995116932, 35.855598449706974 ], [ 140.68209838867196, 35.849533081054666 ], [ 140.70309448242196, 35.83873367309566 ], [ 140.70610046386696, 35.836532592773388 ], [ 140.71749877929696, 35.822666168212898 ], [ 140.720794677733977, 35.813465118408168 ], [ 140.729507446288977, 35.796199798584034 ], [ 140.746795654296989, 35.7817993164063 ], [ 140.795791625977017, 35.753200531005916 ], [ 140.820404052734034, 35.739597320556641 ], [ 140.846694946289034, 35.740001678466818 ], [ 140.851898193358949, 35.743865966796946 ], [ 140.85820007324196, 35.743999481201186 ], [ 140.860992431640966, 35.742931365966797 ], [ 140.861404418944971, 35.74466705322267 ], [ 140.86219787597696, 35.74259948730473 ], [ 140.86430358886696, 35.742134094238338 ], [ 140.869003295897954, 35.736000061035185 ], [ 140.864593505858977, 35.734066009521484 ], [ 140.869003295897954, 35.731334686279332 ], [ 140.867492675780966, 35.731067657470668 ], [ 140.868103027344034, 35.729797363281271 ], [ 140.87089538574196, 35.718265533447294 ], [ 140.866104125976932, 35.712467193603473 ], [ 140.86860656738304, 35.708801269531257 ], [ 140.869293212890966, 35.706867218017564 ], [ 140.866302490233977, 35.706466674804744 ], [ 140.86349487304696, 35.703132629394503 ], [ 140.865493774413977, 35.693401336669886 ], [ 140.859298706055029, 35.695133209228494 ], [ 140.851699829102017, 35.697799682617166 ], [ 140.851501464844034, 35.696666717529283 ], [ 140.849197387694971, 35.697864532470739 ], [ 140.850708007813012, 35.695800781249979 ], [ 140.849197387694971, 35.696132659912131 ], [ 140.848297119141023, 35.697933197021499 ], [ 140.84719848632804, 35.697200775146527 ], [ 140.845596313477017, 35.699466705322287 ], [ 140.846694946289034, 35.698734283447315 ], [ 140.844299316405966, 35.702400207519531 ], [ 140.841705322266023, 35.703330993652322 ], [ 140.83799743652304, 35.710998535156264 ], [ 140.830795288086023, 35.713466644287109 ], [ 140.811004638672017, 35.712265014648388 ], [ 140.761199951171989, 35.697933197021499 ], [ 140.759399414062983, 35.696132659912131 ], [ 140.746795654296989, 35.693401336669886 ], [ 140.736999511718977, 35.691600799560526 ], [ 140.736145019531023, 35.693485260009808 ], [ 140.733901977538977, 35.692665100097734 ], [ 140.733795166015966, 35.691467285156278 ], [ 140.725204467772983, 35.693599700927706 ], [ 140.724304199218977, 35.695331573486314 ], [ 140.720199584960966, 35.700531005859411 ], [ 140.707199096679972, 35.702064514160199 ], [ 140.685806274414034, 35.698200225830071 ], [ 140.655395507813012, 35.688198089599616 ], [ 140.625106811523011, 35.672401428222692 ], [ 140.621795654297017, 35.670333862304666 ], [ 140.621002197265994, 35.669868469238267 ], [ 140.606506347655994, 35.660598754882784 ], [ 140.559692382812983, 35.627799987793033 ], [ 140.536697387694971, 35.611064910888693 ], [ 140.525497436522983, 35.60253143310554 ], [ 140.50630187988304, 35.586532592773438 ], [ 140.49809265136696, 35.579067230224588 ], [ 140.49679565429696, 35.577934265136705 ], [ 140.48570251464804, 35.566398620605462 ], [ 140.469802856445028, 35.547466278076207 ], [ 140.468902587891023, 35.547466278076207 ], [ 140.463897705078011, 35.537666320800838 ], [ 140.460296630859034, 35.534198760986264 ], [ 140.458496093750028, 35.535064697265568 ], [ 140.449905395508011, 35.524532318115227 ], [ 140.433700561523011, 35.503200531005881 ], [ 140.430297851562983, 35.498264312744091 ], [ 140.41569519043, 35.471668243408168 ], [ 140.411300659179972, 35.461532592773374 ], [ 140.397506713866989, 35.419864654540959 ], [ 140.397201538085994, 35.418666839599595 ], [ 140.396194458007983, 35.414398193359382 ], [ 140.391799926757983, 35.383132934570334 ], [ 140.391601562499972, 35.37699890136718 ], [ 140.395004272460966, 35.336532592773402 ], [ 140.397903442382983, 35.330200195312514 ], [ 140.401596069335994, 35.328533172607393 ], [ 140.404006958007983, 35.328132629394489 ], [ 140.409591674805, 35.319866180419908 ], [ 140.412307739257983, 35.315265655517628 ], [ 140.414794921875, 35.306934356689474 ], [ 140.41259765625, 35.302131652832017 ], [ 140.403503417968977, 35.281600952148402 ], [ 140.401107788085966, 35.274868011474609 ], [ 140.400802612304972, 35.25566864013669 ], [ 140.402297973632983, 35.255935668945263 ], [ 140.405700683593977, 35.25320053100593 ], [ 140.404205322265966, 35.25320053100593 ], [ 140.402099609375, 35.255001068115206 ], [ 140.402496337890994, 35.25320053100593 ], [ 140.404403686522983, 35.252532958984446 ], [ 140.40760803222696, 35.249931335449176 ], [ 140.405807495116989, 35.25 ], [ 140.404800415038977, 35.247200012207017 ], [ 140.405899047851989, 35.240467071533224 ], [ 140.403305053710994, 35.235065460205135 ], [ 140.400100708007983, 35.229133605956982 ], [ 140.395599365234006, 35.215866088867216 ], [ 140.393005371093977, 35.210998535156271 ], [ 140.393295288085994, 35.202999114990178 ], [ 140.391494750976989, 35.200332641601598 ], [ 140.384994506835994, 35.192199707031264 ], [ 140.384201049804972, 35.187198638915987 ], [ 140.380706787108977, 35.184600830078075 ], [ 140.377502441405966, 35.180999755859439 ], [ 140.37179565429696, 35.178798675537074 ], [ 140.36860656738304, 35.178535461425767 ], [ 140.358901977538977, 35.182201385497983 ], [ 140.351394653319971, 35.181400299072344 ], [ 140.34680175781304, 35.175533294677678 ], [ 140.34640502929696, 35.174865722656286 ], [ 140.339294433594034, 35.169868469238281 ], [ 140.333999633789034, 35.164932250976584 ], [ 140.332199096680029, 35.156200408935518 ], [ 140.32839965820304, 35.151268005371087 ], [ 140.32620239257804, 35.140132904052663 ], [ 140.32279968261696, 35.13899993896478 ], [ 140.319396972655966, 35.137268066406264 ], [ 140.316406250000028, 35.138267517089808 ], [ 140.311706542969006, 35.134265899658175 ], [ 140.311706542969006, 35.138198852539141 ], [ 140.31260681152304, 35.147132873535206 ], [ 140.30879211425804, 35.149868011474631 ], [ 140.298904418945028, 35.150932312011669 ], [ 140.295593261719034, 35.146400451660234 ], [ 140.291305541992017, 35.145198822021513 ], [ 140.290893554688012, 35.140533447265568 ], [ 140.290893554688012, 35.138198852539141 ], [ 140.292404174805, 35.138332366943388 ], [ 140.290893554688012, 35.136867523193445 ], [ 140.287994384766023, 35.137199401855504 ], [ 140.286804199219006, 35.13446807861326 ], [ 140.285095214844006, 35.134799957275412 ], [ 140.283401489258011, 35.133399963378871 ], [ 140.282196044922017, 35.133335113525384 ], [ 140.280700683594006, 35.133666992187536 ], [ 140.280197143555, 35.133132934570291 ], [ 140.279296875000028, 35.133666992187536 ], [ 140.278503417969006, 35.132732391357386 ], [ 140.277206420898011, 35.130867004394531 ], [ 140.273895263672017, 35.131198883056598 ], [ 140.276504516601989, 35.133731842041023 ], [ 140.27490234375, 35.136665344238267 ], [ 140.27099609375, 35.136932373046932 ], [ 140.270095825195028, 35.136798858642599 ], [ 140.268295288086023, 35.133533477783203 ], [ 140.267807006835994, 35.135532379150384 ], [ 140.266403198242017, 35.134399414062507 ], [ 140.26350402832, 35.134132385253928 ], [ 140.263107299805, 35.137001037597685 ], [ 140.257507324218977, 35.137599945068416 ], [ 140.257705688476989, 35.135066986083991 ], [ 140.254104614257983, 35.134399414062507 ], [ 140.252502441405994, 35.13433456420902 ], [ 140.248992919921989, 35.134399414062507 ], [ 140.247894287109006, 35.130733489990199 ], [ 140.249496459960994, 35.12926864624017 ], [ 140.246795654296989, 35.127265930175803 ], [ 140.246200561523011, 35.125934600830107 ], [ 140.242706298827983, 35.124668121337891 ], [ 140.239501953125, 35.124065399169893 ], [ 140.234497070312983, 35.121665954589801 ], [ 140.237701416015994, 35.118267059326165 ], [ 140.233596801757983, 35.11546707153316 ], [ 140.226699829101989, 35.115535736084006 ], [ 140.222503662108977, 35.116268157958977 ], [ 140.212005615233977, 35.114334106445284 ], [ 140.209594726562983, 35.113868713378885 ], [ 140.204101562499972, 35.110466003417976 ], [ 140.201904296874972, 35.109733581543004 ], [ 140.200500488280966, 35.11119842529304 ], [ 140.195495605468977, 35.117801666259766 ], [ 140.195800781249972, 35.11806869506843 ], [ 140.197006225585966, 35.119934082031286 ], [ 140.19560241699196, 35.121067047119077 ], [ 140.197601318358977, 35.121532440185469 ], [ 140.195892333983977, 35.122932434082017 ], [ 140.194000244140966, 35.124931335449197 ], [ 140.19250488281304, 35.126800537109411 ], [ 140.186691284179972, 35.125598907470682 ], [ 140.183700561522983, 35.118598937988317 ], [ 140.181304931640938, 35.118934631347734 ], [ 140.179595947265966, 35.118865966796889 ], [ 140.178497314452954, 35.12073516845701 ], [ 140.17410278320304, 35.120201110839773 ], [ 140.16850280761696, 35.123535156250014 ], [ 140.162200927733949, 35.121734619140561 ], [ 140.162094116210966, 35.122535705566378 ], [ 140.158508300780937, 35.122131347656286 ], [ 140.153701782227017, 35.121265411376982 ], [ 140.151596069335938, 35.117000579834041 ], [ 140.15049743652304, 35.116668701171889 ], [ 140.136199951172017, 35.121467590331982 ], [ 140.121795654297017, 35.115535736084006 ], [ 140.110397338867017, 35.107734680175824 ], [ 140.104400634765994, 35.098400115966761 ], [ 140.107406616210994, 35.093868255615241 ], [ 140.106307983398011, 35.091999053955121 ], [ 140.108398437500028, 35.092201232910206 ], [ 140.108703613281023, 35.091335296630902 ], [ 140.103103637695028, 35.090667724609418 ], [ 140.10069274902304, 35.089797973632756 ], [ 140.100997924805, 35.086532592773359 ], [ 140.099594116211023, 35.0859985351563 ], [ 140.099700927734006, 35.082199096679659 ], [ 140.101593017578011, 35.07866668701169 ], [ 140.101898193359034, 35.077198028564474 ], [ 140.099304199219006, 35.07673263549799 ], [ 140.099105834960994, 35.074798583984382 ], [ 140.097198486328011, 35.075466156005866 ], [ 140.096206665039006, 35.075798034668018 ], [ 140.089904785155994, 35.072998046875021 ], [ 140.086395263672017, 35.073665618896506 ], [ 140.084396362305, 35.069931030273445 ], [ 140.079605102539006, 35.068199157714837 ], [ 140.079391479492017, 35.066600799560469 ], [ 140.081100463867017, 35.066600799560469 ], [ 140.081802368164006, 35.06473159790044 ], [ 140.084197998046989, 35.063133239746072 ], [ 140.081893920898011, 35.062400817871101 ], [ 140.081192016601989, 35.061798095703104 ], [ 140.079696655273011, 35.0628662109375 ], [ 140.076095581055, 35.06319808959956 ], [ 140.076095581055, 35.0609321594238 ], [ 140.074493408203011, 35.0587348937988 ], [ 140.074798583984006, 35.056934356689524 ], [ 140.074005126952983, 35.056331634521527 ], [ 140.069107055663977, 35.057735443115163 ], [ 140.065505981445, 35.058334350585888 ], [ 140.05859375, 35.0585327148438 ], [ 140.055999755859006, 35.058132171630888 ], [ 140.038101196288977, 35.05139923095701 ], [ 140.032302856444971, 35.048000335693366 ], [ 140.017196655272983, 35.035865783691392 ], [ 140.013992309569971, 35.035533905029332 ], [ 140.01249694824196, 35.035934448242237 ], [ 140.0, 35.027973175048835 ], [ 139.99679565429696, 35.02593231201169 ], [ 139.981506347655937, 35.011333465576229 ], [ 139.97610473632804, 35.003200531005888 ], [ 139.974792480469034, 35.0 ], [ 139.973800659180029, 34.997600555419886 ], [ 139.972106933594034, 34.986801147460881 ], [ 139.967605590820028, 34.981666564941364 ], [ 139.968597412109034, 34.977066040039091 ], [ 139.967498779297017, 34.976932525634844 ], [ 139.960998535156023, 34.968067169189538 ], [ 139.964202880859034, 34.952800750732408 ], [ 139.965896606445028, 34.954132080078111 ], [ 139.96470642089804, 34.949733734130923 ], [ 139.964401245116932, 34.945465087890618 ], [ 139.964096069336023, 34.943599700927678 ], [ 139.964202880859034, 34.942932128906286 ], [ 139.962799072266023, 34.94133377075201 ], [ 139.962402343750028, 34.939800262451222 ], [ 139.96049499511696, 34.938732147216825 ], [ 139.960205078125028, 34.937999725341768 ], [ 139.957397460938012, 34.935932159423828 ], [ 139.957107543945028, 34.93433380126946 ], [ 139.953994750977017, 34.931598663330128 ], [ 139.955200195313012, 34.931800842285213 ], [ 139.956100463867017, 34.931198120117216 ], [ 139.947998046875028, 34.927333831787095 ], [ 139.94639587402304, 34.924266815185518 ], [ 139.941894531250028, 34.923999786377031 ], [ 139.942092895508011, 34.919864654540973 ], [ 139.942596435547017, 34.918998718261669 ], [ 139.938995361328011, 34.916198730468842 ], [ 139.935104370117017, 34.913932800292997 ], [ 139.931503295898011, 34.912666320800781 ], [ 139.92399597168, 34.911334991455085 ], [ 139.928298950195028, 34.910068511962869 ], [ 139.920104980469006, 34.909667968749964 ], [ 139.920196533203011, 34.907665252685511 ], [ 139.917694091797017, 34.90673446655272 ], [ 139.911102294921989, 34.90706634521478 ], [ 139.910003662109006, 34.907131195068445 ], [ 139.908599853515994, 34.904998779296932 ], [ 139.903106689452983, 34.9043998718262 ], [ 139.903594970703011, 34.903732299804716 ], [ 139.898605346679972, 34.905334472656264 ], [ 139.897796630859006, 34.904933929443445 ], [ 139.893997192382983, 34.905601501464837 ], [ 139.890106201171989, 34.903598785400384 ], [ 139.887893676757983, 34.89953231811517 ], [ 139.886795043945, 34.90273284912108 ], [ 139.884902954101989, 34.903068542480504 ], [ 139.883697509765994, 34.903133392333991 ], [ 139.877197265625, 34.903266906738324 ], [ 139.873504638671989, 34.903133392333991 ], [ 139.872894287109006, 34.902801513671925 ], [ 139.871795654296989, 34.902667999267592 ], [ 139.867202758788977, 34.906265258789141 ], [ 139.849197387694971, 34.903865814208963 ], [ 139.845703124999972, 34.90273284912108 ], [ 139.840103149413977, 34.904201507568381 ], [ 139.837097167968949, 34.903198242187479 ], [ 139.83450317382804, 34.90693283081054 ], [ 139.824401855469034, 34.911067962646506 ], [ 139.823898315430029, 34.913467407226598 ], [ 139.824203491210966, 34.918933868408182 ], [ 139.82539367675804, 34.919864654540973 ], [ 139.823898315430029, 34.921199798584027 ], [ 139.826492309569971, 34.924465179443423 ], [ 139.826904296874943, 34.925331115722727 ], [ 139.82409667968804, 34.932735443115185 ], [ 139.811599731444971, 34.943065643310526 ], [ 139.780899047852017, 34.9552001953125 ], [ 139.777801513672017, 34.955333709716832 ], [ 139.776702880859034, 34.9552001953125 ], [ 139.76939392089804, 34.954799652099595 ], [ 139.768402099609034, 34.956733703613288 ], [ 139.766494750977017, 34.957798004150412 ], [ 139.759002685547017, 34.958599090576229 ], [ 139.758499145508011, 34.961868286132805 ], [ 139.757598876953011, 34.961467742919901 ], [ 139.755905151367017, 34.963466644287081 ], [ 139.754699707031023, 34.963600158691413 ], [ 139.753601074219006, 34.96686553955081 ], [ 139.753601074219006, 34.967666625976626 ], [ 139.75390625, 34.968868255615178 ], [ 139.754898071289006, 34.968868255615178 ], [ 139.752899169922017, 34.974468231201179 ], [ 139.753707885742017, 34.974998474121058 ], [ 139.754302978515994, 34.975933074951207 ], [ 139.75390625, 34.977733612060483 ], [ 139.757904052734006, 34.977668762206996 ], [ 139.759506225585994, 34.975131988525391 ], [ 139.760803222656023, 34.97606658935554 ], [ 139.764602661133011, 34.975334167480483 ], [ 139.769302368164006, 34.97586822509772 ], [ 139.772598266602017, 34.977401733398423 ], [ 139.776199340820028, 34.975734710693388 ], [ 139.781707763672017, 34.976333618164119 ], [ 139.784393310547017, 34.973400115966783 ], [ 139.79389953613304, 34.973731994628935 ], [ 139.811508178711023, 34.978267669677727 ], [ 139.813003540039034, 34.978267669677727 ], [ 139.81669616699196, 34.979000091552699 ], [ 139.818206787109034, 34.977668762206996 ], [ 139.824203491210966, 34.982067108154276 ], [ 139.82760620117196, 34.988735198974581 ], [ 139.823806762694971, 34.989601135253885 ], [ 139.824798583983977, 34.991466522216825 ], [ 139.82670593261696, 34.989799499511705 ], [ 139.82899475097696, 34.990734100341761 ], [ 139.84159851074196, 34.991668701171911 ], [ 139.843002319335966, 34.98926544189446 ], [ 139.841796874999972, 34.985935211181577 ], [ 139.848205566405966, 34.985198974609425 ], [ 139.855209350585966, 34.989665985107372 ], [ 139.857498168944971, 35.0 ], [ 139.858200073241989, 35.003200531005888 ], [ 139.856704711913977, 35.01473236083978 ], [ 139.850601196288977, 35.024799346923814 ], [ 139.848907470702954, 35.024333953857415 ], [ 139.847396850585966, 35.025798797607358 ], [ 139.845993041991989, 35.02413177490233 ], [ 139.844802856444971, 35.025466918945298 ], [ 139.844100952147983, 35.023799896240178 ], [ 139.840408325194971, 35.027801513671903 ], [ 139.833099365233977, 35.032131195068423 ], [ 139.831604003905966, 35.032398223876996 ], [ 139.82589721679696, 35.031532287597692 ], [ 139.819000244141023, 35.033599853515632 ], [ 139.811904907227017, 35.036731719970696 ], [ 139.810699462891023, 35.039199829101634 ], [ 139.81489562988304, 35.042800903320277 ], [ 139.819107055664034, 35.038665771484396 ], [ 139.82090759277304, 35.039798736572273 ], [ 139.822006225585938, 35.036933898925788 ], [ 139.823806762694971, 35.037067413330121 ], [ 139.832107543944971, 35.043933868408246 ], [ 139.831604003905966, 35.048065185546946 ], [ 139.832107543944971, 35.050735473632791 ], [ 139.828704833983977, 35.052131652831982 ], [ 139.826599121094034, 35.0585327148438 ], [ 139.82099914550804, 35.06486511230468 ], [ 139.82009887695304, 35.066200256347742 ], [ 139.821304321289034, 35.070934295654261 ], [ 139.821197509765938, 35.071998596191385 ], [ 139.83720397949196, 35.078266143798778 ], [ 139.839096069335966, 35.08179855346684 ], [ 139.840408325194971, 35.081398010253935 ], [ 139.842300415038977, 35.086532592773359 ], [ 139.842208862305029, 35.087398529052663 ], [ 139.836105346680029, 35.09966659545897 ], [ 139.828506469726932, 35.099731445312457 ], [ 139.828704833983977, 35.101398468017578 ], [ 139.824401855469034, 35.100799560546939 ], [ 139.82679748535196, 35.103801727294943 ], [ 139.82719421386696, 35.104598999023402 ], [ 139.82620239257804, 35.106067657470703 ], [ 139.824295043944971, 35.107666015624979 ], [ 139.826599121094034, 35.109001159668033 ], [ 139.82809448242196, 35.109333038330099 ], [ 139.824798583983977, 35.113265991210888 ], [ 139.82589721679696, 35.114067077636705 ], [ 139.82800292968804, 35.118598937988317 ], [ 139.83020019531304, 35.119201660156314 ], [ 139.831405639647954, 35.122467041015618 ], [ 139.83540344238304, 35.124534606933558 ], [ 139.834793090819971, 35.130001068115227 ], [ 139.836502075194971, 35.129135131835923 ], [ 139.839096069335966, 35.12926864624017 ], [ 139.837097167968949, 35.133201599121136 ], [ 139.83680725097696, 35.134998321533232 ], [ 139.837493896483977, 35.135334014892564 ], [ 139.829895019530966, 35.14580154418951 ], [ 139.828598022460966, 35.150665283203089 ], [ 139.817199707030966, 35.154533386230483 ], [ 139.818099975585966, 35.154865264892635 ], [ 139.819000244141023, 35.160465240478459 ], [ 139.822097778319971, 35.164798736572337 ], [ 139.817108154296932, 35.168334960937493 ], [ 139.818206787109034, 35.169868469238281 ], [ 139.817108154296932, 35.170600891113338 ], [ 139.817199707030966, 35.172668457031278 ], [ 139.81750488281304, 35.175067901611285 ], [ 139.816894531249972, 35.177265167236285 ], [ 139.817703247069971, 35.180999755859439 ], [ 139.817703247069971, 35.183868408203104 ], [ 139.81840515136696, 35.186668395996108 ], [ 139.82369995117196, 35.196666717529297 ], [ 139.826095581054943, 35.198066711425838 ], [ 139.830398559569971, 35.202465057373026 ], [ 139.842605590819971, 35.208332061767607 ], [ 139.846603393554972, 35.211334228515604 ], [ 139.863601684569971, 35.217666625976577 ], [ 139.866500854491989, 35.219467163085945 ], [ 139.869995117187983, 35.22793197631843 ], [ 139.869796752929972, 35.234867095947315 ], [ 139.864196777343977, 35.25320053100593 ], [ 139.862396240233977, 35.256465911865234 ], [ 139.84680175781304, 35.271598815918033 ], [ 139.84730529785196, 35.272266387939517 ], [ 139.848403930663977, 35.277198791503942 ], [ 139.850402832030966, 35.276401519775398 ], [ 139.852798461913977, 35.283935546875007 ], [ 139.841903686522983, 35.294067382812528 ], [ 139.818695068358977, 35.303733825683565 ], [ 139.78599548339804, 35.312198638915966 ], [ 139.780502319336023, 35.314998626708963 ], [ 139.794403076172017, 35.313667297363267 ], [ 139.81230163574196, 35.315731048584027 ], [ 139.812896728516023, 35.315864562988267 ], [ 139.81350708007804, 35.315864562988267 ], [ 139.81930541992196, 35.316333770752024 ], [ 139.818908691405966, 35.31786727905272 ], [ 139.819900512694971, 35.317733764648388 ], [ 139.817108154296932, 35.321331024169936 ], [ 139.81660461425804, 35.32206726074218 ], [ 139.816406250000028, 35.323734283447301 ], [ 139.82189941406304, 35.326866149902273 ], [ 139.820404052733949, 35.324932098388665 ], [ 139.821701049805029, 35.324333190918026 ], [ 139.82310485839804, 35.32540130615233 ], [ 139.839096069335966, 35.333667755127003 ], [ 139.838195800780966, 35.336532592773402 ], [ 139.837402343749972, 35.337665557861278 ], [ 139.82890319824196, 35.336799621581974 ], [ 139.82310485839804, 35.344333648681584 ], [ 139.83810424804696, 35.35893249511723 ], [ 139.847198486327983, 35.346866607666009 ], [ 139.852203369140966, 35.349266052246101 ], [ 139.856399536132983, 35.351398468017621 ], [ 139.851898193358977, 35.358200073242166 ], [ 139.84159851074196, 35.364200592040987 ], [ 139.839202880858977, 35.367267608642564 ], [ 139.845397949218977, 35.374668121337933 ], [ 139.86219787597696, 35.367664337158203 ], [ 139.871795654296989, 35.364864349365206 ], [ 139.882507324218977, 35.361331939697322 ], [ 139.887496948241989, 35.361534118652322 ], [ 139.891403198241989, 35.361534118652322 ], [ 139.894104003905994, 35.357200622558622 ], [ 139.896896362305, 35.358268737793011 ], [ 139.888305664062983, 35.369998931884808 ], [ 139.890899658202983, 35.372066497802663 ], [ 139.891693115234006, 35.37093353271478 ], [ 139.893203735351989, 35.372333526611328 ], [ 139.89469909668, 35.369998931884808 ], [ 139.89990234375, 35.372200012206996 ], [ 139.902404785155994, 35.3682670593262 ], [ 139.90739440918, 35.37039947509772 ], [ 139.904495239258011, 35.37493133544924 ], [ 139.899200439453011, 35.372665405273388 ], [ 139.897598266601989, 35.37506484985348 ], [ 139.910995483398011, 35.380599975585909 ], [ 139.913101196289006, 35.379333496093786 ], [ 139.913299560546989, 35.383132934570334 ], [ 139.91520690918, 35.381534576415966 ], [ 139.916809082030994, 35.381801605224631 ], [ 139.918701171875, 35.387931823730518 ], [ 139.918899536133011, 35.388401031494091 ], [ 139.914901733398011, 35.388801574707003 ], [ 139.913497924805, 35.390464782714766 ], [ 139.906707763671989, 35.389400482177727 ], [ 139.902297973632983, 35.399799346923828 ], [ 139.903900146484006, 35.4005317687988 ], [ 139.902496337890994, 35.401134490966797 ], [ 139.901107788085994, 35.405464172363317 ], [ 139.897796630859006, 35.409133911132798 ], [ 139.897994995117017, 35.412933349609439 ], [ 139.899200439453011, 35.417800903320291 ], [ 139.896896362305, 35.419864654540959 ], [ 139.897003173827983, 35.422466278076229 ], [ 139.897705078125, 35.4231986999512 ], [ 139.901901245116989, 35.425132751464808 ], [ 139.901000976562983, 35.427467346191413 ], [ 139.90299987793, 35.427333831787081 ], [ 139.904006958007983, 35.430000305175838 ], [ 139.904205322265994, 35.430866241455142 ], [ 139.905197143555, 35.431999206543026 ], [ 139.91650390625, 35.437065124511697 ], [ 139.917602539062983, 35.440532684326179 ], [ 139.918395996094006, 35.440464019775426 ], [ 139.917999267578011, 35.437465667724602 ], [ 139.921997070313012, 35.439132690429723 ], [ 139.920104980469006, 35.439201354980483 ], [ 139.924194335938012, 35.440799713134844 ], [ 139.924499511719006, 35.439533233642635 ], [ 139.928298950195028, 35.440464019775426 ], [ 139.935104370117017, 35.441932678222727 ], [ 139.93809509277304, 35.443264007568423 ], [ 139.939895629883011, 35.443000793457031 ], [ 139.940093994141023, 35.443931579589822 ], [ 139.94859313964804, 35.4421997070313 ], [ 139.951095581055029, 35.455932617187464 ], [ 139.962097167969034, 35.458534240722734 ], [ 139.964996337891023, 35.4506645202637 ], [ 139.956604003906023, 35.448066711425788 ], [ 139.95420837402304, 35.45333099365228 ], [ 139.952194213866932, 35.452865600585888 ], [ 139.95469665527304, 35.444065093994062 ], [ 139.957199096680029, 35.445598602294943 ], [ 139.967605590820028, 35.448066711425788 ], [ 139.968002319336023, 35.445934295654276 ], [ 139.97439575195304, 35.44839859008794 ], [ 139.971099853516023, 35.45573425292973 ], [ 139.970397949219034, 35.456199645996129 ], [ 139.970306396484034, 35.456398010253857 ], [ 139.96910095214804, 35.461997985839773 ], [ 139.968200683594034, 35.46253204345701 ], [ 139.965698242188012, 35.468467712402344 ], [ 139.98220825195304, 35.474666595458984 ], [ 139.992294311522983, 35.457267761230518 ], [ 139.989105224609034, 35.454132080078097 ], [ 139.990402221680029, 35.451999664306584 ], [ 139.99270629882804, 35.453933715820277 ], [ 139.99679565429696, 35.456665039062521 ], [ 139.998306274414034, 35.457866668701158 ], [ 139.99679565429696, 35.459068298339794 ], [ 139.99459838867196, 35.459266662597706 ], [ 139.988998413085966, 35.469799041747955 ], [ 139.99360656738304, 35.472198486328139 ], [ 139.99549865722696, 35.470401763916044 ], [ 139.99679565429696, 35.469131469726562 ], [ 139.999099731444971, 35.465801239013679 ], [ 140.0, 35.466297149658224 ], [ 140.00320434570304, 35.468067169189524 ], [ 140.0, 35.471828460693381 ], [ 139.99769592285196, 35.474533081054744 ], [ 140.0, 35.475734710693381 ], [ 140.006500244140966, 35.479133605957017 ], [ 140.009796142577983, 35.477401733398409 ], [ 140.010101318358977, 35.478664398193445 ], [ 140.021408081054943, 35.46673202514647 ], [ 140.022796630858977, 35.467464447021527 ], [ 140.018295288085966, 35.472599029541044 ], [ 140.019393920897983, 35.473934173584013 ], [ 140.01730346679696, 35.477199554443409 ], [ 140.017807006835966, 35.480400085449233 ], [ 140.01119995117196, 35.483997344970689 ], [ 140.021804809569971, 35.496799468994062 ], [ 140.025802612304972, 35.494533538818388 ], [ 140.028594970702983, 35.496265411376996 ], [ 140.027999877929972, 35.494464874267635 ], [ 140.032897949218977, 35.491668701171903 ], [ 140.035995483397983, 35.495265960693359 ], [ 140.025100708007955, 35.501468658447273 ], [ 140.026702880858977, 35.503200531005881 ], [ 140.034103393554972, 35.511798858642614 ], [ 140.042297363280994, 35.507266998291001 ], [ 140.046096801757983, 35.511466979980462 ], [ 140.037704467772983, 35.516265869140554 ], [ 140.050094604491989, 35.5308647155762 ], [ 140.057495117187983, 35.52693176269532 ], [ 140.060607910155994, 35.529865264892564 ], [ 140.053894042968977, 35.534999847412081 ], [ 140.061401367187983, 35.543666839599567 ], [ 140.064697265625, 35.542667388916023 ], [ 140.072296142578011, 35.54999923706054 ], [ 140.08349609375, 35.542667388916023 ], [ 140.096206665039006, 35.535331726074233 ], [ 140.101104736328011, 35.538333892822322 ], [ 140.098205566406023, 35.541332244872962 ], [ 140.095993041992017, 35.54006576538093 ], [ 140.091003417969006, 35.542198181152266 ], [ 140.094299316406023, 35.545398712158175 ], [ 140.091796875, 35.548332214355511 ], [ 140.088104248046989, 35.545864105224574 ], [ 140.086502075195, 35.548664093017571 ], [ 140.089096069335994, 35.550865173339844 ], [ 140.088302612305, 35.55186843872066 ], [ 140.092391967773011, 35.554401397705085 ], [ 140.098098754883011, 35.554931640624972 ], [ 140.106597900390994, 35.552200317382812 ], [ 140.11289978027304, 35.548534393310511 ], [ 140.115600585938012, 35.550533294677692 ], [ 140.115295410156023, 35.551998138427727 ], [ 140.091293334961023, 35.561134338378878 ], [ 140.091003417969006, 35.564468383789119 ], [ 140.097000122070028, 35.566467285156307 ], [ 140.121795654297017, 35.567066192627031 ], [ 140.127105712891023, 35.56753158569343 ], [ 140.126907348633011, 35.569332122802706 ], [ 140.121795654297017, 35.569133758544886 ], [ 140.119796752930029, 35.569000244140639 ], [ 140.113906860351989, 35.570533752441428 ], [ 140.086196899414006, 35.569332122802706 ], [ 140.082000732421989, 35.586532592773438 ], [ 140.081695556640994, 35.588333129882805 ], [ 140.10319519043, 35.586532592773438 ], [ 140.105300903320028, 35.577667236328132 ], [ 140.109603881836023, 35.576599121093828 ], [ 140.110900878906023, 35.572265625000036 ], [ 140.113998413086023, 35.572334289550795 ], [ 140.111206054688012, 35.586532592773438 ], [ 140.110595703125028, 35.589466094970682 ], [ 140.115295410156023, 35.591800689697287 ], [ 140.114593505859034, 35.592800140380923 ], [ 140.117507934570028, 35.591533660888715 ], [ 140.116897583008011, 35.59333419799799 ], [ 140.11819458007804, 35.595664978027322 ], [ 140.115295410156023, 35.596801757812472 ], [ 140.113494873047017, 35.593666076660227 ], [ 140.107696533203011, 35.591999053955107 ], [ 140.105499267578011, 35.593399047851562 ], [ 140.108795166016023, 35.599933624267628 ], [ 140.105895996094006, 35.60266494750978 ], [ 140.10400390625, 35.601268768310504 ], [ 140.105895996094006, 35.599266052246143 ], [ 140.101593017578011, 35.594001770019474 ], [ 140.089004516601989, 35.594467163085866 ], [ 140.091705322265994, 35.59840011596684 ], [ 140.091995239258011, 35.597400665283203 ], [ 140.093902587890994, 35.597400665283203 ], [ 140.098602294922017, 35.601398468017571 ], [ 140.097503662109006, 35.60253143310554 ], [ 140.100494384765994, 35.604465484619055 ], [ 140.098602294922017, 35.606334686279268 ], [ 140.094192504883011, 35.603664398193416 ], [ 140.082992553710994, 35.613868713378878 ], [ 140.078002929687983, 35.610534667968814 ], [ 140.08659362793, 35.601867675781321 ], [ 140.083892822265994, 35.596733093261719 ], [ 140.029296874999972, 35.644531250000014 ], [ 140.027694702147983, 35.645866394042983 ], [ 140.019805908202954, 35.652667999267621 ], [ 140.013702392577954, 35.657531738281293 ], [ 140.00810241699196, 35.658798217773416 ], [ 140.00509643554696, 35.656665802001989 ], [ 140.0, 35.656009674072315 ], [ 139.99679565429696, 35.65560150146478 ], [ 139.987701416016023, 35.654598236083963 ], [ 139.98669433593804, 35.660064697265632 ], [ 139.994796752930029, 35.660865783691357 ], [ 139.99679565429696, 35.659534454345746 ], [ 140.0, 35.65961837768549 ], [ 140.001693725585966, 35.65966415405272 ], [ 140.003005981444971, 35.659801483154325 ], [ 140.00199890136696, 35.665733337402301 ], [ 140.0, 35.665527343750028 ], [ 139.99679565429696, 35.665199279785234 ], [ 139.985992431640938, 35.66386413574218 ], [ 139.98489379882804, 35.669868469238267 ], [ 139.992202758789034, 35.672401428222692 ], [ 139.99180603027304, 35.674865722656271 ], [ 139.983901977539034, 35.677200317382791 ], [ 139.98789978027304, 35.690467834472734 ], [ 139.984802246094034, 35.691932678222678 ], [ 139.986999511719034, 35.690467834472734 ], [ 139.984603881836023, 35.690864562988281 ], [ 139.983398437500028, 35.688598632812521 ], [ 139.985595703124943, 35.687534332275398 ], [ 139.983093261719034, 35.681667327880909 ], [ 139.975097656250028, 35.683464050293004 ], [ 139.974304199219034, 35.681999206542976 ], [ 139.968399047852017, 35.683334350585945 ], [ 139.96699523925804, 35.681667327880909 ], [ 139.963302612305029, 35.681533813476577 ], [ 139.960006713867017, 35.679401397705064 ], [ 139.954895019531023, 35.689331054687493 ], [ 139.953094482422017, 35.688331604003857 ], [ 139.958099365234034, 35.677398681640611 ], [ 139.953201293945028, 35.671733856201207 ], [ 139.947402954102017, 35.680000305175788 ], [ 139.936798095703011, 35.673400878906328 ], [ 139.932998657227017, 35.67573165893549 ], [ 139.931396484375028, 35.674533843994119 ], [ 139.93310546875, 35.673133850097663 ], [ 139.929397583008011, 35.669868469238267 ], [ 139.93000793457, 35.669399261474602 ], [ 139.931594848633011, 35.669868469238267 ], [ 139.945007324219006, 35.672931671142578 ], [ 139.947494506836023, 35.669868469238267 ], [ 139.932907104492017, 35.666664123535178 ], [ 139.921096801758011, 35.660667419433629 ], [ 139.918304443359006, 35.655467987060533 ], [ 139.939605712890994, 35.641067504882798 ], [ 139.909896850585994, 35.624397277832038 ], [ 139.904800415039006, 35.628532409668004 ], [ 139.907104492187983, 35.631332397460916 ], [ 139.905303955078011, 35.632865905761705 ], [ 139.901702880859006, 35.62993240356446 ], [ 139.900909423827983, 35.631134033203097 ], [ 139.897506713866989, 35.629398345947308 ], [ 139.906997680664006, 35.623134613037095 ], [ 139.897705078125, 35.616668701171875 ], [ 139.892807006835994, 35.625534057617188 ], [ 139.888305664062983, 35.621864318847699 ], [ 139.872604370116989, 35.625465393066428 ], [ 139.872406005858977, 35.632999420166037 ], [ 139.874801635741989, 35.637268066406342 ], [ 139.872894287109006, 35.638534545898374 ], [ 139.875503540038977, 35.640533447265561 ], [ 139.882095336914006, 35.644001007080135 ], [ 139.886993408203011, 35.653865814208991 ], [ 139.886596679687983, 35.669868469238267 ], [ 139.885894775390994, 35.67113113403321 ], [ 139.885803222655994, 35.676799774169879 ], [ 139.889099121093977, 35.68059921264652 ], [ 139.905899047851989, 35.683731079101584 ], [ 139.918701171875, 35.697799682617166 ], [ 139.916107177734006, 35.707733154296868 ], [ 139.912109375, 35.711265563964837 ], [ 139.901397705078011, 35.721466064453118 ], [ 139.897094726562983, 35.726665496826207 ], [ 139.900100708007983, 35.735599517822273 ], [ 139.899795532226989, 35.743732452392614 ], [ 139.890396118164006, 35.750400543212919 ], [ 139.889999389648011, 35.750801086425824 ], [ 139.888000488280994, 35.753200531005916 ], [ 139.887802124023011, 35.753398895263736 ], [ 139.880798339843977, 35.764732360839808 ], [ 139.880493164062983, 35.771198272705114 ], [ 139.893295288085994, 35.778198242187479 ], [ 139.893798828125, 35.782733917236271 ], [ 139.888595581055, 35.796398162841761 ], [ 139.890594482421989, 35.80193328857419 ], [ 139.889297485351989, 35.808666229247983 ], [ 139.891098022460994, 35.819999694824226 ], [ 139.888198852539006, 35.825000762939503 ], [ 139.88850402832, 35.830200195312507 ], [ 139.889892578125, 35.836532592773388 ], [ 139.8916015625, 35.846733093261669 ], [ 139.896896362305, 35.855400085449155 ], [ 139.899993896484006, 35.865333557128857 ], [ 139.899200439453011, 35.866867065429737 ], [ 139.887298583984006, 35.89653396606451 ], [ 139.874694824218977, 35.912933349609425 ], [ 139.871795654296989, 35.915798187255916 ], [ 139.870101928710966, 35.919864654541037 ], [ 139.861694335937983, 35.932064056396499 ], [ 139.849395751952983, 35.938266754150412 ], [ 139.83549499511696, 35.958999633789119 ], [ 139.833404541015938, 35.968933105468821 ], [ 139.825607299805029, 35.972934722900369 ], [ 139.82589721679696, 35.984798431396499 ], [ 139.814208984375028, 35.997932434082017 ], [ 139.816894531249972, 36.003200531005866 ], [ 139.816894531249972, 36.003868103027266 ], [ 139.814208984375028, 36.02533340454103 ], [ 139.817398071289034, 36.032535552978487 ], [ 139.812103271484034, 36.039531707763679 ], [ 139.806900024414034, 36.04320144653316 ], [ 139.790695190430029, 36.05920028686517 ], [ 139.78959655761696, 36.061866760253928 ], [ 139.78250122070304, 36.0710639953613 ], [ 139.777893066406023, 36.08653259277343 ], [ 139.776199340820028, 36.090866088867216 ] ] ], [ [ [ 139.963806152344006, 35.672264099121094 ], [ 139.958908081055, 35.673065185546911 ], [ 139.959701538086023, 35.674598693847699 ], [ 139.960403442383011, 35.678600311279332 ], [ 139.962707519531023, 35.68073272705076 ], [ 139.967300415039034, 35.678932189941399 ], [ 139.971099853516023, 35.68059921264652 ], [ 139.977798461914034, 35.679466247558636 ], [ 139.97830200195304, 35.675998687744062 ], [ 139.971206665039034, 35.677333831787124 ], [ 139.971694946289034, 35.674533843994119 ], [ 139.978698730469034, 35.673332214355483 ], [ 139.97920227050804, 35.669868469238267 ], [ 139.978698730469034, 35.669868469238267 ], [ 139.971603393555029, 35.671001434326236 ], [ 139.963806152344006, 35.672264099121094 ] ] ], [ [ [ 139.768096923828011, 35.314334869384837 ], [ 139.768295288086023, 35.31579971313478 ], [ 139.768905639648011, 35.315399169921875 ], [ 139.771301269531023, 35.316200256347692 ], [ 139.776794433594034, 35.316200256347692 ], [ 139.770904541015994, 35.315067291259808 ], [ 139.768096923828011, 35.314334869384837 ] ] ], [ [ [ 139.743499755859006, 35.311267852783175 ], [ 139.740493774414006, 35.311466217040994 ], [ 139.739395141601989, 35.311798095703054 ], [ 139.743499755859006, 35.312732696533203 ], [ 139.743499755859006, 35.311267852783175 ] ] ] ] } },
{ "type": "Feature", "properties": { "nam": "Tokyo To", "nam_ja": "東京都", "id": 13 }, "geometry": { "type": "MultiPolygon", "coordinates": [ [ [ [ 138.944000244141023, 35.854667663574183 ], [ 138.944091796874972, 35.861534118652308 ], [ 138.945892333983977, 35.865932464599588 ], [ 138.946304321289034, 35.868667602539098 ], [ 138.95030212402304, 35.869934082031314 ], [ 138.956893920897983, 35.87566757202147 ], [ 138.966003417969034, 35.878398895263715 ], [ 138.968200683594034, 35.882133483886683 ], [ 138.975997924804972, 35.88313293457032 ], [ 138.979904174804972, 35.884601593017621 ], [ 138.986694335937955, 35.881267547607379 ], [ 138.996795654296989, 35.884399414062536 ], [ 139.001495361327983, 35.884399414062536 ], [ 139.006607055663977, 35.891132354736328 ], [ 139.010299682616989, 35.897132873535234 ], [ 139.019393920898011, 35.898132324218786 ], [ 139.023895263671989, 35.897399902343814 ], [ 139.036193847656023, 35.889801025390625 ], [ 139.051696777344006, 35.878200531005895 ], [ 139.05810546875, 35.877334594726591 ], [ 139.062408447265994, 35.87340164184571 ], [ 139.072601318359034, 35.871799468994077 ], [ 139.078598022461023, 35.875400543212891 ], [ 139.08610534668, 35.872600555419893 ], [ 139.092407226563012, 35.868999481201165 ], [ 139.099197387695028, 35.868534088134766 ], [ 139.10020446777304, 35.86713409423831 ], [ 139.101791381835938, 35.86619949340816 ], [ 139.12179565429696, 35.864933013916037 ], [ 139.130294799804943, 35.865066528320284 ], [ 139.13839721679696, 35.864265441894467 ], [ 139.151107788085966, 35.860866546630916 ], [ 139.160095214843977, 35.855731964111307 ], [ 139.163406372069971, 35.850864410400369 ], [ 139.17550659179696, 35.847198486328061 ], [ 139.185806274413977, 35.842800140380874 ], [ 139.196395874023011, 35.840133666992209 ], [ 139.203903198241989, 35.842266082763722 ], [ 139.204895019530994, 35.844532012939482 ], [ 139.209106445312983, 35.846401214599602 ], [ 139.21549987793, 35.845333099365213 ], [ 139.222396850585994, 35.840732574462933 ], [ 139.229507446289006, 35.837333679199205 ], [ 139.233306884765994, 35.837131500244119 ], [ 139.239395141602017, 35.840534210205114 ], [ 139.241592407227017, 35.838531494140575 ], [ 139.244094848633011, 35.836799621581967 ], [ 139.246795654297017, 35.83686447143554 ], [ 139.256301879883011, 35.837799072265604 ], [ 139.258804321289034, 35.836532592773388 ], [ 139.261398315430029, 35.836532592773388 ], [ 139.274993896484034, 35.839599609374964 ], [ 139.280105590820028, 35.839466094970724 ], [ 139.280807495116932, 35.840534210205114 ], [ 139.28340148925804, 35.836532592773388 ], [ 139.28599548339804, 35.836532592773388 ], [ 139.291198730469034, 35.837799072265604 ], [ 139.29269409179696, 35.836532592773388 ], [ 139.29600524902304, 35.834133148193388 ], [ 139.298095703124972, 35.835266113281264 ], [ 139.301498413085966, 35.834064483642628 ], [ 139.303604125976932, 35.824333190918018 ], [ 139.305404663085966, 35.822601318359411 ], [ 139.31359863281304, 35.825199127197322 ], [ 139.315994262694971, 35.822998046874957 ], [ 139.31629943847696, 35.818931579589837 ], [ 139.315994262694971, 35.81340026855468 ], [ 139.325698852538977, 35.794998168945305 ], [ 139.330398559569971, 35.793598175048764 ], [ 139.333297729491989, 35.792198181152308 ], [ 139.339706420897983, 35.794464111328068 ], [ 139.343704223632983, 35.794868469238331 ], [ 139.347595214843977, 35.795867919921882 ], [ 139.351806640624972, 35.793464660644517 ], [ 139.358795166015994, 35.792400360107393 ], [ 139.370193481445, 35.791198730468757 ], [ 139.369003295898011, 35.789264678955064 ], [ 139.368804931640966, 35.787200927734389 ], [ 139.368103027343977, 35.783931732177727 ], [ 139.371795654296989, 35.780265808105511 ], [ 139.371795654296989, 35.778934478759808 ], [ 139.371398925780994, 35.778266906738324 ], [ 139.371795654296989, 35.778598785400391 ], [ 139.376892089844006, 35.780132293701179 ], [ 139.380004882812983, 35.777732849121087 ], [ 139.381500244140994, 35.774265289306598 ], [ 139.379196166992017, 35.771064758300781 ], [ 139.381195068359006, 35.765998840332017 ], [ 139.387298583984006, 35.766201019287109 ], [ 139.391693115234006, 35.766864776611321 ], [ 139.3916015625, 35.763401031494105 ], [ 139.391906738280994, 35.763267517089773 ], [ 139.396301269531023, 35.764266967773409 ], [ 139.399795532226989, 35.766933441162081 ], [ 139.404006958008011, 35.769264221191413 ], [ 139.408401489258011, 35.768798828125021 ], [ 139.41650390625, 35.766201019287109 ], [ 139.421401977539006, 35.767467498779318 ], [ 139.425994873047017, 35.767131805419901 ], [ 139.432998657227017, 35.767398834228473 ], [ 139.435806274414034, 35.767333984374986 ], [ 139.438003540039034, 35.769397735595746 ], [ 139.440795898438012, 35.766933441162081 ], [ 139.442703247070028, 35.766799926757834 ], [ 139.450607299805029, 35.769199371337926 ], [ 139.45210266113304, 35.769001007080107 ], [ 139.454498291016023, 35.769466400146506 ], [ 139.45730590820304, 35.769466400146506 ], [ 139.458801269530966, 35.771667480468778 ], [ 139.464508056641023, 35.773731231689538 ], [ 139.470306396484034, 35.773731231689538 ], [ 139.47360229492196, 35.775932312011719 ], [ 139.474792480469034, 35.775600433349567 ], [ 139.47529602050804, 35.777000427246115 ], [ 139.481597900390966, 35.780666351318416 ], [ 139.489593505858977, 35.779598236084027 ], [ 139.489898681640966, 35.780334472656264 ], [ 139.492599487304972, 35.779998779296932 ], [ 139.49360656738304, 35.78153228759772 ], [ 139.495101928710966, 35.781467437744055 ], [ 139.49679565429696, 35.778732299804723 ], [ 139.496994018554972, 35.778667449951236 ], [ 139.497802734374972, 35.781131744384815 ], [ 139.50770568847696, 35.783664703369062 ], [ 139.511596679687955, 35.785068511962876 ], [ 139.513702392577983, 35.78799819946294 ], [ 139.522003173827983, 35.789001464843842 ], [ 139.52340698242196, 35.791866302490241 ], [ 139.525192260741989, 35.791866302490241 ], [ 139.531799316405994, 35.79753112792973 ], [ 139.541595458984006, 35.807399749755945 ], [ 139.546401977539006, 35.803932189941371 ], [ 139.546295166015994, 35.79946517944343 ], [ 139.537200927734006, 35.791599273681577 ], [ 139.542495727539006, 35.78906631469733 ], [ 139.543594360351989, 35.781665802001967 ], [ 139.536102294921989, 35.775264739990234 ], [ 139.523895263671989, 35.771865844726598 ], [ 139.516098022460966, 35.76546478271478 ], [ 139.526992797851989, 35.768333435058622 ], [ 139.544906616210994, 35.773601531982386 ], [ 139.547805786132983, 35.773799896240206 ], [ 139.545394897460994, 35.757732391357436 ], [ 139.544601440429972, 35.754798889160192 ], [ 139.54719543457, 35.754531860351619 ], [ 139.547897338866989, 35.753665924072315 ], [ 139.553207397460994, 35.755664825439496 ], [ 139.555297851562983, 35.757133483886712 ], [ 139.557800292969006, 35.759666442871136 ], [ 139.561706542968977, 35.759666442871136 ], [ 139.562805175780994, 35.761734008789077 ], [ 139.564804077148011, 35.762531280517621 ], [ 139.56689453125, 35.7627983093262 ], [ 139.570999145508011, 35.764198303222742 ], [ 139.57080078125, 35.76546478271478 ], [ 139.574493408203011, 35.766998291015568 ], [ 139.574905395508011, 35.768131256103537 ], [ 139.576995849609034, 35.768066406249957 ], [ 139.578201293945028, 35.770931243896534 ], [ 139.582092285156023, 35.771800994873018 ], [ 139.585403442383011, 35.775333404540994 ], [ 139.588699340820028, 35.778598785400391 ], [ 139.593795776367017, 35.777332305908175 ], [ 139.59410095214804, 35.778732299804723 ], [ 139.596893310547017, 35.778400421142571 ], [ 139.597106933594006, 35.776599884033203 ], [ 139.604202270508011, 35.774333953857443 ], [ 139.597396850586023, 35.771133422851626 ], [ 139.59939575195304, 35.76953125 ], [ 139.602996826172017, 35.771064758300781 ], [ 139.60549926757804, 35.770732879638715 ], [ 139.609008789063012, 35.76953125 ], [ 139.611404418945028, 35.770534515380895 ], [ 139.611999511719034, 35.769668579101591 ], [ 139.61729431152304, 35.770465850830142 ], [ 139.617797851563012, 35.766666412353501 ], [ 139.621795654296932, 35.766731262206989 ], [ 139.624893188477017, 35.773200988769474 ], [ 139.624694824219034, 35.77946853637696 ], [ 139.629806518555029, 35.785533905029268 ], [ 139.63569641113304, 35.790664672851605 ], [ 139.639801025391023, 35.794334411621094 ], [ 139.641601562500028, 35.798065185546882 ], [ 139.647201538085966, 35.79753112792973 ], [ 139.65710449218804, 35.800533294677734 ], [ 139.67590332031304, 35.798931121826186 ], [ 139.691696166991989, 35.800666809081974 ], [ 139.696899414062983, 35.798866271972699 ], [ 139.697601318358977, 35.798400878906307 ], [ 139.709503173827983, 35.792068481445334 ], [ 139.722305297851989, 35.790664672851605 ], [ 139.725006103515994, 35.787334442138722 ], [ 139.735305786132983, 35.789665222167969 ], [ 139.738403320312983, 35.786598205566392 ], [ 139.737808227539006, 35.780532836914084 ], [ 139.746398925781023, 35.784133911132812 ], [ 139.746795654297017, 35.786865234374972 ], [ 139.753494262695028, 35.78646469116206 ], [ 139.755905151367017, 35.789600372314482 ], [ 139.760498046875028, 35.797866821289062 ], [ 139.75080871582, 35.807731628418011 ], [ 139.750503540039006, 35.8092651367188 ], [ 139.753402709960994, 35.810600280761676 ], [ 139.755401611328011, 35.812133789062464 ], [ 139.755599975586023, 35.812732696533196 ], [ 139.761199951172017, 35.812801361084041 ], [ 139.767700195313012, 35.817531585693381 ], [ 139.772796630859034, 35.815666198730526 ], [ 139.782394409180029, 35.807197570800767 ], [ 139.79609680175804, 35.805599212646491 ], [ 139.804595947266023, 35.808799743652315 ], [ 139.815597534180029, 35.809066772460888 ], [ 139.82099914550804, 35.811531066894467 ], [ 139.821105957030966, 35.815067291259801 ], [ 139.825103759766023, 35.811531066894467 ], [ 139.820205688477017, 35.802066802978523 ], [ 139.821594238280966, 35.796466827392607 ], [ 139.82719421386696, 35.793598175048764 ], [ 139.83419799804696, 35.797466278076243 ], [ 139.838806152344034, 35.800800323486307 ], [ 139.845001220702983, 35.798465728759794 ], [ 139.84680175781304, 35.796531677246094 ], [ 139.856399536132983, 35.790931701660185 ], [ 139.858795166015966, 35.794464111328068 ], [ 139.862701416015966, 35.794731140136733 ], [ 139.871795654296989, 35.797065734863338 ], [ 139.877395629882983, 35.793800354003942 ], [ 139.871795654296989, 35.788333892822273 ], [ 139.871795654296989, 35.784465789794879 ], [ 139.876693725585994, 35.780864715576236 ], [ 139.881301879882983, 35.782066345214787 ], [ 139.889099121093977, 35.783733367919908 ], [ 139.893798828125, 35.782733917236271 ], [ 139.893295288085994, 35.778198242187479 ], [ 139.880493164062983, 35.771198272705114 ], [ 139.880798339843977, 35.764732360839808 ], [ 139.887802124023011, 35.753398895263736 ], [ 139.888000488280994, 35.753200531005916 ], [ 139.889999389648011, 35.750801086425824 ], [ 139.890396118164006, 35.750400543212919 ], [ 139.899795532226989, 35.743732452392614 ], [ 139.900100708007983, 35.735599517822273 ], [ 139.897094726562983, 35.726665496826207 ], [ 139.901397705078011, 35.721466064453118 ], [ 139.912109375, 35.711265563964837 ], [ 139.916107177734006, 35.707733154296868 ], [ 139.918701171875, 35.697799682617166 ], [ 139.905899047851989, 35.683731079101584 ], [ 139.889099121093977, 35.68059921264652 ], [ 139.885803222655994, 35.676799774169879 ], [ 139.885894775390994, 35.67113113403321 ], [ 139.886596679687983, 35.669868469238267 ], [ 139.886993408203011, 35.653865814208991 ], [ 139.882095336914006, 35.644001007080135 ], [ 139.875503540038977, 35.640533447265561 ], [ 139.872894287109006, 35.638534545898374 ], [ 139.871795654296989, 35.63933181762701 ], [ 139.863494873046989, 35.638401031494134 ], [ 139.849700927733977, 35.642665863037074 ], [ 139.845214843749943, 35.642978668212884 ], [ 139.841094970702983, 35.643264770507805 ], [ 139.840408325194971, 35.633865356445341 ], [ 139.821395874022983, 35.631999969482401 ], [ 139.821304321289034, 35.633464813232436 ], [ 139.83369445800804, 35.634731292724645 ], [ 139.83459472656304, 35.644065856933622 ], [ 139.808105468750028, 35.640800476074226 ], [ 139.806488037108977, 35.640594482421868 ], [ 139.807006835938012, 35.636932373046918 ], [ 139.80017089843804, 35.636230468750014 ], [ 139.800338745117017, 35.631008148193395 ], [ 139.800659179687983, 35.630115509033203 ], [ 139.80220031738304, 35.626266479492244 ], [ 139.798599243164034, 35.621864318847699 ], [ 139.791305541992017, 35.629467010497976 ], [ 139.787292480469034, 35.627399444580128 ], [ 139.778793334961023, 35.63746643066407 ], [ 139.781494140625028, 35.638732910156286 ], [ 139.783508300781023, 35.636131286621101 ], [ 139.798095703125028, 35.644798278808594 ], [ 139.795593261719034, 35.649799346923778 ], [ 139.793197631836023, 35.650665283203082 ], [ 139.794403076172017, 35.647464752197259 ], [ 139.779205322266023, 35.63973236083983 ], [ 139.776702880859034, 35.642200469970682 ], [ 139.792495727539034, 35.652931213378928 ], [ 139.789505004883011, 35.656932830810476 ], [ 139.772705078125028, 35.645999908447315 ], [ 139.769592285156023, 35.649265289306626 ], [ 139.77360534668, 35.652667999267621 ], [ 139.772308349609034, 35.654064178466811 ], [ 139.768402099609034, 35.650398254394503 ], [ 139.767303466797017, 35.655265808105533 ], [ 139.76969909668, 35.654266357421896 ], [ 139.770706176758011, 35.654933929443381 ], [ 139.767303466797017, 35.658134460449205 ], [ 139.764495849609034, 35.656066894531264 ], [ 139.762695312500028, 35.652133941650384 ], [ 139.761596679688012, 35.652599334716776 ], [ 139.759002685547017, 35.644931793212926 ], [ 139.760406494140994, 35.644931793212926 ], [ 139.759506225585994, 35.63746643066407 ], [ 139.755508422851989, 35.638999938964773 ], [ 139.754776000977017, 35.63883972167973 ], [ 139.752624511718977, 35.634456634521534 ], [ 139.752059936522954, 35.626178741455142 ], [ 139.751617431640994, 35.625988006591776 ], [ 139.751617431640994, 35.62625503540044 ], [ 139.750976562500028, 35.626224517822287 ], [ 139.750473022461023, 35.625427246093828 ], [ 139.750396728515994, 35.624866485595703 ], [ 139.751693725586023, 35.624668121337884 ], [ 139.750823974609006, 35.607109069824197 ], [ 139.750671386719034, 35.605869293212869 ], [ 139.747879028320028, 35.600700378418018 ], [ 139.747222900390966, 35.59207916259767 ], [ 139.74636840820304, 35.590641021728523 ], [ 139.744094848633011, 35.589401245117195 ], [ 139.746795654297017, 35.589797973632834 ], [ 139.74870300293, 35.586532592773438 ], [ 139.752105712890994, 35.578865051269496 ], [ 139.753356933594034, 35.575717926025355 ], [ 139.756195068359034, 35.569465637207038 ], [ 139.750198364258011, 35.567333221435518 ], [ 139.754302978515994, 35.561599731445277 ], [ 139.758697509765994, 35.564331054687521 ], [ 139.763198852539006, 35.560665130615213 ], [ 139.77110290527304, 35.568866729736307 ], [ 139.78550720214804, 35.570465087890582 ], [ 139.80870056152304, 35.53839874267581 ], [ 139.794601440430029, 35.531864166259837 ], [ 139.789794921875028, 35.526668548584013 ], [ 139.776306152344006, 35.534397125244084 ], [ 139.757507324219006, 35.544200897216811 ], [ 139.746795654297017, 35.543731689453054 ], [ 139.740905761719006, 35.54546737670902 ], [ 139.735000610351989, 35.541267395019474 ], [ 139.727401733398011, 35.543533325195327 ], [ 139.717895507812983, 35.53813171386723 ], [ 139.703399658202983, 35.536533355712869 ], [ 139.701797485351989, 35.537200927734439 ], [ 139.697799682616989, 35.543464660644482 ], [ 139.703598022460994, 35.549331665039055 ], [ 139.702499389647983, 35.553867340087933 ], [ 139.693801879882983, 35.556465148925845 ], [ 139.68110656738304, 35.561332702636697 ], [ 139.678298950194971, 35.56340026855473 ], [ 139.667800903319971, 35.586532592773438 ], [ 139.665298461913977, 35.58893203735353 ], [ 139.655105590819971, 35.590133666992166 ], [ 139.64360046386696, 35.597866058349595 ], [ 139.631607055664034, 35.605934143066357 ], [ 139.621795654296932, 35.611797332763665 ], [ 139.619201660156023, 35.613464355468786 ], [ 139.616302490234034, 35.613533020019545 ], [ 139.612701416016023, 35.615333557128906 ], [ 139.607604980469006, 35.616001129150391 ], [ 139.603302001953011, 35.616600036621122 ], [ 139.596603393555, 35.61846542358397 ], [ 139.595596313477017, 35.61833190917973 ], [ 139.59019470214804, 35.618400573730483 ], [ 139.588104248047017, 35.619400024414119 ], [ 139.578506469726989, 35.621864318847699 ], [ 139.565902709960994, 35.627197265625036 ], [ 139.565994262695028, 35.629066467285156 ], [ 139.561996459960994, 35.632534027099645 ], [ 139.551803588866989, 35.634067535400433 ], [ 139.548599243164006, 35.635799407959041 ], [ 139.53480529785196, 35.640201568603494 ], [ 139.525405883788977, 35.642665863037074 ], [ 139.523696899413977, 35.63953399658201 ], [ 139.520706176757983, 35.637798309326222 ], [ 139.523498535155994, 35.633132934570284 ], [ 139.518402099608977, 35.630599975585945 ], [ 139.514602661132983, 35.624801635742216 ], [ 139.51119995117196, 35.624000549316399 ], [ 139.509796142577983, 35.623867034912067 ], [ 139.504302978515966, 35.623065948486335 ], [ 139.49679565429696, 35.617931365966818 ], [ 139.495101928710966, 35.617465972900426 ], [ 139.49679565429696, 35.611267089843786 ], [ 139.49980163574196, 35.606266021728509 ], [ 139.49679565429696, 35.60480117797848 ], [ 139.49580383300804, 35.605266571044872 ], [ 139.490402221679943, 35.604534149169901 ], [ 139.48800659179696, 35.607467651367237 ], [ 139.483398437499972, 35.608531951904268 ], [ 139.479995727538977, 35.612998962402301 ], [ 139.47709655761696, 35.612998962402301 ], [ 139.47619628906304, 35.618934631347727 ], [ 139.468994140624972, 35.620265960693423 ], [ 139.464096069335966, 35.624465942382791 ], [ 139.46299743652304, 35.62493133544919 ], [ 139.460998535155966, 35.622333526611278 ], [ 139.45420837402304, 35.618198394775398 ], [ 139.449295043944943, 35.611797332763665 ], [ 139.453201293945028, 35.604934692382812 ], [ 139.45649719238304, 35.606399536132841 ], [ 139.46530151367196, 35.609134674072266 ], [ 139.46659851074196, 35.607933044433629 ], [ 139.47090148925804, 35.601734161376989 ], [ 139.475906372069971, 35.599666595458963 ], [ 139.479598999022983, 35.595600128173835 ], [ 139.48019409179696, 35.594867706298778 ], [ 139.482696533202954, 35.594932556152266 ], [ 139.483093261718949, 35.593864440917962 ], [ 139.483993530272983, 35.594001770019474 ], [ 139.487304687499972, 35.590198516845746 ], [ 139.49189758300804, 35.58873367309571 ], [ 139.49279785156304, 35.589065551757777 ], [ 139.494293212890966, 35.586532592773438 ], [ 139.493103027344034, 35.584197998046925 ], [ 139.49679565429696, 35.58146667480468 ], [ 139.50509643554696, 35.57506561279304 ], [ 139.50720214843804, 35.575733184814524 ], [ 139.506500244140966, 35.571464538574219 ], [ 139.502395629882983, 35.571132659912067 ], [ 139.500793457030994, 35.568798065185462 ], [ 139.49679565429696, 35.56566619873049 ], [ 139.494400024413977, 35.563999176025369 ], [ 139.489593505858977, 35.561531066894517 ], [ 139.485992431640966, 35.56786727905267 ], [ 139.482894897460966, 35.571266174316399 ], [ 139.48620605468804, 35.578399658203104 ], [ 139.487701416015966, 35.578330993652344 ], [ 139.490005493163949, 35.584064483642592 ], [ 139.48669433593804, 35.584667205810497 ], [ 139.483703613280966, 35.583065032959041 ], [ 139.479003906249943, 35.581130981445256 ], [ 139.47709655761696, 35.581600189209013 ], [ 139.473205566405966, 35.576267242431584 ], [ 139.46969604492196, 35.569664001464766 ], [ 139.468994140624972, 35.564598083496094 ], [ 139.470199584960966, 35.560665130615213 ], [ 139.473800659180029, 35.559864044189489 ], [ 139.475906372069971, 35.561931610107429 ], [ 139.480407714844034, 35.557666778564482 ], [ 139.481994628905966, 35.550201416015632 ], [ 139.48019409179696, 35.544067382812479 ], [ 139.485107421874943, 35.536731719970689 ], [ 139.48669433593804, 35.535533905029318 ], [ 139.48669433593804, 35.529598236083984 ], [ 139.48620605468804, 35.520801544189524 ], [ 139.484802246094034, 35.519866943359375 ], [ 139.477706909180029, 35.512134552002031 ], [ 139.47880554199196, 35.50880050659179 ], [ 139.48500061035196, 35.503864288330092 ], [ 139.481597900390966, 35.503200531005881 ], [ 139.47700500488304, 35.501598358154332 ], [ 139.46780395507804, 35.50220108032233 ], [ 139.468200683594034, 35.503200531005881 ], [ 139.468597412108977, 35.504932403564489 ], [ 139.466003417969034, 35.508934020996122 ], [ 139.464004516602017, 35.515731811523402 ], [ 139.461593627930029, 35.519664764404283 ], [ 139.455307006836023, 35.519931793212862 ], [ 139.456008911133011, 35.523998260497983 ], [ 139.458007812500028, 35.528064727783196 ], [ 139.447998046875028, 35.536731719970689 ], [ 139.443298339844034, 35.54273223876951 ], [ 139.440795898438012, 35.542598724365178 ], [ 139.43559265136696, 35.546264648437479 ], [ 139.432495117188012, 35.547798156738267 ], [ 139.427200317383011, 35.552333831787145 ], [ 139.423599243164034, 35.558265686035213 ], [ 139.417297363281023, 35.561798095703097 ], [ 139.410095214844006, 35.571731567382798 ], [ 139.407608032226989, 35.575798034668011 ], [ 139.402893066406023, 35.575332641601612 ], [ 139.39860534668, 35.58440017700201 ], [ 139.39469909668, 35.584266662597678 ], [ 139.392196655273011, 35.585464477539134 ], [ 139.390701293945, 35.585399627685469 ], [ 139.390106201171989, 35.586532592773438 ], [ 139.389495849609006, 35.587600708007834 ], [ 139.385696411133011, 35.588199615478473 ], [ 139.379501342773011, 35.589931488037081 ], [ 139.375305175780994, 35.594131469726626 ], [ 139.371795654296989, 35.594200134277294 ], [ 139.363204956054972, 35.598934173583991 ], [ 139.356002807616989, 35.599132537841811 ], [ 139.346694946288977, 35.601932525634808 ], [ 139.341400146483977, 35.60480117797848 ], [ 139.33070373535196, 35.603534698486264 ], [ 139.32150268554696, 35.605800628662116 ], [ 139.313796997069971, 35.604400634765568 ], [ 139.312103271483977, 35.604331970214815 ], [ 139.304595947265966, 35.605201721191385 ], [ 139.300292968749972, 35.606067657470689 ], [ 139.296798706055029, 35.609001159668026 ], [ 139.292495727539034, 35.611198425293026 ], [ 139.28219604492196, 35.612998962402301 ], [ 139.26890563964804, 35.609264373779332 ], [ 139.267303466797017, 35.608200073242209 ], [ 139.264801025391023, 35.60233306884772 ], [ 139.258697509766023, 35.603534698486264 ], [ 139.252899169922017, 35.601867675781321 ], [ 139.246795654297017, 35.605201721191385 ], [ 139.240600585938012, 35.606266021728509 ], [ 139.23600769043, 35.610466003417969 ], [ 139.232894897461023, 35.612667083740241 ], [ 139.230392456055, 35.616531372070277 ], [ 139.226196289063012, 35.622531890869098 ], [ 139.220397949219006, 35.62566757202152 ], [ 139.221405029296989, 35.628532409668004 ], [ 139.215805053710994, 35.636798858642585 ], [ 139.215698242187983, 35.646064758300803 ], [ 139.206604003905994, 35.650733947753928 ], [ 139.200897216796989, 35.652465820312536 ], [ 139.194793701171989, 35.651466369628899 ], [ 139.192398071289006, 35.648464202880895 ], [ 139.184204101562983, 35.644931793212926 ], [ 139.179901123046989, 35.645534515380923 ], [ 139.175704956054972, 35.648998260497962 ], [ 139.167999267577983, 35.651134490966832 ], [ 139.167404174804972, 35.65346527099608 ], [ 139.167404174804972, 35.661666870117173 ], [ 139.161697387694971, 35.667865753173814 ], [ 139.15710449218804, 35.666332244873026 ], [ 139.148605346679943, 35.666732788085938 ], [ 139.142807006835966, 35.669868469238267 ], [ 139.136901855469034, 35.672134399414119 ], [ 139.13099670410196, 35.671798706054695 ], [ 139.129501342772954, 35.674198150634787 ], [ 139.12179565429696, 35.67873382568358 ], [ 139.115005493164034, 35.684066772460916 ], [ 139.10850524902304, 35.689598083496072 ], [ 139.100006103516023, 35.69206619262701 ], [ 139.092407226563012, 35.690731048584041 ], [ 139.082901000977017, 35.694732666015589 ], [ 139.074096679688012, 35.695667266845739 ], [ 139.071502685547017, 35.696666717529283 ], [ 139.066101074219006, 35.698200225830071 ], [ 139.063705444335994, 35.699932098388679 ], [ 139.054504394531023, 35.703998565673807 ], [ 139.049896240234006, 35.707668304443381 ], [ 139.044204711914006, 35.709331512451229 ], [ 139.032302856445, 35.716197967529268 ], [ 139.025604248046989, 35.719333648681598 ], [ 139.020095825195, 35.728332519531328 ], [ 139.012496948241989, 35.738800048828097 ], [ 139.011901855468977, 35.738998413085916 ], [ 139.005294799804972, 35.74946594238277 ], [ 139.003204345702983, 35.750331878662074 ], [ 138.996795654296989, 35.752265930175767 ], [ 138.996093749999972, 35.753200531005916 ], [ 138.994491577147983, 35.7543334960938 ], [ 138.992706298827983, 35.757068634033224 ], [ 138.983703613280966, 35.769466400146506 ], [ 138.985992431640966, 35.778999328613295 ], [ 138.984603881835966, 35.784599304199212 ], [ 138.97880554199196, 35.787864685058608 ], [ 138.975906372069971, 35.792133331298821 ], [ 138.973297119140966, 35.797668457031335 ], [ 138.97090148925804, 35.803798675537131 ], [ 138.97189331054696, 35.810733795166009 ], [ 138.96969604492196, 35.815731048584013 ], [ 138.96969604492196, 35.831333160400384 ], [ 138.963790893554972, 35.829334259033203 ], [ 138.953292846679943, 35.836532592773388 ], [ 138.94810485839804, 35.841667175292997 ], [ 138.948303222655966, 35.849334716796939 ], [ 138.944000244141023, 35.854667663574183 ] ] ], [ [ [ 139.821197509765938, 35.63413238525392 ], [ 139.820404052733949, 35.639133453369105 ], [ 139.822998046874972, 35.64179992675777 ], [ 139.826095581054943, 35.642734527587919 ], [ 139.824798583983977, 35.63973236083983 ], [ 139.83290100097696, 35.640464782714801 ], [ 139.832794189452983, 35.638267517089801 ], [ 139.825195312499972, 35.637531280517557 ], [ 139.825607299805029, 35.634532928466825 ], [ 139.821197509765938, 35.63413238525392 ] ] ], [ [ [ 139.85780334472696, 35.635799407959041 ], [ 139.855300903319971, 35.63686752319343 ], [ 139.850296020507983, 35.637664794921889 ], [ 139.849899291991989, 35.639266967773438 ], [ 139.850494384765966, 35.639999389648409 ], [ 139.858398437499972, 35.638134002685469 ], [ 139.857894897460966, 35.635864257812528 ], [ 139.85780334472696, 35.635799407959041 ] ] ], [ [ [ 139.867004394530994, 35.633598327636676 ], [ 139.866699218749972, 35.633800506591768 ], [ 139.861007690429972, 35.636001586914126 ], [ 139.86219787597696, 35.637199401855497 ], [ 139.863708496093977, 35.63713455200201 ], [ 139.867599487304972, 35.634201049804673 ], [ 139.867004394530994, 35.633598327636676 ] ] ], [ [ [ 139.768707275390994, 35.626464843749979 ], [ 139.776702880859034, 35.630931854248011 ], [ 139.777297973633011, 35.631473541259787 ], [ 139.777481079102017, 35.631641387939545 ], [ 139.777481079102017, 35.63182067871093 ], [ 139.777175903319971, 35.632282257080142 ], [ 139.775390625000028, 35.634658813476619 ], [ 139.774887084961023, 35.634860992431619 ], [ 139.773284912109034, 35.63401794433593 ], [ 139.77267456054696, 35.632537841796911 ], [ 139.770843505858977, 35.63305282592772 ], [ 139.771392822266023, 35.634334564209006 ], [ 139.771697998047017, 35.634449005126996 ], [ 139.775711059570028, 35.635738372802734 ], [ 139.777008056640994, 35.636043548583999 ], [ 139.78190612793, 35.62993240356446 ], [ 139.78250122070304, 35.629268646240156 ], [ 139.784927368164006, 35.626369476318423 ], [ 139.78469848632804, 35.625862121581982 ], [ 139.781066894530966, 35.623939514160178 ], [ 139.781448364257983, 35.623294830322308 ], [ 139.792602539063012, 35.609531402587905 ], [ 139.787048339843977, 35.602085113525398 ], [ 139.785491943359034, 35.603507995605469 ], [ 139.773269653319971, 35.618480682372962 ], [ 139.774383544921932, 35.619327545166009 ], [ 139.77360534668, 35.620265960693423 ], [ 139.771301269531023, 35.618762969970703 ], [ 139.770843505858977, 35.618522644043011 ], [ 139.770584106445028, 35.618675231933601 ], [ 139.768463134765966, 35.621150970458984 ], [ 139.767654418944971, 35.622131347656278 ], [ 139.767654418944971, 35.62589263916022 ], [ 139.768707275390994, 35.626464843749979 ] ] ], [ [ [ 139.753494262695028, 35.624065399169886 ], [ 139.753997802734034, 35.630939483642635 ], [ 139.755203247070028, 35.633598327636676 ], [ 139.759201049805, 35.633598327636676 ], [ 139.759399414063012, 35.627998352050767 ], [ 139.759399414063012, 35.619331359863274 ], [ 139.753204345703011, 35.618934631347727 ], [ 139.753494262695028, 35.624065399169886 ] ] ], [ [ [ 139.83549499511696, 35.612464904785242 ], [ 139.83230590820304, 35.616264343261697 ], [ 139.831604003905966, 35.621067047119062 ], [ 139.827407836914034, 35.619800567627031 ], [ 139.826599121094034, 35.63019943237304 ], [ 139.83230590820304, 35.631134033203097 ], [ 139.837005615233977, 35.631134033203097 ], [ 139.839294433593977, 35.631267547607429 ], [ 139.838607788085966, 35.61420059204103 ], [ 139.83549499511696, 35.612464904785242 ] ] ], [ [ [ 139.794906616211023, 35.613800048828118 ], [ 139.785202026367017, 35.625064849853523 ], [ 139.78990173339804, 35.627601623535213 ], [ 139.796600341797017, 35.619064331054702 ], [ 139.79789733886696, 35.617801666259844 ], [ 139.794906616211023, 35.613800048828118 ] ] ], [ [ [ 139.749496459961023, 35.588867187500043 ], [ 139.749206542969006, 35.592334747314531 ], [ 139.749099731445028, 35.600734710693445 ], [ 139.751800537109006, 35.60473251342772 ], [ 139.753005981445, 35.617733001708999 ], [ 139.757507324219006, 35.617000579834027 ], [ 139.761001586914006, 35.615131378173821 ], [ 139.763504028320028, 35.60986709594733 ], [ 139.761901855469006, 35.609066009521513 ], [ 139.772796630859034, 35.595600128173835 ], [ 139.77639770507804, 35.590667724609411 ], [ 139.775100708008011, 35.589267730712862 ], [ 139.772903442383011, 35.586532592773438 ], [ 139.769104003906023, 35.583332061767621 ], [ 139.770401000977017, 35.581199645996101 ], [ 139.775802612305, 35.585334777831982 ], [ 139.77720642089804, 35.585201263427741 ], [ 139.77859497070304, 35.586399078369105 ], [ 139.787002563477017, 35.580398559570284 ], [ 139.783294677734034, 35.577198028564467 ], [ 139.766723632812983, 35.577098846435469 ], [ 139.766372680664034, 35.578487396240206 ], [ 139.766952514647983, 35.578815460205085 ], [ 139.767929077148011, 35.578762054443409 ], [ 139.769180297852017, 35.579936981201158 ], [ 139.769027709960994, 35.58027267456049 ], [ 139.768844604491989, 35.580455780029325 ], [ 139.768554687499972, 35.580688476562479 ], [ 139.767822265625, 35.581272125244126 ], [ 139.767532348632983, 35.581295013427741 ], [ 139.764022827148011, 35.577976226806577 ], [ 139.76248168945304, 35.577102661132827 ], [ 139.755905151367017, 35.577198028564467 ], [ 139.750701904297017, 35.586532592773438 ], [ 139.749496459961023, 35.588867187500043 ] ] ], [ [ [ 139.791503906250028, 35.593852996826243 ], [ 139.790100097656023, 35.595554351806605 ], [ 139.79096984863304, 35.59719467163093 ], [ 139.79399108886696, 35.601242065429709 ], [ 139.794921875, 35.601577758789134 ], [ 139.798950195312983, 35.606849670410163 ], [ 139.810577392577983, 35.613151550292983 ], [ 139.819152832030994, 35.608741760253899 ], [ 139.791503906250028, 35.593852996826243 ] ] ], [ [ [ 139.81320190429696, 35.589534759521527 ], [ 139.805603027344034, 35.599464416503871 ], [ 139.820205688477017, 35.607334136962905 ], [ 139.82679748535196, 35.596931457519538 ], [ 139.81320190429696, 35.589534759521527 ] ] ], [ [ [ 139.805953979491989, 35.585582733154304 ], [ 139.794799804688012, 35.592090606689482 ], [ 139.793975830077954, 35.591548919677699 ], [ 139.793426513672017, 35.592109680175824 ], [ 139.79348754882804, 35.592849731445334 ], [ 139.803802490234034, 35.598464965820327 ], [ 139.81179809570304, 35.588726043701172 ], [ 139.805953979491989, 35.585582733154304 ] ] ], [ [ [ 139.765594482422017, 35.564865112304673 ], [ 139.758499145508011, 35.568466186523402 ], [ 139.757705688476989, 35.574264526367223 ], [ 139.764404296875, 35.574665069580128 ], [ 139.773696899414034, 35.574531555175795 ], [ 139.765594482422017, 35.564865112304673 ] ] ] ] } },
{ "type": "Feature", "properties": { "nam": "Kanagawa Ken", "nam_ja": "神奈川県", "id": 14 }, "geometry": { "type": "MultiPolygon", "coordinates": [ [ [ [ 139.13099670410196, 35.671798706054695 ], [ 139.136901855469034, 35.672134399414119 ], [ 139.142807006835966, 35.669868469238267 ], [ 139.148605346679943, 35.666732788085938 ], [ 139.15710449218804, 35.666332244873026 ], [ 139.161697387694971, 35.667865753173814 ], [ 139.167404174804972, 35.661666870117173 ], [ 139.167404174804972, 35.65346527099608 ], [ 139.167999267577983, 35.651134490966832 ], [ 139.175704956054972, 35.648998260497962 ], [ 139.179901123046989, 35.645534515380923 ], [ 139.184204101562983, 35.644931793212926 ], [ 139.192398071289006, 35.648464202880895 ], [ 139.194793701171989, 35.651466369628899 ], [ 139.200897216796989, 35.652465820312536 ], [ 139.206604003905994, 35.650733947753928 ], [ 139.215698242187983, 35.646064758300803 ], [ 139.215805053710994, 35.636798858642585 ], [ 139.221405029296989, 35.628532409668004 ], [ 139.220397949219006, 35.62566757202152 ], [ 139.226196289063012, 35.622531890869098 ], [ 139.230392456055, 35.616531372070277 ], [ 139.232894897461023, 35.612667083740241 ], [ 139.23600769043, 35.610466003417969 ], [ 139.240600585938012, 35.606266021728509 ], [ 139.246795654297017, 35.605201721191385 ], [ 139.252899169922017, 35.601867675781321 ], [ 139.258697509766023, 35.603534698486264 ], [ 139.264801025391023, 35.60233306884772 ], [ 139.267303466797017, 35.608200073242209 ], [ 139.26890563964804, 35.609264373779332 ], [ 139.28219604492196, 35.612998962402301 ], [ 139.292495727539034, 35.611198425293026 ], [ 139.296798706055029, 35.609001159668026 ], [ 139.300292968749972, 35.606067657470689 ], [ 139.304595947265966, 35.605201721191385 ], [ 139.312103271483977, 35.604331970214815 ], [ 139.313796997069971, 35.604400634765568 ], [ 139.32150268554696, 35.605800628662116 ], [ 139.33070373535196, 35.603534698486264 ], [ 139.341400146483977, 35.60480117797848 ], [ 139.346694946288977, 35.601932525634808 ], [ 139.356002807616989, 35.599132537841811 ], [ 139.363204956054972, 35.598934173583991 ], [ 139.371795654296989, 35.594200134277294 ], [ 139.375305175780994, 35.594131469726626 ], [ 139.379501342773011, 35.589931488037081 ], [ 139.385696411133011, 35.588199615478473 ], [ 139.389495849609006, 35.587600708007834 ], [ 139.390106201171989, 35.586532592773438 ], [ 139.390701293945, 35.585399627685469 ], [ 139.392196655273011, 35.585464477539134 ], [ 139.39469909668, 35.584266662597678 ], [ 139.39860534668, 35.58440017700201 ], [ 139.402893066406023, 35.575332641601612 ], [ 139.407608032226989, 35.575798034668011 ], [ 139.410095214844006, 35.571731567382798 ], [ 139.417297363281023, 35.561798095703097 ], [ 139.423599243164034, 35.558265686035213 ], [ 139.427200317383011, 35.552333831787145 ], [ 139.432495117188012, 35.547798156738267 ], [ 139.43559265136696, 35.546264648437479 ], [ 139.440795898438012, 35.542598724365178 ], [ 139.443298339844034, 35.54273223876951 ], [ 139.447998046875028, 35.536731719970689 ], [ 139.458007812500028, 35.528064727783196 ], [ 139.456008911133011, 35.523998260497983 ], [ 139.455307006836023, 35.519931793212862 ], [ 139.461593627930029, 35.519664764404283 ], [ 139.464004516602017, 35.515731811523402 ], [ 139.466003417969034, 35.508934020996122 ], [ 139.468597412108977, 35.504932403564489 ], [ 139.468200683594034, 35.503200531005881 ], [ 139.46780395507804, 35.50220108032233 ], [ 139.47700500488304, 35.501598358154332 ], [ 139.481597900390966, 35.503200531005881 ], [ 139.48500061035196, 35.503864288330092 ], [ 139.47880554199196, 35.50880050659179 ], [ 139.477706909180029, 35.512134552002031 ], [ 139.484802246094034, 35.519866943359375 ], [ 139.48620605468804, 35.520801544189524 ], [ 139.48669433593804, 35.529598236083984 ], [ 139.48669433593804, 35.535533905029318 ], [ 139.485107421874943, 35.536731719970689 ], [ 139.48019409179696, 35.544067382812479 ], [ 139.481994628905966, 35.550201416015632 ], [ 139.480407714844034, 35.557666778564482 ], [ 139.475906372069971, 35.561931610107429 ], [ 139.473800659180029, 35.559864044189489 ], [ 139.470199584960966, 35.560665130615213 ], [ 139.468994140624972, 35.564598083496094 ], [ 139.46969604492196, 35.569664001464766 ], [ 139.473205566405966, 35.576267242431584 ], [ 139.47709655761696, 35.581600189209013 ], [ 139.479003906249943, 35.581130981445256 ], [ 139.483703613280966, 35.583065032959041 ], [ 139.48669433593804, 35.584667205810497 ], [ 139.490005493163949, 35.584064483642592 ], [ 139.487701416015966, 35.578330993652344 ], [ 139.48620605468804, 35.578399658203104 ], [ 139.482894897460966, 35.571266174316399 ], [ 139.485992431640966, 35.56786727905267 ], [ 139.489593505858977, 35.561531066894517 ], [ 139.494400024413977, 35.563999176025369 ], [ 139.49679565429696, 35.56566619873049 ], [ 139.500793457030994, 35.568798065185462 ], [ 139.502395629882983, 35.571132659912067 ], [ 139.506500244140966, 35.571464538574219 ], [ 139.50720214843804, 35.575733184814524 ], [ 139.50509643554696, 35.57506561279304 ], [ 139.49679565429696, 35.58146667480468 ], [ 139.493103027344034, 35.584197998046925 ], [ 139.494293212890966, 35.586532592773438 ], [ 139.49279785156304, 35.589065551757777 ], [ 139.49189758300804, 35.58873367309571 ], [ 139.487304687499972, 35.590198516845746 ], [ 139.483993530272983, 35.594001770019474 ], [ 139.483093261718949, 35.593864440917962 ], [ 139.482696533202954, 35.594932556152266 ], [ 139.48019409179696, 35.594867706298778 ], [ 139.479598999022983, 35.595600128173835 ], [ 139.475906372069971, 35.599666595458963 ], [ 139.47090148925804, 35.601734161376989 ], [ 139.46659851074196, 35.607933044433629 ], [ 139.46530151367196, 35.609134674072266 ], [ 139.45649719238304, 35.606399536132841 ], [ 139.453201293945028, 35.604934692382812 ], [ 139.449295043944943, 35.611797332763665 ], [ 139.45420837402304, 35.618198394775398 ], [ 139.460998535155966, 35.622333526611278 ], [ 139.46299743652304, 35.62493133544919 ], [ 139.464096069335966, 35.624465942382791 ], [ 139.468994140624972, 35.620265960693423 ], [ 139.47619628906304, 35.618934631347727 ], [ 139.47709655761696, 35.612998962402301 ], [ 139.479995727538977, 35.612998962402301 ], [ 139.483398437499972, 35.608531951904268 ], [ 139.48800659179696, 35.607467651367237 ], [ 139.490402221679943, 35.604534149169901 ], [ 139.49580383300804, 35.605266571044872 ], [ 139.49679565429696, 35.60480117797848 ], [ 139.49980163574196, 35.606266021728509 ], [ 139.49679565429696, 35.611267089843786 ], [ 139.495101928710966, 35.617465972900426 ], [ 139.49679565429696, 35.617931365966818 ], [ 139.504302978515966, 35.623065948486335 ], [ 139.509796142577983, 35.623867034912067 ], [ 139.51119995117196, 35.624000549316399 ], [ 139.514602661132983, 35.624801635742216 ], [ 139.518402099608977, 35.630599975585945 ], [ 139.523498535155994, 35.633132934570284 ], [ 139.520706176757983, 35.637798309326222 ], [ 139.523696899413977, 35.63953399658201 ], [ 139.525405883788977, 35.642665863037074 ], [ 139.53480529785196, 35.640201568603494 ], [ 139.548599243164006, 35.635799407959041 ], [ 139.551803588866989, 35.634067535400433 ], [ 139.561996459960994, 35.632534027099645 ], [ 139.565994262695028, 35.629066467285156 ], [ 139.565902709960994, 35.627197265625036 ], [ 139.578506469726989, 35.621864318847699 ], [ 139.588104248047017, 35.619400024414119 ], [ 139.59019470214804, 35.618400573730483 ], [ 139.595596313477017, 35.61833190917973 ], [ 139.596603393555, 35.61846542358397 ], [ 139.603302001953011, 35.616600036621122 ], [ 139.607604980469006, 35.616001129150391 ], [ 139.612701416016023, 35.615333557128906 ], [ 139.616302490234034, 35.613533020019545 ], [ 139.619201660156023, 35.613464355468786 ], [ 139.621795654296932, 35.611797332763665 ], [ 139.631607055664034, 35.605934143066357 ], [ 139.64360046386696, 35.597866058349595 ], [ 139.655105590819971, 35.590133666992166 ], [ 139.665298461913977, 35.58893203735353 ], [ 139.667800903319971, 35.586532592773438 ], [ 139.678298950194971, 35.56340026855473 ], [ 139.68110656738304, 35.561332702636697 ], [ 139.693801879882983, 35.556465148925845 ], [ 139.702499389647983, 35.553867340087933 ], [ 139.703598022460994, 35.549331665039055 ], [ 139.697799682616989, 35.543464660644482 ], [ 139.701797485351989, 35.537200927734439 ], [ 139.703399658202983, 35.536533355712869 ], [ 139.717895507812983, 35.53813171386723 ], [ 139.727401733398011, 35.543533325195327 ], [ 139.735000610351989, 35.541267395019474 ], [ 139.740905761719006, 35.54546737670902 ], [ 139.746795654297017, 35.543731689453054 ], [ 139.757507324219006, 35.544200897216811 ], [ 139.776306152344006, 35.534397125244084 ], [ 139.789794921875028, 35.526668548584013 ], [ 139.787597656250028, 35.524398803710895 ], [ 139.788497924805029, 35.521266937255916 ], [ 139.796295166016023, 35.518600463867159 ], [ 139.791625976562983, 35.51340103149407 ], [ 139.794235229492017, 35.511779785156264 ], [ 139.790771484374972, 35.507759094238281 ], [ 139.787994384766023, 35.508998870849609 ], [ 139.780105590820028, 35.51313400268549 ], [ 139.776306152344006, 35.509532928466761 ], [ 139.772308349609034, 35.512268066406278 ], [ 139.774703979492017, 35.514667510986278 ], [ 139.773498535156023, 35.515533447265582 ], [ 139.770996093750028, 35.51319885253907 ], [ 139.766403198242017, 35.520534515380945 ], [ 139.768997192383011, 35.522865295410192 ], [ 139.767807006836023, 35.523799896240163 ], [ 139.765594482422017, 35.521999359130888 ], [ 139.761001586914006, 35.530200958251982 ], [ 139.756393432617017, 35.530334472656314 ], [ 139.751998901367017, 35.533065795898381 ], [ 139.751098632813012, 35.530799865722713 ], [ 139.753799438476989, 35.531333923339773 ], [ 139.755798339844006, 35.527801513671889 ], [ 139.752197265625, 35.524532318115227 ], [ 139.75309753418, 35.523399353027344 ], [ 139.75700378418, 35.526599884033168 ], [ 139.75889587402304, 35.526332855224588 ], [ 139.766006469726989, 35.513465881347734 ], [ 139.764907836914006, 35.511600494384794 ], [ 139.75390625, 35.508533477783217 ], [ 139.751800537109006, 35.509468078613274 ], [ 139.748504638671989, 35.518264770507827 ], [ 139.751007080078011, 35.521533966064496 ], [ 139.751403808594006, 35.523666381835923 ], [ 139.746795654297017, 35.519599914550795 ], [ 139.745895385742017, 35.518932342529311 ], [ 139.744003295898011, 35.520801544189524 ], [ 139.743606567382983, 35.520465850830099 ], [ 139.745300292969006, 35.518733978271491 ], [ 139.738006591796989, 35.514667510986278 ], [ 139.738800048828011, 35.51340103149407 ], [ 139.745101928710994, 35.515998840331982 ], [ 139.746795654297017, 35.514667510986278 ], [ 139.749298095703011, 35.508464813232372 ], [ 139.746795654297017, 35.505931854248033 ], [ 139.739898681640994, 35.503200531005881 ], [ 139.733901977539006, 35.500465393066364 ], [ 139.733200073242017, 35.503200531005881 ], [ 139.732696533203011, 35.511798858642614 ], [ 139.737503051757983, 35.513267517089822 ], [ 139.737503051757983, 35.513931274414126 ], [ 139.732696533203011, 35.513065338134822 ], [ 139.731903076171989, 35.515533447265582 ], [ 139.725006103515994, 35.516933441162131 ], [ 139.724899291991989, 35.516334533691399 ], [ 139.730392456055, 35.514865875244098 ], [ 139.730392456055, 35.512199401855518 ], [ 139.723205566405994, 35.509666442871094 ], [ 139.723495483398011, 35.508331298828125 ], [ 139.72900390625, 35.510864257812464 ], [ 139.731002807616989, 35.503200531005881 ], [ 139.731796264648011, 35.499534606933572 ], [ 139.720306396484006, 35.494266510009815 ], [ 139.714202880859006, 35.503200531005881 ], [ 139.722900390625, 35.507934570312486 ], [ 139.722793579101989, 35.508266448974638 ], [ 139.711608886718977, 35.503200531005881 ], [ 139.718109130859006, 35.493534088134844 ], [ 139.711395263671989, 35.490600585937507 ], [ 139.696304321288977, 35.483867645263715 ], [ 139.695007324218977, 35.486865997314538 ], [ 139.696502685546989, 35.488800048828054 ], [ 139.697998046874972, 35.490798950195327 ], [ 139.694503784179972, 35.489334106445298 ], [ 139.693099975585966, 35.492332458496115 ], [ 139.69030761718804, 35.491401672363324 ], [ 139.690002441405994, 35.491333007812479 ], [ 139.688507080077983, 35.495201110839787 ], [ 139.688293457030994, 35.491199493408239 ], [ 139.692901611327983, 35.482467651367173 ], [ 139.689697265624972, 35.478801727294865 ], [ 139.686492919921989, 35.479732513427656 ], [ 139.681793212890966, 35.478199005127045 ], [ 139.681900024413977, 35.473197937011683 ], [ 139.67680358886696, 35.471466064453075 ], [ 139.675598144530966, 35.470264434814531 ], [ 139.668395996093977, 35.467800140380859 ], [ 139.667999267577983, 35.473598480224595 ], [ 139.673095703124972, 35.474998474121136 ], [ 139.670806884765966, 35.478000640869141 ], [ 139.64480590820304, 35.475799560546868 ], [ 139.64149475097696, 35.472801208496136 ], [ 139.638153076171989, 35.465255737304716 ], [ 139.634094238280966, 35.465400695800767 ], [ 139.632797241210938, 35.466133117675831 ], [ 139.63215637207, 35.465950012206996 ], [ 139.633514404297017, 35.463108062744126 ], [ 139.633621215820028, 35.463031768798828 ], [ 139.634368896483977, 35.463039398193366 ], [ 139.634765624999972, 35.463752746581996 ], [ 139.638473510741989, 35.463775634765611 ], [ 139.638854980468977, 35.462898254394496 ], [ 139.638092041015938, 35.457298278808587 ], [ 139.635147094726989, 35.455924987793011 ], [ 139.632705688477017, 35.452198028564489 ], [ 139.632705688477017, 35.451999664306584 ], [ 139.63439941406304, 35.452198028564489 ], [ 139.636093139647954, 35.452133178710916 ], [ 139.642196655272954, 35.449665069580064 ], [ 139.645843505859006, 35.450084686279318 ], [ 139.648818969727017, 35.453750610351626 ], [ 139.64979553222696, 35.45322418212892 ], [ 139.645599365233977, 35.448131561279276 ], [ 139.651794433594034, 35.445133209228544 ], [ 139.65719604492196, 35.451198577880945 ], [ 139.658599853515966, 35.450531005859368 ], [ 139.657302856444971, 35.44886398315434 ], [ 139.660552978515994, 35.447605133056577 ], [ 139.661697387694971, 35.447200775146484 ], [ 139.664398193358977, 35.450065612792976 ], [ 139.66590881347696, 35.449333190918004 ], [ 139.66360473632804, 35.446598052978487 ], [ 139.656997680663977, 35.444198608398395 ], [ 139.66029357910196, 35.441200256347663 ], [ 139.664184570312955, 35.442756652831982 ], [ 139.668670654296989, 35.4485054016113 ], [ 139.670394897460966, 35.451267242431612 ], [ 139.674301147460966, 35.449600219726577 ], [ 139.668548583984034, 35.44009780883794 ], [ 139.669006347655966, 35.439239501953082 ], [ 139.66989135742196, 35.438884735107408 ], [ 139.671188354491989, 35.438831329345724 ], [ 139.675292968749972, 35.445598602294943 ], [ 139.677307128905966, 35.444732666015639 ], [ 139.676376342773011, 35.443305969238295 ], [ 139.681304931640966, 35.441131591796911 ], [ 139.67550659179696, 35.431465148925781 ], [ 139.678207397460966, 35.430332183837905 ], [ 139.685501098632983, 35.441932678222727 ], [ 139.690704345702983, 35.439201354980483 ], [ 139.685607910155966, 35.426601409912109 ], [ 139.681396484374972, 35.426265716552692 ], [ 139.68093872070304, 35.426208496093828 ], [ 139.681503295897983, 35.424400329589837 ], [ 139.681564331055, 35.422695159912116 ], [ 139.680694580077983, 35.421867370605504 ], [ 139.67971801757804, 35.421886444091761 ], [ 139.67689514160196, 35.424026489257812 ], [ 139.676101684569971, 35.423332214355533 ], [ 139.679931640625028, 35.418659210205142 ], [ 139.67810058593804, 35.416065216064503 ], [ 139.679992675780994, 35.415466308593771 ], [ 139.680404663085966, 35.415401458740199 ], [ 139.679504394530966, 35.410667419433587 ], [ 139.66970825195304, 35.402732849121072 ], [ 139.668151855469006, 35.403331756591797 ], [ 139.666992187499972, 35.404266357421946 ], [ 139.66889953613304, 35.406398773193374 ], [ 139.66590881347696, 35.408466339111314 ], [ 139.66320800781304, 35.406398773193374 ], [ 139.652603149414034, 35.412799835205107 ], [ 139.642501831055029, 35.411533355712891 ], [ 139.63349914550804, 35.408264160156314 ], [ 139.631805419922017, 35.410533905029254 ], [ 139.62779235839804, 35.409000396728466 ], [ 139.630798339844034, 35.404865264892585 ], [ 139.640304565430029, 35.406398773193374 ], [ 139.64179992675804, 35.406887054443388 ], [ 139.64489746093804, 35.40539932250983 ], [ 139.645492553710966, 35.402866363525405 ], [ 139.643432617188012, 35.401752471923778 ], [ 139.641754150390994, 35.401466369628857 ], [ 139.641571044921989, 35.402091979980469 ], [ 139.634506225586023, 35.400665283203132 ], [ 139.632080078124972, 35.4003295898438 ], [ 139.62959289550804, 35.401279449462933 ], [ 139.626098632813012, 35.401531219482436 ], [ 139.62210083007804, 35.39599990844728 ], [ 139.62210083007804, 35.395397186279283 ], [ 139.624526977539006, 35.391681671142564 ], [ 139.629943847655994, 35.393955230712862 ], [ 139.632507324219034, 35.393363952636676 ], [ 139.635513305664034, 35.392200469970732 ], [ 139.63659667968804, 35.390201568603544 ], [ 139.627502441405937, 35.386131286621065 ], [ 139.62950134277304, 35.383800506591818 ], [ 139.632003784180029, 35.38226699829103 ], [ 139.639907836914034, 35.385398864746094 ], [ 139.64570617675804, 35.390399932861278 ], [ 139.653396606444971, 35.3872680664063 ], [ 139.649307250977017, 35.383731842040973 ], [ 139.651199340819971, 35.382667541503935 ], [ 139.649093627929943, 35.381599426269545 ], [ 139.64570617675804, 35.377998352050817 ], [ 139.645492553710966, 35.377799987792997 ], [ 139.650497436522983, 35.372932434081967 ], [ 139.653503417969034, 35.374534606933601 ], [ 139.656509399414034, 35.372665405273388 ], [ 139.656600952147983, 35.366333007812507 ], [ 139.650894165038977, 35.366264343261662 ], [ 139.65100097656304, 35.359733581542955 ], [ 139.654800415038949, 35.353534698486314 ], [ 139.65669250488304, 35.353599548339801 ], [ 139.656997680663977, 35.341598510742159 ], [ 139.643798828124943, 35.339534759521491 ], [ 139.639404296875028, 35.340465545654283 ], [ 139.634292602539034, 35.336532592773402 ], [ 139.634902954102017, 35.335533142089766 ], [ 139.635101318359034, 35.332668304443366 ], [ 139.62950134277304, 35.32960128784179 ], [ 139.622497558594034, 35.332000732421882 ], [ 139.631805419922017, 35.325332641601577 ], [ 139.631805419922017, 35.323200225830057 ], [ 139.634002685546932, 35.321933746337933 ], [ 139.638305664063012, 35.326599121093786 ], [ 139.633697509766023, 35.322998046874972 ], [ 139.630203247070028, 35.328266143798821 ], [ 139.63389587402304, 35.331001281738331 ], [ 139.638305664063012, 35.326732635498033 ], [ 139.64089965820304, 35.330398559570334 ], [ 139.64920043945304, 35.327465057373004 ], [ 139.660797119140966, 35.328132629394489 ], [ 139.661300659179943, 35.322200775146513 ], [ 139.65190124511696, 35.321598052978516 ], [ 139.649002075194971, 35.318267822265632 ], [ 139.651306152344034, 35.31560134887696 ], [ 139.648300170897954, 35.312667846679716 ], [ 139.646896362305029, 35.313400268554688 ], [ 139.645004272460938, 35.311401367187507 ], [ 139.64360046386696, 35.307731628418018 ], [ 139.637100219727017, 35.31166839599608 ], [ 139.641296386719034, 35.305999755859411 ], [ 139.64089965820304, 35.303066253662081 ], [ 139.640106201171932, 35.303398132324233 ], [ 139.63920593261696, 35.301998138427685 ], [ 139.63740539550804, 35.300399780273409 ], [ 139.636703491211023, 35.301933288574197 ], [ 139.636398315430029, 35.301067352294893 ], [ 139.63340759277304, 35.30186843872071 ], [ 139.63130187988304, 35.300132751464837 ], [ 139.63479614257804, 35.298267364501982 ], [ 139.634002685546932, 35.295066833496072 ], [ 139.634994506835966, 35.295532226562472 ], [ 139.639495849608977, 35.29499816894532 ], [ 139.642501831055029, 35.299133300781286 ], [ 139.643493652344034, 35.298332214355469 ], [ 139.648605346680029, 35.293067932128892 ], [ 139.647201538085966, 35.292400360107408 ], [ 139.648696899413949, 35.291267395019524 ], [ 139.64970397949196, 35.287998199462862 ], [ 139.651702880858977, 35.288066864013707 ], [ 139.654708862305029, 35.284732818603466 ], [ 139.66059875488304, 35.28313446044919 ], [ 139.66230773925804, 35.284133911132827 ], [ 139.661209106444971, 35.285068511962884 ], [ 139.660797119140966, 35.287067413330071 ], [ 139.657608032226932, 35.290065765380888 ], [ 139.660095214843949, 35.291400909423771 ], [ 139.659408569335966, 35.29266738891598 ], [ 139.659606933594034, 35.29266738891598 ], [ 139.66020202636696, 35.291664123535163 ], [ 139.661605834960966, 35.291664123535163 ], [ 139.664001464844034, 35.289867401122983 ], [ 139.664794921874972, 35.292999267578132 ], [ 139.663803100585966, 35.295333862304737 ], [ 139.66140747070304, 35.299800872802685 ], [ 139.66459655761696, 35.300998687744141 ], [ 139.671798706054972, 35.300933837890561 ], [ 139.680206298827983, 35.294734954834013 ], [ 139.677307128905966, 35.293800354003864 ], [ 139.680496215819971, 35.29019927978522 ], [ 139.672302246093949, 35.28833389282228 ], [ 139.672103881835966, 35.286598205566406 ], [ 139.67419433593804, 35.286865234374979 ], [ 139.674301147460966, 35.284267425537067 ], [ 139.67810058593804, 35.28533172607419 ], [ 139.677307128905966, 35.279998779296946 ], [ 139.679397583007983, 35.278533935546911 ], [ 139.680404663085966, 35.279335021972727 ], [ 139.685806274413977, 35.275333404541001 ], [ 139.685699462890966, 35.272933959960909 ], [ 139.68690490722696, 35.270534515380909 ], [ 139.68910217285196, 35.270866394042969 ], [ 139.690994262695, 35.26726531982424 ], [ 139.696807861327983, 35.264732360839815 ], [ 139.721603393554972, 35.263198852539119 ], [ 139.723098754882983, 35.263198852539119 ], [ 139.728103637695, 35.2653999328613 ], [ 139.729797363280994, 35.265266418456967 ], [ 139.731201171875, 35.265598297119119 ], [ 139.732498168945, 35.265598297119119 ], [ 139.731201171875, 35.264068603515604 ], [ 139.732498168945, 35.262001037597663 ], [ 139.734893798828011, 35.262268066406328 ], [ 139.738204956055, 35.261798858642571 ], [ 139.740707397460994, 35.25880050659184 ], [ 139.743698120117017, 35.259067535400419 ], [ 139.746597290039006, 35.25320053100593 ], [ 139.742202758789006, 35.251201629638743 ], [ 139.737701416015994, 35.248466491699233 ], [ 139.735198974609006, 35.248535156249986 ], [ 139.733200073242017, 35.240932464599624 ], [ 139.727203369140994, 35.239532470703075 ], [ 139.727096557617017, 35.241931915283168 ], [ 139.724594116210994, 35.240001678466832 ], [ 139.723693847655994, 35.240001678466832 ], [ 139.71760559082, 35.247131347656264 ], [ 139.719696044921989, 35.240867614746136 ], [ 139.723602294921989, 35.23479843139647 ], [ 139.725296020507983, 35.23479843139647 ], [ 139.729400634765994, 35.23253250122071 ], [ 139.729507446289006, 35.229198455810469 ], [ 139.728607177734006, 35.223667144775398 ], [ 139.726806640625, 35.224468231201215 ], [ 139.722595214844006, 35.224132537841797 ], [ 139.721801757812983, 35.22626876831049 ], [ 139.719100952148011, 35.227664947509766 ], [ 139.715301513671989, 35.226600646972734 ], [ 139.713806152343977, 35.221534729003885 ], [ 139.714706420897983, 35.219799041748004 ], [ 139.717498779296989, 35.220867156982401 ], [ 139.715408325195, 35.217601776123004 ], [ 139.71760559082, 35.218200683593821 ], [ 139.722793579101989, 35.218132019042976 ], [ 139.725006103515994, 35.211868286132756 ], [ 139.717895507812983, 35.210933685302699 ], [ 139.716400146484006, 35.210865020752031 ], [ 139.699203491210966, 35.209865570068395 ], [ 139.68519592285196, 35.206535339355511 ], [ 139.664993286132955, 35.192798614501989 ], [ 139.656509399414034, 35.185001373290987 ], [ 139.655105590819971, 35.174732208252038 ], [ 139.658294677733977, 35.171798706054709 ], [ 139.659698486327954, 35.169868469238281 ], [ 139.660003662108977, 35.167667388916009 ], [ 139.664306640624972, 35.158401489257791 ], [ 139.666900634765966, 35.160400390624972 ], [ 139.666900634765966, 35.157867431640639 ], [ 139.668304443358977, 35.157466888427727 ], [ 139.669601440429972, 35.157466888427727 ], [ 139.675292968749972, 35.157333374023395 ], [ 139.677795410155994, 35.157531738281307 ], [ 139.680999755858977, 35.151535034179666 ], [ 139.67990112304696, 35.149200439453061 ], [ 139.681396484374972, 35.146198272705057 ], [ 139.677200317382955, 35.145465850830085 ], [ 139.67770385742196, 35.14313125610348 ], [ 139.678405761718949, 35.140598297119055 ], [ 139.677993774413977, 35.139331817627024 ], [ 139.673202514647983, 35.141334533691385 ], [ 139.67199707031304, 35.141334533691385 ], [ 139.671493530272983, 35.138732910156293 ], [ 139.668792724608977, 35.141666412353537 ], [ 139.667098999022983, 35.146400451660234 ], [ 139.66450500488304, 35.144733428955114 ], [ 139.661895751952983, 35.144931793212933 ], [ 139.66450500488304, 35.143066406249993 ], [ 139.66329956054696, 35.139667510986264 ], [ 139.660705566405966, 35.139732360839844 ], [ 139.65890502929696, 35.139133453369112 ], [ 139.657608032226932, 35.137866973876989 ], [ 139.65370178222696, 35.139266967773445 ], [ 139.651702880858977, 35.141265869140632 ], [ 139.649597167969034, 35.141933441162116 ], [ 139.650299072265938, 35.139732360839844 ], [ 139.648101806641023, 35.13859939575196 ], [ 139.64399719238304, 35.138198852539141 ], [ 139.64059448242196, 35.138401031494141 ], [ 139.640396118164034, 35.140068054199176 ], [ 139.63749694824196, 35.141468048095717 ], [ 139.629699707030966, 35.13886642456054 ], [ 139.630798339844034, 35.136466979980533 ], [ 139.628005981445028, 35.137466430664084 ], [ 139.621795654296932, 35.13899993896478 ], [ 139.621795654296932, 35.139732360839844 ], [ 139.62309265136696, 35.142066955566357 ], [ 139.621795654296932, 35.141334533691385 ], [ 139.619995117188012, 35.139331817627024 ], [ 139.617797851563012, 35.13886642456054 ], [ 139.617904663086023, 35.140735626220746 ], [ 139.61509704589804, 35.138935089111293 ], [ 139.615295410155937, 35.140998840331967 ], [ 139.61380004882804, 35.139999389648416 ], [ 139.613403320313012, 35.141532897949205 ], [ 139.610900878906023, 35.140998840331967 ], [ 139.611801147461023, 35.143600463867237 ], [ 139.614700317383011, 35.145332336425845 ], [ 139.614196777344034, 35.146068572997997 ], [ 139.615798950195028, 35.147533416748026 ], [ 139.614501953125028, 35.14839935302733 ], [ 139.615509033203011, 35.15033340454103 ], [ 139.614593505859034, 35.150199890136697 ], [ 139.613403320313012, 35.151401519775419 ], [ 139.612106323242017, 35.151065826416001 ], [ 139.610397338866932, 35.152534484863303 ], [ 139.606994628906023, 35.154335021972663 ], [ 139.609207153320028, 35.155868530273366 ], [ 139.609695434570028, 35.154533386230483 ], [ 139.610198974609034, 35.155467987060455 ], [ 139.611206054688012, 35.154800415039062 ], [ 139.61770629882804, 35.154666900634815 ], [ 139.619598388672017, 35.1553344726563 ], [ 139.615509033203011, 35.156867980957003 ], [ 139.615295410155937, 35.158000946044879 ], [ 139.616699218750028, 35.158199310302699 ], [ 139.61819458007804, 35.158401489257791 ], [ 139.615509033203011, 35.159931182861307 ], [ 139.612197875977017, 35.157867431640639 ], [ 139.61070251464804, 35.162933349609396 ], [ 139.615905761719006, 35.16180038452152 ], [ 139.617095947266023, 35.161731719970675 ], [ 139.61869812011696, 35.162532806396491 ], [ 139.621795654296932, 35.163265228271463 ], [ 139.625, 35.161865234375007 ], [ 139.626800537109034, 35.162799835205064 ], [ 139.62649536132804, 35.163066864013729 ], [ 139.625503540039034, 35.164398193359432 ], [ 139.621795654296932, 35.165401458740156 ], [ 139.61819458007804, 35.165935516357401 ], [ 139.616592407227017, 35.169868469238281 ], [ 139.616592407227017, 35.171733856201222 ], [ 139.618499755859034, 35.171600341796889 ], [ 139.619995117188012, 35.174800872802706 ], [ 139.614105224609034, 35.183265686035199 ], [ 139.615402221680029, 35.183200836181619 ], [ 139.619506835938012, 35.183334350585866 ], [ 139.617996215820028, 35.185001373290987 ], [ 139.61689758300804, 35.185535430908224 ], [ 139.615905761719006, 35.189865112304744 ], [ 139.610504150391023, 35.190200805664077 ], [ 139.608901977539034, 35.191135406494141 ], [ 139.609405517578011, 35.19379806518554 ], [ 139.60769653320304, 35.194065093994112 ], [ 139.605895996094034, 35.194465637207024 ], [ 139.602905273438012, 35.193668365478473 ], [ 139.601303100586023, 35.194133758544872 ], [ 139.600402832031023, 35.19359970092772 ], [ 139.599792480469034, 35.194801330566442 ], [ 139.600708007813012, 35.197265625000021 ], [ 139.603393554688012, 35.197868347168018 ], [ 139.605606079102017, 35.199398040771541 ], [ 139.604507446289006, 35.20313262939451 ], [ 139.606994628906023, 35.205734252929695 ], [ 139.608093261719034, 35.205932617187514 ], [ 139.609497070313012, 35.205600738525362 ], [ 139.611495971680029, 35.207866668701207 ], [ 139.609298706055029, 35.209533691406328 ], [ 139.609100341797017, 35.2102661132813 ], [ 139.620300292969034, 35.207267761230483 ], [ 139.621795654296932, 35.207267761230483 ], [ 139.62300109863304, 35.207466125488303 ], [ 139.627502441405937, 35.215465545654304 ], [ 139.623703002930029, 35.21686553955076 ], [ 139.623703002930029, 35.217533111572337 ], [ 139.621795654296932, 35.219734191894517 ], [ 139.621597290039034, 35.221000671386733 ], [ 139.620193481444943, 35.220531463622976 ], [ 139.61299133300804, 35.222801208496094 ], [ 139.608596801758011, 35.222801208496094 ], [ 139.608001708984034, 35.223068237304673 ], [ 139.604995727539034, 35.222934722900426 ], [ 139.603698730469006, 35.224266052246129 ], [ 139.603500366211023, 35.230266571044858 ], [ 139.60020446777304, 35.234668731689496 ], [ 139.600097656250028, 35.237998962402287 ], [ 139.596405029297017, 35.240333557128892 ], [ 139.596893310547017, 35.241001129150376 ], [ 139.592895507813012, 35.244667053222685 ], [ 139.592300415039006, 35.246334075927713 ], [ 139.581100463867017, 35.25320053100593 ], [ 139.579498291015994, 35.25320053100593 ], [ 139.576705932617017, 35.252933502197266 ], [ 139.576400756835994, 35.25320053100593 ], [ 139.576904296875, 35.253665924072322 ], [ 139.579696655273011, 35.255401611328111 ], [ 139.575897216797017, 35.260398864746115 ], [ 139.575698852539006, 35.264266967773423 ], [ 139.567596435547017, 35.266868591308601 ], [ 139.570495605469006, 35.269134521484361 ], [ 139.568801879883011, 35.272132873535185 ], [ 139.570693969726989, 35.273532867431641 ], [ 139.567596435547017, 35.284732818603466 ], [ 139.568695068359006, 35.284801483154311 ], [ 139.570007324219006, 35.284801483154311 ], [ 139.570892333984034, 35.286998748779311 ], [ 139.572494506836023, 35.286865234374979 ], [ 139.573501586914006, 35.289001464843764 ], [ 139.569305419921989, 35.293666839599616 ], [ 139.558807373046989, 35.291664123535163 ], [ 139.556900024414006, 35.296001434326222 ], [ 139.552108764648011, 35.294467926025433 ], [ 139.552307128905994, 35.299400329589773 ], [ 139.552307128905994, 35.301601409912138 ], [ 139.544906616210994, 35.30813217163093 ], [ 139.535507202147983, 35.308799743652322 ], [ 139.532302856445, 35.304534912109382 ], [ 139.525299072265966, 35.301666259765625 ], [ 139.49679565429696, 35.306400299072322 ], [ 139.492492675780966, 35.305801391601591 ], [ 139.492202758788977, 35.306533813476562 ], [ 139.488601684569971, 35.307865142822266 ], [ 139.486801147460966, 35.307468414306626 ], [ 139.481796264647983, 35.302799224853501 ], [ 139.48530578613304, 35.298599243164134 ], [ 139.485504150390938, 35.298400878906314 ], [ 139.484298706054943, 35.29773330688483 ], [ 139.47830200195304, 35.298133850097742 ], [ 139.477706909180029, 35.297531127929744 ], [ 139.474197387694971, 35.2989311218262 ], [ 139.47880554199196, 35.301334381103473 ], [ 139.481292724608977, 35.304866790771534 ], [ 139.476501464844034, 35.31153488159184 ], [ 139.467300415039034, 35.315200805664141 ], [ 139.438003540039034, 35.318866729736271 ], [ 139.41960144043, 35.317268371581996 ], [ 139.408096313477017, 35.31766510009772 ], [ 139.395401000976989, 35.316135406494112 ], [ 139.373901367187983, 35.314865112304723 ], [ 139.371795654296989, 35.314533233642571 ], [ 139.361404418945, 35.314731597900391 ], [ 139.330093383788977, 35.312133789062479 ], [ 139.319396972655966, 35.308799743652322 ], [ 139.31800842285196, 35.30606842041017 ], [ 139.31840515136696, 35.305198669433594 ], [ 139.314193725585966, 35.305801391601591 ], [ 139.269302368164034, 35.297267913818438 ], [ 139.246795654297017, 35.291534423828104 ], [ 139.234100341797017, 35.286201477050767 ], [ 139.210800170898011, 35.278064727783246 ], [ 139.189697265625, 35.263534545898359 ], [ 139.170898437499972, 35.25320053100593 ], [ 139.149902343749972, 35.239067077636683 ], [ 139.147705078124972, 35.240665435791044 ], [ 139.14759826660196, 35.238933563232436 ], [ 139.143493652343977, 35.232734680175795 ], [ 139.142898559569971, 35.216598510742188 ], [ 139.142898559569971, 35.210132598876967 ], [ 139.13969421386696, 35.20073318481451 ], [ 139.137802124022983, 35.192600250244084 ], [ 139.14010620117196, 35.189933776855504 ], [ 139.136993408202983, 35.18486785888674 ], [ 139.137298583983977, 35.178798675537074 ], [ 139.141296386718949, 35.174667358398374 ], [ 139.144104003905966, 35.169868469238281 ], [ 139.145202636719034, 35.168666839599645 ], [ 139.140197753905966, 35.162265777587912 ], [ 139.143096923827983, 35.160133361816399 ], [ 139.145095825194971, 35.153400421142607 ], [ 139.143295288085966, 35.153732299804666 ], [ 139.141906738280966, 35.152732849121122 ], [ 139.145202636719034, 35.151466369628906 ], [ 139.149597167968977, 35.146999359130874 ], [ 139.15620422363304, 35.147266387939538 ], [ 139.158996582030994, 35.144733428955114 ], [ 139.160995483397983, 35.140998840331967 ], [ 139.156997680663977, 35.141799926757784 ], [ 139.155105590819971, 35.140331268310483 ], [ 139.152297973632955, 35.141399383544872 ], [ 139.151397705077983, 35.140468597412081 ], [ 139.149398803710966, 35.143199920654325 ], [ 139.145294189452983, 35.144268035888722 ], [ 139.13870239257804, 35.148265838622997 ], [ 139.13749694824196, 35.148464202880909 ], [ 139.13710021972696, 35.148532867431577 ], [ 139.13259887695304, 35.150264739990185 ], [ 139.12879943847696, 35.149799346923785 ], [ 139.12179565429696, 35.149868011474631 ], [ 139.116104125977017, 35.14599990844733 ], [ 139.111495971680029, 35.141334533691385 ], [ 139.10240173339804, 35.140735626220746 ], [ 139.085998535156023, 35.14093399047848 ], [ 139.076797485352017, 35.144531250000028 ], [ 139.067199707031023, 35.144466400146541 ], [ 139.059906005859006, 35.146331787109389 ], [ 139.053405761719006, 35.146800994872969 ], [ 139.050399780273011, 35.148532867431577 ], [ 139.043701171875, 35.149868011474631 ], [ 139.030502319335994, 35.149734497070298 ], [ 139.028701782226989, 35.150600433349602 ], [ 139.03059387207, 35.157798767089794 ], [ 139.027297973632983, 35.159732818603487 ], [ 139.027404785155994, 35.161598205566428 ], [ 139.028701782226989, 35.166599273681612 ], [ 139.028594970703011, 35.169868469238281 ], [ 139.027603149414006, 35.171199798583977 ], [ 139.026107788085994, 35.175533294677678 ], [ 139.023406982421989, 35.178001403808615 ], [ 139.021499633789006, 35.181732177734411 ], [ 139.013793945312983, 35.182201385497983 ], [ 139.011795043945, 35.182201385497983 ], [ 139.001495361327983, 35.189731597900412 ], [ 138.996795654296989, 35.194400787353537 ], [ 138.989196777343977, 35.200664520263665 ], [ 138.987594604491989, 35.201198577880902 ], [ 138.987304687499972, 35.208465576171939 ], [ 138.98719787597696, 35.213066101074212 ], [ 138.981994628905994, 35.219467163085945 ], [ 138.983001708983977, 35.223533630371065 ], [ 138.97889709472696, 35.231201171875007 ], [ 138.978195190429972, 35.234668731689496 ], [ 138.975997924804972, 35.235599517822287 ], [ 138.97799682617196, 35.240001678466832 ], [ 138.975906372069971, 35.244934082031257 ], [ 138.974700927733977, 35.25320053100593 ], [ 138.975204467772983, 35.261734008789084 ], [ 138.97970581054696, 35.268600463867209 ], [ 138.982101440429972, 35.272598266601577 ], [ 138.993103027343977, 35.284866333007798 ], [ 138.996795654296989, 35.287998199462862 ], [ 139.004806518554972, 35.289665222167983 ], [ 139.00569152832, 35.293998718261683 ], [ 139.010101318359006, 35.311332702636662 ], [ 139.012603759765966, 35.318401336669872 ], [ 139.014602661132983, 35.320465087890632 ], [ 139.018692016601989, 35.329799652099609 ], [ 139.012298583984006, 35.336532592773402 ], [ 139.011795043945, 35.337333679199219 ], [ 139.010696411132983, 35.342201232910156 ], [ 139.008605957030994, 35.349800109863345 ], [ 139.013198852538977, 35.358398437499986 ], [ 139.008499145507983, 35.359531402587869 ], [ 139.00569152832, 35.374332427978509 ], [ 138.99940490722696, 35.381801605224631 ], [ 139.001708984374972, 35.398799896240192 ], [ 138.996795654296989, 35.402664184570312 ], [ 138.995391845702983, 35.403133392333977 ], [ 138.98530578613304, 35.401668548584034 ], [ 138.982604980468949, 35.403465270996129 ], [ 138.96969604492196, 35.404865264892585 ], [ 138.966903686522983, 35.401931762695341 ], [ 138.952392578124972, 35.401466369628857 ], [ 138.94599914550804, 35.399665832519496 ], [ 138.93989562988304, 35.399532318115163 ], [ 138.931396484375028, 35.401000976562464 ], [ 138.916198730469034, 35.4005317687988 ], [ 138.917404174805029, 35.409999847412102 ], [ 138.924301147461023, 35.414333343505895 ], [ 138.926803588866932, 35.419864654540959 ], [ 138.92939758300804, 35.420864105224595 ], [ 138.930496215819943, 35.42553329467772 ], [ 138.92720031738304, 35.430267333984418 ], [ 138.927993774414034, 35.436798095703118 ], [ 138.93550109863304, 35.444999694824212 ], [ 138.937194824219034, 35.44886398315434 ], [ 138.93769836425804, 35.448932647705092 ], [ 138.95429992675804, 35.459934234619098 ], [ 138.966003417969034, 35.463932037353466 ], [ 138.968093872069971, 35.463733673095739 ], [ 138.973495483397983, 35.46673202514647 ], [ 138.975097656249972, 35.466400146484403 ], [ 138.978698730468977, 35.463867187499979 ], [ 138.985504150390966, 35.469799041747955 ], [ 138.99060058593804, 35.474132537841832 ], [ 138.994400024413977, 35.4739990234375 ], [ 138.996795654296989, 35.474201202392592 ], [ 138.997497558593977, 35.474933624267564 ], [ 139.001708984374972, 35.474800109863317 ], [ 139.005798339843977, 35.474864959716804 ], [ 139.007003784179972, 35.474601745605497 ], [ 139.013595581054972, 35.479331970214837 ], [ 139.01789855957, 35.479000091552685 ], [ 139.020492553710994, 35.47906875610353 ], [ 139.023605346679972, 35.481067657470717 ], [ 139.026596069335994, 35.480800628662138 ], [ 139.029495239257983, 35.486999511718778 ], [ 139.036499023437983, 35.490798950195327 ], [ 139.041900634765994, 35.497264862060455 ], [ 139.04460144043, 35.503200531005881 ], [ 139.046096801758011, 35.509731292724581 ], [ 139.052398681640994, 35.509731292724581 ], [ 139.059692382813012, 35.507465362548821 ], [ 139.066192626953011, 35.509334564209034 ], [ 139.067993164063012, 35.510467529296911 ], [ 139.072601318359034, 35.510200500488338 ], [ 139.079498291016023, 35.512268066406278 ], [ 139.085205078125028, 35.512065887451186 ], [ 139.090896606445028, 35.518867492675824 ], [ 139.102706909180029, 35.526000976562528 ], [ 139.106903076172017, 35.532466888427741 ], [ 139.108795166016023, 35.532264709472742 ], [ 139.11299133300804, 35.537399291992173 ], [ 139.112396240233949, 35.540798187255902 ], [ 139.112701416016023, 35.546932220458963 ], [ 139.111892700194971, 35.54980087280272 ], [ 139.115005493164034, 35.553665161132756 ], [ 139.12179565429696, 35.556598663330092 ], [ 139.12910461425804, 35.56373214721679 ], [ 139.12829589843804, 35.570732116699162 ], [ 139.127792358397983, 35.580398559570284 ], [ 139.124694824219034, 35.581798553466832 ], [ 139.12489318847696, 35.583198547363288 ], [ 139.12309265136696, 35.584064483642592 ], [ 139.12179565429696, 35.586200714111285 ], [ 139.121597290039034, 35.586532592773438 ], [ 139.12179565429696, 35.588397979736293 ], [ 139.122299194335966, 35.58900070190429 ], [ 139.12390136718804, 35.591533660888715 ], [ 139.12820434570304, 35.593601226806562 ], [ 139.13310241699196, 35.60680007934566 ], [ 139.12789916992196, 35.612464904785242 ], [ 139.134292602538977, 35.616264343261697 ], [ 139.131195068358977, 35.618000030517578 ], [ 139.125793457030966, 35.62266540527343 ], [ 139.12390136718804, 35.623867034912067 ], [ 139.12429809570304, 35.632400512695312 ], [ 139.127105712891023, 35.639801025390589 ], [ 139.126205444335938, 35.642734527587919 ], [ 139.12179565429696, 35.647598266601591 ], [ 139.11779785156304, 35.65313339233402 ], [ 139.11959838867196, 35.658531188964844 ], [ 139.12179565429696, 35.661464691162088 ], [ 139.124008178711023, 35.663131713867209 ], [ 139.12870788574196, 35.667266845703089 ], [ 139.13040161132804, 35.669868469238267 ], [ 139.13099670410196, 35.671798706054695 ] ] ], [ [ [ 139.74560546875, 35.484931945800838 ], [ 139.741149902344034, 35.488479614257798 ], [ 139.740509033203011, 35.488197326660234 ], [ 139.736297607421989, 35.494400024414055 ], [ 139.743698120117017, 35.497665405273366 ], [ 139.746795654297017, 35.499134063720668 ], [ 139.755508422851989, 35.503200531005881 ], [ 139.758804321289006, 35.504665374755909 ], [ 139.759201049805, 35.503601074218786 ], [ 139.759902954101989, 35.504932403564489 ], [ 139.769104003906023, 35.506134033203125 ], [ 139.778503417969006, 35.504398345947337 ], [ 139.776306152344006, 35.503200531005881 ], [ 139.778701782227017, 35.499267578125 ], [ 139.76220703125, 35.492000579833963 ], [ 139.759002685547017, 35.495201110839787 ], [ 139.757202148438012, 35.494464874267635 ], [ 139.758499145508011, 35.490467071533175 ], [ 139.746795654297017, 35.485332489013658 ], [ 139.74560546875, 35.484931945800838 ] ] ], [ [ [ 139.714599609375, 35.485866546630902 ], [ 139.734497070312983, 35.494731903076207 ], [ 139.739105224609006, 35.488998413085874 ], [ 139.735198974609006, 35.487266540527266 ], [ 139.74169921875, 35.477733612060476 ], [ 139.741882324219006, 35.47700500488277 ], [ 139.739349365233977, 35.474929809570291 ], [ 139.739105224609006, 35.474914550781307 ], [ 139.738632202147983, 35.47558975219733 ], [ 139.737808227539006, 35.475200653076229 ], [ 139.725402832030994, 35.4696655273438 ], [ 139.712707519530994, 35.464065551757798 ], [ 139.705993652343977, 35.474399566650412 ], [ 139.7001953125, 35.47859954833978 ], [ 139.714599609375, 35.485866546630902 ] ] ], [ [ [ 139.652999877930029, 35.463466644287074 ], [ 139.645202636719034, 35.469333648681562 ], [ 139.642196655272954, 35.468265533447344 ], [ 139.641860961913977, 35.468952178955085 ], [ 139.641815185547017, 35.471862792968807 ], [ 139.64570617675804, 35.474601745605497 ], [ 139.650405883789034, 35.474399566650412 ], [ 139.653533935547017, 35.472030639648381 ], [ 139.65238952636696, 35.470821380615206 ], [ 139.654693603515966, 35.469108581543033 ], [ 139.652313232421932, 35.466884613037145 ], [ 139.654144287109006, 35.464553833007812 ], [ 139.652999877930029, 35.463466644287074 ] ] ], [ [ [ 139.695602416991989, 35.449600219726577 ], [ 139.695404052733977, 35.449665069580064 ], [ 139.68080139160196, 35.456466674804702 ], [ 139.673095703124972, 35.46046447753907 ], [ 139.672698974608977, 35.465198516845682 ], [ 139.69250488281304, 35.47200012207032 ], [ 139.694900512695, 35.463665008544893 ], [ 139.684799194335966, 35.458866119384794 ], [ 139.687606811522983, 35.457267761230518 ], [ 139.697799682616989, 35.461868286132798 ], [ 139.702697753905994, 35.455131530761733 ], [ 139.695602416991989, 35.449600219726577 ] ] ], [ [ [ 139.644943237305, 35.450958251953075 ], [ 139.641281127929972, 35.451049804687536 ], [ 139.637832641601989, 35.452899932861307 ], [ 139.63511657714804, 35.454589843750043 ], [ 139.635772705077983, 35.45535659790044 ], [ 139.638641357421989, 35.456798553466768 ], [ 139.642547607421989, 35.457763671874979 ], [ 139.642852783203011, 35.457580566406328 ], [ 139.642425537109034, 35.457038879394545 ], [ 139.641998291016023, 35.455097198486314 ], [ 139.643051147460994, 35.45452499389647 ], [ 139.644531250000028, 35.456130981445284 ], [ 139.644943237305, 35.450958251953075 ] ] ], [ [ [ 139.674713134765938, 35.399673461914119 ], [ 139.671325683594034, 35.401679992675845 ], [ 139.671249389648011, 35.402854919433594 ], [ 139.680114746094034, 35.409976959228487 ], [ 139.680419921874943, 35.410045623779332 ], [ 139.68421936035196, 35.408912658691364 ], [ 139.688980102539006, 35.412712097168004 ], [ 139.692169189453011, 35.410003662109375 ], [ 139.683868408203011, 35.40331268310554 ], [ 139.682250976563012, 35.404479980468842 ], [ 139.67631530761696, 35.399730682372983 ], [ 139.674713134765938, 35.399673461914119 ] ] ], [ [ [ 139.691406249999972, 35.400878906250028 ], [ 139.691314697265966, 35.400928497314524 ], [ 139.69511413574196, 35.407485961914112 ], [ 139.691406249999972, 35.400878906250028 ] ] ], [ [ [ 139.643493652344034, 35.334335327148395 ], [ 139.642395019530966, 35.336532592773402 ], [ 139.643005371094034, 35.338397979736342 ], [ 139.644699096680029, 35.338333129882763 ], [ 139.645904541016023, 35.338665008544915 ], [ 139.64750671386696, 35.338531494140582 ], [ 139.64799499511696, 35.336997985839794 ], [ 139.645996093749972, 35.336997985839794 ], [ 139.645996093749972, 35.336532592773402 ], [ 139.64610290527304, 35.334800720214794 ], [ 139.648300170897954, 35.335266113281278 ], [ 139.64889526367196, 35.334667205810462 ], [ 139.643493652344034, 35.334335327148395 ] ] ], [ [ [ 139.65010070800804, 35.294200897216768 ], [ 139.64390563964804, 35.300067901611257 ], [ 139.649505615233949, 35.304866790771534 ], [ 139.65199279785196, 35.307399749755866 ], [ 139.65409851074196, 35.305599212646506 ], [ 139.65669250488304, 35.302532196044929 ], [ 139.65220642089804, 35.298667907714801 ], [ 139.652908325194971, 35.29666519165044 ], [ 139.65010070800804, 35.294200897216768 ] ] ], [ [ [ 139.62950134277304, 35.128665924072259 ], [ 139.621795654296932, 35.132198333740234 ], [ 139.618606567383011, 35.130798339843778 ], [ 139.617904663086023, 35.131401062011683 ], [ 139.615295410155937, 35.132068634033168 ], [ 139.610504150391023, 35.132598876953139 ], [ 139.611206054688012, 35.133800506591776 ], [ 139.610000610352017, 35.133731842041023 ], [ 139.609695434570028, 35.135532379150384 ], [ 139.610107421875028, 35.137001037597685 ], [ 139.61689758300804, 35.135665893554716 ], [ 139.621795654296932, 35.13660049438478 ], [ 139.62649536132804, 35.133399963378871 ], [ 139.626296997069943, 35.131866455078082 ], [ 139.628799438477017, 35.130531311035199 ], [ 139.62950134277304, 35.128665924072259 ] ] ] ] } }
]
}
