{
  "type": "FeatureCollection",
  "features": [
    {
      "type": "Feature",
      "properties": {
        "name": "夏威夷岛",
        "styleUrl": "#__managed_style_04203AC42B41B450B5D8"
      },
      "geometry": {
        "type": "Polygon",
        "coordinates": [
          [
            [
              -155.8922455697835,
              20.12364661918273,
              0.0
            ],
            [
              -155.8728230350753,
              20.08946570185382,
              0.0
            ],
            [
              -155.8629109389231,
              20.07558945389205,
              0.0
            ],
            [
              -155.8451685649781,
              20.0561142793281,
              0.0
            ],
            [
              -155.8253862097278,
              20.02427188270829,
              0.0
            ],
            [
              -155.8335292879887,
              19.97410406605741,
              0.0
            ],
            [
              -155.8431746286176,
              19.97270385824377,
              0.0
            ],
            [
              -155.855475381793,
              19.96635302931492,
              0.0
            ],
            [
              -155.8652216617965,
              19.95079547598173,
              0.0
            ],
            [
              -155.8895022568713,
              19.92940973232765,
              0.0
            ],
            [
              -155.900327830792,
              19.90648843354828,
              0.0
            ],
            [
              -155.9089346551391,
              19.88280537984994,
              0.0
            ],
            [
              -155.9239389866311,
              19.86860205416831,
              0.0
            ],
            [
              -155.9234124424644,
              19.8535572858376,
              0.0
            ],
            [
              -155.9337529083825,
              19.85131647704195,
              0.0
            ],
            [
              -155.9488259482924,
              19.85614185253935,
              0.0
            ],
            [
              -155.9784215553561,
              19.84543528217921,
              0.0
            ],
            [
              -156.0139919976687,
              19.80462105537691,
              0.0
            ],
            [
              -156.0463308299171,
              19.7797409979885,
              0.0
            ],
            [
              -156.0555430221658,
              19.73990685752492,
              0.0
            ],
            [
              -156.0614170464299,
              19.72691408892591,
              0.0
            ],
            [
              -156.0505656964806,
              19.71398500864153,
              0.0
            ],
            [
              -156.04668896828,
              19.69591643717456,
              0.0
            ],
            [
              -156.0371909672785,
              19.68792500132476,
              0.0
            ],
            [
              -156.0293991754424,
              19.67333597283747,
              0.0
            ],
            [
              -156.0335915201297,
              19.65705997410625,
              0.0
            ],
            [
              -156.0292882921304,
              19.6490588152359,
              0.0
            ],
            [
              -155.9997146364011,
              19.6368046339987,
              0.0
            ],
            [
              -155.99151318835,
              19.63324870895583,
              0.0
            ],
            [
              -155.9860577928964,
              19.61463539827199,
              0.0
            ],
            [
              -155.9770497420599,
              19.60694637041153,
              0.0
            ],
            [
              -155.9738076725345,
              19.59153673644946,
              0.0
            ],
            [
              -155.9661856912795,
              19.55258206835727,
              0.0
            ],
            [
              -155.9561164606525,
              19.52806420453517,
              0.0
            ],
            [
              -155.9613430136118,
              19.51838534972996,
              0.0
            ],
            [
              -155.9502440366316,
              19.4980987440856,
              0.0
            ],
            [
              -155.9512564750169,
              19.48546240501681,
              0.0
            ],
            [
              -155.9246937588852,
              19.47440076797225,
              0.0
            ],
            [
              -155.9201065539523,
              19.42659821418843,
              0.0
            ],
            [
              -155.9074639032985,
              19.41028426320182,
              0.0
            ],
            [
              -155.9092637270724,
              19.39419029059211,
              0.0
            ],
            [
              -155.8859861364102,
              19.3443859403841,
              0.0
            ],
            [
              -155.8912289991474,
              19.29295196381453,
              0.0
            ],
            [
              -155.9018427019249,
              19.24551627468402,
              0.0
            ],
            [
              -155.9081600580917,
              19.17177780702065,
              0.0
            ],
            [
              -155.9168679604179,
              19.15314460906261,
              0.0
            ],
            [
              -155.9192226535369,
              19.11371715369596,
              0.0
            ],
            [
              -155.9066705089109,
              19.0782034767307,
              0.0
            ],
            [
              -155.8835173474254,
              19.05032209270234,
              0.0
            ],
            [
              -155.8824444247556,
              19.03513618446554,
              0.0
            ],
            [
              -155.8501021206512,
              19.02064508396265,
              0.0
            ],
            [
              -155.8009152724132,
              19.00552675860428,
              0.0
            ],
            [
              -155.755933588007,
              18.97442582598699,
              0.0
            ],
            [
              -155.7152299789109,
              18.95927113978097,
              0.0
            ],
            [
              -155.6883362932499,
              18.93791822631753,
              0.0
            ],
            [
              -155.6833050803885,
              18.91072662400267,
              0.0
            ],
            [
              -155.6714144341038,
              18.91038211326471,
              0.0
            ],
            [
              -155.6580004026957,
              18.91837982110702,
              0.0
            ],
            [
              -155.6212021214721,
              18.95252317338096,
              0.0
            ],
            [
              -155.6173762588755,
              18.96703958908392,
              0.0
            ],
            [
              -155.5970273075873,
              18.96706326046646,
              0.0
            ],
            [
              -155.5897457562192,
              18.99501331624701,
              0.0
            ],
            [
              -155.5750283482855,
              19.02126087620405,
              0.0
            ],
            [
              -155.5539535976999,
              19.03738753705536,
              0.0
            ],
            [
              -155.5520715651686,
              19.05527760474843,
              0.0
            ],
            [
              -155.5536941576876,
              19.07793113233203,
              0.0
            ],
            [
              -155.5254700110534,
              19.1092051231556,
              0.0
            ],
            [
              -155.5026654930275,
              19.13242700645772,
              0.0
            ],
            [
              -155.473274623033,
              19.14254763420036,
              0.0
            ],
            [
              -155.4532288038381,
              19.1431321400659,
              0.0
            ],
            [
              -155.4150659371504,
              19.18153320713509,
              0.0
            ],
            [
              -155.3888900794772,
              19.19454175496599,
              0.0
            ],
            [
              -155.3698665187472,
              19.19811043547578,
              0.0
            ],
            [
              -155.3483520312767,
              19.21169941468857,
              0.0
            ],
            [
              -155.3361952893317,
              19.23205463775977,
              0.0
            ],
            [
              -155.3124713771466,
              19.24535938450886,
              0.0
            ],
            [
              -155.2987298995268,
              19.25629196065482,
              0.0
            ],
            [
              -155.2883064216637,
              19.26338072128188,
              0.0
            ],
            [
              -155.2611337650336,
              19.26746507388761,
              0.0
            ],
            [
              -155.2416777140938,
              19.26703809844575,
              0.0
            ],
            [
              -155.2321469917477,
              19.26231333601842,
              0.0
            ],
            [
              -155.1925914507968,
              19.25555499848027,
              0.0
            ],
            [
              -155.1847812473832,
              19.26243543663263,
              0.0
            ],
            [
              -155.154580953514,
              19.26461662076114,
              0.0
            ],
            [
              -155.140615618026,
              19.27326933421171,
              0.0
            ],
            [
              -155.1307272726933,
              19.27100195378328,
              0.0
            ],
            [
              -155.1085696203325,
              19.28864490294868,
              0.0
            ],
            [
              -155.0918117818865,
              19.29677514137668,
              0.0
            ],
            [
              -155.0696308491095,
              19.30791771111324,
              0.0
            ],
            [
              -155.0205519855062,
              19.32536921660342,
              0.0
            ],
            [
              -154.9724876742164,
              19.34890818327056,
              0.0
            ],
            [
              -154.9670501920256,
              19.35686471873835,
              0.0
            ],
            [
              -154.934052182233,
              19.38328847942638,
              0.0
            ],
            [
              -154.9288262682159,
              19.39333914304048,
              0.0
            ],
            [
              -154.9245640239951,
              19.39390390810937,
              0.0
            ],
            [
              -154.9095991082834,
              19.40572268622179,
              0.0
            ],
            [
              -154.8890815922423,
              19.41505270151614,
              0.0
            ],
            [
              -154.8847539359966,
              19.422479790531,
              0.0
            ],
            [
              -154.8781338544864,
              19.42542329449082,
              0.0
            ],
            [
              -154.876075562455,
              19.43050462781709,
              0.0
            ],
            [
              -154.8678997071826,
              19.43345199105622,
              0.0
            ],
            [
              -154.8473734601082,
              19.45189089759055,
              0.0
            ],
            [
              -154.8422581394209,
              19.45652978339397,
              0.0
            ],
            [
              -154.8365439510687,
              19.45763488545549,
              0.0
            ],
            [
              -154.8321632893147,
              19.46303165827096,
              0.0
            ],
            [
              -154.8283182749951,
              19.46336316426884,
              0.0
            ],
            [
              -154.8216862273723,
              19.47464076274681,
              0.0
            ],
            [
              -154.8142120011551,
              19.4822106872459,
              0.0
            ],
            [
              -154.8112211201003,
              19.49007141547597,
              0.0
            ],
            [
              -154.8068781746563,
              19.49446873192911,
              0.0
            ],
            [
              -154.8095242439737,
              19.50297142684596,
              0.0
            ],
            [
              -154.8100245482838,
              19.51184306647212,
              0.0
            ],
            [
              -154.8073398367584,
              19.51470677789013,
              0.0
            ],
            [
              -154.8067080444741,
              19.51824756391137,
              0.0
            ],
            [
              -154.811441171612,
              19.52616329735076,
              0.0
            ],
            [
              -154.8250266869069,
              19.53468542255752,
              0.0
            ],
            [
              -154.8322804559003,
              19.53442866131327,
              0.0
            ],
            [
              -154.8380788471856,
              19.53761693120998,
              0.0
            ],
            [
              -154.8510247844345,
              19.54623202238474,
              0.0
            ],
            [
              -154.8659648205777,
              19.54886312017273,
              0.0
            ],
            [
              -154.8732657537879,
              19.55482977300648,
              0.0
            ],
            [
              -154.882324789897,
              19.55636275835123,
              0.0
            ],
            [
              -154.8901025633852,
              19.5642119511722,
              0.0
            ],
            [
              -154.9059769587421,
              19.57048756539,
              0.0
            ],
            [
              -154.9113067765086,
              19.57901782353981,
              0.0
            ],
            [
              -154.9198626290413,
              19.58243743902635,
              0.0
            ],
            [
              -154.9256143103278,
              19.59136259651538,
              0.0
            ],
            [
              -154.9434728876878,
              19.60193501347993,
              0.0
            ],
            [
              -154.9471121477525,
              19.60743208273949,
              0.0
            ],
            [
              -154.9481925521836,
              19.61224458999502,
              0.0
            ],
            [
              -154.9448731392167,
              19.62060947130266,
              0.0
            ],
            [
              -154.9460465853447,
              19.62452146311218,
              0.0
            ],
            [
              -154.9812183710845,
              19.62861436647175,
              0.0
            ],
            [
              -154.9788315574218,
              19.6897974841872,
              0.0
            ],
            [
              -154.9871815213947,
              19.71613612715621,
              0.0
            ],
            [
              -155.0029131635552,
              19.73580441389141,
              0.0
            ],
            [
              -155.0204587222429,
              19.73432607925406,
              0.0
            ],
            [
              -155.0363452799954,
              19.73939365329414,
              0.0
            ],
            [
              -155.0819987180937,
              19.72453724800693,
              0.0
            ],
            [
              -155.0891152476289,
              19.73388196474495,
              0.0
            ],
            [
              -155.0891383525925,
              19.74722035495423,
              0.0
            ],
            [
              -155.0834201560693,
              19.79880196996003,
              0.0
            ],
            [
              -155.0892983370255,
              19.80835258429716,
              0.0
            ],
            [
              -155.082282666565,
              19.83619748505976,
              0.0
            ],
            [
              -155.0838446819795,
              19.85564150892872,
              0.0
            ],
            [
              -155.1128875911989,
              19.87907735872101,
              0.0
            ],
            [
              -155.1424079272821,
              19.92311341864777,
              0.0
            ],
            [
              -155.2462178183676,
              19.99703495693989,
              0.0
            ],
            [
              -155.2705651641392,
              20.01504600613051,
              0.0
            ],
            [
              -155.3331849719423,
              20.03934671174207,
              0.0
            ],
            [
              -155.3989806266456,
              20.07423624715223,
              0.0
            ],
            [
              -155.4413090466622,
              20.09248845972082,
              0.0
            ],
            [
              -155.5016334020974,
              20.11399727565584,
              0.0
            ],
            [
              -155.5370259580729,
              20.1191607924707,
              0.0
            ],
            [
              -155.5509016023362,
              20.12748695083006,
              0.0
            ],
            [
              -155.5858143001778,
              20.12344151502897,
              0.0
            ],
            [
              -155.589455751326,
              20.11901199947474,
              0.0
            ],
            [
              -155.6065201185378,
              20.13369859706736,
              0.0
            ],
            [
              -155.6308594822445,
              20.14361417789821,
              0.0
            ],
            [
              -155.6675330596785,
              20.17399647982112,
              0.0
            ],
            [
              -155.7303809584039,
              20.20540239252993,
              0.0
            ],
            [
              -155.7303741841605,
              20.21904571537105,
              0.0
            ],
            [
              -155.7710764070481,
              20.24702444786155,
              0.0
            ],
            [
              -155.7771135234827,
              20.24325035276845,
              0.0
            ],
            [
              -155.791824448694,
              20.24919038515286,
              0.0
            ],
            [
              -155.7983259110249,
              20.24930877643346,
              0.0
            ],
            [
              -155.8058379249867,
              20.25699113811568,
              0.0
            ],
            [
              -155.8264909274756,
              20.26119323490167,
              0.0
            ],
            [
              -155.8365520329374,
              20.26754490812901,
              0.0
            ],
            [
              -155.8464435240083,
              20.26579465835068,
              0.0
            ],
            [
              -155.8498464037461,
              20.26777967396259,
              0.0
            ],
            [
              -155.8605235177135,
              20.26782660370927,
              0.0
            ],
            [
              -155.8740124074333,
              20.26360410554204,
              0.0
            ],
            [
              -155.8850593058192,
              20.25641182331945,
              0.0
            ],
            [
              -155.89122144021,
              20.24143785728772,
              0.0
            ],
            [
              -155.8991760531931,
              20.23454875136293,
              0.0
            ],
            [
              -155.9030918119103,
              20.21601833431636,
              0.0
            ],
            [
              -155.9031906382815,
              20.17632614943586,
              0.0
            ],
            [
              -155.8922455697835,
              20.12364661918273,
              0.0
            ]
          ]
        ]
      },
      "id": "091E6F0B7641B450B5C1"
    },
    {
      "type": "Feature",
      "properties": {
        "name": "毛伊岛",
        "styleUrl": "#__managed_style_04203AC42B41B450B5D8"
      },
      "geometry": {
        "type": "Polygon",
        "coordinates": [
          [
            [
              -156.4840922987632,
              20.90959915028584,
              0.0
            ],
            [
              -156.4876500925152,
              20.90914799616908,
              0.0
            ],
            [
              -156.4910371802301,
              20.91440292574932,
              0.0
            ],
            [
              -156.4911259219161,
              20.92218088294291,
              0.0
            ],
            [
              -156.4958073540861,
              20.93099037924597,
              0.0
            ],
            [
              -156.5059836664115,
              20.93624019654975,
              0.0
            ],
            [
              -156.5087001836218,
              20.94751291437081,
              0.0
            ],
            [
              -156.5188769410985,
              20.95760615276353,
              0.0
            ],
            [
              -156.5260243653834,
              20.96888751709403,
              0.0
            ],
            [
              -156.5247285907714,
              20.98749131567724,
              0.0
            ],
            [
              -156.5296518628485,
              20.98550433894227,
              0.0
            ],
            [
              -156.5343544728132,
              20.98513417258395,
              0.0
            ],
            [
              -156.5397873624364,
              20.99114065170849,
              0.0
            ],
            [
              -156.5446420260912,
              21.00229731472804,
              0.0
            ],
            [
              -156.5467347872299,
              21.00183780931845,
              0.0
            ],
            [
              -156.5482658320968,
              20.99920589443082,
              0.0
            ],
            [
              -156.5515599118942,
              20.99856843400478,
              0.0
            ],
            [
              -156.5544110852672,
              21.00433816879343,
              0.0
            ],
            [
              -156.5550675983716,
              21.00888985052453,
              0.0
            ],
            [
              -156.5586274012722,
              21.01236453824936,
              0.0
            ],
            [
              -156.5663248455167,
              21.01220492490662,
              0.0
            ],
            [
              -156.5703402838,
              21.01753479090488,
              0.0
            ],
            [
              -156.5809295252232,
              21.01647971317979,
              0.0
            ],
            [
              -156.5872236048789,
              21.02328268004641,
              0.0
            ],
            [
              -156.5882596345021,
              21.03016995816213,
              0.0
            ],
            [
              -156.6038011929299,
              21.03151841471059,
              0.0
            ],
            [
              -156.6100176735498,
              21.02208395245812,
              0.0
            ],
            [
              -156.6151056425958,
              21.0248155394325,
              0.0
            ],
            [
              -156.6250326603091,
              21.02278748600595,
              0.0
            ],
            [
              -156.6322194491304,
              21.02640698057481,
              0.0
            ],
            [
              -156.6402836738989,
              21.02516224495329,
              0.0
            ],
            [
              -156.6421971724742,
              21.01978197319915,
              0.0
            ],
            [
              -156.6402650869823,
              21.01418386952522,
              0.0
            ],
            [
              -156.6476672085387,
              21.00801778334193,
              0.0
            ],
            [
              -156.6655748670688,
              21.00277223444845,
              0.0
            ],
            [
              -156.6846662832468,
              20.96536802117428,
              0.0
            ],
            [
              -156.6858089127174,
              20.95582630904458,
              0.0
            ],
            [
              -156.6922452143394,
              20.94743635255194,
              0.0
            ],
            [
              -156.6955311616572,
              20.92210141783605,
              0.0
            ],
            [
              -156.6969214036216,
              20.9159549263368,
              0.0
            ],
            [
              -156.6857406148126,
              20.90407797035046,
              0.0
            ],
            [
              -156.6851412300349,
              20.89123881629968,
              0.0
            ],
            [
              -156.6881854629404,
              20.88187792148489,
              0.0
            ],
            [
              -156.6806978230611,
              20.87582504159,
              0.0
            ],
            [
              -156.6741487727873,
              20.86410027314817,
              0.0
            ],
            [
              -156.6588350532435,
              20.84848796560978,
              0.0
            ],
            [
              -156.646371440466,
              20.83431626029689,
              0.0
            ],
            [
              -156.6351834397485,
              20.82761025876421,
              0.0
            ],
            [
              -156.6296805835444,
              20.82013692039109,
              0.0
            ],
            [
              -156.6270466438216,
              20.81248614385203,
              0.0
            ],
            [
              -156.6236134268383,
              20.80953692783321,
              0.0
            ],
            [
              -156.6181487628002,
              20.80791464478391,
              0.0
            ],
            [
              -156.610921969064,
              20.81026982985163,
              0.0
            ],
            [
              -156.6020899659356,
              20.80716102547293,
              0.0
            ],
            [
              -156.5874132988336,
              20.7962046529014,
              0.0
            ],
            [
              -156.5698416060388,
              20.7926177957504,
              0.0
            ],
            [
              -156.5653961078196,
              20.79206141401144,
              0.0
            ],
            [
              -156.556973121217,
              20.78727083726654,
              0.0
            ],
            [
              -156.548288690027,
              20.78352044292293,
              0.0
            ],
            [
              -156.5399864744275,
              20.77655077284366,
              0.0
            ],
            [
              -156.5369582796538,
              20.77426923769934,
              0.0
            ],
            [
              -156.5295973859011,
              20.77510247996869,
              0.0
            ],
            [
              -156.5182318042931,
              20.78131441704223,
              0.0
            ],
            [
              -156.5140043587828,
              20.79030282126119,
              0.0
            ],
            [
              -156.5071965955804,
              20.79354213186894,
              0.0
            ],
            [
              -156.5033758872495,
              20.79597143916898,
              0.0
            ],
            [
              -156.4931350793775,
              20.79687136536404,
              0.0
            ],
            [
              -156.4830085222942,
              20.79376735767095,
              0.0
            ],
            [
              -156.4736616793276,
              20.78948970343969,
              0.0
            ],
            [
              -156.4665029613928,
              20.78431164332945,
              0.0
            ],
            [
              -156.4623484189077,
              20.78064736775933,
              0.0
            ],
            [
              -156.4606906409521,
              20.77363388152012,
              0.0
            ],
            [
              -156.4591939908009,
              20.76670480773758,
              0.0
            ],
            [
              -156.4605858456071,
              20.76076299635554,
              0.0
            ],
            [
              -156.4595723429244,
              20.75621844401587,
              0.0
            ],
            [
              -156.4603952084902,
              20.75304294221154,
              0.0
            ],
            [
              -156.4574318217222,
              20.74396826972375,
              0.0
            ],
            [
              -156.4564669159516,
              20.73517705991659,
              0.0
            ],
            [
              -156.4489424762195,
              20.72479166404003,
              0.0
            ],
            [
              -156.4479055863407,
              20.71862669359637,
              0.0
            ],
            [
              -156.4463088408692,
              20.7074181440378,
              0.0
            ],
            [
              -156.4473135334897,
              20.70475987973613,
              0.0
            ],
            [
              -156.445125849866,
              20.69824304101787,
              0.0
            ],
            [
              -156.4439479614009,
              20.67286577201916,
              0.0
            ],
            [
              -156.4417068723051,
              20.64990526479833,
              0.0
            ],
            [
              -156.4491903705635,
              20.63960267543476,
              0.0
            ],
            [
              -156.4529743536045,
              20.6361828209948,
              0.0
            ],
            [
              -156.4376831054031,
              20.61852207868726,
              0.0
            ],
            [
              -156.4407360163854,
              20.60480996159367,
              0.0
            ],
            [
              -156.4353094651708,
              20.59791981325231,
              0.0
            ],
            [
              -156.4260332347716,
              20.59439101434466,
              0.0
            ],
            [
              -156.4192857749249,
              20.59871544762682,
              0.0
            ],
            [
              -156.4134968107434,
              20.59220739648042,
              0.0
            ],
            [
              -156.4145152923402,
              20.58526227263059,
              0.0
            ],
            [
              -156.4112370001486,
              20.58252704167748,
              0.0
            ],
            [
              -156.3948850928912,
              20.58032216295646,
              0.0
            ],
            [
              -156.3835951590155,
              20.57916642793202,
              0.0
            ],
            [
              -156.3743931658265,
              20.5745120755753,
              0.0
            ],
            [
              -156.3597880704935,
              20.57797365372642,
              0.0
            ],
            [
              -156.3458254942028,
              20.5830267271431,
              0.0
            ],
            [
              -156.3382097178784,
              20.5802010570877,
              0.0
            ],
            [
              -156.3270340617552,
              20.58475291593264,
              0.0
            ],
            [
              -156.2954314164393,
              20.58225572281696,
              0.0
            ],
            [
              -156.2795841387108,
              20.59286251232281,
              0.0
            ],
            [
              -156.2701235235777,
              20.59505497471583,
              0.0
            ],
            [
              -156.2521763818245,
              20.6030981159487,
              0.0
            ],
            [
              -156.2146935921955,
              20.62080732343277,
              0.0
            ],
            [
              -156.1968054393233,
              20.62578842358537,
              0.0
            ],
            [
              -156.180901816163,
              20.62620366782814,
              0.0
            ],
            [
              -156.1743628033335,
              20.62194623763121,
              0.0
            ],
            [
              -156.1605701116823,
              20.62333578629165,
              0.0
            ],
            [
              -156.1467209096419,
              20.62420131755521,
              0.0
            ],
            [
              -156.1389199442924,
              20.61946422128936,
              0.0
            ],
            [
              -156.1281616759769,
              20.62415540818051,
              0.0
            ],
            [
              -156.1244154359615,
              20.62946734493583,
              0.0
            ],
            [
              -156.1128331771202,
              20.6344314954966,
              0.0
            ],
            [
              -156.1116256712001,
              20.63983516382899,
              0.0
            ],
            [
              -156.0903112248143,
              20.64408833568297,
              0.0
            ],
            [
              -156.0772987239112,
              20.64928442539854,
              0.0
            ],
            [
              -156.0702267750591,
              20.64613554303068,
              0.0
            ],
            [
              -156.0540320129349,
              20.6482864589369,
              0.0
            ],
            [
              -156.0453715079851,
              20.65375759613473,
              0.0
            ],
            [
              -156.0448749642715,
              20.65977934199346,
              0.0
            ],
            [
              -156.0305840291794,
              20.67652146668611,
              0.0
            ],
            [
              -156.017808813273,
              20.68163582032741,
              0.0
            ],
            [
              -156.009641815788,
              20.68123775590496,
              0.0
            ],
            [
              -155.992672093235,
              20.7026182188109,
              0.0
            ],
            [
              -155.9822152256838,
              20.72098955038139,
              0.0
            ],
            [
              -155.9830024193944,
              20.74330621243809,
              0.0
            ],
            [
              -155.9816473947378,
              20.7600467147789,
              0.0
            ],
            [
              -155.9859057795834,
              20.77461394497231,
              0.0
            ],
            [
              -155.9996978129667,
              20.79100499278574,
              0.0
            ],
            [
              -156.0100939758153,
              20.79554379552592,
              0.0
            ],
            [
              -156.0276542278204,
              20.80388716085705,
              0.0
            ],
            [
              -156.0523099127333,
              20.80663508983348,
              0.0
            ],
            [
              -156.0650076905268,
              20.81416344037878,
              0.0
            ],
            [
              -156.0773819684564,
              20.82224762742052,
              0.0
            ],
            [
              -156.0859874865133,
              20.82838953501799,
              0.0
            ],
            [
              -156.0927306455848,
              20.82726208063577,
              0.0
            ],
            [
              -156.1035338587926,
              20.8242402506915,
              0.0
            ],
            [
              -156.1142120766822,
              20.8254654813503,
              0.0
            ],
            [
              -156.1155619651317,
              20.83023128357412,
              0.0
            ],
            [
              -156.1218977422517,
              20.83823473073911,
              0.0
            ],
            [
              -156.1277483101687,
              20.84068542440975,
              0.0
            ],
            [
              -156.1277832805813,
              20.84826332567621,
              0.0
            ],
            [
              -156.1328089397895,
              20.85800970105677,
              0.0
            ],
            [
              -156.1430092054783,
              20.8573934902682,
              0.0
            ],
            [
              -156.143186953442,
              20.86070825024269,
              0.0
            ],
            [
              -156.1462814346374,
              20.86582942569061,
              0.0
            ],
            [
              -156.1490417919066,
              20.86131910153622,
              0.0
            ],
            [
              -156.1564243787101,
              20.85629597748054,
              0.0
            ],
            [
              -156.1579419674371,
              20.86064778893373,
              0.0
            ],
            [
              -156.1616089018749,
              20.86302545784073,
              0.0
            ],
            [
              -156.1662458870688,
              20.85958973567015,
              0.0
            ],
            [
              -156.1676054916513,
              20.87080382796185,
              0.0
            ],
            [
              -156.184546187985,
              20.88186105026264,
              0.0
            ],
            [
              -156.1976640689509,
              20.89474095248417,
              0.0
            ],
            [
              -156.2133333701715,
              20.90584075610871,
              0.0
            ],
            [
              -156.2152282876712,
              20.91337057005714,
              0.0
            ],
            [
              -156.2247721984289,
              20.91493887793911,
              0.0
            ],
            [
              -156.2281748709901,
              20.92662488533728,
              0.0
            ],
            [
              -156.2398474993492,
              20.93413545059355,
              0.0
            ],
            [
              -156.2515165470971,
              20.93688841019089,
              0.0
            ],
            [
              -156.255116811713,
              20.93271845210326,
              0.0
            ],
            [
              -156.2619114143433,
              20.93825569835431,
              0.0
            ],
            [
              -156.272934368562,
              20.93466526262258,
              0.0
            ],
            [
              -156.2818601982757,
              20.94495628780698,
              0.0
            ],
            [
              -156.3063630089029,
              20.94013691242052,
              0.0
            ],
            [
              -156.3233396271558,
              20.9457423486169,
              0.0
            ],
            [
              -156.3473121731005,
              20.93834898473823,
              0.0
            ],
            [
              -156.3676259953109,
              20.9300471516863,
              0.0
            ],
            [
              -156.3814744955125,
              20.91809271898398,
              0.0
            ],
            [
              -156.3942138444827,
              20.91334872557427,
              0.0
            ],
            [
              -156.4072399640642,
              20.91161651893617,
              0.0
            ],
            [
              -156.4124126469503,
              20.90793749929459,
              0.0
            ],
            [
              -156.425782288643,
              20.9098089501178,
              0.0
            ],
            [
              -156.4476981962881,
              20.89795983014056,
              0.0
            ],
            [
              -156.4535828870407,
              20.89705260255438,
              0.0
            ],
            [
              -156.464301569905,
              20.89798487043468,
              0.0
            ],
            [
              -156.4722571473217,
              20.89125981331213,
              0.0
            ],
            [
              -156.4760764713052,
              20.89397465237039,
              0.0
            ],
            [
              -156.4840922987632,
              20.90959915028584,
              0.0
            ]
          ]
        ]
      },
      "id": "03AC0C846041B4581E7B"
    },
    {
      "type": "Feature",
      "properties": {
        "name": "卡霍奥拉韦岛",
        "styleUrl": "#__managed_style_04203AC42B41B450B5D8"
      },
      "geometry": {
        "type": "Polygon",
        "coordinates": [
          [
            [
              -156.6560034845786,
              20.56032502679627,
              0.0
            ],
            [
              -156.6758576044184,
              20.55541558342727,
              0.0
            ],
            [
              -156.6842807618276,
              20.54727344103881,
              0.0
            ],
            [
              -156.6965333516149,
              20.53508963331434,
              0.0
            ],
            [
              -156.7005107928651,
              20.52509329297227,
              0.0
            ],
            [
              -156.6937472678458,
              20.51901845015114,
              0.0
            ],
            [
              -156.6830508471086,
              20.51264452827356,
              0.0
            ],
            [
              -156.6842951786079,
              20.50908494712246,
              0.0
            ],
            [
              -156.678301258967,
              20.50333308502239,
              0.0
            ],
            [
              -156.6672620367108,
              20.50275551619326,
              0.0
            ],
            [
              -156.6560327679741,
              20.50480345708166,
              0.0
            ],
            [
              -156.6475841656456,
              20.51536501681201,
              0.0
            ],
            [
              -156.6445128249193,
              20.50821352652727,
              0.0
            ],
            [
              -156.6409690702179,
              20.5052701292354,
              0.0
            ],
            [
              -156.6263285833418,
              20.51233063235959,
              0.0
            ],
            [
              -156.6118339270257,
              20.51589883681717,
              0.0
            ],
            [
              -156.6049519246526,
              20.51313303818077,
              0.0
            ],
            [
              -156.5985263458812,
              20.52358515767867,
              0.0
            ],
            [
              -156.5934615064253,
              20.51409868984373,
              0.0
            ],
            [
              -156.5856467124403,
              20.50824828185354,
              0.0
            ],
            [
              -156.5825340588388,
              20.50911168022996,
              0.0
            ],
            [
              -156.5699341994283,
              20.51623058766219,
              0.0
            ],
            [
              -156.5627511850359,
              20.51452448190923,
              0.0
            ],
            [
              -156.5560821949398,
              20.51819057739923,
              0.0
            ],
            [
              -156.5471313614869,
              20.51187555415432,
              0.0
            ],
            [
              -156.5408532342948,
              20.51586760477472,
              0.0
            ],
            [
              -156.5413000357909,
              20.52019889525496,
              0.0
            ],
            [
              -156.5319961695783,
              20.52661965143911,
              0.0
            ],
            [
              -156.5336199136023,
              20.53507797200491,
              0.0
            ],
            [
              -156.5378136943041,
              20.53361548752504,
              0.0
            ],
            [
              -156.5434271820177,
              20.53678113421595,
              0.0
            ],
            [
              -156.5510137466722,
              20.53302855818078,
              0.0
            ],
            [
              -156.5544828113912,
              20.53474729521577,
              0.0
            ],
            [
              -156.5533205288832,
              20.5454610662951,
              0.0
            ],
            [
              -156.5480858338635,
              20.55100229886625,
              0.0
            ],
            [
              -156.5472761811335,
              20.56433045451024,
              0.0
            ],
            [
              -156.5402368009854,
              20.56805891974843,
              0.0
            ],
            [
              -156.5384902555683,
              20.57568188599187,
              0.0
            ],
            [
              -156.5515750804626,
              20.59296305505303,
              0.0
            ],
            [
              -156.5653493846521,
              20.60338716481153,
              0.0
            ],
            [
              -156.5802678396391,
              20.60270002880615,
              0.0
            ],
            [
              -156.6057040765486,
              20.59158425729719,
              0.0
            ],
            [
              -156.6458444724646,
              20.5636884059609,
              0.0
            ],
            [
              -156.6560034845786,
              20.56032502679627,
              0.0
            ]
          ]
        ]
      },
      "id": "0B274C162E41B45C4349"
    },
    {
      "type": "Feature",
      "properties": {
        "name": "拉奈岛",
        "styleUrl": "#__managed_style_04203AC42B41B450B5D8"
      },
      "geometry": {
        "type": "Polygon",
        "coordinates": [
          [
            [
              -157.0616662795225,
              20.89044960647636,
              0.0
            ],
            [
              -157.0511369692065,
              20.8712731675845,
              0.0
            ],
            [
              -157.0418763377429,
              20.86517785935607,
              0.0
            ],
            [
              -157.0283864113673,
              20.86140101562257,
              0.0
            ],
            [
              -157.0141353562357,
              20.8543331333729,
              0.0
            ],
            [
              -157.0005553066032,
              20.8411725220285,
              0.0
            ],
            [
              -156.9917706722628,
              20.82427064905386,
              0.0
            ],
            [
              -156.9872718055418,
              20.8138810719777,
              0.0
            ],
            [
              -156.9886575147865,
              20.80488457768451,
              0.0
            ],
            [
              -156.9923408858084,
              20.78683526276409,
              0.0
            ],
            [
              -156.9868590370874,
              20.76647667571683,
              0.0
            ],
            [
              -156.9816571408861,
              20.75251823741009,
              0.0
            ],
            [
              -156.9742455370037,
              20.74505186686468,
              0.0
            ],
            [
              -156.9683038230654,
              20.73930422552341,
              0.0
            ],
            [
              -156.964328631866,
              20.73094614312366,
              0.0
            ],
            [
              -156.9436316362236,
              20.73493095105165,
              0.0
            ],
            [
              -156.9279929769199,
              20.73513262148883,
              0.0
            ],
            [
              -156.9169681796964,
              20.73671118372171,
              0.0
            ],
            [
              -156.9068992460716,
              20.73581586624374,
              0.0
            ],
            [
              -156.8974765012953,
              20.73955913009248,
              0.0
            ],
            [
              -156.891451928178,
              20.73419038066904,
              0.0
            ],
            [
              -156.8852043523116,
              20.74181487732895,
              0.0
            ],
            [
              -156.8734545101813,
              20.74464166750514,
              0.0
            ],
            [
              -156.8612903034739,
              20.75473412374488,
              0.0
            ],
            [
              -156.8398065602552,
              20.75756866383299,
              0.0
            ],
            [
              -156.830633900767,
              20.76679568631904,
              0.0
            ],
            [
              -156.8238092804236,
              20.77842888336486,
              0.0
            ],
            [
              -156.8193053388499,
              20.78686126745156,
              0.0
            ],
            [
              -156.8117386764125,
              20.79310038037395,
              0.0
            ],
            [
              -156.8059954590333,
              20.80788981935441,
              0.0
            ],
            [
              -156.8057854352566,
              20.82415168862773,
              0.0
            ],
            [
              -156.8297410914728,
              20.85917424947417,
              0.0
            ],
            [
              -156.8749606056533,
              20.89857331450484,
              0.0
            ],
            [
              -156.8956908950375,
              20.91333096914246,
              0.0
            ],
            [
              -156.9161396779591,
              20.9198724738522,
              0.0
            ],
            [
              -156.9410911656317,
              20.92387987505745,
              0.0
            ],
            [
              -156.9696245210156,
              20.92295615341532,
              0.0
            ],
            [
              -156.9811396674561,
              20.92865903761045,
              0.0
            ],
            [
              -157.0215882846755,
              20.92648348909519,
              0.0
            ],
            [
              -157.0379234533457,
              20.9220544677855,
              0.0
            ],
            [
              -157.0479820603916,
              20.91540617559762,
              0.0
            ],
            [
              -157.0577995774775,
              20.91091154480188,
              0.0
            ],
            [
              -157.0616662795225,
              20.89044960647636,
              0.0
            ]
          ]
        ]
      },
      "id": "06ECA2140E41B45CD688"
    },
    {
      "type": "Feature",
      "properties": {
        "name": "莫洛凯岛",
        "styleUrl": "#__managed_style_04203AC42B41B450B5D8"
      },
      "geometry": {
        "type": "Polygon",
        "coordinates": [
          [
            [
              -157.0586371500362,
              21.0980378509387,
              0.0
            ],
            [
              -157.0358022930117,
              21.09414828372575,
              0.0
            ],
            [
              -157.026888085632,
              21.08623918103079,
              0.0
            ],
            [
              -157.0103917587552,
              21.08094847321488,
              0.0
            ],
            [
              -156.9665813475381,
              21.06847008332124,
              0.0
            ],
            [
              -156.9289346873494,
              21.05950335374387,
              0.0
            ],
            [
              -156.9020747674189,
              21.05421726801503,
              0.0
            ],
            [
              -156.8953011358909,
              21.05432391724246,
              0.0
            ],
            [
              -156.8899212037724,
              21.04868547571319,
              0.0
            ],
            [
              -156.8767869331393,
              21.04514145848023,
              0.0
            ],
            [
              -156.8673597499834,
              21.05019799862416,
              0.0
            ],
            [
              -156.8536038923187,
              21.05659069847746,
              0.0
            ],
            [
              -156.8487750669329,
              21.05483924356779,
              0.0
            ],
            [
              -156.8472661868355,
              21.05312257528165,
              0.0
            ],
            [
              -156.8430358069698,
              21.05314359641455,
              0.0
            ],
            [
              -156.8346494228562,
              21.05638974236077,
              0.0
            ],
            [
              -156.8151210379249,
              21.06595516775968,
              0.0
            ],
            [
              -156.8047146603702,
              21.06693740672645,
              0.0
            ],
            [
              -156.7890450411812,
              21.07441646564027,
              0.0
            ],
            [
              -156.7720647536152,
              21.08629880267875,
              0.0
            ],
            [
              -156.7517328607687,
              21.1019991718637,
              0.0
            ],
            [
              -156.7351340902534,
              21.1157846147828,
              0.0
            ],
            [
              -156.7200631215444,
              21.13490068340911,
              0.0
            ],
            [
              -156.7107760822945,
              21.14812293901608,
              0.0
            ],
            [
              -156.7106293480708,
              21.15492541008986,
              0.0
            ],
            [
              -156.7097170940504,
              21.16019427641128,
              0.0
            ],
            [
              -156.7163585218291,
              21.16081313557255,
              0.0
            ],
            [
              -156.7269872097478,
              21.15819632280038,
              0.0
            ],
            [
              -156.7326129046475,
              21.158706020849,
              0.0
            ],
            [
              -156.7351928716184,
              21.15760773440334,
              0.0
            ],
            [
              -156.7358868745664,
              21.16354747437222,
              0.0
            ],
            [
              -156.73583896921,
              21.16936199000008,
              0.0
            ],
            [
              -156.7401585460341,
              21.17345188221487,
              0.0
            ],
            [
              -156.7591150495876,
              21.17479214649535,
              0.0
            ],
            [
              -156.7705189912026,
              21.17684750523739,
              0.0
            ],
            [
              -156.7738920636007,
              21.17373869436963,
              0.0
            ],
            [
              -156.7841828997028,
              21.17466446156059,
              0.0
            ],
            [
              -156.7890240051523,
              21.16885103991635,
              0.0
            ],
            [
              -156.7956409074383,
              21.16794522110326,
              0.0
            ],
            [
              -156.8005987964347,
              21.17477659256768,
              0.0
            ],
            [
              -156.8025082617629,
              21.17529305538698,
              0.0
            ],
            [
              -156.8090732394092,
              21.17306184322557,
              0.0
            ],
            [
              -156.8194523122166,
              21.17178009584334,
              0.0
            ],
            [
              -156.8294097925813,
              21.16555837555091,
              0.0
            ],
            [
              -156.8347896631978,
              21.16441039128521,
              0.0
            ],
            [
              -156.8430511457734,
              21.16693105732952,
              0.0
            ],
            [
              -156.8516314019169,
              21.16403898111484,
              0.0
            ],
            [
              -156.8654420267838,
              21.16186730875902,
              0.0
            ],
            [
              -156.8718861505787,
              21.16599415046385,
              0.0
            ],
            [
              -156.8777254466335,
              21.16646815029841,
              0.0
            ],
            [
              -156.8791311353194,
              21.16143402059231,
              0.0
            ],
            [
              -156.8823541750925,
              21.16159962439314,
              0.0
            ],
            [
              -156.8849545298164,
              21.16820175151371,
              0.0
            ],
            [
              -156.8886660930326,
              21.16751304415054,
              0.0
            ],
            [
              -156.8941142859803,
              21.170155206822,
              0.0
            ],
            [
              -156.8936957355366,
              21.16706409350603,
              0.0
            ],
            [
              -156.8986800493107,
              21.16249447425953,
              0.0
            ],
            [
              -156.9049205552821,
              21.16502781499289,
              0.0
            ],
            [
              -156.908827180119,
              21.1641151611332,
              0.0
            ],
            [
              -156.9136952156302,
              21.16786399454998,
              0.0
            ],
            [
              -156.9189462638114,
              21.16943109218426,
              0.0
            ],
            [
              -156.9387765060802,
              21.17015135545149,
              0.0
            ],
            [
              -156.9468681358621,
              21.18050711721907,
              0.0
            ],
            [
              -156.9524470579739,
              21.19707896558556,
              0.0
            ],
            [
              -156.9603083213609,
              21.2087010966115,
              0.0
            ],
            [
              -156.9704831654141,
              21.21497590097764,
              0.0
            ],
            [
              -156.9806398127744,
              21.20999757654266,
              0.0
            ],
            [
              -156.9818053670511,
              21.20155890288087,
              0.0
            ],
            [
              -156.9853837102141,
              21.18693819847128,
              0.0
            ],
            [
              -156.9931558233639,
              21.18150864219399,
              0.0
            ],
            [
              -157.0036533686019,
              21.18085486636222,
              0.0
            ],
            [
              -157.0161153109864,
              21.18447650061215,
              0.0
            ],
            [
              -157.0390765526809,
              21.18838903126355,
              0.0
            ],
            [
              -157.0439015053639,
              21.1886871019638,
              0.0
            ],
            [
              -157.0471874495919,
              21.18668400629444,
              0.0
            ],
            [
              -157.0506516395302,
              21.18600143183078,
              0.0
            ],
            [
              -157.0604205424372,
              21.18571655603088,
              0.0
            ],
            [
              -157.067378120959,
              21.18914765136196,
              0.0
            ],
            [
              -157.0734280681627,
              21.18910510554339,
              0.0
            ],
            [
              -157.0804699501555,
              21.19035855612978,
              0.0
            ],
            [
              -157.0882623709392,
              21.19364033321354,
              0.0
            ],
            [
              -157.0934361272798,
              21.19518361662468,
              0.0
            ],
            [
              -157.0961855895227,
              21.19475537402674,
              0.0
            ],
            [
              -157.0991264403162,
              21.19504364800797,
              0.0
            ],
            [
              -157.1014783721631,
              21.19626147984621,
              0.0
            ],
            [
              -157.1047928037107,
              21.19478028356857,
              0.0
            ],
            [
              -157.1082917391663,
              21.19548591970046,
              0.0
            ],
            [
              -157.1102045828419,
              21.19450300921556,
              0.0
            ],
            [
              -157.1171468528007,
              21.19674791552155,
              0.0
            ],
            [
              -157.1218175817363,
              21.1971463063823,
              0.0
            ],
            [
              -157.1281378881389,
              21.19934025114827,
              0.0
            ],
            [
              -157.1351056613581,
              21.19855903789646,
              0.0
            ],
            [
              -157.1426302220429,
              21.19970585467563,
              0.0
            ],
            [
              -157.1441941553574,
              21.19711251509628,
              0.0
            ],
            [
              -157.1558322875725,
              21.19777597253208,
              0.0
            ],
            [
              -157.1559289337841,
              21.2007746787117,
              0.0
            ],
            [
              -157.1581790567965,
              21.20242867597119,
              0.0
            ],
            [
              -157.1650211096927,
              21.20093864008068,
              0.0
            ],
            [
              -157.1700074750652,
              21.20164025255715,
              0.0
            ],
            [
              -157.1767109194385,
              21.20342243470775,
              0.0
            ],
            [
              -157.1846714482749,
              21.2027133795188,
              0.0
            ],
            [
              -157.1916383068104,
              21.20614587001764,
              0.0
            ],
            [
              -157.1960319888008,
              21.21447162425468,
              0.0
            ],
            [
              -157.205488611331,
              21.21638358801328,
              0.0
            ],
            [
              -157.211761738162,
              21.22073699537617,
              0.0
            ],
            [
              -157.2157585617887,
              21.21844598478576,
              0.0
            ],
            [
              -157.2214088599613,
              21.21712197719392,
              0.0
            ],
            [
              -157.2393703130884,
              21.2182769364298,
              0.0
            ],
            [
              -157.2550401934473,
              21.22395006388097,
              0.0
            ],
            [
              -157.2601860280883,
              21.21731364879727,
              0.0
            ],
            [
              -157.2584776336181,
              21.21416071736225,
              0.0
            ],
            [
              -157.2534665213946,
              21.21173603498284,
              0.0
            ],
            [
              -157.2486529445457,
              21.20450036591566,
              0.0
            ],
            [
              -157.2483362066856,
              21.18805018727651,
              0.0
            ],
            [
              -157.2525034389713,
              21.17643385093492,
              0.0
            ],
            [
              -157.2598015243401,
              21.16922352093427,
              0.0
            ],
            [
              -157.269143031664,
              21.16294851827764,
              0.0
            ],
            [
              -157.2868061136513,
              21.1501012990183,
              0.0
            ],
            [
              -157.2908928262808,
              21.13705853766918,
              0.0
            ],
            [
              -157.2968183796567,
              21.13298932719023,
              0.0
            ],
            [
              -157.297574853189,
              21.13003679891336,
              0.0
            ],
            [
              -157.3014588378729,
              21.11468261442315,
              0.0
            ],
            [
              -157.3106175168361,
              21.10047311596666,
              0.0
            ],
            [
              -157.2989955379689,
              21.09266216634046,
              0.0
            ],
            [
              -157.2902700780821,
              21.09363411404974,
              0.0
            ],
            [
              -157.2524035246376,
              21.08658064978895,
              0.0
            ],
            [
              -157.2281952218714,
              21.08864141449735,
              0.0
            ],
            [
              -157.2008546478944,
              21.09021011189432,
              0.0
            ],
            [
              -157.1510279425575,
              21.09177213323455,
              0.0
            ],
            [
              -157.1232132137485,
              21.09731910747555,
              0.0
            ],
            [
              -157.103474288128,
              21.09961193225669,
              0.0
            ],
            [
              -157.0900812910469,
              21.10151357114443,
              0.0
            ],
            [
              -157.0586371500362,
              21.0980378509387,
              0.0
            ]
          ]
        ]
      },
      "id": "0093D71C7441B45F33A4"
    },
    {
      "type": "Feature",
      "properties": {
        "name": "檀香山",
        "styleUrl": "#__managed_style_04203AC42B41B450B5D8"
      },
      "geometry": {
        "type": "Polygon",
        "coordinates": [
          [
            [
              -158.2457171416178,
              21.55372863321337,
              0.0
            ],
            [
              -158.2277837163358,
              21.52566346567076,
              0.0
            ],
            [
              -158.2309936222745,
              21.48073983258204,
              0.0
            ],
            [
              -158.2112274137244,
              21.4588322912852,
              0.0
            ],
            [
              -158.1925990161614,
              21.44617201279362,
              0.0
            ],
            [
              -158.1779141870416,
              21.42555324682332,
              0.0
            ],
            [
              -158.1773619271677,
              21.40038221481978,
              0.0
            ],
            [
              -158.1652434678615,
              21.39744321010626,
              0.0
            ],
            [
              -158.1467333745655,
              21.38212368361936,
              0.0
            ],
            [
              -158.1314840390273,
              21.36265522632376,
              0.0
            ],
            [
              -158.1253435020573,
              21.33952501906738,
              0.0
            ],
            [
              -158.1152818663338,
              21.30664737806305,
              0.0
            ],
            [
              -158.1057244796788,
              21.29611831560018,
              0.0
            ],
            [
              -158.0862270533158,
              21.29577652406085,
              0.0
            ],
            [
              -158.0390177991801,
              21.30391897397257,
              0.0
            ],
            [
              -158.0022406547236,
              21.31123423662105,
              0.0
            ],
            [
              -157.9763899398644,
              21.3163431155959,
              0.0
            ],
            [
              -157.9704779651624,
              21.32589068125381,
              0.0
            ],
            [
              -157.9746769951122,
              21.33870431257188,
              0.0
            ],
            [
              -157.9829927784296,
              21.34828197317534,
              0.0
            ],
            [
              -157.9918755392148,
              21.3493420820346,
              0.0
            ],
            [
              -157.9926573967239,
              21.35205491755392,
              0.0
            ],
            [
              -157.9957683710778,
              21.35337864853381,
              0.0
            ],
            [
              -158.001320349079,
              21.35204082350743,
              0.0
            ],
            [
              -158.0079606767069,
              21.35635295380995,
              0.0
            ],
            [
              -158.0144567208914,
              21.3574209235998,
              0.0
            ],
            [
              -158.0187693182066,
              21.35587640681632,
              0.0
            ],
            [
              -158.0213013488699,
              21.35903920376775,
              0.0
            ],
            [
              -158.0214244098293,
              21.36371412307109,
              0.0
            ],
            [
              -158.0166816260786,
              21.36480849843139,
              0.0
            ],
            [
              -158.0207576362831,
              21.37374917088719,
              0.0
            ],
            [
              -158.0138022602747,
              21.37317187758933,
              0.0
            ],
            [
              -158.005292876077,
              21.37022779337134,
              0.0
            ],
            [
              -158.0014151375382,
              21.36307231448773,
              0.0
            ],
            [
              -157.9991883049469,
              21.35702909560232,
              0.0
            ],
            [
              -157.9886320218652,
              21.36132273078473,
              0.0
            ],
            [
              -157.9877806723428,
              21.35783541860078,
              0.0
            ],
            [
              -157.9925716112725,
              21.35697137783566,
              0.0
            ],
            [
              -157.9888827177766,
              21.35233865302554,
              0.0
            ],
            [
              -157.9823059063573,
              21.35149336273762,
              0.0
            ],
            [
              -157.9781424071963,
              21.3482262712818,
              0.0
            ],
            [
              -157.9711710610235,
              21.34136352461029,
              0.0
            ],
            [
              -157.9726047873215,
              21.34936319403165,
              0.0
            ],
            [
              -157.9700014674881,
              21.35327295405529,
              0.0
            ],
            [
              -157.9735919327976,
              21.35627854123567,
              0.0
            ],
            [
              -157.976382048482,
              21.36604977834901,
              0.0
            ],
            [
              -157.9821597327927,
              21.36528838405992,
              0.0
            ],
            [
              -157.9895194698329,
              21.37496710775319,
              0.0
            ],
            [
              -157.9923707574451,
              21.38456565195517,
              0.0
            ],
            [
              -157.9871132760208,
              21.38894510445949,
              0.0
            ],
            [
              -157.9754712131993,
              21.37792074564003,
              0.0
            ],
            [
              -157.9745189138199,
              21.3717392533304,
              0.0
            ],
            [
              -157.9675573114893,
              21.37070305388492,
              0.0
            ],
            [
              -157.9670125612926,
              21.37899079254465,
              0.0
            ],
            [
              -157.9688872935045,
              21.38594067595459,
              0.0
            ],
            [
              -157.9606677183258,
              21.38738587628729,
              0.0
            ],
            [
              -157.9541541099658,
              21.38355147063087,
              0.0
            ],
            [
              -157.9453812395283,
              21.38061832538939,
              0.0
            ],
            [
              -157.9414909515965,
              21.37525986737501,
              0.0
            ],
            [
              -157.9366141351268,
              21.37725985561631,
              0.0
            ],
            [
              -157.9338671299905,
              21.37377487275828,
              0.0
            ],
            [
              -157.9388239436969,
              21.36863465548043,
              0.0
            ],
            [
              -157.943288651157,
              21.3627757882497,
              0.0
            ],
            [
              -157.9483640226181,
              21.35640918507144,
              0.0
            ],
            [
              -157.9430322551359,
              21.35554436927303,
              0.0
            ],
            [
              -157.9441737386153,
              21.35147662098157,
              0.0
            ],
            [
              -157.9549847283538,
              21.35468233756008,
              0.0
            ],
            [
              -157.9626464393115,
              21.35125106245793,
              0.0
            ],
            [
              -157.9683048289315,
              21.3482259720309,
              0.0
            ],
            [
              -157.9646727736856,
              21.3419381750926,
              0.0
            ],
            [
              -157.9679514759017,
              21.33832792414936,
              0.0
            ],
            [
              -157.9682081425293,
              21.33193640794719,
              0.0
            ],
            [
              -157.9646748660512,
              21.32690431111306,
              0.0
            ],
            [
              -157.9584105793211,
              21.31684949282221,
              0.0
            ],
            [
              -157.9501822380842,
              21.31570168428011,
              0.0
            ],
            [
              -157.9417470889346,
              21.31521080696615,
              0.0
            ],
            [
              -157.9336927242611,
              21.3135813476273,
              0.0
            ],
            [
              -157.9292908471363,
              21.31009582478078,
              0.0
            ],
            [
              -157.9466354826646,
              21.30975815541027,
              0.0
            ],
            [
              -157.9486713976707,
              21.3094082062519,
              0.0
            ],
            [
              -157.9485151204281,
              21.3036358758036,
              0.0
            ],
            [
              -157.9239042837039,
              21.30432398118302,
              0.0
            ],
            [
              -157.9066364397907,
              21.30388207143065,
              0.0
            ],
            [
              -157.9060530823233,
              21.30924829527761,
              0.0
            ],
            [
              -157.906822030003,
              21.31022706193061,
              0.0
            ],
            [
              -157.9181261591446,
              21.31021498763645,
              0.0
            ],
            [
              -157.9199772556853,
              21.31218141662863,
              0.0
            ],
            [
              -157.9036313921812,
              21.32316959194718,
              0.0
            ],
            [
              -157.8944308190972,
              21.33070506120594,
              0.0
            ],
            [
              -157.8907146910773,
              21.32981334233337,
              0.0
            ],
            [
              -157.8942791087468,
              21.32625930698764,
              0.0
            ],
            [
              -157.893461073452,
              21.32070419713808,
              0.0
            ],
            [
              -157.8886726720121,
              21.31125332046092,
              0.0
            ],
            [
              -157.8840512052922,
              21.3001029847697,
              0.0
            ],
            [
              -157.8772983481739,
              21.30090817725993,
              0.0
            ],
            [
              -157.8711086781748,
              21.29887371594588,
              0.0
            ],
            [
              -157.8691401784724,
              21.30270074718948,
              0.0
            ],
            [
              -157.8747346820282,
              21.31022083982513,
              0.0
            ],
            [
              -157.8710805783983,
              21.3089123438894,
              0.0
            ],
            [
              -157.8682987624589,
              21.30947518562239,
              0.0
            ],
            [
              -157.8657008656957,
              21.3131610775527,
              0.0
            ],
            [
              -157.8650392534613,
              21.30931046496377,
              0.0
            ],
            [
              -157.8660629809686,
              21.30716862856411,
              0.0
            ],
            [
              -157.8640624669815,
              21.3038596188472,
              0.0
            ],
            [
              -157.867755096818,
              21.2982698295049,
              0.0
            ],
            [
              -157.8689226729121,
              21.29509384547475,
              0.0
            ],
            [
              -157.8621052630673,
              21.29063486993472,
              0.0
            ],
            [
              -157.859409105486,
              21.29120481707469,
              0.0
            ],
            [
              -157.8553723032583,
              21.29108094514561,
              0.0
            ],
            [
              -157.8487171189149,
              21.2889116728662,
              0.0
            ],
            [
              -157.8463725980975,
              21.28655631036565,
              0.0
            ],
            [
              -157.8482113982967,
              21.28447477371686,
              0.0
            ],
            [
              -157.8461993442356,
              21.28111128934047,
              0.0
            ],
            [
              -157.843855734521,
              21.28800632587791,
              0.0
            ],
            [
              -157.8413600775372,
              21.28150748673225,
              0.0
            ],
            [
              -157.8335318819627,
              21.27712556990502,
              0.0
            ],
            [
              -157.8239498211653,
              21.27162902862126,
              0.0
            ],
            [
              -157.8177656985144,
              21.25679109467252,
              0.0
            ],
            [
              -157.8066574395045,
              21.25499268478229,
              0.0
            ],
            [
              -157.7913860652301,
              21.25649433053595,
              0.0
            ],
            [
              -157.7702870403251,
              21.27156530489282,
              0.0
            ],
            [
              -157.7623871469148,
              21.27548901954862,
              0.0
            ],
            [
              -157.755990318739,
              21.27450594158735,
              0.0
            ],
            [
              -157.7513176228274,
              21.27640564487871,
              0.0
            ],
            [
              -157.7384096255008,
              21.27981625267219,
              0.0
            ],
            [
              -157.7205420448746,
              21.28311667582972,
              0.0
            ],
            [
              -157.7127717400436,
              21.28177100528227,
              0.0
            ],
            [
              -157.7095275418026,
              21.27791469553201,
              0.0
            ],
            [
              -157.7083240173607,
              21.27020391285368,
              0.0
            ],
            [
              -157.7123085062778,
              21.26154610773719,
              0.0
            ],
            [
              -157.7051452813063,
              21.25873882927498,
              0.0
            ],
            [
              -157.6907304142839,
              21.26298154423402,
              0.0
            ],
            [
              -157.6973109895002,
              21.2674827717187,
              0.0
            ],
            [
              -157.6945211389929,
              21.27304468090618,
              0.0
            ],
            [
              -157.6900109651314,
              21.26828289316123,
              0.0
            ],
            [
              -157.6856840509229,
              21.27523081896697,
              0.0
            ],
            [
              -157.6753922417762,
              21.28225444732593,
              0.0
            ],
            [
              -157.6562714343898,
              21.29416711168637,
              0.0
            ],
            [
              -157.6498415670808,
              21.29829190514413,
              0.0
            ],
            [
              -157.6486225380027,
              21.31193600882948,
              0.0
            ],
            [
              -157.6575992154746,
              21.30965420544453,
              0.0
            ],
            [
              -157.6662306254175,
              21.31597034363764,
              0.0
            ],
            [
              -157.6770833315196,
              21.32375522792671,
              0.0
            ],
            [
              -157.6912659736231,
              21.32918250120371,
              0.0
            ],
            [
              -157.7033967149432,
              21.34846496175894,
              0.0
            ],
            [
              -157.708704421451,
              21.36473539678988,
              0.0
            ],
            [
              -157.7057349997521,
              21.3784063994654,
              0.0
            ],
            [
              -157.7120500942029,
              21.38806927691649,
              0.0
            ],
            [
              -157.7215347705114,
              21.39766576070552,
              0.0
            ],
            [
              -157.7363781476768,
              21.401605645787,
              0.0
            ],
            [
              -157.7428226611352,
              21.41482140028952,
              0.0
            ],
            [
              -157.7429653895115,
              21.42408653362238,
              0.0
            ],
            [
              -157.738245547256,
              21.42509950189801,
              0.0
            ],
            [
              -157.7363719365537,
              21.43168156543185,
              0.0
            ],
            [
              -157.7352537157749,
              21.44485468335675,
              0.0
            ],
            [
              -157.7256513737664,
              21.44860692618755,
              0.0
            ],
            [
              -157.7262490591929,
              21.45284145743773,
              0.0
            ],
            [
              -157.7215175259762,
              21.45871816667847,
              0.0
            ],
            [
              -157.7306258412376,
              21.46014499295336,
              0.0
            ],
            [
              -157.7439548987942,
              21.45369488581628,
              0.0
            ],
            [
              -157.7620354629513,
              21.45992155528287,
              0.0
            ],
            [
              -157.7628989957051,
              21.46342298618994,
              0.0
            ],
            [
              -157.7692541940595,
              21.45619305640671,
              0.0
            ],
            [
              -157.7722000521521,
              21.45728693343741,
              0.0
            ],
            [
              -157.7777944972868,
              21.4525646712174,
              0.0
            ],
            [
              -157.7781017425564,
              21.44387602313706,
              0.0
            ],
            [
              -157.7647915247906,
              21.43952132972685,
              0.0
            ],
            [
              -157.757868944372,
              21.43558187580219,
              0.0
            ],
            [
              -157.7590626044174,
              21.43304287568334,
              0.0
            ],
            [
              -157.7625370064354,
              21.42910241415131,
              0.0
            ],
            [
              -157.7654390396098,
              21.4236794688892,
              0.0
            ],
            [
              -157.7673329858925,
              21.41558701257859,
              0.0
            ],
            [
              -157.7766181710308,
              21.41302478852573,
              0.0
            ],
            [
              -157.7841097797659,
              21.41240418487042,
              0.0
            ],
            [
              -157.7885773852582,
              21.41906311338621,
              0.0
            ],
            [
              -157.7938737596787,
              21.428549472323,
              0.0
            ],
            [
              -157.7985246580981,
              21.42429203469533,
              0.0
            ],
            [
              -157.8090415166025,
              21.43947217065024,
              0.0
            ],
            [
              -157.817122545671,
              21.45402696240391,
              0.0
            ],
            [
              -157.8224061195027,
              21.45329030047165,
              0.0
            ],
            [
              -157.8343826980887,
              21.45695483502034,
              0.0
            ],
            [
              -157.8400533162227,
              21.46006074358199,
              0.0
            ],
            [
              -157.842828639107,
              21.4684045466924,
              0.0
            ],
            [
              -157.8420670231986,
              21.48301423880541,
              0.0
            ],
            [
              -157.8477039059721,
              21.49166637642162,
              0.0
            ],
            [
              -157.8523193673755,
              21.50253132754071,
              0.0
            ],
            [
              -157.8521852497411,
              21.50420048099268,
              0.0
            ],
            [
              -157.8512236232525,
              21.50515523293053,
              0.0
            ],
            [
              -157.8341982495635,
              21.50916588858581,
              0.0
            ],
            [
              -157.8355325722582,
              21.51532832925087,
              0.0
            ],
            [
              -157.8339377726926,
              21.52668820765426,
              0.0
            ],
            [
              -157.8376312212273,
              21.53344920540932,
              0.0
            ],
            [
              -157.8452254653275,
              21.5461531629354,
              0.0
            ],
            [
              -157.850422115816,
              21.55664710147635,
              0.0
            ],
            [
              -157.8641146199301,
              21.5604755864855,
              0.0
            ],
            [
              -157.8688399795271,
              21.55649556424478,
              0.0
            ],
            [
              -157.874733909442,
              21.55606464822714,
              0.0
            ],
            [
              -157.8740236210126,
              21.57018015035023,
              0.0
            ],
            [
              -157.8902272939053,
              21.58727868895613,
              0.0
            ],
            [
              -157.9063596574253,
              21.60854540874183,
              0.0
            ],
            [
              -157.9190038439027,
              21.62656583764606,
              0.0
            ],
            [
              -157.9214681928021,
              21.64733924445756,
              0.0
            ],
            [
              -157.9354875144161,
              21.67387905542598,
              0.0
            ],
            [
              -157.9528805115579,
              21.69593962795546,
              0.0
            ],
            [
              -157.9673344608799,
              21.70973299475008,
              0.0
            ],
            [
              -157.9827325645688,
              21.71011607553377,
              0.0
            ],
            [
              -158.0129382407275,
              21.69814582349323,
              0.0
            ],
            [
              -158.0385438813846,
              21.67958440329321,
              0.0
            ],
            [
              -158.0621281943516,
              21.65554858089698,
              0.0
            ],
            [
              -158.0633205953442,
              21.64320984511798,
              0.0
            ],
            [
              -158.0777227151136,
              21.62476130974589,
              0.0
            ],
            [
              -158.1085845549168,
              21.60355255731691,
              0.0
            ],
            [
              -158.1032448709688,
              21.59895699582684,
              0.0
            ],
            [
              -158.1206052999862,
              21.58550860328945,
              0.0
            ],
            [
              -158.1581653606403,
              21.5796101424023,
              0.0
            ],
            [
              -158.2198515091804,
              21.58153764891706,
              0.0
            ],
            [
              -158.2817235151141,
              21.57620511065851,
              0.0
            ],
            [
              -158.2457171416178,
              21.55372863321337,
              0.0
            ]
          ]
        ]
      },
      "id": "050361875541B4648880"
    },
    {
      "type": "Feature",
      "properties": {
        "name": "考爱岛",
        "styleUrl": "#__managed_style_04203AC42B41B450B5D8"
      },
      "geometry": {
        "type": "Polygon",
        "coordinates": [
          [
            [
              -159.7799423429371,
              22.06826924920129,
              0.0
            ],
            [
              -159.7835767484659,
              22.05419867462249,
              0.0
            ],
            [
              -159.7864230055304,
              22.01662388127987,
              0.0
            ],
            [
              -159.7751584162015,
              22.00505180260793,
              0.0
            ],
            [
              -159.7669520805144,
              21.97983769430379,
              0.0
            ],
            [
              -159.7461707279869,
              21.97460123649457,
              0.0
            ],
            [
              -159.7133848057465,
              21.9621623486429,
              0.0
            ],
            [
              -159.6695705273722,
              21.95264594614482,
              0.0
            ],
            [
              -159.6519903004568,
              21.93956397612928,
              0.0
            ],
            [
              -159.6350075674049,
              21.91553321231393,
              0.0
            ],
            [
              -159.609083196455,
              21.89847735634817,
              0.0
            ],
            [
              -159.5981698280276,
              21.88830872459651,
              0.0
            ],
            [
              -159.596718096609,
              21.90220090467261,
              0.0
            ],
            [
              -159.5846100155165,
              21.89614800879289,
              0.0
            ],
            [
              -159.5292699998496,
              21.88684514633623,
              0.0
            ],
            [
              -159.486489305071,
              21.88083304064432,
              0.0
            ],
            [
              -159.4455993806297,
              21.8693612830347,
              0.0
            ],
            [
              -159.43188699065,
              21.87733389888318,
              0.0
            ],
            [
              -159.3907447883102,
              21.89867637531347,
              0.0
            ],
            [
              -159.3835326377785,
              21.91616752737724,
              0.0
            ],
            [
              -159.3505495987166,
              21.93569239942198,
              0.0
            ],
            [
              -159.3472904402475,
              21.94692254341921,
              0.0
            ],
            [
              -159.3608115960637,
              21.94962182939097,
              0.0
            ],
            [
              -159.348617078761,
              21.95792258808175,
              0.0
            ],
            [
              -159.3311104781667,
              21.95547302065233,
              0.0
            ],
            [
              -159.3309767554185,
              21.98074331760098,
              0.0
            ],
            [
              -159.337786388816,
              22.02173287240172,
              0.0
            ],
            [
              -159.3331704696244,
              22.04728689697349,
              0.0
            ],
            [
              -159.3218497201759,
              22.05519089605023,
              0.0
            ],
            [
              -159.3159044113681,
              22.06989249676994,
              0.0
            ],
            [
              -159.2947564594923,
              22.11630151436038,
              0.0
            ],
            [
              -159.2927568785151,
              22.14551569021106,
              0.0
            ],
            [
              -159.3034419139626,
              22.14519092779808,
              0.0
            ],
            [
              -159.3101804429826,
              22.17914911098101,
              0.0
            ],
            [
              -159.3264639212668,
              22.1948055899467,
              0.0
            ],
            [
              -159.3477588648497,
              22.21534161745255,
              0.0
            ],
            [
              -159.3588703069893,
              22.21195105896328,
              0.0
            ],
            [
              -159.383293803456,
              22.21878342186974,
              0.0
            ],
            [
              -159.4005566152559,
              22.23202537343171,
              0.0
            ],
            [
              -159.4066603729616,
              22.22664403374733,
              0.0
            ],
            [
              -159.4244793786156,
              22.22213790866001,
              0.0
            ],
            [
              -159.428077517655,
              22.21516598496586,
              0.0
            ],
            [
              -159.4347014211338,
              22.22326494028475,
              0.0
            ],
            [
              -159.4506745465586,
              22.22511042483871,
              0.0
            ],
            [
              -159.4855413945475,
              22.23089319134244,
              0.0
            ],
            [
              -159.5003273326878,
              22.2222420105009,
              0.0
            ],
            [
              -159.5001126091909,
              22.20580803142237,
              0.0
            ],
            [
              -159.514591073845,
              22.2018414278086,
              0.0
            ],
            [
              -159.5172511423368,
              22.21611617738192,
              0.0
            ],
            [
              -159.5390313952864,
              22.21424541860465,
              0.0
            ],
            [
              -159.5510071768742,
              22.2271736244813,
              0.0
            ],
            [
              -159.5762717742626,
              22.2230840869428,
              0.0
            ],
            [
              -159.666498075092,
              22.16846108961561,
              0.0
            ],
            [
              -159.7242518497609,
              22.1481549886632,
              0.0
            ],
            [
              -159.7502992922778,
              22.09466131296471,
              0.0
            ],
            [
              -159.7799423429371,
              22.06826924920129,
              0.0
            ]
          ]
        ]
      },
      "id": "0D5718DFED41B465D1E6"
    },
    {
      "type": "Feature",
      "properties": {
        "name": "尼豪岛",
        "styleUrl": "#__managed_style_04203AC42B41B450B5D8"
      },
      "geometry": {
        "type": "Polygon",
        "coordinates": [
          [
            [
              -160.2290081887477,
              21.8848072637269,
              0.0
            ],
            [
              -160.2289764775,
              21.87943839913267,
              0.0
            ],
            [
              -160.2322646307692,
              21.8761657731088,
              0.0
            ],
            [
              -160.2339283953828,
              21.86867655439409,
              0.0
            ],
            [
              -160.2326399367499,
              21.86214974321724,
              0.0
            ],
            [
              -160.2353740212116,
              21.85848152808776,
              0.0
            ],
            [
              -160.2454618309574,
              21.84705883151171,
              0.0
            ],
            [
              -160.2469176136339,
              21.83644251140973,
              0.0
            ],
            [
              -160.2458415922527,
              21.82683782161563,
              0.0
            ],
            [
              -160.2483620776134,
              21.81512145912433,
              0.0
            ],
            [
              -160.2440846692307,
              21.81346025193315,
              0.0
            ],
            [
              -160.241881651864,
              21.80880534264508,
              0.0
            ],
            [
              -160.2429457413625,
              21.80524846551309,
              0.0
            ],
            [
              -160.2365971960233,
              21.80288300551173,
              0.0
            ],
            [
              -160.2333406597154,
              21.79644394778909,
              0.0
            ],
            [
              -160.2334242699319,
              21.79211556921685,
              0.0
            ],
            [
              -160.230003963137,
              21.79098030350329,
              0.0
            ],
            [
              -160.2254998797983,
              21.79196555041086,
              0.0
            ],
            [
              -160.2229134479448,
              21.78992044211031,
              0.0
            ],
            [
              -160.2170714060058,
              21.78445176710154,
              0.0
            ],
            [
              -160.2127429122995,
              21.78218824283065,
              0.0
            ],
            [
              -160.2066828424058,
              21.7834658366039,
              0.0
            ],
            [
              -160.2031142625591,
              21.77893910193881,
              0.0
            ],
            [
              -160.1981590493089,
              21.78527505404854,
              0.0
            ],
            [
              -160.2033925112198,
              21.78730034288851,
              0.0
            ],
            [
              -160.2003126299662,
              21.79581700351778,
              0.0
            ],
            [
              -160.1925248102251,
              21.80405775871761,
              0.0
            ],
            [
              -160.1950940358154,
              21.80645179600773,
              0.0
            ],
            [
              -160.1827756945412,
              21.82714868589119,
              0.0
            ],
            [
              -160.170087538435,
              21.84855989759593,
              0.0
            ],
            [
              -160.1605433914928,
              21.86212535735558,
              0.0
            ],
            [
              -160.1494460753204,
              21.87098501937323,
              0.0
            ],
            [
              -160.1264725393793,
              21.87401462113951,
              0.0
            ],
            [
              -160.1097853674966,
              21.8803740530946,
              0.0
            ],
            [
              -160.0878523663028,
              21.88819947766325,
              0.0
            ],
            [
              -160.0744637160196,
              21.89377447639958,
              0.0
            ],
            [
              -160.0736080299594,
              21.90183663701085,
              0.0
            ],
            [
              -160.0849505035357,
              21.92842279813916,
              0.0
            ],
            [
              -160.0770651842979,
              21.95298263417009,
              0.0
            ],
            [
              -160.0708833111119,
              21.95737142370334,
              0.0
            ],
            [
              -160.0670478798119,
              21.96616476633277,
              0.0
            ],
            [
              -160.06247823936,
              21.97800526112936,
              0.0
            ],
            [
              -160.0592622983358,
              21.97521623545797,
              0.0
            ],
            [
              -160.0515336792808,
              21.97731188715776,
              0.0
            ],
            [
              -160.0492979929574,
              21.98467791879151,
              0.0
            ],
            [
              -160.0584500094978,
              21.99799000254203,
              0.0
            ],
            [
              -160.0702049056289,
              22.00079506897405,
              0.0
            ],
            [
              -160.085669736031,
              21.99902369109815,
              0.0
            ],
            [
              -160.0868189894916,
              22.00592141656498,
              0.0
            ],
            [
              -160.0918087128669,
              22.00643971820704,
              0.0
            ],
            [
              -160.0988241289801,
              21.99784699602492,
              0.0
            ],
            [
              -160.1116058707467,
              21.99496150808308,
              0.0
            ],
            [
              -160.1128575998457,
              21.98551358803233,
              0.0
            ],
            [
              -160.1141781248557,
              21.97718616835733,
              0.0
            ],
            [
              -160.1194005218017,
              21.96360499296673,
              0.0
            ],
            [
              -160.1273701120304,
              21.95306409245429,
              0.0
            ],
            [
              -160.1469089187831,
              21.94293363578035,
              0.0
            ],
            [
              -160.162780908093,
              21.9383348764123,
              0.0
            ],
            [
              -160.1643037879262,
              21.93336664202682,
              0.0
            ],
            [
              -160.1856821597385,
              21.92611593015382,
              0.0
            ],
            [
              -160.1952766771605,
              21.91591617061994,
              0.0
            ],
            [
              -160.2247323997624,
              21.88922571695176,
              0.0
            ],
            [
              -160.2290081887477,
              21.8848072637269,
              0.0
            ]
          ]
        ]
      },
      "id": "09DBCB035D41B466CC54"
    }
  ]
}