{
"type": "FeatureCollection",
"name": "阿拉斯加",
"crs": { "type": "name", "properties": { "name": "urn:ogc:def:crs:EPSG::4979" } },
"features": [
{ "type": "Feature", "id": "0EA0268E9440EC9A4844", "properties": { "name": "阿拉斯加", "styleUrl": "#__managed_style_0665B01D9540EC9A485F", "Area": null }, "geometry": { "type": "Polygon", "coordinates": [ [ [ -154.360306491778289, 70.827492108680858, 0.0 ], [ -154.585314353064206, 70.830818410863856, 0.0 ], [ -154.617028298639411, 70.966078131773841, 0.0 ], [ -154.556676020661513, 70.973378458430361, 0.0 ], [ -154.706749232036287, 71.059737664482299, 0.0 ], [ -155.082935593587791, 71.138252720536869, 0.0 ], [ -155.275153737997613, 71.069801242241297, 0.0 ], [ -155.179538904206709, 71.030725571718648, 0.0 ], [ -155.159134778876307, 70.991075633316797, 0.0 ], [ -155.195152236107987, 70.975137060673092, 0.0 ], [ -155.264351053485314, 71.017572501650022, 0.0 ], [ -155.5270822134718, 70.937445622670452, 0.0 ], [ -155.476904287313488, 70.865243855338676, 0.0 ], [ -155.614864508550113, 70.826773724993913, 0.0 ], [ -155.693311796803414, 70.833740782183895, 0.0 ], [ -155.889197777215912, 70.833708135377833, 0.0 ], [ -156.049349055456787, 70.957817315554081, 0.0 ], [ -155.814963010024513, 70.963831408953993, 0.0 ], [ -155.5136874748477, 71.087929809882823, 0.0 ], [ -155.58536817825501, 71.172063169133196, 0.0 ], [ -155.964428007164713, 71.20003530826078, 0.0 ], [ -156.494900017202411, 71.301452524619151, 0.0 ], [ -156.471408197432311, 71.390933111228264, 0.0 ], [ -156.805137824097102, 71.28975294204507, 0.0 ], [ -157.143270244939401, 71.130787446344044, 0.0 ], [ -157.329594444504806, 71.012326243561688, 0.0 ], [ -157.609629418038992, 70.916030723959707, 0.0 ], [ -157.950492882318912, 70.843015948974156, 0.0 ], [ -158.256042993326901, 70.820595018209076, 0.0 ], [ -158.612014308776992, 70.7836261268817, 0.0 ], [ -158.983902481720889, 70.802611950993253, 0.0 ], [ -159.247953331935094, 70.867800221581703, 0.0 ], [ -159.613661167811188, 70.801158680534982, 0.0 ], [ -160.490486518338287, 70.465832315031804, 0.0 ], [ -160.878688824338809, 70.351931695254279, 0.0 ], [ -161.382318609916894, 70.248989077320758, 0.0 ], [ -161.683348616762089, 70.268238229115099, 0.0 ], [ -161.869647436678804, 70.320447024275651, 0.0 ], [ -162.379101793336588, 70.079096986141508, 0.0 ], [ -162.69024080389309, 69.884394075346037, 0.0 ], [ -162.994571531507887, 69.772455107062186, 0.0 ], [ -163.114457734633788, 69.581821770602048, 0.0 ], [ -163.020021467514113, 69.547402277704307, 0.0 ], [ -163.0959479598001, 69.447115041651145, 0.0 ], [ -163.315917812968991, 69.2542338554845, 0.0 ], [ -163.658495780108211, 69.086526140340851, 0.0 ], [ -164.066420762136801, 68.950638628578318, 0.0 ], [ -164.830170804043888, 68.893406099425789, 0.0 ], [ -165.342526052642711, 68.856503572897893, 0.0 ], [ -165.572409206202792, 68.858543601305826, 0.0 ], [ -165.94976145873369, 68.865626768068239, 0.0 ], [ -166.21825611715829, 68.884402017782662, 0.0 ], [ -166.193286988419999, 68.775955288716972, 0.0 ], [ -166.197695069005903, 68.692779281158153, 0.0 ], [ -166.236127943793008, 68.650342507868402, 0.0 ], [ -166.237127267096298, 68.567142705838037, 0.0 ], [ -166.301735952285611, 68.518324931353888, 0.0 ], [ -166.337283976356787, 68.43800890322845, 0.0 ], [ -166.430677422127303, 68.412345781415993, 0.0 ], [ -166.574156307122394, 68.388263331386483, 0.0 ], [ -166.780709834457696, 68.357548929646995, 0.0 ], [ -166.846346220336613, 68.337039603221186, 0.0 ], [ -166.777560537363087, 68.344900271341714, 0.0 ], [ -166.620329313969108, 68.337988264672859, 0.0 ], [ -166.442712169942098, 68.313266075428317, 0.0 ], [ -166.258825612224911, 68.27823274467211, 0.0 ], [ -166.109314670529614, 68.233967652959123, 0.0 ], [ -166.016753418509012, 68.184137972427465, 0.0 ], [ -165.978271842894713, 68.136873727725018, 0.0 ], [ -165.888375722784588, 68.113430184042144, 0.0 ], [ -165.570855198769493, 68.073307429080216, 0.0 ], [ -165.286278222478188, 68.012026010355882, 0.0 ], [ -164.745547742319587, 67.805911785035249, 0.0 ], [ -164.555630982375106, 67.732296851844424, 0.0 ], [ -164.447844266284591, 67.701752789521763, 0.0 ], [ -164.3100098970815, 67.665285560296226, 0.0 ], [ -164.232557701676001, 67.646610270409298, 0.0 ], [ -164.162458839312109, 67.624420693186082, 0.0 ], [ -164.082902146533002, 67.589795828867594, 0.0 ], [ -164.029209039873308, 67.550954063682909, 0.0 ], [ -163.935350476982109, 67.470074657767924, 0.0 ], [ -163.867380434267687, 67.408520508927381, 0.0 ], [ -163.784430325802191, 67.292142213166926, 0.0 ], [ -163.759617936349713, 67.244558746172444, 0.0 ], [ -163.747262941308605, 67.196367257420917, 0.0 ], [ -163.7406531062704, 67.159901537222638, 0.0 ], [ -163.747295066877513, 67.124331047282723, 0.0 ], [ -163.675920220616888, 67.100712316654466, 0.0 ], [ -163.445244933797909, 67.080001275727184, 0.0 ], [ -163.315684486738689, 67.062330013108564, 0.0 ], [ -163.170020737235006, 67.048308884681205, 0.0 ], [ -162.960584272286013, 67.022751187374453, 0.0 ], [ -162.872618962425491, 66.997496236546112, 0.0 ], [ -162.843136129496713, 66.991844806708315, 0.0 ], [ -162.824313969571591, 66.993387564897674, 0.0 ], [ -162.819368836816011, 66.995915913866725, 0.0 ], [ -162.815145295572108, 66.998618286600532, 0.0 ], [ -162.825287833935903, 67.004274848300795, 0.0 ], [ -162.837240920031007, 67.008337053330891, 0.0 ], [ -162.847589523297302, 67.006828534326544, 0.0 ], [ -162.860449984587092, 67.014837808455624, 0.0 ], [ -162.863031810106492, 67.008514749410423, 0.0 ], [ -162.873001486332811, 67.006928902083729, 0.0 ], [ -162.911900352475499, 67.01267635035758, 0.0 ], [ -162.926720316091092, 67.014646349405737, 0.0 ], [ -162.938208525869186, 67.017860706711602, 0.0 ], [ -162.940154580783201, 67.019477279200231, 0.0 ], [ -162.945927144333808, 67.023434524096842, 0.0 ], [ -162.95141986375819, 67.02669909249876, 0.0 ], [ -162.9435956741371, 67.032304408154062, 0.0 ], [ -162.919366154099208, 67.039802329141722, 0.0 ], [ -162.891724433594987, 67.042074773497092, 0.0 ], [ -162.879876367883895, 67.04154197135307, 0.0 ], [ -162.897429667609799, 67.037188926759057, 0.0 ], [ -162.910440918755199, 67.036764585880874, 0.0 ], [ -162.899438634717313, 67.034802493662752, 0.0 ], [ -162.880447818786308, 67.036383989950295, 0.0 ], [ -162.858922319250212, 67.040235606575337, 0.0 ], [ -162.823477824702593, 67.042304249003706, 0.0 ], [ -162.829656518475588, 67.036432509808989, 0.0 ], [ -162.73596638036409, 67.04808999107027, 0.0 ], [ -162.703145670789297, 67.05134802753804, 0.0 ], [ -162.678221974219298, 67.043522660303196, 0.0 ], [ -162.696168768893301, 67.036543764126293, 0.0 ], [ -162.666593365840697, 67.031185836454426, 0.0 ], [ -162.667009577377996, 67.015209142778943, 0.0 ], [ -162.63891024880121, 67.002212479892648, 0.0 ], [ -162.567470937615212, 67.014633621844055, 0.0 ], [ -162.505327525040798, 67.001856667697709, 0.0 ], [ -162.482829949602603, 66.981015853202564, 0.0 ], [ -162.240633936495499, 66.994128479595929, 0.0 ], [ -162.140672840617299, 67.018636063004834, 0.0 ], [ -161.986875970429907, 67.039782272901306, 0.0 ], [ -161.797486116698508, 67.048814618250319, 0.0 ], [ -161.738299332838011, 67.011910335674216, 0.0 ], [ -161.703008066960592, 66.987194403302937, 0.0 ], [ -161.640333292084392, 66.956015241050849, 0.0 ], [ -161.709143981550795, 66.940359160900343, 0.0 ], [ -161.803024663390488, 66.884018993508718, 0.0 ], [ -161.886543054310607, 66.715161609824662, 0.0 ], [ -161.697219656622593, 66.621570154791328, 0.0 ], [ -161.623968948461993, 66.602667124280742, 0.0 ], [ -161.587912463813012, 66.587225024631323, 0.0 ], [ -161.536416027857399, 66.582592767771999, 0.0 ], [ -161.530904950100791, 66.569092498191523, 0.0 ], [ -161.553088878860905, 66.565021216403068, 0.0 ], [ -161.550381304725306, 66.558938663081108, 0.0 ], [ -161.489676603885613, 66.529230162127504, 0.0 ], [ -161.299291520454489, 66.521178483350923, 0.0 ], [ -161.231221828309003, 66.540608758280314, 0.0 ], [ -161.193353758663392, 66.579316096239083, 0.0 ], [ -161.190107979628607, 66.613860871637044, 0.0 ], [ -161.134148549017993, 66.635297358729943, 0.0 ], [ -160.973990313445398, 66.637841236521538, 0.0 ], [ -160.893364208988288, 66.654857415740992, 0.0 ], [ -160.810263825250502, 66.649905608091444, 0.0 ], [ -160.739078757234012, 66.63335577336403, 0.0 ], [ -160.699652674452892, 66.596351865074396, 0.0 ], [ -160.535333520051211, 66.580705038215925, 0.0 ], [ -160.503771015219201, 66.606340138375188, 0.0 ], [ -160.38901922249039, 66.620557248245362, 0.0 ], [ -160.295440220531987, 66.577653574373699, 0.0 ], [ -160.213358374689392, 66.519545776122342, 0.0 ], [ -160.223836743349011, 66.383906192283177, 0.0 ], [ -160.32097422614271, 66.381906882562276, 0.0 ], [ -160.495820154442896, 66.376295830134822, 0.0 ], [ -160.529135850175606, 66.36432599558708, 0.0 ], [ -160.616514534562214, 66.359798198269814, 0.0 ], [ -160.688581053430909, 66.367502679601301, 0.0 ], [ -160.796466401588503, 66.363192031671019, 0.0 ], [ -160.876895721562306, 66.411307784844709, 0.0 ], [ -160.984002921827795, 66.433073400561256, 0.0 ], [ -161.078558679563201, 66.493096962544897, 0.0 ], [ -161.136251574623913, 66.484489975030371, 0.0 ], [ -161.190211769334809, 66.530078678803136, 0.0 ], [ -161.273455989745912, 66.508532709330225, 0.0 ], [ -161.337388927474592, 66.479027571643044, 0.0 ], [ -161.469475561245588, 66.451507085226197, 0.0 ], [ -161.544064628199607, 66.441687614488032, 0.0 ], [ -161.581807853695892, 66.44579394535802, 0.0 ], [ -161.773633748092607, 66.497210075282766, 0.0 ], [ -161.919661771103989, 66.556967134351197, 0.0 ], [ -162.058940370157188, 66.646174859770809, 0.0 ], [ -162.074015404407106, 66.660560307758161, 0.0 ], [ -162.065715540891404, 66.684571680200122, 0.0 ], [ -162.078911117013803, 66.688966495466829, 0.0 ], [ -162.077985268298789, 66.69690142948555, 0.0 ], [ -162.060386112787597, 66.711374520455479, 0.0 ], [ -162.036482924516008, 66.72371867460825, 0.0 ], [ -162.006647780362698, 66.763074979692476, 0.0 ], [ -162.066496489264807, 66.783284424680772, 0.0 ], [ -162.156370659805788, 66.8364251442989, 0.0 ], [ -162.325575242963993, 66.941020048937517, 0.0 ], [ -162.411837962674014, 66.919502262149507, 0.0 ], [ -162.483267202790387, 66.943813272336627, 0.0 ], [ -162.604378436943506, 66.895406910504605, 0.0 ], [ -162.628620645663403, 66.845726219808881, 0.0 ], [ -162.531778190408289, 66.795737538693558, 0.0 ], [ -162.508856151970008, 66.73969426992781, 0.0 ], [ -162.237758464331591, 66.71028381445889, 0.0 ], [ -162.135820988183099, 66.66634036891125, 0.0 ], [ -162.096771418947611, 66.606632954043064, 0.0 ], [ -161.990089172576489, 66.577029215610054, 0.0 ], [ -161.894501155655291, 66.516600185586952, 0.0 ], [ -161.86351608412329, 66.481114582900204, 0.0 ], [ -161.869500156652691, 66.448569370531587, 0.0 ], [ -161.898673187865711, 66.383420208770019, 0.0 ], [ -161.943786714528613, 66.3216687093459, 0.0 ], [ -161.935735546622197, 66.319225751637987, 0.0 ], [ -161.92609375883319, 66.32238782774526, 0.0 ], [ -161.909720869266607, 66.316171402207019, 0.0 ], [ -161.900184596302296, 66.299630124534133, 0.0 ], [ -161.901378333582898, 66.288521312729188, 0.0 ], [ -161.905135738484489, 66.266486045739782, 0.0 ], [ -161.869477817888509, 66.262550356549283, 0.0 ], [ -161.839775453253196, 66.264933088231984, 0.0 ], [ -161.819937909009411, 66.270934225532201, 0.0 ], [ -161.835417643880987, 66.271670810705501, 0.0 ], [ -161.842858867475087, 66.274838966734791, 0.0 ], [ -161.846358988222306, 66.283848904459447, 0.0 ], [ -161.875694828707196, 66.288653750791013, 0.0 ], [ -161.876747351744399, 66.304965532296038, 0.0 ], [ -161.861018769511105, 66.317422414208792, 0.0 ], [ -161.874435682836207, 66.316736874754326, 0.0 ], [ -161.897181678114407, 66.31189025642206, 0.0 ], [ -161.915416652010407, 66.322410717695703, 0.0 ], [ -161.914133405396711, 66.326558949683886, 0.0 ], [ -161.893747830812487, 66.3387733266796, 0.0 ], [ -161.909684429283487, 66.341780365183169, 0.0 ], [ -161.915732441875093, 66.348889153592452, 0.0 ], [ -161.900178345762214, 66.356622169491672, 0.0 ], [ -161.872821887513112, 66.361545190422106, 0.0 ], [ -161.84429689503969, 66.36004733996063, 0.0 ], [ -161.770368006454589, 66.374950709466063, 0.0 ], [ -161.687541973457996, 66.398088042059882, 0.0 ], [ -161.580876018781112, 66.392077640827338, 0.0 ], [ -161.51896165650939, 66.396129148804263, 0.0 ], [ -161.226250444861307, 66.351354297617746, 0.0 ], [ -161.112711679076511, 66.326575136401885, 0.0 ], [ -161.058366997272202, 66.273406579581433, 0.0 ], [ -160.995699265135613, 66.232647882236591, 0.0 ], [ -161.019323461722308, 66.193317091409895, 0.0 ], [ -161.063187034805992, 66.178301341153642, 0.0 ], [ -161.083444504863706, 66.193795085703442, 0.0 ], [ -161.056179657933313, 66.228274608217788, 0.0 ], [ -161.081162986678692, 66.229499885883754, 0.0 ], [ -161.195057257529896, 66.211422320734869, 0.0 ], [ -161.307591824072802, 66.213575168912385, 0.0 ], [ -161.334810103671913, 66.253335566991183, 0.0 ], [ -161.48926965143761, 66.262410994672024, 0.0 ], [ -161.55708533493339, 66.239004154979426, 0.0 ], [ -161.614897694847912, 66.172970883672704, 0.0 ], [ -161.74776600204919, 66.08436659834878, 0.0 ], [ -161.84404092872029, 66.034522808991909, 0.0 ], [ -161.88264245712719, 66.028392197541834, 0.0 ], [ -161.963522876229689, 66.045043454147503, 0.0 ], [ -162.030371666949009, 66.070910895516448, 0.0 ], [ -162.105400452431212, 66.064783070985797, 0.0 ], [ -162.145521045648508, 66.07754390357897, 0.0 ], [ -162.218977993678408, 66.050298167199713, 0.0 ], [ -162.300898038948304, 66.037384023445043, 0.0 ], [ -162.392234011333898, 66.031919937211867, 0.0 ], [ -162.464688584919003, 66.05745992717506, 0.0 ], [ -162.533973250650092, 66.044385364003858, 0.0 ], [ -162.623099189630011, 66.036726667982265, 0.0 ], [ -162.656551834264292, 66.047684453365861, 0.0 ], [ -162.74242523898539, 66.100792651629888, 0.0 ], [ -162.861108718531909, 66.082274598854994, 0.0 ], [ -162.947361067944797, 66.094113804120312, 0.0 ], [ -163.061065532370208, 66.065470317347419, 0.0 ], [ -163.188208869326388, 66.062866696729913, 0.0 ], [ -163.284640845995511, 66.068016473780261, 0.0 ], [ -163.330937107538489, 66.087357765551275, 0.0 ], [ -163.495271530951413, 66.081650456470143, 0.0 ], [ -163.639782168356902, 66.059044325069038, 0.0 ], [ -163.7386089077024, 66.073777635062342, 0.0 ], [ -163.843434636781609, 66.127951065608571, 0.0 ], [ -163.91797424695821, 66.221177037190529, 0.0 ], [ -163.827905636775398, 66.266050320310342, 0.0 ], [ -163.847665047864496, 66.3833967996122, 0.0 ], [ -163.853606754405888, 66.417466104807488, 0.0 ], [ -163.722921720009111, 66.475305513709273, 0.0 ], [ -163.688031371523692, 66.58627150968114, 0.0 ], [ -164.043286028757592, 66.596173785797987, 0.0 ], [ -164.398741780812088, 66.582424461326141, 0.0 ], [ -164.737727057163909, 66.536663522772926, 0.0 ], [ -165.260195458128408, 66.450302404000453, 0.0 ], [ -165.780060558049911, 66.341657480082901, 0.0 ], [ -166.994252280467208, 66.001876944432965, 0.0 ], [ -167.258654823744905, 65.908504782690272, 0.0 ], [ -167.519439883088893, 65.830091624809327, 0.0 ], [ -168.122094329813109, 65.680866952911572, 0.0 ], [ -168.10050752728381, 65.599464826003953, 0.0 ], [ -167.492075866385306, 65.410404545407928, 0.0 ], [ -166.900032777883098, 65.362357859202049, 0.0 ], [ -166.353880423900506, 65.283931842604886, 0.0 ], [ -166.567933852942105, 65.124213363392229, 0.0 ], [ -166.749489011830093, 65.109878066400029, 0.0 ], [ -166.932870468755198, 65.155570873066026, 0.0 ], [ -166.423558994664688, 64.889363391114159, 0.0 ], [ -166.376156519543798, 64.820148021872598, 0.0 ], [ -166.477979519140007, 64.795997969968369, 0.0 ], [ -166.403692614586987, 64.638286458896914, 0.0 ], [ -166.229588359858894, 64.579174901638908, 0.0 ], [ -165.887327518565002, 64.540428233889969, 0.0 ], [ -165.027491420592099, 64.436863296965598, 0.0 ], [ -164.363281394220394, 64.561938946843753, 0.0 ], [ -163.951687165053102, 64.555169793783719, 0.0 ], [ -163.80743964423209, 64.571508363112343, 0.0 ], [ -163.501656381935106, 64.545995973436092, 0.0 ], [ -163.157115519050507, 64.398155037240656, 0.0 ], [ -163.006592540143004, 64.511776276673558, 0.0 ], [ -162.908246075090688, 64.512138040829782, 0.0 ], [ -162.8204126253504, 64.422958013377979, 0.0 ], [ -162.799477290517302, 64.331022896573373, 0.0 ], [ -162.625095144058292, 64.388638372190769, 0.0 ], [ -162.610905427936501, 64.47336882834847, 0.0 ], [ -162.549078977244989, 64.529191037880508, 0.0 ], [ -162.246835192726309, 64.614380842965076, 0.0 ], [ -162.171129548117904, 64.678578066742972, 0.0 ], [ -161.904224494476807, 64.699506324548238, 0.0 ], [ -161.730508913011391, 64.767897745764543, 0.0 ], [ -161.67144100435209, 64.781582078536388, 0.0 ], [ -161.534501181098591, 64.750714936282876, 0.0 ], [ -161.386633018889512, 64.767448668751044, 0.0 ], [ -161.309190076697405, 64.839452287933952, 0.0 ], [ -161.182130785232005, 64.903148207977836, 0.0 ], [ -160.960241441039301, 64.825095264861446, 0.0 ], [ -160.860144871610601, 64.776843999777853, 0.0 ], [ -160.792990404039102, 64.695125284666318, 0.0 ], [ -160.79599875335191, 64.612436295848212, 0.0 ], [ -160.894292972856306, 64.58282779333679, 0.0 ], [ -160.956358140893286, 64.543093763397792, 0.0 ], [ -161.075071640606296, 64.544579820645922, 0.0 ], [ -161.093198232683108, 64.537363146758494, 0.0 ], [ -161.056944698928902, 64.519716073030153, 0.0 ], [ -161.047281469243103, 64.529833530104924, 0.0 ], [ -161.012089898704687, 64.517487773742616, 0.0 ], [ -161.006894306333209, 64.503756943773169, 0.0 ], [ -161.051766273037998, 64.494236146521814, 0.0 ], [ -161.221248371783588, 64.501088876669485, 0.0 ], [ -161.350689110486513, 64.516735716557349, 0.0 ], [ -161.381967894470193, 64.534767207532127, 0.0 ], [ -161.463609227276208, 64.508762801719726, 0.0 ], [ -161.53072946411919, 64.380945595906894, 0.0 ], [ -161.48164301516519, 64.417671095545856, 0.0 ], [ -161.395813670422513, 64.425608469760334, 0.0 ], [ -161.236966619497906, 64.37905215076951, 0.0 ], [ -161.114723148308912, 64.301399882106082, 0.0 ], [ -160.966965995543006, 64.242357825836933, 0.0 ], [ -160.960022862121491, 64.083996239563405, 0.0 ], [ -160.908884101116399, 63.991443532504967, 0.0 ], [ -160.816653290063812, 63.922618609984468, 0.0 ], [ -160.76086301086039, 63.824987177109684, 0.0 ], [ -160.796110962179512, 63.73321737059171, 0.0 ], [ -160.945959768537705, 63.631506806452563, 0.0 ], [ -161.013672549270694, 63.619370115234908, 0.0 ], [ -161.166535103426497, 63.4962989157113, 0.0 ], [ -161.548334965560713, 63.450903215678863, 0.0 ], [ -161.921517786009787, 63.452245105841733, 0.0 ], [ -162.14885654319761, 63.430760455897527, 0.0 ], [ -161.998467575320888, 63.482796588323438, 0.0 ], [ -162.082675216092809, 63.501178633839913, 0.0 ], [ -162.299819388935987, 63.540326546562603, 0.0 ], [ -162.365933088996599, 63.566284877897289, 0.0 ], [ -162.340593085462103, 63.5920175496355, 0.0 ], [ -162.413699565838186, 63.634514240612617, 0.0 ], [ -162.610331313353612, 63.624675403385872, 0.0 ], [ -162.702648438417214, 63.580979925764566, 0.0 ], [ -162.638122597088994, 63.54437974356091, 0.0 ], [ -162.466387401157192, 63.542336088604507, 0.0 ], [ -162.374334132526997, 63.555665474502199, 0.0 ], [ -162.301453901023308, 63.531372065504833, 0.0 ], [ -162.280386660908391, 63.506371552863307, 0.0 ], [ -162.274177213900288, 63.486325030968523, 0.0 ], [ -162.384179835093903, 63.441211279066209, 0.0 ], [ -162.428323435667608, 63.400302129971543, 0.0 ], [ -162.694133792662711, 63.220169746566192, 0.0 ], [ -162.846502854792192, 63.198180916546988, 0.0 ], [ -162.859854550408386, 63.156054306749908, 0.0 ], [ -163.074370148116998, 63.058356379875633, 0.0 ], [ -163.347789291525913, 63.034415812979439, 0.0 ], [ -163.374171904636114, 63.063978709534247, 0.0 ], [ -163.718724730669805, 63.196088124066122, 0.0 ], [ -164.107713272526297, 63.271585438775908, 0.0 ], [ -164.371662209043592, 63.236515941839343, 0.0 ], [ -164.60658716875011, 63.128270075728317, 0.0 ], [ -164.862460696118205, 62.810691087993, 0.0 ], [ -165.046864825558714, 62.580224060709313, 0.0 ], [ -165.309986919613294, 62.404940112764017, 0.0 ], [ -165.721320377883899, 62.106359599837987, 0.0 ], [ -165.780654810378905, 61.959894270603201, 0.0 ], [ -165.6199339939119, 61.860403011855752, 0.0 ], [ -166.096109578040512, 61.810193045632602, 0.0 ], [ -166.021587150396613, 61.726115796913632, 0.0 ], [ -165.855887591966905, 61.67657980662004, 0.0 ], [ -166.174922068916686, 61.627302261643408, 0.0 ], [ -166.185142313998711, 61.502156527947371, 0.0 ], [ -165.92559691781949, 61.527015355241183, 0.0 ], [ -165.761515464100313, 61.483632884459759, 0.0 ], [ -165.934249168912288, 61.415566908148342, 0.0 ], [ -165.884129974296911, 61.318399280405593, 0.0 ], [ -165.639394229135405, 61.278449843658322, 0.0 ], [ -165.6007362433823, 61.08167179977842, 0.0 ], [ -165.377736495719802, 61.076564523148008, 0.0 ], [ -165.294491210121407, 61.172324126794877, 0.0 ], [ -165.043890852523788, 61.028099673785832, 0.0 ], [ -165.19001337221539, 60.977685610050543, 0.0 ], [ -165.166160345835408, 60.938973057247473, 0.0 ], [ -165.101403781906498, 60.900918647562207, 0.0 ], [ -164.971345481412897, 60.901365968833858, 0.0 ], [ -165.031364983138303, 60.851622938944487, 0.0 ], [ -165.043670882137604, 60.782693115303942, 0.0 ], [ -164.973287752959891, 60.714689673289207, 0.0 ], [ -165.388225462056909, 60.575353089089191, 0.0 ], [ -165.391990641190091, 60.507142395218018, 0.0 ], [ -165.218845891395688, 60.492905386249681, 0.0 ], [ -165.09202363104859, 60.535481544975511, 0.0 ], [ -164.968642209474496, 60.53507278491518, 0.0 ], [ -165.030015178216786, 60.481657332212073, 0.0 ], [ -165.136312934390304, 60.4333977985942, 0.0 ], [ -164.918713813785587, 60.317462163899997, 0.0 ], [ -164.676843243715609, 60.285015757881837, 0.0 ], [ -164.362049472345007, 60.065591564213399, 0.0 ], [ -164.12651677427391, 59.981814219830298, 0.0 ], [ -164.230709766644111, 59.927699997324403, 0.0 ], [ -164.110266476812797, 59.837651915271451, 0.0 ], [ -163.944820317332614, 59.796156061156857, 0.0 ], [ -163.590134165645992, 59.785891815952183, 0.0 ], [ -163.167251289111903, 59.84135809613614, 0.0 ], [ -162.826695107271092, 59.934181054135827, 0.0 ], [ -162.705947438045513, 59.975062488489158, 0.0 ], [ -162.585089929808305, 59.974662026254983, 0.0 ], [ -162.501622620272514, 59.990368880303073, 0.0 ], [ -162.491835672959809, 60.139632578544337, 0.0 ], [ -162.402623595778408, 60.194159315285347, 0.0 ], [ -162.3719227845815, 60.166305833405438, 0.0 ], [ -162.324285163341813, 60.117683171711498, 0.0 ], [ -162.222516058410491, 60.132595650714897, 0.0 ], [ -162.2263043455103, 60.02125722127834, 0.0 ], [ -162.111480684994689, 59.948775902422987, 0.0 ], [ -162.075750257023714, 59.866659479699727, 0.0 ], [ -161.9772481511975, 59.80646299411621, 0.0 ], [ -161.803956415009708, 59.567117834385698, 0.0 ], [ -161.698215361718809, 59.498884895558703, 0.0 ], [ -161.948321623499993, 59.37867146479627, 0.0 ], [ -161.957571630824589, 59.259899546667107, 0.0 ], [ -162.031715787950702, 59.222850960292917, 0.0 ], [ -161.82245324249601, 59.001557987813733, 0.0 ], [ -161.776582665593111, 58.901869507964562, 0.0 ], [ -161.866572664440412, 58.70003049827735, 0.0 ], [ -162.189304079342293, 58.659219726291887, 0.0 ], [ -162.05711384144189, 58.612806584469702, 0.0 ], [ -161.829359486750604, 58.628096781725183, 0.0 ], [ -161.73256238046369, 58.550810339865201, 0.0 ], [ -161.370217135463889, 58.67704802573477, 0.0 ], [ -161.274108528603705, 58.779002661294783, 0.0 ], [ -161.132635300202196, 58.804427918827351, 0.0 ], [ -160.879865757684399, 58.88882744174029, 0.0 ], [ -160.825659503621011, 58.822729109300766, 0.0 ], [ -160.744240132323, 58.922593557092164, 0.0 ], [ -160.358441778179412, 59.07722114982581, 0.0 ], [ -160.283674533373386, 59.017387841985538, 0.0 ], [ -160.245239670256211, 58.979929662351687, 0.0 ], [ -160.340602619958389, 58.951117690060933, 0.0 ], [ -160.256942869777703, 58.933655513248262, 0.0 ], [ -160.244984973743186, 58.887079511102428, 0.0 ], [ -160.151563743964687, 58.915771270153357, 0.0 ], [ -160.160755973098304, 58.861154306768782, 0.0 ], [ -160.099425786357187, 58.864600612170527, 0.0 ], [ -160.039673362153593, 58.884850724668219, 0.0 ], [ -159.903964024489596, 58.767278552941328, 0.0 ], [ -159.799818781065795, 58.795966674144623, 0.0 ], [ -159.783816652533488, 58.841307734782987, 0.0 ], [ -159.722054117815389, 58.92517290256113, 0.0 ], [ -159.635452624003506, 58.931774461915907, 0.0 ], [ -159.587139773045493, 58.895334716354803, 0.0 ], [ -159.649221289858502, 58.834025059156183, 0.0 ], [ -159.538830441966894, 58.834526090664752, 0.0 ], [ -159.405669765662992, 58.772629110896013, 0.0 ], [ -159.067674921162904, 58.442512021368913, 0.0 ], [ -158.962885944226514, 58.401095838918721, 0.0 ], [ -158.840780514939809, 58.396423657446931, 0.0 ], [ -158.71648151500051, 58.480795450444127, 0.0 ], [ -158.755689124535309, 58.506501872694187, 0.0 ], [ -158.883453027537001, 58.719228132947499, 0.0 ], [ -158.800840909046798, 58.728940450338797, 0.0 ], [ -158.775830324229901, 58.766804509156273, 0.0 ], [ -158.763267712412187, 58.867282321887437, 0.0 ], [ -158.585926689189392, 58.920476014214657, 0.0 ], [ -158.492774152729197, 58.916101388605888, 0.0 ], [ -158.554980100444993, 58.830448297022158, 0.0 ], [ -158.546563169174703, 58.794698964175531, 0.0 ], [ -158.377198214581, 58.759530122634757, 0.0 ], [ -158.336784934664109, 58.660927859106032, 0.0 ], [ -158.197980767466703, 58.614444358635417, 0.0 ], [ -158.095402486837003, 58.615693108779503, 0.0 ], [ -157.57406425510851, 58.755666095776547, 0.0 ], [ -157.088626974517013, 58.870504765477342, 0.0 ], [ -156.991503149445691, 58.856537664418553, 0.0 ], [ -157.069387003444007, 58.72972566693997, 0.0 ], [ -157.358866793551186, 58.53904607013046, 0.0 ], [ -157.470930165432605, 58.503518060096297, 0.0 ], [ -157.556260046836798, 58.353444008946447, 0.0 ], [ -157.549469192985697, 58.27215028638873, 0.0 ], [ -157.41669276247319, 58.181705424887902, 0.0 ], [ -157.529799679614314, 58.160838730370322, 0.0 ], [ -157.577730930251107, 58.132054029968913, 0.0 ], [ -157.725413139805909, 57.594777721513282, 0.0 ], [ -158.081176108406396, 57.360916195967853, 0.0 ], [ -158.496007777654398, 57.174825245151212, 0.0 ], [ -158.707368576785996, 56.974864871514853, 0.0 ], [ -158.642762645113493, 56.788111483884173, 0.0 ], [ -158.999243342682291, 56.806001769820483, 0.0 ], [ -159.385008229169898, 56.686680607131059, 0.0 ], [ -160.323313531922111, 56.313514247602868, 0.0 ], [ -160.566238801588298, 55.989650459787278, 0.0 ], [ -160.313243585203509, 55.789385857732853, 0.0 ], [ -160.718592606672303, 55.889518390314038, 0.0 ], [ -160.87889760840639, 56.002547669861208, 0.0 ], [ -161.110129829341304, 55.977117931826903, 0.0 ], [ -161.784257217889291, 55.894915102491538, 0.0 ], [ -162.357339738348998, 55.609078919992221, 0.0 ], [ -162.794532326249708, 55.285639561145807, 0.0 ], [ -163.187379672497997, 55.199112178658851, 0.0 ], [ -163.443542293915698, 55.05014864584269, 0.0 ], [ -163.773350259316601, 55.034846564839299, 0.0 ], [ -164.491642015246612, 54.915698139313648, 0.0 ], [ -164.715453878024391, 54.662702865313243, 0.0 ], [ -164.951216143077801, 54.578971758786338, 0.0 ], [ -165.5881091328107, 54.28978911535544, 0.0 ], [ -165.577037258254506, 54.275872169076813, 0.0 ], [ -165.606776801905994, 54.294702512726069, 0.0 ], [ -165.629249282247201, 54.29732284849689, 0.0 ], [ -165.637370868717113, 54.293777862395707, 0.0 ], [ -165.68964882158761, 54.250247949982132, 0.0 ], [ -165.675774831314101, 54.228490340093039, 0.0 ], [ -165.581378139910612, 54.233129237921027, 0.0 ], [ -165.63377112742819, 54.199468896407893, 0.0 ], [ -165.594052909049907, 54.165845022352997, 0.0 ], [ -165.676989035545688, 54.12828223740685, 0.0 ], [ -165.730399991891687, 54.119194334013422, 0.0 ], [ -165.814944762487187, 54.132320634954141, 0.0 ], [ -165.73253546155081, 54.144810708963327, 0.0 ], [ -165.794499730333087, 54.175226405264283, 0.0 ], [ -165.870636757687691, 54.168930549399889, 0.0 ], [ -165.881872739631092, 54.218457492911867, 0.0 ], [ -165.967018123245992, 54.217711369848928, 0.0 ], [ -166.063874059097401, 54.187419752431389, 0.0 ], [ -166.113216592801706, 54.120153013200778, 0.0 ], [ -166.055612518661007, 54.074454459329992, 0.0 ], [ -166.055446658881692, 54.053608869218287, 0.0 ], [ -166.083378877529896, 53.975419305436688, 0.0 ], [ -166.109054181819886, 53.992096243875302, 0.0 ], [ -166.186052549833107, 53.995862921999738, 0.0 ], [ -166.257142235943093, 53.915161207070021, 0.0 ], [ -166.268306160187507, 53.9808334522913, 0.0 ], [ -166.354769037346301, 53.947843972363763, 0.0 ], [ -166.377174141525302, 54.008104956687561, 0.0 ], [ -166.511938044264213, 53.885495783622368, 0.0 ], [ -166.540823226283692, 53.919306706224383, 0.0 ], [ -166.63317703437059, 53.857918824731279, 0.0 ], [ -166.610189149557101, 53.999803406871933, 0.0 ], [ -166.6862255067673, 54.011905833541718, 0.0 ], [ -166.942251462609988, 53.987562350251928, 0.0 ], [ -167.079041794492213, 53.933176447290663, 0.0 ], [ -167.143567229843995, 53.851006834736992, 0.0 ], [ -167.017445867777298, 53.767161664021287, 0.0 ], [ -166.732667749626813, 53.724169606000501, 0.0 ], [ -166.830336399060911, 53.706128157923573, 0.0 ], [ -166.793375321308503, 53.626554289418372, 0.0 ], [ -166.835272625025397, 53.644109208624172, 0.0 ], [ -166.888396240308595, 53.714124808405813, 0.0 ], [ -167.016567656998888, 53.714093659281723, 0.0 ], [ -167.068806078329402, 53.679284610043503, 0.0 ], [ -167.044952840216496, 53.621887851924868, 0.0 ], [ -167.168545589056691, 53.614829925405267, 0.0 ], [ -167.139942980683088, 53.558137113845333, 0.0 ], [ -167.070959382334593, 53.512501051897928, 0.0 ], [ -167.188347222733512, 53.5273185725218, 0.0 ], [ -167.189935895383911, 53.460347230262663, 0.0 ], [ -167.300052606813495, 53.479137475372013, 0.0 ], [ -167.3298755480495, 53.452650792534662, 0.0 ], [ -167.419381676725891, 53.43505858811897, 0.0 ], [ -167.481106465629608, 53.449039701940713, 0.0 ], [ -167.487890458283204, 53.420220654773964, 0.0 ], [ -167.602000979747487, 53.392981526795822, 0.0 ], [ -167.683074262631408, 53.390618923703649, 0.0 ], [ -167.838083607322602, 53.388185638280063, 0.0 ], [ -167.812270284414296, 53.505384188689291, 0.0 ], [ -168.031506665847786, 53.556431541538537, 0.0 ], [ -168.275167335618903, 53.505224739167723, 0.0 ], [ -168.394809166295886, 53.421774969339488, 0.0 ], [ -168.433312957913614, 53.331886131429229, 0.0 ], [ -168.347684276625614, 53.280205975048617, 0.0 ], [ -168.363937349882605, 53.247179706598203, 0.0 ], [ -168.614539707255489, 53.256397006022048, 0.0 ], [ -168.784173738627686, 53.158006998964922, 0.0 ], [ -168.801333076689588, 53.099443875969868, 0.0 ], [ -168.767790255329487, 53.059590933026833, 0.0 ], [ -168.874520257786713, 53.011472581842582, 0.0 ], [ -168.882177266724199, 52.954112300330443, 0.0 ], [ -169.107815681037408, 52.824512970864902, 0.0 ], [ -168.873108961463601, 52.899125102044181, 0.0 ], [ -168.504751570892608, 53.040513957703013, 0.0 ], [ -168.410203559636614, 53.10601134684299, 0.0 ], [ -168.306915975596809, 53.220604549768083, 0.0 ], [ -167.920707801715707, 53.340047179357107, 0.0 ], [ -167.862386968316201, 53.367663516982383, 0.0 ], [ -167.843165549394797, 53.378837575938327, 0.0 ], [ -167.839790099172689, 53.385743075770058, 0.0 ], [ -167.70410947394771, 53.387933029034834, 0.0 ], [ -167.857488049859001, 53.31504214077929, 0.0 ], [ -167.842260117750499, 53.280494729417441, 0.0 ], [ -167.647031764748903, 53.248914316260503, 0.0 ], [ -167.578216433314907, 53.282660745464128, 0.0 ], [ -167.520943937811893, 53.25343176597616, 0.0 ], [ -167.431778351798897, 53.329072053555997, 0.0 ], [ -167.311461172094312, 53.335284873399537, 0.0 ], [ -167.289256868153814, 53.373821419530003, 0.0 ], [ -167.169436181385407, 53.402400580354318, 0.0 ], [ -166.77206797339349, 53.450327593075748, 0.0 ], [ -166.562161027144299, 53.601952435016599, 0.0 ], [ -166.289087386772394, 53.695908247047598, 0.0 ], [ -166.126873712456899, 53.769140168123542, 0.0 ], [ -166.106410501507213, 53.854360575150132, 0.0 ], [ -166.608308322595491, 53.701654945017069, 0.0 ], [ -166.216610902304609, 53.903463687143677, 0.0 ], [ -166.20578695197139, 53.93017452456256, 0.0 ], [ -166.226768015152004, 53.939215758920078, 0.0 ], [ -166.191803269029208, 53.960527535072167, 0.0 ], [ -166.123916295453512, 53.952709083043253, 0.0 ], [ -166.079722766732203, 53.966435540905749, 0.0 ], [ -166.043644008256592, 54.046534093774618, 0.0 ], [ -165.926544649763514, 54.066509669649513, 0.0 ], [ -165.893986764199809, 54.038054762403071, 0.0 ], [ -165.8583461879835, 54.045822128470448, 0.0 ], [ -165.836820021520793, 54.084238766417947, 0.0 ], [ -165.758026464034714, 54.069196287451867, 0.0 ], [ -165.682418646322304, 54.087513647650738, 0.0 ], [ -165.639351177773591, 54.141501970866877, 0.0 ], [ -165.609903787213597, 54.112762837548637, 0.0 ], [ -165.555641606040808, 54.109233051675211, 0.0 ], [ -165.533325874704587, 54.130194059562449, 0.0 ], [ -165.560846324968594, 54.140313149877358, 0.0 ], [ -165.490976295740893, 54.155989459037841, 0.0 ], [ -165.475117073383586, 54.179210711054957, 0.0 ], [ -165.39994443294799, 54.173758037998503, 0.0 ], [ -165.384496772876986, 54.197675652424117, 0.0 ], [ -165.411159190269586, 54.211608641552672, 0.0 ], [ -165.527136032889587, 54.219003688026099, 0.0 ], [ -165.574663895188792, 54.249609554261262, 0.0 ], [ -165.473303342246197, 54.289633938224547, 0.0 ], [ -165.485945081152892, 54.295927983253733, 0.0 ], [ -165.573214098309109, 54.289141726374858, 0.0 ], [ -164.944757531915798, 54.57489201038338, 0.0 ], [ -164.862228721800108, 54.40478559986262, 0.0 ], [ -164.678111692596588, 54.38061805983957, 0.0 ], [ -164.438762656448006, 54.417009695802143, 0.0 ], [ -164.325634843014086, 54.547998339651983, 0.0 ], [ -164.109161456899614, 54.630866853770392, 0.0 ], [ -163.563498292930007, 54.623206199825809, 0.0 ], [ -163.338191830924586, 54.742347182014328, 0.0 ], [ -163.040379969928807, 54.665135115385631, 0.0 ], [ -163.151654939357087, 54.775414305127477, 0.0 ], [ -163.269225362709903, 54.756785606733558, 0.0 ], [ -163.369420635913997, 54.784455056296252, 0.0 ], [ -163.153366994126088, 54.879600338822797, 0.0 ], [ -163.046734953416689, 54.934386515911072, 0.0 ], [ -163.081095370328086, 54.982599062460451, 0.0 ], [ -163.210218413640604, 55.037071251496648, 0.0 ], [ -163.183919451401408, 55.118098839852678, 0.0 ], [ -162.984646815120414, 55.087392994920449, 0.0 ], [ -162.892863525545408, 54.930882778937672, 0.0 ], [ -162.736255721323687, 54.940993336471173, 0.0 ], [ -162.686019728616202, 54.984702783472542, 0.0 ], [ -162.58178812860811, 54.953128371354723, 0.0 ], [ -162.585231648869808, 55.122433380262429, 0.0 ], [ -162.628226640829212, 55.282823644370502, 0.0 ], [ -162.512865291381587, 55.221623183078322, 0.0 ], [ -162.470793909033603, 55.039502400411507, 0.0 ], [ -162.337826157743706, 55.00651599884246, 0.0 ], [ -162.43774337397781, 54.892719395738183, 0.0 ], [ -162.308018527949912, 54.831804601479178, 0.0 ], [ -162.235725620063505, 54.899905554207699, 0.0 ], [ -162.162729691780612, 55.152374039328713, 0.0 ], [ -162.055164540615209, 55.069203323903352, 0.0 ], [ -161.851264428192991, 55.238572890500073, 0.0 ], [ -161.525196601967707, 55.624698296716197, 0.0 ], [ -161.370220515984187, 55.594647145775539, 0.0 ], [ -161.514427596219207, 55.346575912990971, 0.0 ], [ -161.171700018373514, 55.388531744614269, 0.0 ], [ -160.437643230409492, 55.511546372062583, 0.0 ], [ -160.32160339075449, 55.623933252168122, 0.0 ], [ -159.728722206822397, 55.84996718346185, 0.0 ], [ -159.677604345358588, 55.564878661366187, 0.0 ], [ -159.128967076286813, 55.831488333992617, 0.0 ], [ -158.951474437267308, 55.924571306365628, 0.0 ], [ -158.867186164471093, 55.802596447126419, 0.0 ], [ -158.753262007489013, 55.826413113996828, 0.0 ], [ -158.693920800354107, 55.850246542330737, 0.0 ], [ -158.876685973393393, 55.968772733943737, 0.0 ], [ -158.559304500660488, 55.953337405685858, 0.0 ], [ -158.153187977721103, 56.230705625452657, 0.0 ], [ -158.230006868179089, 56.311776442584417, 0.0 ], [ -158.494000529270096, 56.363872868405707, 0.0 ], [ -158.352300004481009, 56.475187438861489, 0.0 ], [ -158.17518874723271, 56.452782963549097, 0.0 ], [ -158.042922335635808, 56.49553447295888, 0.0 ], [ -157.851551691805099, 56.471623562334919, 0.0 ], [ -157.803962032009991, 56.560432939933328, 0.0 ], [ -157.914830024659011, 56.579875998800858, 0.0 ], [ -158.129899559268409, 56.537400148248793, 0.0 ], [ -157.892019662792194, 56.647871594836261, 0.0 ], [ -157.743177680702104, 56.657843751243462, 0.0 ], [ -157.667069960467103, 56.607378326601847, 0.0 ], [ -157.575327241371212, 56.616840838944668, 0.0 ], [ -157.457785803859792, 56.617114123857931, 0.0 ], [ -157.450045769200187, 56.66798039010996, 0.0 ], [ -157.531892727814494, 56.728927758015097, 0.0 ], [ -157.386496980363688, 56.775797538075281, 0.0 ], [ -157.444575711816498, 56.851894786534807, 0.0 ], [ -157.358464692587603, 56.846075453783087, 0.0 ], [ -157.194806155212888, 56.761064882074912, 0.0 ], [ -157.055666269224503, 56.82965582599968, 0.0 ], [ -156.900140965564901, 56.939145025138203, 0.0 ], [ -156.813112206849809, 56.896201748679736, 0.0 ], [ -156.721439809941302, 57.013876693841148, 0.0 ], [ -156.548974740774213, 56.975788961575432, 0.0 ], [ -156.332761855538507, 57.168343945467853, 0.0 ], [ -156.380228058994788, 57.232531115692602, 0.0 ], [ -156.308810606623695, 57.278114421831361, 0.0 ], [ -156.319932491357889, 57.327476536719757, 0.0 ], [ -156.566204281299093, 57.308413159025982, 0.0 ], [ -156.256384868596996, 57.441663644258753, 0.0 ], [ -156.028475757266705, 57.430884958398558, 0.0 ], [ -156.000066661436989, 57.525455491193583, 0.0 ], [ -155.728926283415689, 57.560904452711377, 0.0 ], [ -155.707502293419708, 57.626532395328788, 0.0 ], [ -155.583203611518286, 57.666631715124211, 0.0 ], [ -155.580813974699794, 57.762918450141271, 0.0 ], [ -155.351418658591712, 57.711343792270668, 0.0 ], [ -155.278083607972803, 57.823923802848142, 0.0 ], [ -155.115355993193901, 57.863783913174728, 0.0 ], [ -154.954837423440608, 57.97553173671227, 0.0 ], [ -154.218781614203891, 58.098818243016218, 0.0 ], [ -153.883500843431705, 58.581036765782969, 0.0 ], [ -153.523112811575487, 58.651114784135352, 0.0 ], [ -153.380009477752907, 58.742446969488782, 0.0 ], [ -153.332332663819898, 58.936658296939271, 0.0 ], [ -153.677951393943403, 59.079653532109823, 0.0 ], [ -154.215823991478288, 59.058988725564589, 0.0 ], [ -154.07240388492491, 59.284140098183627, 0.0 ], [ -153.938336317607394, 59.401020308932523, 0.0 ], [ -153.577155799733703, 59.580869978532149, 0.0 ], [ -153.142704106346514, 59.66262854004222, 0.0 ], [ -152.679355783668512, 59.919563194100427, 0.0 ], [ -152.475492224125901, 60.227927570294639, 0.0 ], [ -152.258614677627207, 60.366858656777637, 0.0 ], [ -152.315813521255109, 60.486599675001067, 0.0 ], [ -151.991287447592612, 60.688662247655223, 0.0 ], [ -151.871001260449788, 60.741710208926627, 0.0 ], [ -151.760057750314502, 60.715719524787808, 0.0 ], [ -151.726628850718811, 60.767524989807541, 0.0 ], [ -151.798528373024908, 60.852132686808247, 0.0 ], [ -151.533883945094914, 60.996087483095081, 0.0 ], [ -151.14144161477509, 61.051111673581637, 0.0 ], [ -151.044821833513595, 61.155211804212009, 0.0 ], [ -150.619332235870786, 61.278585897914368, 0.0 ], [ -150.422980024083301, 61.254962080423368, 0.0 ], [ -150.104653709236288, 61.253563838393383, 0.0 ], [ -150.004556544759993, 61.241398923422807, 0.0 ], [ -150.025516258292214, 61.198873498805483, 0.0 ], [ -150.078012147216612, 61.153619705232607, 0.0 ], [ -149.838893648521008, 61.080121715643472, 0.0 ], [ -149.759456438033311, 61.021195835805187, 0.0 ], [ -149.607595059051107, 60.985243369102207, 0.0 ], [ -149.500068214331407, 60.982174788446471, 0.0 ], [ -149.35798452081201, 60.925359332497401, 0.0 ], [ -149.18864284860399, 60.943733833129379, 0.0 ], [ -149.073771807077691, 60.900625876184797, 0.0 ], [ -148.996456427837387, 60.846114520210278, 0.0 ], [ -148.990625373775401, 60.826764829186423, 0.0 ], [ -149.099150900731701, 60.874514220571768, 0.0 ], [ -149.223234245692197, 60.887725900868169, 0.0 ], [ -149.3787230715634, 60.903317993163, 0.0 ], [ -149.624142515914798, 60.930703040145637, 0.0 ], [ -149.796956202692201, 60.962958686458727, 0.0 ], [ -149.862440503258512, 60.961616467088923, 0.0 ], [ -149.985925563261503, 60.924411067311027, 0.0 ], [ -150.228984840564095, 60.934462694209813, 0.0 ], [ -150.370173985500202, 61.046171910355923, 0.0 ], [ -150.6745701445154, 60.947742010009399, 0.0 ], [ -151.051106608314399, 60.791574323740043, 0.0 ], [ -151.439678492796389, 60.722780207915562, 0.0 ], [ -151.279440564967814, 60.538412306098238, 0.0 ], [ -151.297509602047597, 60.377556128334653, 0.0 ], [ -151.364752723245914, 60.37135869582422, 0.0 ], [ -151.428072178328193, 60.208056306279147, 0.0 ], [ -151.703279573214303, 60.033163904067941, 0.0 ], [ -151.826352041672408, 59.864604609164203, 0.0 ], [ -151.89031274325319, 59.784669022079242, 0.0 ], [ -151.844569502201608, 59.707741120262128, 0.0 ], [ -151.550306341377194, 59.634490728178491, 0.0 ], [ -151.302274643377814, 59.687225393994233, 0.0 ], [ -151.0478938394115, 59.790747074652487, 0.0 ], [ -150.941168443256686, 59.788782067856772, 0.0 ], [ -151.4845306453295, 59.4928605484169, 0.0 ], [ -151.66703121448549, 59.48452867758602, 0.0 ], [ -151.873239939755791, 59.431810935243071, 0.0 ], [ -152.007078739165792, 59.320232119851909, 0.0 ], [ -151.982625775856803, 59.248124377171017, 0.0 ], [ -151.933640090803607, 59.245868984266721, 0.0 ], [ -151.919788610614205, 59.219628295848871, 0.0 ], [ -151.794863744582187, 59.201860721963001, 0.0 ], [ -151.740106608173392, 59.155602692437363, 0.0 ], [ -151.599562352441808, 59.159995656910837, 0.0 ], [ -151.563432837222905, 59.174192694487779, 0.0 ], [ -151.628461114339103, 59.187680331822847, 0.0 ], [ -151.513614242296086, 59.193571350346453, 0.0 ], [ -151.456464157615613, 59.20831684765087, 0.0 ], [ -151.465090785263499, 59.214628432824412, 0.0 ], [ -151.5477268972611, 59.226905569271551, 0.0 ], [ -151.49455506549981, 59.227655396959079, 0.0 ], [ -151.444176923266696, 59.234630476034312, 0.0 ], [ -151.427065646780903, 59.239673666274243, 0.0 ], [ -151.411344940629704, 59.253691420237267, 0.0 ], [ -151.35191797970819, 59.228607795556208, 0.0 ], [ -151.303173661925086, 59.207516599592033, 0.0 ], [ -151.286558447076402, 59.218399808514548, 0.0 ], [ -151.285156148607996, 59.225828588749728, 0.0 ], [ -151.300385475359406, 59.240947591040033, 0.0 ], [ -151.271704251496601, 59.227722254987732, 0.0 ], [ -151.259242917083213, 59.219099788809551, 0.0 ], [ -151.257940514639614, 59.203486863461457, 0.0 ], [ -151.246058914216491, 59.201039480673167, 0.0 ], [ -151.212731868754588, 59.217726005504311, 0.0 ], [ -151.196014550564399, 59.204654186805847, 0.0 ], [ -151.169486268603094, 59.202409372031148, 0.0 ], [ -151.110901285620997, 59.21313593239416, 0.0 ], [ -151.09394143717941, 59.244544387005867, 0.0 ], [ -151.101636782014111, 59.255786725257927, 0.0 ], [ -151.146972560718297, 59.264902255283268, 0.0 ], [ -151.172721233388103, 59.278858080491723, 0.0 ], [ -151.238896872281714, 59.289973557600703, 0.0 ], [ -151.293283756802197, 59.308934618644578, 0.0 ], [ -151.185705301759896, 59.293374681595942, 0.0 ], [ -151.160893891245991, 59.284954773288653, 0.0 ], [ -151.133739652319292, 59.289354254241857, 0.0 ], [ -151.115787140310601, 59.280186449971588, 0.0 ], [ -151.084334152725205, 59.26846406356821, 0.0 ], [ -151.047942678623912, 59.298757372815167, 0.0 ], [ -151.0254154008679, 59.264926484446519, 0.0 ], [ -151.007098599622992, 59.271036162477643, 0.0 ], [ -150.985125432343693, 59.260967818064493, 0.0 ], [ -151.026751566195998, 59.250030550843341, 0.0 ], [ -151.023380193173608, 59.221831516027748, 0.0 ], [ -151.012815673090898, 59.20137860861022, 0.0 ], [ -150.962473677583802, 59.194740356772961, 0.0 ], [ -150.968810918844696, 59.218601583051537, 0.0 ], [ -150.87553650001081, 59.265263472334958, 0.0 ], [ -150.892191582895293, 59.320167712583711, 0.0 ], [ -150.719945454368514, 59.417560809188203, 0.0 ], [ -150.598112476569412, 59.423324629408079, 0.0 ], [ -150.582726457624091, 59.446677175440769, 0.0 ], [ -150.584862653977098, 59.453900554131693, 0.0 ], [ -150.64575731672889, 59.466061900046867, 0.0 ], [ -150.601553569513101, 59.465798073023308, 0.0 ], [ -150.578866128337808, 59.466557054645953, 0.0 ], [ -150.578557792880304, 59.491793465723568, 0.0 ], [ -150.587116275473306, 59.500903189323743, 0.0 ], [ -150.59449134664419, 59.500192362455643, 0.0 ], [ -150.614072779103395, 59.508210277813532, 0.0 ], [ -150.611323019774289, 59.518721378478617, 0.0 ], [ -150.651796608651807, 59.536319180171823, 0.0 ], [ -150.659442500708508, 59.547427224194877, 0.0 ], [ -150.635390593242391, 59.545409448970887, 0.0 ], [ -150.61838916027861, 59.536759805538097, 0.0 ], [ -150.604298775198799, 59.536982792348127, 0.0 ], [ -150.572285579777088, 59.580453212977538, 0.0 ], [ -150.536090674481187, 59.589936304747098, 0.0 ], [ -150.50759660445101, 59.582858072177459, 0.0 ], [ -150.576244017335313, 59.527726578803069, 0.0 ], [ -150.501945706182511, 59.453360003741601, 0.0 ], [ -150.477998806408607, 59.456458576825327, 0.0 ], [ -150.34870026745449, 59.594467665299099, 0.0 ], [ -150.225623123047598, 59.737936377171103, 0.0 ], [ -150.403227644885106, 59.466971863282083, 0.0 ], [ -150.446249353705696, 59.341465854328199, 0.0 ], [ -150.163456894592997, 59.547573674019738, 0.0 ], [ -150.053703311652413, 59.59435528836763, 0.0 ], [ -150.098804110595296, 59.611557670500972, 0.0 ], [ -150.080870952968894, 59.649348940574939, 0.0 ], [ -150.134677544867088, 59.688438051936068, 0.0 ], [ -150.064500886858298, 59.657047927466721, 0.0 ], [ -150.057020891063388, 59.630229881116307, 0.0 ], [ -150.032161499992213, 59.611741578497252, 0.0 ], [ -149.997000359213501, 59.635906592174848, 0.0 ], [ -149.997039587954902, 59.654205014290007, 0.0 ], [ -149.945298632818208, 59.658011248418177, 0.0 ], [ -149.919603883299402, 59.698022714019807, 0.0 ], [ -149.922774323457503, 59.722709052008959, 0.0 ], [ -149.93016068169311, 59.729613989955439, 0.0 ], [ -149.96876315930561, 59.717638678432422, 0.0 ], [ -149.968154810359806, 59.723955004661221, 0.0 ], [ -149.945089094117805, 59.743799365586128, 0.0 ], [ -150.028390148362604, 59.769255670799367, 0.0 ], [ -150.04509998000529, 59.795852576316477, 0.0 ], [ -149.864184879240611, 59.7401577355892, 0.0 ], [ -149.813870284859092, 59.675463422901181, 0.0 ], [ -149.748915487308494, 59.638376075353257, 0.0 ], [ -149.715233649714492, 59.68605252376819, 0.0 ], [ -149.764005665669913, 59.78278892110562, 0.0 ], [ -149.761421151912998, 59.802218701880747, 0.0 ], [ -149.810641287242589, 59.836667305377027, 0.0 ], [ -149.726034268553803, 59.821629722301267, 0.0 ], [ -149.709711565519001, 59.951956398188543, 0.0 ], [ -149.664933365806405, 59.907988154095882, 0.0 ], [ -149.671086557665291, 59.844555222023473, 0.0 ], [ -149.64236328278551, 59.733543648768709, 0.0 ], [ -149.528923328905506, 59.698019707246303, 0.0 ], [ -149.510968056512297, 59.780453167888538, 0.0 ], [ -149.605159944550195, 59.829163030726733, 0.0 ], [ -149.542439278745491, 59.908766631870073, 0.0 ], [ -149.468192861178295, 59.915188491831117, 0.0 ], [ -149.440054216939387, 59.935027254592953, 0.0 ], [ -149.428793290610798, 59.974674064467891, 0.0 ], [ -149.382726525757789, 59.984860705930529, 0.0 ], [ -149.394347258310489, 60.006026501078779, 0.0 ], [ -149.435757604585092, 60.03471289105569, 0.0 ], [ -149.434316517116912, 60.11153220104562, 0.0 ], [ -149.402822630263614, 60.1251266756299, 0.0 ], [ -149.374418606893613, 60.111107695214031, 0.0 ], [ -149.326409957663088, 59.99082702382637, 0.0 ], [ -149.291416224051886, 59.860458273447442, 0.0 ], [ -149.272502517964313, 59.873784919061599, 0.0 ], [ -149.218335825666088, 59.928616327457227, 0.0 ], [ -149.203629353519091, 59.977841399355412, 0.0 ], [ -149.156410722450886, 60.028774636966887, 0.0 ], [ -149.054585477772491, 60.052571675616058, 0.0 ], [ -149.043753649399491, 60.039228166568194, 0.0 ], [ -149.114721807452099, 59.992964072760827, 0.0 ], [ -149.129140767956812, 59.965991298155828, 0.0 ], [ -149.08537080315881, 59.953431548580078, 0.0 ], [ -149.038824305158414, 59.967640672858742, 0.0 ], [ -149.031811431783893, 59.952762306060428, 0.0 ], [ -149.019305476004291, 59.947714195072848, 0.0 ], [ -148.939849350784613, 59.968700685026008, 0.0 ], [ -148.868512416572599, 59.923191240458721, 0.0 ], [ -148.818674297866494, 59.924360148898302, 0.0 ], [ -148.771306613081009, 59.95617086705564, 0.0 ], [ -148.639358685304899, 59.912492942289667, 0.0 ], [ -148.557888870894914, 59.943999920572068, 0.0 ], [ -148.536668950647993, 59.981056970801802, 0.0 ], [ -148.538499868610387, 60.02186020385485, 0.0 ], [ -148.483466600870997, 59.959981263091628, 0.0 ], [ -148.443754600409505, 59.944375879608529, 0.0 ], [ -148.425322512539907, 59.951789211385069, 0.0 ], [ -148.398585480441199, 59.970073489355059, 0.0 ], [ -148.39246368171311, 60.012862393315913, 0.0 ], [ -148.383720741881291, 60.05083082695478, 0.0 ], [ -148.360151877108308, 60.088909782622153, 0.0 ], [ -148.288878140016607, 60.111308653380391, 0.0 ], [ -148.235092762674611, 60.120239479383429, 0.0 ], [ -148.20653081015999, 60.130880200014971, 0.0 ], [ -148.119840950045386, 60.166133679314044, 0.0 ], [ -148.084087912801607, 60.216877515061839, 0.0 ], [ -148.25119260400669, 60.284797085877351, 0.0 ], [ -148.000261963809891, 60.346456116873817, 0.0 ], [ -147.904279143603986, 60.409035678740047, 0.0 ], [ -147.980710211949514, 60.540844532348359, 0.0 ], [ -148.082783407560612, 60.601004556512088, 0.0 ], [ -148.156013079208293, 60.593210364600843, 0.0 ], [ -148.255524499831807, 60.5034396470896, 0.0 ], [ -148.294881535568891, 60.482944486847941, 0.0 ], [ -148.370888807641592, 60.511173155850628, 0.0 ], [ -148.459061043656504, 60.549265373867499, 0.0 ], [ -148.725732517446687, 60.443611817598892, 0.0 ], [ -148.595064651302209, 60.535882261129053, 0.0 ], [ -148.493924446622998, 60.573171361683443, 0.0 ], [ -148.327518342481113, 60.527697401447213, 0.0 ], [ -148.259755646073103, 60.58605586735343, 0.0 ], [ -148.193496837413704, 60.605603150019547, 0.0 ], [ -148.201812577160609, 60.64960942594734, 0.0 ], [ -148.231715486142008, 60.670364510706221, 0.0 ], [ -148.244096098435506, 60.693114428303502, 0.0 ], [ -148.202962125632297, 60.666222804886182, 0.0 ], [ -148.163385879177014, 60.613712441697629, 0.0 ], [ -148.131500912301789, 60.621428646050617, 0.0 ], [ -148.106342971949914, 60.644588021556338, 0.0 ], [ -148.087630769984287, 60.670623190714608, 0.0 ], [ -148.095827550202614, 60.728888924651677, 0.0 ], [ -148.112680845346603, 60.748401359506559, 0.0 ], [ -148.141684517601703, 60.753020361853658, 0.0 ], [ -148.18465789737121, 60.74129319387027, 0.0 ], [ -148.149477893190095, 60.755727231389322, 0.0 ], [ -148.146750437322197, 60.758633187168542, 0.0 ], [ -148.197557894236212, 60.761527495142701, 0.0 ], [ -148.21107754671749, 60.758754528480921, 0.0 ], [ -148.220533408291601, 60.749475179630188, 0.0 ], [ -148.222344705736987, 60.744212497620317, 0.0 ], [ -148.197617025414388, 60.741931040429257, 0.0 ], [ -148.2206209066768, 60.738536898168483, 0.0 ], [ -148.243067125037101, 60.728343579426763, 0.0 ], [ -148.224806919004209, 60.762717380554108, 0.0 ], [ -148.22652667489109, 60.764607881917748, 0.0 ], [ -148.231290216628111, 60.766009321764443, 0.0 ], [ -148.274995636661913, 60.759791663271528, 0.0 ], [ -148.348426730457589, 60.690594935179483, 0.0 ], [ -148.366534430101012, 60.666655825962494, 0.0 ], [ -148.352956433566305, 60.662087740873602, 0.0 ], [ -148.389352599162208, 60.652075226376759, 0.0 ], [ -148.424864738518693, 60.62070079821121, 0.0 ], [ -148.422292614729201, 60.641004785832777, 0.0 ], [ -148.445466305658101, 60.651009387217258, 0.0 ], [ -148.43243643814921, 60.656580455486868, 0.0 ], [ -148.412664767335002, 60.66050299060403, 0.0 ], [ -148.381352483875901, 60.683079208504047, 0.0 ], [ -148.396245138008112, 60.714787859938248, 0.0 ], [ -148.370389907240792, 60.727306397523307, 0.0 ], [ -148.361093792715906, 60.743407892660649, 0.0 ], [ -148.363539399821889, 60.769028995292622, 0.0 ], [ -148.390749965441103, 60.779598976147618, 0.0 ], [ -148.418956205461711, 60.778574393426418, 0.0 ], [ -148.462008053827901, 60.764859546765699, 0.0 ], [ -148.519745735046314, 60.768767032493251, 0.0 ], [ -148.571504889976609, 60.741448934005497, 0.0 ], [ -148.601698444416513, 60.703924937438437, 0.0 ], [ -148.643094080955109, 60.676264175957201, 0.0 ], [ -148.660251716021207, 60.672731383868253, 0.0 ], [ -148.702707107389188, 60.667131148140157, 0.0 ], [ -148.671396348164791, 60.682080722626893, 0.0 ], [ -148.664525499592912, 60.689772519114562, 0.0 ], [ -148.681882647526294, 60.685761945944193, 0.0 ], [ -148.673239606411187, 60.716128140508928, 0.0 ], [ -148.61899704262791, 60.751124192274183, 0.0 ], [ -148.542040525511709, 60.779414662427911, 0.0 ], [ -148.45533370708111, 60.783389027425677, 0.0 ], [ -148.447937811890114, 60.80436859844999, 0.0 ], [ -148.494988855036496, 60.807285763260111, 0.0 ], [ -148.535554349370614, 60.799022810290317, 0.0 ], [ -148.568217325031895, 60.782719857793509, 0.0 ], [ -148.544652563588613, 60.806128044381417, 0.0 ], [ -148.567948361307089, 60.805478763219881, 0.0 ], [ -148.671468884935194, 60.777022143511843, 0.0 ], [ -148.711117416389186, 60.777366747024267, 0.0 ], [ -148.719295933458511, 60.781001763718159, 0.0 ], [ -148.612979588609306, 60.817949134661319, 0.0 ], [ -148.54073900086459, 60.820925298237682, 0.0 ], [ -148.492343406422009, 60.829369889379407, 0.0 ], [ -148.427240878378313, 60.826988581809147, 0.0 ], [ -148.383603063262399, 60.797661201444441, 0.0 ], [ -148.340971220861604, 60.803012845210347, 0.0 ], [ -148.339391535179089, 60.821552242234802, 0.0 ], [ -148.410720535500388, 60.85573393961031, 0.0 ], [ -148.304944436858989, 60.833839298420621, 0.0 ], [ -148.234501491971997, 60.940501614249278, 0.0 ], [ -148.193957963550304, 60.973662175037859, 0.0 ], [ -148.17323230153039, 60.997124312290623, 0.0 ], [ -148.177487726606188, 61.013601332260841, 0.0 ], [ -148.1651272066687, 61.065289730660503, 0.0 ], [ -148.168850325710508, 61.07143547152566, 0.0 ], [ -148.2980408994801, 61.043897529486458, 0.0 ], [ -148.375090909665289, 60.985790463038363, 0.0 ], [ -148.424841379793008, 60.970262616006437, 0.0 ], [ -148.428722702364013, 60.987208701209383, 0.0 ], [ -148.3903673964071, 61.000865627340993, 0.0 ], [ -148.3603496608238, 61.03692453849532, 0.0 ], [ -148.296941006812489, 61.068367951102623, 0.0 ], [ -148.229121984604603, 61.090602558302798, 0.0 ], [ -148.204046999222101, 61.083363553957128, 0.0 ], [ -148.189128705043402, 61.091289186332631, 0.0 ], [ -148.179779872648794, 61.10975158852677, 0.0 ], [ -148.167074488940614, 61.112085318359412, 0.0 ], [ -148.151720361926806, 61.121014716685202, 0.0 ], [ -148.133286729913692, 61.121073748216858, 0.0 ], [ -148.153507116868496, 61.09948636384636, 0.0 ], [ -148.126040582142195, 61.072723995825157, 0.0 ], [ -148.12112042139151, 61.040720483839507, 0.0 ], [ -148.093394364376195, 61.018955423976763, 0.0 ], [ -148.07568815387711, 61.00137941007241, 0.0 ], [ -147.996851573182113, 61.05443441762371, 0.0 ], [ -147.998021124476196, 61.091935317611423, 0.0 ], [ -147.739097935407301, 61.263131180890177, 0.0 ], [ -147.723147954737499, 61.27645506652032, 0.0 ], [ -147.679714670892594, 61.274437508430722, 0.0 ], [ -147.740037040763895, 61.230920799955257, 0.0 ], [ -147.763677634786291, 61.207483607007852, 0.0 ], [ -147.694803464361712, 61.223916476635367, 0.0 ], [ -147.620743097603395, 61.225977972668673, 0.0 ], [ -147.767712941137091, 61.177657928504729, 0.0 ], [ -147.798463091093197, 61.161866238962389, 0.0 ], [ -147.944882983895099, 61.074378479441627, 0.0 ], [ -147.926243712103599, 61.058884888326673, 0.0 ], [ -147.964232992603712, 61.006562437964547, 0.0 ], [ -148.061182882325795, 60.934750282620428, 0.0 ], [ -148.143931806145787, 60.842809380389937, 0.0 ], [ -148.146700222738588, 60.795965992849858, 0.0 ], [ -148.063614931056492, 60.783817795753777, 0.0 ], [ -147.871203422261004, 60.807751203069238, 0.0 ], [ -147.606730695522913, 60.843700670737952, 0.0 ], [ -147.187766012378489, 60.934061750792537, 0.0 ], [ -146.961638009211697, 60.932008269257928, 0.0 ], [ -146.867502733308612, 60.968850654768069, 0.0 ], [ -146.772430443061097, 61.044087850336858, 0.0 ], [ -146.695325220566104, 61.058053026593782, 0.0 ], [ -146.635944285091796, 61.113434839458847, 0.0 ], [ -146.588625491414803, 61.127972565220347, 0.0 ], [ -146.601057366459997, 61.145294893479338, 0.0 ], [ -146.569928732700902, 61.134815562161549, 0.0 ], [ -146.577504520348214, 61.118495977007321, 0.0 ], [ -146.498767681607092, 61.123602565434382, 0.0 ], [ -146.41940756351741, 61.136252702773142, 0.0 ], [ -146.399048670475509, 61.124622899101112, 0.0 ], [ -146.289484961434397, 61.124387476597818, 0.0 ], [ -146.233929196067209, 61.087428788430003, 0.0 ], [ -146.527827802047312, 61.082641983571968, 0.0 ], [ -146.618945521197986, 61.082484278350762, 0.0 ], [ -146.648859303737709, 61.073312599512107, 0.0 ], [ -146.663004077548692, 61.061476472916993, 0.0 ], [ -146.649370905285508, 61.046804465035791, 0.0 ], [ -146.565557948920514, 61.020913152064608, 0.0 ], [ -146.664660056028907, 61.033031434459318, 0.0 ], [ -146.703333001012112, 60.982812521036273, 0.0 ], [ -146.764602121606288, 60.946517312760633, 0.0 ], [ -146.7355250837536, 60.9219883693439, 0.0 ], [ -146.638750884526502, 60.847391529224467, 0.0 ], [ -146.243460858810096, 60.817732373906637, 0.0 ], [ -146.323464170831613, 60.790835744550108, 0.0 ], [ -146.390337370621808, 60.782999897299092, 0.0 ], [ -146.527364269681613, 60.77458358396057, 0.0 ], [ -146.55053582764981, 60.771163422081827, 0.0 ], [ -146.51250284627119, 60.752661537288553, 0.0 ], [ -146.545256151885411, 60.747443790435348, 0.0 ], [ -146.574453768039291, 60.753676371579722, 0.0 ], [ -146.60295503914989, 60.760276034262453, 0.0 ], [ -146.648124253984207, 60.736915764897489, 0.0 ], [ -146.701139632678689, 60.743415424374412, 0.0 ], [ -146.675193299453213, 60.721370964689207, 0.0 ], [ -146.671470640865493, 60.690677267415779, 0.0 ], [ -146.622711518844511, 60.681322118255409, 0.0 ], [ -146.527789533625992, 60.689368120747851, 0.0 ], [ -146.506576375043011, 60.669818392085652, 0.0 ], [ -146.365882299385703, 60.716539738186142, 0.0 ], [ -146.356328023365393, 60.72670423775152, 0.0 ], [ -146.329383340183597, 60.738267294912603, 0.0 ], [ -146.332013053182891, 60.756813778638701, 0.0 ], [ -146.310258553885092, 60.76820130879242, 0.0 ], [ -146.278334712730697, 60.770122507838821, 0.0 ], [ -146.303809120518508, 60.760561959258958, 0.0 ], [ -146.314580685417809, 60.7457550023286, 0.0 ], [ -146.315498595030988, 60.714588310974207, 0.0 ], [ -146.251182448691196, 60.713669770867988, 0.0 ], [ -146.230232003574514, 60.720042723261074, 0.0 ], [ -146.223745475716612, 60.744752079509013, 0.0 ], [ -146.17733365325671, 60.756034012154437, 0.0 ], [ -146.201172926677714, 60.744850041913892, 0.0 ], [ -146.201311730120409, 60.734960097008504, 0.0 ], [ -146.163575183994794, 60.724281100819447, 0.0 ], [ -146.138179942843408, 60.7444270769873, 0.0 ], [ -146.135141446525893, 60.730097643596267, 0.0 ], [ -146.056295036016991, 60.788528666007323, 0.0 ], [ -146.041716295892286, 60.786236539311368, 0.0 ], [ -146.0565130611011, 60.759193836924922, 0.0 ], [ -146.026779937293611, 60.746374767306612, 0.0 ], [ -146.059710079247992, 60.750673662303733, 0.0 ], [ -146.071605918907892, 60.748779189369223, 0.0 ], [ -146.077405990443793, 60.731584328485781, 0.0 ], [ -146.275444625425791, 60.64923314656015, 0.0 ], [ -146.25158888323071, 60.621457866373113, 0.0 ], [ -146.159864621145601, 60.627797382252311, 0.0 ], [ -145.932298831362004, 60.696296264529742, 0.0 ], [ -146.013308773110708, 60.616702063239742, 0.0 ], [ -145.945953493480005, 60.62265870786424, 0.0 ], [ -145.864129277020993, 60.686290468271672, 0.0 ], [ -145.897825621269988, 60.648970777500672, 0.0 ], [ -145.882866686466798, 60.639379264523633, 0.0 ], [ -145.900493672894413, 60.629340607988958, 0.0 ], [ -145.898569435159686, 60.609422295559419, 0.0 ], [ -145.832609766972809, 60.614018072769291, 0.0 ], [ -145.728041083555098, 60.639525376860327, 0.0 ], [ -145.629670717609997, 60.670667234837502, 0.0 ], [ -145.619398865499505, 60.655730284521319, 0.0 ], [ -145.676263413301996, 60.630646408844306, 0.0 ], [ -145.708030235787504, 60.586180564222623, 0.0 ], [ -145.793771353219512, 60.565910035255122, 0.0 ], [ -145.728374113159504, 60.597758785712763, 0.0 ], [ -145.744918521486795, 60.602020834047892, 0.0 ], [ -145.799226286267412, 60.581613766881482, 0.0 ], [ -145.755512282562393, 60.616425686916671, 0.0 ], [ -145.851289806278601, 60.586194724359963, 0.0 ], [ -145.953443376157111, 60.583736849342131, 0.0 ], [ -145.974436646286989, 60.563739471208237, 0.0 ], [ -146.000151264760888, 60.571394072915993, 0.0 ], [ -146.02217756938839, 60.556196320247338, 0.0 ], [ -146.145382365220911, 60.529960482426517, 0.0 ], [ -146.309343610181088, 60.519342879550237, 0.0 ], [ -146.326616417968211, 60.47423461436869, 0.0 ], [ -146.329810633514001, 60.457377496825487, 0.0 ], [ -146.401324948807513, 60.482760315930499, 0.0 ], [ -146.462833367383212, 60.464951654139618, 0.0 ], [ -146.553250014746709, 60.483980346914677, 0.0 ], [ -146.618262932409806, 60.481954643683501, 0.0 ], [ -146.722495507355291, 60.38895363786942, 0.0 ], [ -146.7318539329533, 60.339170836250346, 0.0 ], [ -146.514218079205705, 60.356376811324402, 0.0 ], [ -146.697536093503288, 60.277548469655748, 0.0 ], [ -146.644364773461689, 60.232077446307017, 0.0 ], [ -146.289865675525192, 60.348707586861742, 0.0 ], [ -146.247728295503606, 60.334018442418547, 0.0 ], [ -146.168376315487109, 60.361596074357529, 0.0 ], [ -146.152148698500497, 60.371337574029759, 0.0 ], [ -146.087905825144304, 60.369300624846787, 0.0 ], [ -146.080022335266591, 60.401285236985068, 0.0 ], [ -146.000127550915806, 60.384499597385513, 0.0 ], [ -145.928644375737008, 60.381914438364461, 0.0 ], [ -145.837229834016313, 60.350958246044222, 0.0 ], [ -145.775934254390307, 60.35523090786505, 0.0 ], [ -145.740992206348409, 60.386460606939487, 0.0 ], [ -145.853682197858205, 60.391474591386547, 0.0 ], [ -146.003019139558603, 60.39002807825841, 0.0 ], [ -146.111033722705599, 60.408544374913873, 0.0 ], [ -146.130339487813814, 60.433627528592787, 0.0 ], [ -146.360197671379211, 60.40835458690313, 0.0 ], [ -146.355949456499303, 60.456786867645391, 0.0 ], [ -146.244120128165605, 60.444049933729737, 0.0 ], [ -145.752526584690287, 60.570800647139897, 0.0 ], [ -145.795181367743112, 60.531352902156087, 0.0 ], [ -145.989025504277009, 60.459288158820691, 0.0 ], [ -145.867658488820211, 60.446567411696819, 0.0 ], [ -145.778485070839309, 60.456368427001522, 0.0 ], [ -145.707243973042893, 60.453540796120379, 0.0 ], [ -145.566933453757088, 60.42327389709795, 0.0 ], [ -145.379186781090709, 60.341274812453833, 0.0 ], [ -145.280667341650712, 60.321485088018008, 0.0 ], [ -145.232617212292496, 60.301444915855519, 0.0 ], [ -145.226309616895406, 60.280286818843429, 0.0 ], [ -145.175356654392488, 60.278706860503952, 0.0 ], [ -145.142634095014699, 60.286176753858811, 0.0 ], [ -145.115535758371891, 60.298896531008111, 0.0 ], [ -145.106851888156996, 60.34707051841341, 0.0 ], [ -145.07320989329321, 60.389158689640482, 0.0 ], [ -145.033641215682394, 60.406745483291417, 0.0 ], [ -144.963389091983686, 60.419772558583198, 0.0 ], [ -144.926856033618606, 60.426357832705463, 0.0 ], [ -144.8792233986496, 60.457614747321223, 0.0 ], [ -144.825087269505104, 60.446580862492347, 0.0 ], [ -144.856942201516006, 60.399227311482242, 0.0 ], [ -144.96453400500161, 60.305662875631491, 0.0 ], [ -144.985438454506891, 60.281027395938779, 0.0 ], [ -144.975034590552212, 60.263761297203622, 0.0 ], [ -144.9632463003596, 60.24573244215312, 0.0 ], [ -144.955961070067588, 60.233318956324958, 0.0 ], [ -144.924896035742591, 60.225172153237807, 0.0 ], [ -144.755942725262912, 60.213995725063008, 0.0 ], [ -144.597904382379113, 60.185645758429153, 0.0 ], [ -144.469537867434411, 60.164260911634457, 0.0 ], [ -144.335377219659506, 60.166509412668823, 0.0 ], [ -144.226500387733211, 60.129689373099367, 0.0 ], [ -144.037288387184105, 60.050410400519112, 0.0 ], [ -144.214087321899399, 60.040138074683753, 0.0 ], [ -144.250346945918892, 60.024898292408039, 0.0 ], [ -144.023534793791896, 60.021498794402987, 0.0 ], [ -143.888508589770794, 59.983120750641049, 0.0 ], [ -143.638920075938302, 60.029014638000611, 0.0 ], [ -142.758299126543307, 60.098620454499716, 0.0 ], [ -141.689381228553287, 59.963642757193483, 0.0 ], [ -140.773376932119589, 59.69950718390163, 0.0 ], [ -140.253125623916191, 59.700758245929443, 0.0 ], [ -139.63827315540621, 59.879580986411312, 0.0 ], [ -139.547127053146397, 59.691186224698157, 0.0 ], [ -139.80931558993251, 59.526852280606363, 0.0 ], [ -138.45750165562859, 59.067801931974778, 0.0 ], [ -138.051459691993387, 58.923138445868233, 0.0 ], [ -137.552126378317297, 58.563283161679507, 0.0 ], [ -136.905726649963299, 58.333179812758203, 0.0 ], [ -136.751686735611287, 58.253826441082637, 0.0 ], [ -136.653219908378389, 58.200766772288787, 0.0 ], [ -136.55006182505511, 58.266528389344508, 0.0 ], [ -136.61056234925141, 58.318515903831887, 0.0 ], [ -136.357032406027287, 58.298867460478363, 0.0 ], [ -136.112778365445592, 58.341028175747063, 0.0 ], [ -136.033506368365693, 58.378229997423787, 0.0 ], [ -136.085777899579199, 58.502422620393297, 0.0 ], [ -136.205113443371005, 58.613362859984171, 0.0 ], [ -136.345515139721186, 58.67957015001771, 0.0 ], [ -136.484065352384789, 58.795234052162073, 0.0 ], [ -136.589021472832286, 58.843306791524213, 0.0 ], [ -136.656119857087504, 58.842885054976257, 0.0 ], [ -136.832679300981397, 58.885881944984959, 0.0 ], [ -136.917086127254407, 58.897202825060887, 0.0 ], [ -136.920363945501805, 58.954894432352681, 0.0 ], [ -137.002208103421793, 59.004718577040713, 0.0 ], [ -137.055959632136393, 59.040180801445977, 0.0 ], [ -137.044316621587001, 59.056148178348181, 0.0 ], [ -136.863356248880109, 58.960540315932711, 0.0 ], [ -136.662375141191887, 58.890445656546483, 0.0 ], [ -136.540199104381998, 58.920005584156392, 0.0 ], [ -136.501159283628311, 58.853623435933912, 0.0 ], [ -136.445850942648292, 58.81736206330482, 0.0 ], [ -136.236972844261686, 58.751467792969258, 0.0 ], [ -136.159341563145489, 58.755109680019551, 0.0 ], [ -136.145166056110099, 58.806737399624531, 0.0 ], [ -136.089011288614813, 58.8127541490582, 0.0 ], [ -135.914293168916714, 58.623367761077041, 0.0 ], [ -135.953111548772114, 58.456902933813289, 0.0 ], [ -135.889251418937988, 58.459820426050548, 0.0 ], [ -135.924429180738002, 58.384800753569728, 0.0 ], [ -135.868524324863898, 58.383188891015777, 0.0 ], [ -135.732868436124789, 58.36259902453623, 0.0 ], [ -135.661031181042603, 58.332641172085353, 0.0 ], [ -135.548616721689598, 58.322688144257988, 0.0 ], [ -135.534674011798188, 58.358497033237803, 0.0 ], [ -135.42667658534981, 58.393970182177902, 0.0 ], [ -135.399870616514193, 58.318745546417048, 0.0 ], [ -135.320400377481803, 58.244313060673889, 0.0 ], [ -135.151060809144496, 58.206204765944307, 0.0 ], [ -135.078684397140591, 58.211171864367827, 0.0 ], [ -135.037696936439488, 58.249636972307037, 0.0 ], [ -135.084328999965606, 58.436355420358609, 0.0 ], [ -135.233434817366287, 58.626443247584781, 0.0 ], [ -135.188261624772991, 58.627719222620797, 0.0 ], [ -135.137907032543495, 58.577617351675947, 0.0 ], [ -135.143592787613613, 58.630850576069143, 0.0 ], [ -135.3365860842502, 58.889984415538713, 0.0 ], [ -135.388606014284903, 58.970821567440581, 0.0 ], [ -135.389087496356098, 59.035033263791298, 0.0 ], [ -135.385189843151011, 59.052018135885866, 0.0 ], [ -135.243860454935799, 59.126811819414137, 0.0 ], [ -135.147148695860409, 58.839628457406697, 0.0 ], [ -135.049079064805312, 58.742809704979457, 0.0 ], [ -135.017239395558505, 58.754207554596917, 0.0 ], [ -134.992781938811788, 58.818251893953502, 0.0 ], [ -134.952597997298994, 58.786587547010058, 0.0 ], [ -134.947796960845011, 58.701933296888868, 0.0 ], [ -134.989337405827001, 58.662213875036073, 0.0 ], [ -134.790977080584497, 58.488057933697931, 0.0 ], [ -134.767916621427588, 58.422254355930157, 0.0 ], [ -134.779690140079509, 58.395563074558893, 0.0 ], [ -134.726368781462099, 58.374006661810263, 0.0 ], [ -134.646491320150091, 58.384184037841642, 0.0 ], [ -134.648973253315887, 58.352663141459523, 0.0 ], [ -134.636720770358011, 58.34179684671853, 0.0 ], [ -134.619284275625205, 58.342509277512541, 0.0 ], [ -134.612448802566291, 58.358452398643003, 0.0 ], [ -134.598732860822594, 58.355261098032067, 0.0 ], [ -134.579562684296889, 58.344585727896323, 0.0 ], [ -134.603422151999297, 58.335726510642253, 0.0 ], [ -134.604040812540092, 58.325567737836948, 0.0 ], [ -134.651179909743888, 58.320167106438333, 0.0 ], [ -134.695389242417292, 58.298000767796971, 0.0 ], [ -134.662619707675503, 58.28115757358281, 0.0 ], [ -134.632000596300912, 58.245380834648387, 0.0 ], [ -134.507455753482191, 58.214744808005719, 0.0 ], [ -134.488366272981608, 58.229830493919408, 0.0 ], [ -134.4165129739024, 58.2176571272879, 0.0 ], [ -134.379787056573008, 58.211069476532423, 0.0 ], [ -134.342168931125798, 58.196804701636061, 0.0 ], [ -134.263196085488801, 58.19300571357644, 0.0 ], [ -134.249061665492206, 58.204650093678723, 0.0 ], [ -134.153659959570206, 58.204341081258349, 0.0 ], [ -134.133148333553294, 58.228500121985107, 0.0 ], [ -134.105256341694712, 58.23711295986277, 0.0 ], [ -134.101390784067888, 58.250936242464583, 0.0 ], [ -134.145795598803687, 58.272084520275733, 0.0 ], [ -134.142226399999913, 58.302572467499601, 0.0 ], [ -134.059709722349993, 58.331689752256757, 0.0 ], [ -134.043770853592605, 58.411484576812043, 0.0 ], [ -134.015691104196293, 58.394039909278753, 0.0 ], [ -133.995889591510604, 58.360364232889737, 0.0 ], [ -134.007590759736388, 58.343095228429682, 0.0 ], [ -133.968768356399607, 58.318468344997868, 0.0 ], [ -134.008167443638797, 58.295787669572427, 0.0 ], [ -134.08157105491469, 58.2800033287456, 0.0 ], [ -134.058136289219988, 58.262125511761226, 0.0 ], [ -134.057847731884692, 58.226768373782633, 0.0 ], [ -134.085065650659203, 58.21454533542969, 0.0 ], [ -134.086420261271513, 58.168460013750092, 0.0 ], [ -134.078714653920713, 58.123791675608423, 0.0 ], [ -134.052937855802895, 58.063540839979488, 0.0 ], [ -134.027900339761004, 58.047537827282873, 0.0 ], [ -133.920923079772109, 57.981383463403382, 0.0 ], [ -133.896696371349009, 57.972507275684158, 0.0 ], [ -133.817835939574309, 57.999007253688028, 0.0 ], [ -133.786331694706291, 58.008122749707518, 0.0 ], [ -133.811356540431092, 58.027026861939483, 0.0 ], [ -133.789109501349401, 58.069201812223362, 0.0 ], [ -133.768776193212403, 58.077158302815242, 0.0 ], [ -133.75732135179129, 58.088388404338481, 0.0 ], [ -133.760952171531613, 58.10218795881697, 0.0 ], [ -133.732028246715487, 58.108437418136873, 0.0 ], [ -133.742352486279287, 58.124728636789108, 0.0 ], [ -133.723362477002297, 58.139898621099789, 0.0 ], [ -133.715843441053096, 58.128020963856862, 0.0 ], [ -133.696773992941587, 58.120372047104738, 0.0 ], [ -133.704451952464098, 58.113500071034757, 0.0 ], [ -133.706822723596588, 58.102325099490749, 0.0 ], [ -133.740783465643801, 58.096688430911868, 0.0 ], [ -133.747847888382893, 58.075977871433103, 0.0 ], [ -133.776830138922094, 58.062444648341518, 0.0 ], [ -133.761527444690387, 58.048972269791697, 0.0 ], [ -133.758186198421498, 58.022648653846687, 0.0 ], [ -133.735510396999587, 58.016681615883783, 0.0 ], [ -133.705236309939295, 57.993490344606492, 0.0 ], [ -133.695611784833488, 57.957637189282181, 0.0 ], [ -133.689810973229811, 57.930772370806267, 0.0 ], [ -133.728904794552705, 57.953428348990812, 0.0 ], [ -133.764322597891493, 57.994910690114907, 0.0 ], [ -133.828223660725797, 57.970874111129227, 0.0 ], [ -133.852599028964391, 57.94530497082917, 0.0 ], [ -133.834044780530093, 57.919690964207867, 0.0 ], [ -133.759449799152407, 57.842498839074558, 0.0 ], [ -133.730188654134395, 57.811209140118393, 0.0 ], [ -133.69855837493489, 57.789623258073327, 0.0 ], [ -133.638753023948311, 57.796246409546143, 0.0 ], [ -133.583370570943799, 57.888132525834017, 0.0 ], [ -133.5646933020993, 57.767410718247177, 0.0 ], [ -133.421247572844493, 57.721442302852111, 0.0 ], [ -133.3315206770435, 57.664382123539227, 0.0 ], [ -133.27850428895141, 57.658467208110828, 0.0 ], [ -133.167763593064791, 57.600760515551208, 0.0 ], [ -133.097132084662888, 57.541262689886572, 0.0 ], [ -133.057325592427389, 57.524448615906827, 0.0 ], [ -133.016530701609213, 57.523438524679207, 0.0 ], [ -132.958083440991089, 57.510222666984568, 0.0 ], [ -132.894847769341396, 57.505161326598021, 0.0 ], [ -132.875517361691408, 57.495097295688929, 0.0 ], [ -132.970957844524008, 57.499961525392038, 0.0 ], [ -133.018025758916707, 57.513122051834237, 0.0 ], [ -133.067881092406196, 57.512635046684892, 0.0 ], [ -133.115519388844007, 57.532469658357847, 0.0 ], [ -133.185507042095793, 57.587841336724622, 0.0 ], [ -133.366188443390712, 57.650339211564138, 0.0 ], [ -133.515150158967487, 57.6824672631396, 0.0 ], [ -133.578884377815598, 57.723875368381719, 0.0 ], [ -133.657433867435799, 57.706491032921427, 0.0 ], [ -133.678418194303987, 57.655843199823607, 0.0 ], [ -133.622702671295912, 57.588264444875513, 0.0 ], [ -133.506821078052212, 57.558543008188217, 0.0 ], [ -133.521620803888908, 57.482642367679567, 0.0 ], [ -133.506438403357805, 57.446480936474558, 0.0 ], [ -133.460188820009506, 57.42614996185798, 0.0 ], [ -133.395019546409486, 57.426195981620857, 0.0 ], [ -133.353272590677591, 57.443902836645073, 0.0 ], [ -133.349286482189314, 57.420864179220153, 0.0 ], [ -133.46157795278549, 57.397884073318352, 0.0 ], [ -133.471126446793988, 57.378795433434682, 0.0 ], [ -133.431376806415699, 57.338074394691752, 0.0 ], [ -133.211046690837691, 57.313351821088617, 0.0 ], [ -133.521417581195607, 57.281045030310743, 0.0 ], [ -133.544882678179391, 57.168998952706822, 0.0 ], [ -133.302330573589586, 57.106312920357603, 0.0 ], [ -133.163374695030711, 57.177557328684102, 0.0 ], [ -133.193063310294406, 57.089981178965559, 0.0 ], [ -133.083442260185592, 57.066360154079511, 0.0 ], [ -132.963550388397607, 57.044221516699942, 0.0 ], [ -132.892649801645888, 57.026849095267387, 0.0 ], [ -132.826184999972696, 57.09783322340968, 0.0 ], [ -132.833186570309806, 57.061910870768948, 0.0 ], [ -132.81402037534059, 57.031606758507053, 0.0 ], [ -132.78150594817339, 56.995841875825853, 0.0 ], [ -132.79363157043781, 56.989890575333057, 0.0 ], [ -132.788174598868295, 56.972322784430688, 0.0 ], [ -132.809886776700893, 56.972107048499161, 0.0 ], [ -132.8281559620645, 57.012153527031437, 0.0 ], [ -132.854334775525899, 57.021486261851791, 0.0 ], [ -132.870033596584989, 56.998591095274982, 0.0 ], [ -132.950632609425298, 56.992093178195283, 0.0 ], [ -132.907021704827798, 56.958319600388087, 0.0 ], [ -132.839877453404313, 56.900079697848213, 0.0 ], [ -132.788315145931108, 56.839714740668882, 0.0 ], [ -132.561085933670398, 56.756506894657967, 0.0 ], [ -132.529596151005791, 56.691348063657429, 0.0 ], [ -132.595992442306908, 56.673574089094807, 0.0 ], [ -132.574757901688514, 56.631972806188429, 0.0 ], [ -132.457195979750111, 56.611464758902393, 0.0 ], [ -132.335916962676208, 56.630440728042352, 0.0 ], [ -132.374045252600496, 56.538225684386063, 0.0 ], [ -132.217244572898494, 56.460028120210048, 0.0 ], [ -132.167442459613795, 56.383256456222178, 0.0 ], [ -131.991985028343805, 56.359949437950661, 0.0 ], [ -131.961840220238201, 56.27625254165423, 0.0 ], [ -131.925478158525493, 56.231687623333059, 0.0 ], [ -131.790809171759292, 56.215869496179756, 0.0 ], [ -131.721131602533688, 56.218401537523178, 0.0 ], [ -131.653157628220612, 56.199463234613752, 0.0 ], [ -131.596065018242911, 56.206269813822317, 0.0 ], [ -131.577023822496187, 56.198398830057272, 0.0 ], [ -131.556796701129912, 56.223576136137723, 0.0 ], [ -131.487520775261203, 56.23623608999003, 0.0 ], [ -131.478726789944488, 56.224096429043932, 0.0 ], [ -131.49900958391359, 56.217668956761649, 0.0 ], [ -131.525125338222608, 56.221751296684431, 0.0 ], [ -131.540923961690709, 56.211704020071672, 0.0 ], [ -131.572263681858004, 56.187357867960941, 0.0 ], [ -131.599176410415993, 56.181050863543362, 0.0 ], [ -131.69243397830391, 56.190447021492659, 0.0 ], [ -131.76721383576421, 56.203800258764417, 0.0 ], [ -131.820542224983797, 56.193871039057548, 0.0 ], [ -131.879100253452407, 56.201549334739688, 0.0 ], [ -131.899034273481988, 56.181990970362882, 0.0 ], [ -131.972018788453596, 56.169277535287058, 0.0 ], [ -131.968642846295097, 55.971170130042182, 0.0 ], [ -132.072411181230791, 55.940274241241127, 0.0 ], [ -132.041262353087291, 55.887407361848823, 0.0 ], [ -132.096061585803398, 55.844642016985617, 0.0 ], [ -132.036890928433195, 55.800700988951952, 0.0 ], [ -132.135247659880889, 55.810558930331403, 0.0 ], [ -132.183830081398611, 55.798125370574652, 0.0 ], [ -132.189956075228906, 55.734773644785029, 0.0 ], [ -132.268731989995189, 55.753327626145563, 0.0 ], [ -132.199840065912412, 55.603684159665931, 0.0 ], [ -132.138327214382997, 55.547358501878087, 0.0 ], [ -131.980357121389289, 55.502067844948428, 0.0 ], [ -131.939395419736712, 55.532803339887153, 0.0 ], [ -131.948796694176707, 55.602713490774697, 0.0 ], [ -132.030992080557695, 55.680249876748107, 0.0 ], [ -131.939278190895692, 55.618243804968671, 0.0 ], [ -131.889195715339497, 55.601185457585252, 0.0 ], [ -131.868664162807391, 55.620231242412551, 0.0 ], [ -131.819477967624692, 55.672440720673187, 0.0 ], [ -131.887989312188409, 55.750045246340129, 0.0 ], [ -131.849956103004587, 55.717850541606012, 0.0 ], [ -131.816880487853098, 55.719776784348703, 0.0 ], [ -131.769340790475809, 55.809040719257247, 0.0 ], [ -131.796272572756493, 55.837337339002772, 0.0 ], [ -131.890327064506209, 55.847049248583879, 0.0 ], [ -131.9165956849358, 55.861338169620758, 0.0 ], [ -131.835798294274213, 55.876341716450462, 0.0 ], [ -131.761678152370195, 55.877105750713362, 0.0 ], [ -131.703997762621299, 55.903957542282662, 0.0 ], [ -131.646733136689988, 55.928276756361079, 0.0 ], [ -131.428507923315891, 56.005048632360968, 0.0 ], [ -131.38827222054249, 55.958072171780778, 0.0 ], [ -131.343329403007601, 55.968902763461337, 0.0 ], [ -131.297890243161504, 55.993606686685283, 0.0 ], [ -131.210639710329787, 56.013303710410717, 0.0 ], [ -131.08177530903049, 56.073020680216921, 0.0 ], [ -131.101190323947208, 56.039319816770217, 0.0 ], [ -131.145549352786702, 56.016549680976802, 0.0 ], [ -131.218786173762311, 55.985959257126517, 0.0 ], [ -131.09120068809861, 55.893703365012293, 0.0 ], [ -130.973158655560809, 55.781294110834821, 0.0 ], [ -130.90745015482409, 55.714491142914277, 0.0 ], [ -130.874834526006794, 55.532479021080547, 0.0 ], [ -130.907219687203508, 55.470086759493839, 0.0 ], [ -130.880246469533489, 55.300324057365543, 0.0 ], [ -130.935039985877495, 55.295353456229563, 0.0 ], [ -131.097707327316101, 55.183473182025928, 0.0 ], [ -131.07045671939801, 55.122877107108238, 0.0 ], [ -131.021778202252392, 55.092443903022271, 0.0 ], [ -130.980308104316691, 55.083306134217317, 0.0 ], [ -130.907839412324108, 55.101115876356999, 0.0 ], [ -130.862272780833592, 55.12849570018615, 0.0 ], [ -130.827832279438013, 55.133050545796777, 0.0 ], [ -130.91711048618609, 55.085640138084692, 0.0 ], [ -130.998126607916987, 55.062930218887047, 0.0 ], [ -131.008703242308002, 55.003949733938853, 0.0 ], [ -130.960278283373412, 54.903361621177957, 0.0 ], [ -130.94391136518459, 54.80430370382178, 0.0 ], [ -130.853051209403588, 54.771866838291423, 0.0 ], [ -130.834197447135807, 54.763504706115093, 0.0 ], [ -130.79241951029249, 54.788702721113147, 0.0 ], [ -130.787560337384491, 54.816307227367723, 0.0 ], [ -130.797763357029112, 54.841816534638568, 0.0 ], [ -130.768661114999304, 54.812885991460227, 0.0 ], [ -130.741084975690711, 54.816474527100567, 0.0 ], [ -130.733867623946793, 54.746926589500347, 0.0 ], [ -130.694736132936498, 54.718805229526247, 0.0 ], [ -130.681167409757393, 54.718945881450082, 0.0 ], [ -130.710283416591011, 54.752012218471457, 0.0 ], [ -130.6548664017146, 54.723068764083003, 0.0 ], [ -130.629227119858086, 54.725318227367481, 0.0 ], [ -130.625036478050589, 54.738711525138172, 0.0 ], [ -130.6586972993816, 54.763176653728593, 0.0 ], [ -130.625177798053386, 54.783847885307438, 0.0 ], [ -130.567563423953288, 54.792551801926493, 0.0 ], [ -130.460737017399197, 54.846954676016537, 0.0 ], [ -130.351093179924106, 54.91631136319419, 0.0 ], [ -130.271271420427212, 54.974530907544981, 0.0 ], [ -130.18931660392991, 55.063225256830869, 0.0 ], [ -130.179497548617491, 55.092751504145362, 0.0 ], [ -130.151473769648788, 55.124876105941993, 0.0 ], [ -130.143550527475213, 55.144916525179681, 0.0 ], [ -130.101390155167593, 55.19775899012236, 0.0 ], [ -129.975695473637899, 55.277200766204082, 0.0 ], [ -129.976384830389492, 55.301125501781428, 0.0 ], [ -130.020434783114808, 55.338227202567552, 0.0 ], [ -130.040779091838402, 55.451335489005878, 0.0 ], [ -130.089906110639987, 55.497573557370274, 0.0 ], [ -130.127723479259089, 55.580509393867473, 0.0 ], [ -130.111724139004707, 55.683040102711757, 0.0 ], [ -130.147966538422594, 55.714745372981909, 0.0 ], [ -130.152622562120087, 55.766498576943128, 0.0 ], [ -130.125150125292009, 55.805948914855257, 0.0 ], [ -130.083960685630814, 55.821261682242067, 0.0 ], [ -130.044222782574792, 55.863005501640423, 0.0 ], [ -130.0038063028191, 55.907480627415083, 0.0 ], [ -130.004513235292109, 55.912106607935627, 0.0 ], [ -130.01785856336889, 55.912028738242867, 0.0 ], [ -130.004460503731394, 56.009068340241242, 0.0 ], [ -130.103694923641513, 56.121019141530773, 0.0 ], [ -130.243927359398697, 56.093979919891019, 0.0 ], [ -130.344892347763988, 56.128408959339843, 0.0 ], [ -130.42832119673281, 56.140670071524688, 0.0 ], [ -130.469136168392993, 56.242089970157252, 0.0 ], [ -130.542009292842891, 56.246696772322792, 0.0 ], [ -130.621598087737709, 56.267118353662497, 0.0 ], [ -130.774261750608105, 56.365980333311882, 0.0 ], [ -131.088936589960809, 56.40808248469547, 0.0 ], [ -131.173000712528392, 56.449041322625533, 0.0 ], [ -131.474872706155793, 56.553535492619552, 0.0 ], [ -131.580192577721505, 56.61506885784727, 0.0 ], [ -131.837920002163997, 56.599567520871467, 0.0 ], [ -131.855608538302903, 56.704010353212503, 0.0 ], [ -131.901557455503109, 56.753096007122487, 0.0 ], [ -131.879269600912096, 56.806932677977073, 0.0 ], [ -132.124403328527308, 56.874951361257722, 0.0 ], [ -132.045449947738803, 57.044955251131668, 0.0 ], [ -132.368942583921012, 57.091426184061739, 0.0 ], [ -132.245421569235987, 57.212366008038003, 0.0 ], [ -132.375253957347411, 57.352543957217613, 0.0 ], [ -132.553696034138511, 57.490673622507721, 0.0 ], [ -132.647601395131005, 57.603812898935622, 0.0 ], [ -132.760053935912509, 57.703285997365803, 0.0 ], [ -132.864409850461101, 57.838607676865031, 0.0 ], [ -133.064536523618102, 57.993367498837102, 0.0 ], [ -133.170928642361702, 58.155386401901943, 0.0 ], [ -133.343874465372608, 58.273912770188048, 0.0 ], [ -133.461168357589287, 58.386127976191162, 0.0 ], [ -133.378711135405013, 58.430124536275741, 0.0 ], [ -133.700667738504507, 58.608860003355623, 0.0 ], [ -133.840067855185509, 58.730103217028983, 0.0 ], [ -133.965773867148101, 58.765256902972318, 0.0 ], [ -134.258721701709902, 58.86157983088151, 0.0 ], [ -134.337187554790802, 58.922985648757049, 0.0 ], [ -134.311480784356689, 58.962115526817222, 0.0 ], [ -134.404406156690612, 58.978881975153897, 0.0 ], [ -134.383308230604314, 59.040462750983387, 0.0 ], [ -134.448077697784299, 59.090856168207431, 0.0 ], [ -134.484958191552806, 59.131299231753133, 0.0 ], [ -134.561432018834608, 59.130745451930459, 0.0 ], [ -134.678741028168588, 59.193109185009149, 0.0 ], [ -134.702388190689504, 59.251048198942357, 0.0 ], [ -134.958093267083513, 59.280331042065427, 0.0 ], [ -135.032294600619309, 59.346184704412103, 0.0 ], [ -134.987859264567788, 59.387873328219563, 0.0 ], [ -135.099511271001489, 59.430550030299827, 0.0 ], [ -135.081386581873403, 59.451118168261587, 0.0 ], [ -135.026431906015802, 59.473271133885717, 0.0 ], [ -135.028503947021193, 59.562832988879499, 0.0 ], [ -135.115831738724694, 59.623185020359038, 0.0 ], [ -135.159299893532108, 59.62508098388102, 0.0 ], [ -135.218552173748492, 59.66197233419954, 0.0 ], [ -135.234214369844608, 59.696096827933843, 0.0 ], [ -135.254117670352286, 59.698064080601597, 0.0 ], [ -135.363222038582705, 59.738869335661207, 0.0 ], [ -135.480603197961187, 59.795986195258472, 0.0 ], [ -135.953883020306108, 59.66276539791432, 0.0 ], [ -136.197824522762488, 59.641220159, 0.0 ], [ -136.351174083659913, 59.599260936271548, 0.0 ], [ -136.237072929305612, 59.559751360750312, 0.0 ], [ -136.240592813602689, 59.524718300689493, 0.0 ], [ -136.307046242495602, 59.464989354383647, 0.0 ], [ -136.364439644659797, 59.450910516851508, 0.0 ], [ -136.47422178253521, 59.465545860251531, 0.0 ], [ -136.477144781428592, 59.375138066886358, 0.0 ], [ -136.46940431620169, 59.283979352925229, 0.0 ], [ -136.497151932102213, 59.277316181662599, 0.0 ], [ -136.491017603780307, 59.2599790230379, 0.0 ], [ -136.585417568887692, 59.166120118850657, 0.0 ], [ -136.830649450104886, 59.160188640088911, 0.0 ], [ -136.900435996393014, 59.124255063434788, 0.0 ], [ -137.282364237916312, 59.000093206129407, 0.0 ], [ -137.452383268290589, 58.907903455933628, 0.0 ], [ -137.529948306093104, 58.907107867955979, 0.0 ], [ -137.496967511252791, 58.985797273075313, 0.0 ], [ -137.603685137625206, 59.241303736027611, 0.0 ], [ -138.622739974993408, 59.767092353093553, 0.0 ], [ -138.66696899877229, 59.807304463880129, 0.0 ], [ -138.712808693067501, 59.909544064141762, 0.0 ], [ -138.798200833623696, 59.923651269919162, 0.0 ], [ -139.055558638658709, 59.996485719090387, 0.0 ], [ -139.197372688429397, 60.089073740679638, 0.0 ], [ -139.068264483576911, 60.318142543317968, 0.0 ], [ -139.076371717211913, 60.351347839308467, 0.0 ], [ -139.693648056016798, 60.336941427897322, 0.0 ], [ -139.982362167792502, 60.180070256797848, 0.0 ], [ -140.450395152949596, 60.30252016950999, 0.0 ], [ -140.524134502807613, 60.217477536503829, 0.0 ], [ -140.992805601383594, 60.307263873357577, 0.0 ], [ -141.005216430684413, 65.090416611162752, 0.0 ], [ -141.000862036518498, 69.645874880910654, 0.0 ], [ -141.117868881037595, 69.675047254633967, 0.0 ], [ -141.218306195545495, 69.6843386019316, 0.0 ], [ -141.251338627218786, 69.631128476264152, 0.0 ], [ -141.382104262101194, 69.636704514045348, 0.0 ], [ -141.505642423023687, 69.719919244649404, 0.0 ], [ -141.727301292079886, 69.800321007781932, 0.0 ], [ -142.201828178885904, 69.851092224834858, 0.0 ], [ -142.690378048657891, 70.027303904869314, 0.0 ], [ -143.269569423687614, 70.133630502599047, 0.0 ], [ -144.068445847277786, 70.097217850855955, 0.0 ], [ -144.465207690835996, 70.028138647523093, 0.0 ], [ -144.64753915073419, 69.974536474210112, 0.0 ], [ -145.199452259688201, 69.992468180598138, 0.0 ], [ -145.500965712467405, 70.048316888730128, 0.0 ], [ -145.856417504370711, 70.163926700411082, 0.0 ], [ -145.9096990737917, 70.121410960570046, 0.0 ], [ -146.457023020192196, 70.185075991131086, 0.0 ], [ -147.054979319769586, 70.157956142279005, 0.0 ], [ -147.65462483957009, 70.210983192740414, 0.0 ], [ -148.091270722035091, 70.325004950175824, 0.0 ], [ -149.4462874672993, 70.51332083945384, 0.0 ], [ -149.849297112532895, 70.510119407025385, 0.0 ], [ -150.308775864667297, 70.428594038780943, 0.0 ], [ -150.577862971521796, 70.507076528488909, 0.0 ], [ -150.942217929118186, 70.460484289207272, 0.0 ], [ -151.288562654723108, 70.394816108256222, 0.0 ], [ -151.889089662702503, 70.436487593166618, 0.0 ], [ -151.693586931414814, 70.549369242216514, 0.0 ], [ -152.472105015934687, 70.627951939898367, 0.0 ], [ -152.238241544953809, 70.836778692406043, 0.0 ], [ -153.157244155101807, 70.923430202739141, 0.0 ], [ -153.481416738785413, 70.88699668071726, 0.0 ], [ -153.902012625013214, 70.890153846706795, 0.0 ], [ -154.185530218720913, 70.76311774969048, 0.0 ], [ -154.360306491778289, 70.827492108680858, 0.0 ] ] ] } },
{ "type": "Feature", "id": "08121D520D40ECC5C83C", "properties": { "name": "科迪亚克", "styleUrl": "#__managed_style_0665B01D9540EC9A485F", "Area": null }, "geometry": { "type": "Polygon", "coordinates": [ [ [ -154.836767855526404, 57.315626326014048, 0.0 ], [ -154.591388487392692, 57.288647369071818, 0.0 ], [ -154.5347701400284, 57.004092738561063, 0.0 ], [ -154.300647134397309, 56.843843065999458, 0.0 ], [ -153.76114830708201, 57.162758747642748, 0.0 ], [ -153.988970255867287, 56.977083885473903, 0.0 ], [ -153.796293408211312, 56.989550231877253, 0.0 ], [ -154.16432612984309, 56.764474335730092, 0.0 ], [ -154.0713272319677, 56.695383243197632, 0.0 ], [ -154.267826219141398, 56.60460976564282, 0.0 ], [ -154.437559427485098, 56.548991508796703, 0.0 ], [ -154.560341369995598, 56.620506101036852, 0.0 ], [ -154.811407750242893, 56.39539447603557, 0.0 ], [ -154.549751037873904, 56.505075720800718, 0.0 ], [ -153.822421533104801, 56.556469124616953, 0.0 ], [ -154.10127980484819, 56.599819826399333, 0.0 ], [ -153.990251562155407, 56.749435109839382, 0.0 ], [ -153.750876436571502, 56.850265878517753, 0.0 ], [ -153.548225495071591, 57.007315746770367, 0.0 ], [ -153.729503206843589, 57.068956682242039, 0.0 ], [ -153.53866221120569, 57.075936195994878, 0.0 ], [ -153.288856746334289, 57.206056285770387, 0.0 ], [ -153.369924077465612, 57.113570580641976, 0.0 ], [ -153.277590778038189, 56.983925407038583, 0.0 ], [ -153.201756902386592, 57.075206815698543, 0.0 ], [ -152.865176695676894, 57.157496151927347, 0.0 ], [ -153.109023723835605, 57.178221013508121, 0.0 ], [ -152.920347346519492, 57.246558773787307, 0.0 ], [ -153.214951887288692, 57.33520900148627, 0.0 ], [ -152.760116265021196, 57.280443762867343, 0.0 ], [ -152.56619320847301, 57.372050127901353, 0.0 ], [ -152.966500615917994, 57.520071576559587, 0.0 ], [ -152.377087407912001, 57.419796267815357, 0.0 ], [ -152.107914015059009, 57.604880067636337, 0.0 ], [ -152.393173635175799, 57.634641026331273, 0.0 ], [ -152.489002026593596, 57.709235466416303, 0.0 ], [ -152.304752896142787, 57.933969745599398, 0.0 ], [ -152.425254842640697, 57.976484105768428, 0.0 ], [ -152.742600632239999, 57.913143962469469, 0.0 ], [ -152.752451065494114, 58.021322869090547, 0.0 ], [ -152.37515244436679, 58.149743871428058, 0.0 ], [ -151.758608409225189, 58.236050576735842, 0.0 ], [ -152.163971955127892, 58.391321114369212, 0.0 ], [ -152.391295186768588, 58.482506028575777, 0.0 ], [ -152.346717935745005, 58.630143901876387, 0.0 ], [ -152.589541160064812, 58.63826920600841, 0.0 ], [ -152.635474674728414, 58.49854658530294, 0.0 ], [ -152.974726092503488, 58.331753656050523, 0.0 ], [ -153.41478504919121, 58.077693299707697, 0.0 ], [ -153.130050019778906, 57.888039329746697, 0.0 ], [ -153.565441522296595, 57.959573581578738, 0.0 ], [ -153.485210226875409, 57.746547984597242, 0.0 ], [ -153.721815754994907, 57.904202065959353, 0.0 ], [ -153.924985880507506, 57.815029476950542, 0.0 ], [ -153.916307661403209, 57.629997550084539, 0.0 ], [ -154.201743272765299, 57.682777070502972, 0.0 ], [ -154.57247373637631, 57.55542268600842, 0.0 ], [ -154.719031775408098, 57.363774950368253, 0.0 ], [ -154.836767855526404, 57.315626326014048, 0.0 ] ] ] } },
{ "type": "Feature", "id": "02198DC92140ECC67CD6", "properties": { "name": "阿留申1", "styleUrl": "#__managed_style_0665B01D9540EC9A485F", "Area": 296633898 }, "geometry": { "type": "Polygon", "coordinates": [ [ [ -170.126274965380986, 52.891312441509022, 0.0 ], [ -170.013481848968894, 52.826042567759082, 0.0 ], [ -170.166171105272497, 52.773772816912818, 0.0 ], [ -170.185771571218993, 52.712983488565023, 0.0 ], [ -170.072483171711411, 52.711261700736657, 0.0 ], [ -170.069165518395891, 52.772060841841792, 0.0 ], [ -169.840327353488789, 52.810058112902098, 0.0 ], [ -169.716016941426886, 52.759913962132458, 0.0 ], [ -169.687411700518396, 52.859013214755528, 0.0 ], [ -169.779633967028701, 52.894441919488479, 0.0 ], [ -169.924404916922697, 52.849140791802277, 0.0 ], [ -170.023261189180488, 52.860004012241568, 0.0 ], [ -170.005164034333404, 52.912701512853751, 0.0 ], [ -170.126274965380986, 52.891312441509022, 0.0 ] ] ] } },
{ "type": "Feature", "id": "0AF741B39940ECC6C524", "properties": { "name": "阿留申2", "styleUrl": "#__managed_style_0665B01D9540EC9A485F", "Area": 176685822 }, "geometry": { "type": "Polygon", "coordinates": [ [ [ -170.6370329556309, 52.693836057578039, 0.0 ], [ -170.845500963981493, 52.6170465306542, 0.0 ], [ -170.842160220636714, 52.546412070399057, 0.0 ], [ -170.784374885628409, 52.539059332640527, 0.0 ], [ -170.686665930477488, 52.597849499535002, 0.0 ], [ -170.589125404912608, 52.590025810173657, 0.0 ], [ -170.56396930392529, 52.657341297124077, 0.0 ], [ -170.6370329556309, 52.693836057578039, 0.0 ] ] ] } },
{ "type": "Feature", "id": "0BA92050F540ECC6FF18", "properties": { "name": "阿留申3", "styleUrl": "#__managed_style_0665B01D9540EC9A485F", "Area": 57061943 }, "geometry": { "type": "Polygon", "coordinates": [ [ [ -171.244615128054193, 52.526928856815253, 0.0 ], [ -171.316846687216696, 52.490623618977963, 0.0 ], [ -171.299343472095302, 52.441485337581632, 0.0 ], [ -171.210422842202803, 52.444877140604582, 0.0 ], [ -171.188145664804807, 52.495477993112608, 0.0 ], [ -171.244615128054193, 52.526928856815253, 0.0 ] ] ] } },
{ "type": "Feature", "id": "0C983EF29D40ECC727DE", "properties": { "name": "阿留申4", "styleUrl": "#__managed_style_0665B01D9540EC9A485F", "Area": 193146851 }, "geometry": { "type": "Polygon", "coordinates": [ [ [ -172.429572786490695, 52.385542182473714, 0.0 ], [ -172.54932549363059, 52.353128305201722, 0.0 ], [ -172.640080999965988, 52.258332728840188, 0.0 ], [ -172.279526829461304, 52.303904983657901, 0.0 ], [ -172.307122650889397, 52.362176572808742, 0.0 ], [ -172.429572786490695, 52.385542182473714, 0.0 ] ] ] } },
{ "type": "Feature", "id": "05083AFA9040ECC7AB04", "properties": { "name": "阿留申5", "styleUrl": "#__managed_style_0665B01D9540EC9A485F", "Area": 1679666187 }, "geometry": { "type": "Polygon", "coordinates": [ [ [ -174.422248361026902, 52.284612450074818, 0.0 ], [ -174.228662367666487, 52.277345275585823, 0.0 ], [ -174.272373571672006, 52.223114034199227, 0.0 ], [ -174.396611143946899, 52.210781420207013, 0.0 ], [ -174.555936507261407, 52.167733423156847, 0.0 ], [ -174.694646525346201, 52.105971132155268, 0.0 ], [ -174.854082663416108, 52.117586228593296, 0.0 ], [ -175.078223590207898, 52.044403592935467, 0.0 ], [ -175.332350778456487, 52.021512687594722, 0.0 ], [ -175.168647668499602, 51.991746957662762, 0.0 ], [ -174.875034911359506, 52.031396971307871, 0.0 ], [ -174.739470769320008, 51.999616327993138, 0.0 ], [ -174.534074191252699, 52.051358609858958, 0.0 ], [ -174.405377424088186, 52.047665781314777, 0.0 ], [ -174.353061442925508, 52.099420834259092, 0.0 ], [ -174.191669422536791, 52.106932570413093, 0.0 ], [ -173.982845945873805, 52.091701787301602, 0.0 ], [ -173.800901336692391, 52.03971366532366, 0.0 ], [ -173.437255869548693, 52.051838368282247, 0.0 ], [ -172.952577895208691, 52.085473230792473, 0.0 ], [ -173.114183950928606, 52.104079508873909, 0.0 ], [ -173.520674701036, 52.110509709565143, 0.0 ], [ -173.548781579578389, 52.137018570553273, 0.0 ], [ -174.015387313987986, 52.126145098014383, 0.0 ], [ -174.170912838090914, 52.204887042131801, 0.0 ], [ -173.958927191677503, 52.324826446522067, 0.0 ], [ -174.155948321703193, 52.41706747362425, 0.0 ], [ -174.322835198084107, 52.379638451220188, 0.0 ], [ -174.335601929027405, 52.317576056614463, 0.0 ], [ -174.461905691798989, 52.320541546929213, 0.0 ], [ -174.422248361026902, 52.284612450074818, 0.0 ] ] ] } },
{ "type": "Feature", "id": "044F33FDD540ECC85CEB", "properties": { "name": "阿留申6", "styleUrl": "#__managed_style_0665B01D9540EC9A485F", "Area": 1327272194 }, "geometry": { "type": "Polygon", "coordinates": [ [ [ -176.858944287976186, 51.752529784780513, 0.0 ], [ -176.879739232509905, 51.712093219939192, 0.0 ], [ -176.978613010105306, 51.674889651134762, 0.0 ], [ -176.99047479954811, 51.613155481810047, 0.0 ], [ -176.933716328559797, 51.591475115037589, 0.0 ], [ -176.837337875471206, 51.711672790399092, 0.0 ], [ -176.820637325243609, 51.616304217833793, 0.0 ], [ -176.724232315317408, 51.626921120786001, 0.0 ], [ -176.706001009207114, 51.674530250959073, 0.0 ], [ -176.578667637311213, 51.692873694362113, 0.0 ], [ -176.510512354605993, 51.756433798630113, 0.0 ], [ -176.433131524554909, 51.725891808615579, 0.0 ], [ -176.417285651843287, 51.828475644224632, 0.0 ], [ -176.391105251194404, 51.739759845946857, 0.0 ], [ -176.271485901593508, 51.746334478892791, 0.0 ], [ -176.287570274452293, 51.826288237293447, 0.0 ], [ -176.220124137116102, 51.834275568778871, 0.0 ], [ -176.159487909787913, 51.775391828509846, 0.0 ], [ -176.003288453607496, 51.7937854447772, 0.0 ], [ -176.052755125179203, 51.848977432965583, 0.0 ], [ -175.952354198487086, 51.844272866237837, 0.0 ], [ -175.91296895497149, 51.956067870655858, 0.0 ], [ -175.790530887867703, 51.931982975048889, 0.0 ], [ -175.615829187436105, 51.966734441141682, 0.0 ], [ -175.863341610995604, 51.962831817136689, 0.0 ], [ -175.791646805023504, 51.989128751768909, 0.0 ], [ -175.944033119876309, 51.986780441532368, 0.0 ], [ -175.957666026235898, 51.905906073003472, 0.0 ], [ -176.066523938802504, 51.971751434117166, 0.0 ], [ -175.977366257633207, 51.952168829791887, 0.0 ], [ -176.061288196237314, 52.002994172782827, 0.0 ], [ -175.970474016499708, 52.022571574224671, 0.0 ], [ -175.992582888148405, 52.081981544195948, 0.0 ], [ -176.103969117222107, 52.114000096326393, 0.0 ], [ -176.193672021992313, 52.076914277475268, 0.0 ], [ -176.181839192668491, 52.012322500788507, 0.0 ], [ -176.02115487416259, 51.909347513775828, 0.0 ], [ -176.107242984330895, 51.895451683105208, 0.0 ], [ -176.061301067834108, 51.86763056847176, 0.0 ], [ -176.128660717766593, 51.839179310643537, 0.0 ], [ -176.175501000158391, 51.877840985580193, 0.0 ], [ -176.244463357162203, 51.865589985914241, 0.0 ], [ -176.391320237478794, 51.86554582732348, 0.0 ], [ -176.582779801567312, 51.834292091495158, 0.0 ], [ -176.63055933983, 51.884809684378503, 0.0 ], [ -176.543620138430697, 51.910002603412778, 0.0 ], [ -176.568320716765186, 52.001048157824449, 0.0 ], [ -176.620300457722209, 52.005087253538207, 0.0 ], [ -176.622317767443292, 51.921876894002629, 0.0 ], [ -176.682930514553192, 51.958105806457418, 0.0 ], [ -176.750233061127602, 51.962091109465049, 0.0 ], [ -176.830245386531203, 51.92851073162106, 0.0 ], [ -176.725428254860191, 51.868962639744069, 0.0 ], [ -176.789499114028501, 51.846519928087019, 0.0 ], [ -176.708543864096214, 51.785670402536418, 0.0 ], [ -176.812098399808008, 51.780300893075811, 0.0 ], [ -176.880636158856191, 51.821670586318433, 0.0 ], [ -176.913073507632788, 51.793563203745229, 0.0 ], [ -176.858944287976186, 51.752529784780513, 0.0 ] ] ] } },
{ "type": "Feature", "id": "02044742D740ECC8DD50", "properties": { "name": "阿留申7", "styleUrl": "#__managed_style_0665B01D9540EC9A485F", "Area": 1022884992 }, "geometry": { "type": "Polygon", "coordinates": [ [ [ -178.059199341544712, 51.797503879757173, 0.0 ], [ -177.948528939995214, 51.764404807132493, 0.0 ], [ -177.961253413596296, 51.728539209560452, 0.0 ], [ -178.142920916703389, 51.703728320441734, 0.0 ], [ -177.909363050591395, 51.600403454712392, 0.0 ], [ -177.866854648366512, 51.687660413513711, 0.0 ], [ -177.685768913113208, 51.717336858990969, 0.0 ], [ -177.64113340695431, 51.641096910517277, 0.0 ], [ -177.602920544857994, 51.709410136505163, 0.0 ], [ -177.384156689375089, 51.738818231844107, 0.0 ], [ -177.289860890504286, 51.704160632362289, 0.0 ], [ -177.11142381847759, 51.721600463628207, 0.0 ], [ -177.133596218166105, 51.827284316753989, 0.0 ], [ -177.028195097252109, 51.915895134117157, 0.0 ], [ -177.193091840665289, 51.95777005395982, 0.0 ], [ -177.198583131285005, 51.825609491281107, 0.0 ], [ -177.307204147948596, 51.764467085522178, 0.0 ], [ -177.611594475566392, 51.743171470616467, 0.0 ], [ -177.820698339135191, 51.772807597524853, 0.0 ], [ -177.585620720398111, 51.856533997865178, 0.0 ], [ -177.894115920639507, 51.854730608901093, 0.0 ], [ -177.937312314566611, 51.924343830522183, 0.0 ], [ -178.160755020667011, 51.926643732284383, 0.0 ], [ -178.247128768464393, 51.876566412114201, 0.0 ], [ -178.059199341544712, 51.797503879757173, 0.0 ] ] ] } },
{ "type": "Feature", "id": "0E389160C840ECC932C8", "properties": { "name": "阿留申8", "styleUrl": "#__managed_style_0665B01D9540EC9A485F", "Area": 67034342 }, "geometry": { "type": "Polygon", "coordinates": [ [ [ -178.829793373337708, 51.831534944418017, 0.0 ], [ -178.873770814252396, 51.7962719319965, 0.0 ], [ -178.802019022301891, 51.742291153300961, 0.0 ], [ -178.709278991620408, 51.785441573417764, 0.0 ], [ -178.764720494681711, 51.832822488282147, 0.0 ], [ -178.829793373337708, 51.831534944418017, 0.0 ] ] ] } },
{ "type": "Feature", "id": "05AB976ECC40ECC960E7", "properties": { "name": "阿留申9", "styleUrl": "#__managed_style_0665B01D9540EC9A485F", "Area": 222014200 }, "geometry": { "type": "Polygon", "coordinates": [ [ [ 179.629092800929698, 52.022289129470693, 0.0 ], [ 179.486162630789892, 51.976304890372226, 0.0 ], [ 179.489555408476207, 51.902271129129311, 0.0 ], [ 179.648534522475387, 51.871850181791572, 0.0 ], [ 179.799521859759807, 51.947969502215948, 0.0 ], [ 179.629092800929698, 52.022289129470693, 0.0 ] ] ] } },
{ "type": "Feature", "id": "012001E0A140ECC99233", "properties": { "name": "阿留申10", "styleUrl": "#__managed_style_0665B01D9540EC9A485F", "Area": 388072895 }, "geometry": { "type": "Polygon", "coordinates": [ [ [ 178.672346729399408, 51.657083655383119, 0.0 ], [ 178.585770402426789, 51.620890113709272, 0.0 ], [ 178.940946989127411, 51.529914253717187, 0.0 ], [ 179.160001354150012, 51.399978415005819, 0.0 ], [ 179.246901174716612, 51.339484039902729, 0.0 ], [ 179.464421304886201, 51.376369744330177, 0.0 ], [ 179.096222003337687, 51.487190904269077, 0.0 ], [ 178.992399236160196, 51.574986505978828, 0.0 ], [ 178.672346729399408, 51.657083655383119, 0.0 ] ] ] } },
{ "type": "Feature", "id": "022D5D6F7B40ECC9B96C", "properties": { "name": "阿留申11", "styleUrl": "#__managed_style_0665B01D9540EC9A485F", "Area": 54975049 }, "geometry": { "type": "Polygon", "coordinates": [ [ [ 178.504505894409306, 51.89064272388201, 0.0 ], [ 178.623287657911391, 51.944882444812379, 0.0 ], [ 178.458862265380191, 51.9912407320965, 0.0 ], [ 178.504505894409306, 51.89064272388201, 0.0 ] ] ] } },
{ "type": "Feature", "id": "0F41DC7F1440ECC9ECF4", "properties": { "name": "阿留申12", "styleUrl": "#__managed_style_0665B01D9540EC9A485F", "Area": 346132396 }, "geometry": { "type": "Polygon", "coordinates": [ [ [ 177.587992398055206, 52.125129916970018, 0.0 ], [ 177.466279202529108, 51.984228347634001, 0.0 ], [ 177.357834462883289, 51.975418864860707, 0.0 ], [ 177.195201103014597, 51.879238624031387, 0.0 ], [ 177.338932229471794, 51.82503445879204, 0.0 ], [ 177.386438661948802, 51.911009264225861, 0.0 ], [ 177.645475394989489, 51.929865082926462, 0.0 ], [ 177.72225638869611, 51.95492767761516, 0.0 ], [ 177.538387953652403, 51.965056739841231, 0.0 ], [ 177.699770405969105, 52.08948029427107, 0.0 ], [ 177.587992398055206, 52.125129916970018, 0.0 ] ] ] } },
{ "type": "Feature", "id": "0EE41F926A40ECCA11B3", "properties": { "name": "阿留申13", "styleUrl": "#__managed_style_0665B01D9540EC9A485F", "Area": 28074195 }, "geometry": { "type": "Polygon", "coordinates": [ [ [ 175.899163605531186, 52.315527455391013, 0.0 ], [ 176.006958256319393, 52.362081587420839, 0.0 ], [ 175.880192570458092, 52.376313273094233, 0.0 ], [ 175.899163605531186, 52.315527455391013, 0.0 ] ] ] } },
{ "type": "Feature", "id": "01FC95E27E40ECCA4221", "properties": { "name": "阿留申14", "styleUrl": "#__managed_style_0665B01D9540EC9A485F", "Area": 933815658 }, "geometry": { "type": "Polygon", "coordinates": [ [ [ 172.651809618991791, 52.924826533115578, 0.0 ], [ 172.62122971343959, 52.860315060182728, 0.0 ], [ 172.805137379881813, 52.881032380331327, 0.0 ], [ 172.770679152901607, 52.805347405678447, 0.0 ], [ 172.925969919561908, 52.740755417962923, 0.0 ], [ 173.016806223301501, 52.813440778936652, 0.0 ], [ 173.398687913464187, 52.803148402965903, 0.0 ], [ 173.176355455755413, 52.967581368745947, 0.0 ], [ 172.746251068686405, 53.024642981760053, 0.0 ], [ 172.439507636850209, 52.930918027423893, 0.0 ], [ 172.651809618991791, 52.924826533115578, 0.0 ] ] ] } },
{ "type": "Feature", "id": "0A227BB2C640ECCA8029", "properties": { "name": "阿留申15", "styleUrl": "#__managed_style_0665B01D9540EC9A485F", "Area": 228584245 }, "geometry": { "type": "Polygon", "coordinates": [ [ [ 173.755750562320401, 52.506668717515268, 0.0 ], [ 173.580671463730113, 52.499627334219348, 0.0 ], [ 173.522519400309193, 52.441440224303257, 0.0 ], [ 173.4299154622353, 52.449842503448373, 0.0 ], [ 173.338316065664401, 52.398388148438038, 0.0 ], [ 173.520998135812988, 52.381865087629933, 0.0 ], [ 173.588068031377588, 52.400953039749517, 0.0 ], [ 173.662966846404998, 52.348848073317029, 0.0 ], [ 173.725488157605298, 52.363347641420233, 0.0 ], [ 173.685628359896413, 52.453607709292321, 0.0 ], [ 173.755750562320401, 52.506668717515268, 0.0 ] ] ] } },
{ "type": "Feature", "id": "0724C7062440ECCAC98F", "properties": { "name": "阿留申16", "styleUrl": "#__managed_style_0665B01D9540EC9A485F", "Area": 33778091 }, "geometry": { "type": "Polygon", "coordinates": [ [ [ 173.89325151006139, 52.746137812356388, 0.0 ], [ 173.948610439336193, 52.745742491159703, 0.0 ], [ 173.9665038303865, 52.729186962977288, 0.0 ], [ 174.001197456536289, 52.717652514156583, 0.0 ], [ 174.066936442889613, 52.725693012197873, 0.0 ], [ 174.056878037970591, 52.716294768245582, 0.0 ], [ 174.104736939532103, 52.708020025440128, 0.0 ], [ 174.159536910617106, 52.704817271951427, 0.0 ], [ 174.139902829014687, 52.7293051794286, 0.0 ], [ 174.123207817616105, 52.728251763345888, 0.0 ], [ 174.097183984254002, 52.738357098417033, 0.0 ], [ 174.087386890580888, 52.730386269826248, 0.0 ], [ 174.014548722577302, 52.73335013564482, 0.0 ], [ 173.987828783010087, 52.74171614616732, 0.0 ], [ 173.920986961347012, 52.759059971464069, 0.0 ], [ 173.865431494897592, 52.770289163256322, 0.0 ], [ 173.89325151006139, 52.746137812356388, 0.0 ] ] ] } },
{ "type": "Feature", "id": "086E39701740ECCB6A64", "properties": { "name": "阿留申17", "styleUrl": "#__managed_style_0665B01D9540EC9A485F", "Area": 35813586 }, "geometry": { "type": "Polygon", "coordinates": [ [ [ 178.144021617794095, 52.048046132581803, 0.0 ], [ 178.086616831598604, 52.03649581035728, 0.0 ], [ 178.10515450978329, 51.984300539548329, 0.0 ], [ 178.188807937924196, 51.995154472880387, 0.0 ], [ 178.180159898517303, 52.034228573112102, 0.0 ], [ 178.144021617794095, 52.048046132581803, 0.0 ] ] ] } },
{ "type": "Feature", "id": "06397A1E5640ECCB91DC", "properties": { "name": "阿留申18", "styleUrl": "#__managed_style_0665B01D9540EC9A485F", "Area": 26664301 }, "geometry": { "type": "Polygon", "coordinates": [ [ [ 178.285696122864692, 51.80071982547102, 0.0 ], [ 178.294034535652287, 51.774343853170087, 0.0 ], [ 178.388164933520386, 51.762217563940418, 0.0 ], [ 178.32561556725841, 51.811114235953333, 0.0 ], [ 178.220262023091095, 51.83349665268296, 0.0 ], [ 178.285696122864692, 51.80071982547102, 0.0 ] ] ] } },
{ "type": "Feature", "id": "06CA230A0140ECCBB6A0", "properties": { "name": "阿留申19", "styleUrl": "#__managed_style_0665B01D9540EC9A485F", "Area": 2034374 }, "geometry": { "type": "Polygon", "coordinates": [ [ [ 178.290431619763893, 51.983108913139333, 0.0 ], [ 178.269433075595003, 51.975189912127178, 0.0 ], [ 178.309786088432503, 51.964966134760942, 0.0 ], [ 178.290431619763893, 51.983108913139333, 0.0 ] ] ] } },
{ "type": "Feature", "id": "0D96BF645740ECCBDB24", "properties": { "name": "阿留申20", "styleUrl": "#__managed_style_0665B01D9540EC9A485F", "Area": 4731254 }, "geometry": { "type": "Polygon", "coordinates": [ [ [ 178.348850121340291, 51.968569526639783, 0.0 ], [ 178.316736135839591, 51.949591344149979, 0.0 ], [ 178.334159380403293, 51.941304322087362, 0.0 ], [ 178.368184285128308, 51.960544570212832, 0.0 ], [ 178.348850121340291, 51.968569526639783, 0.0 ] ] ] } },
{ "type": "Feature", "id": "07C352ED9D40ECCC164C", "properties": { "name": "阿留申21", "styleUrl": "#__managed_style_0665B01D9540EC9A485F", "Area": 34689885 }, "geometry": { "type": "Polygon", "coordinates": [ [ [ -179.08662396767491, 51.298142819836052, 0.0 ], [ -179.144667580409788, 51.274728894861447, 0.0 ], [ -179.140261841947392, 51.205653841567042, 0.0 ], [ -179.061175883278793, 51.251519054924017, 0.0 ], [ -179.08662396767491, 51.298142819836052, 0.0 ] ] ] } },
{ "type": "Feature", "id": "092F9096B140ECCC4C69", "properties": { "name": "阿留申22", "styleUrl": "#__managed_style_0665B01D9540EC9A485F", "Area": 39563016 }, "geometry": { "type": "Polygon", "coordinates": [ [ [ -178.961725826621688, 51.404445996740897, 0.0 ], [ -178.983692029444001, 51.371409673338803, 0.0 ], [ -178.983991914216205, 51.297616893384117, 0.0 ], [ -178.93839306896831, 51.342633267455923, 0.0 ], [ -178.893185631971988, 51.344775969021462, 0.0 ], [ -178.910321864565503, 51.387773069465773, 0.0 ], [ -178.961725826621688, 51.404445996740897, 0.0 ] ] ] } },
{ "type": "Feature", "id": "071CD582AD40ECCC7C08", "properties": { "name": "阿留申23", "styleUrl": "#__managed_style_0665B01D9540EC9A485F", "Area": 16406728 }, "geometry": { "type": "Polygon", "coordinates": [ [ [ -178.823205008937691, 51.562190064471352, 0.0 ], [ -178.827138724790586, 51.547352554271598, 0.0 ], [ -178.792661207052788, 51.540512550613371, 0.0 ], [ -178.733234593566408, 51.539721501204603, 0.0 ], [ -178.7492902151713, 51.563799158964613, 0.0 ], [ -178.77411380018961, 51.561488234327797, 0.0 ], [ -178.815962926362289, 51.567342877106853, 0.0 ], [ -178.815332486448511, 51.574297911844887, 0.0 ], [ -178.852781758378597, 51.578447374642813, 0.0 ], [ -178.823205008937691, 51.562190064471352, 0.0 ] ] ] } },
{ "type": "Feature", "id": "0F932E99FA40ECCCB45C", "properties": { "name": "阿留申24", "styleUrl": "#__managed_style_0665B01D9540EC9A485F", "Area": 15898986 }, "geometry": { "type": "Polygon", "coordinates": [ [ [ -178.686438845205913, 51.59511092259244, 0.0 ], [ -178.654016335911393, 51.594079548668148, 0.0 ], [ -178.615340931552112, 51.589346671714857, 0.0 ], [ -178.60298051991731, 51.59738555757577, 0.0 ], [ -178.589657638613204, 51.595316817067847, 0.0 ], [ -178.59331568956739, 51.587768238400201, 0.0 ], [ -178.561626058156008, 51.58100069249344, 0.0 ], [ -178.57120574227099, 51.592079557979623, 0.0 ], [ -178.55704350629631, 51.599877681551732, 0.0 ], [ -178.568525915923999, 51.60649779661216, 0.0 ], [ -178.600031531308105, 51.604701498651757, 0.0 ], [ -178.635161345651198, 51.614420712017598, 0.0 ], [ -178.677864050072486, 51.60842545619191, 0.0 ], [ -178.686438845205913, 51.59511092259244, 0.0 ] ] ] } },
{ "type": "Feature", "id": "018F23377340ECCCE174", "properties": { "name": "阿留申25", "styleUrl": "#__managed_style_0665B01D9540EC9A485F", "Area": 2263680 }, "geometry": { "type": "Polygon", "coordinates": [ [ [ -179.060843369330911, 51.578616039522387, 0.0 ], [ -179.017940277973111, 51.569937418773698, 0.0 ], [ -179.052943587402893, 51.590751011953998, 0.0 ], [ -179.060843369330911, 51.578616039522387, 0.0 ] ] ] } },
{ "type": "Feature", "id": "07CDD5717040ECCD1B48", "properties": { "name": "阿留申26", "styleUrl": "#__managed_style_0665B01D9540EC9A485F", "Area": 1399586 }, "geometry": { "type": "Polygon", "coordinates": [ [ [ -178.269417243624702, 51.480970861421063, 0.0 ], [ -178.297147245519795, 51.485277750981673, 0.0 ], [ -178.296347547049606, 51.472044326422854, 0.0 ], [ -178.269417243624702, 51.480970861421063, 0.0 ] ] ] } },
{ "type": "Feature", "id": "02DF620D1F40ECCD5539", "properties": { "name": "阿留申27", "styleUrl": "#__managed_style_0665B01D9540EC9A485F", "Area": 12812045 }, "geometry": { "type": "Polygon", "coordinates": [ [ [ -171.110396330611707, 52.573922739808687, 0.0 ], [ -171.166408501223486, 52.577017216658817, 0.0 ], [ -171.163894390353306, 52.547678424419502, 0.0 ], [ -171.103339489185601, 52.544233694290021, 0.0 ], [ -171.110396330611707, 52.573922739808687, 0.0 ] ] ] } },
{ "type": "Feature", "id": "07787C78B140ECCD8B8F", "properties": { "name": "阿留申28", "styleUrl": "#__managed_style_0665B01D9540EC9A485F", "Area": 44664348 }, "geometry": { "type": "Polygon", "coordinates": [ [ [ -169.677230619992912, 53.028202454626168, 0.0 ], [ -169.745603664407014, 53.019113253998157, 0.0 ], [ -169.766274669844989, 52.959365346736213, 0.0 ], [ -169.730070163485408, 52.940846909495939, 0.0 ], [ -169.656505845028789, 52.987452431088158, 0.0 ], [ -169.677230619992912, 53.028202454626168, 0.0 ] ] ] } },
{ "type": "Feature", "id": "01B0A987FB40ECCDB489", "properties": { "name": "阿留申29", "styleUrl": "#__managed_style_0665B01D9540EC9A485F", "Area": 10902205 }, "geometry": { "type": "Polygon", "coordinates": [ [ [ -169.774178969581499, 53.079014274863773, 0.0 ], [ -169.794790345078212, 53.048120345791098, 0.0 ], [ -169.741972514410293, 53.033436348190733, 0.0 ], [ -169.732802704686804, 53.051489355838939, 0.0 ], [ -169.774178969581499, 53.079014274863773, 0.0 ] ] ] } },
{ "type": "Feature", "id": "0A6908AB6540ECCDEA29", "properties": { "name": "阿留申30", "styleUrl": "#__managed_style_0665B01D9540EC9A485F", "Area": 4461516 }, "geometry": { "type": "Polygon", "coordinates": [ [ [ -169.1629510095255, 52.798315255042112, 0.0 ], [ -169.251937087751287, 52.762462566435303, 0.0 ], [ -169.203949775946199, 52.76840501240774, 0.0 ], [ -169.1629510095255, 52.798315255042112, 0.0 ] ] ] } },
{ "type": "Feature", "id": "056841D7D640ECCE2678", "properties": { "name": "阿拉斯加1", "styleUrl": "#__managed_style_0665B01D9540EC9A485F", "Area": 132642032 }, "geometry": { "type": "Polygon", "coordinates": [ [ [ -169.469203155576196, 56.603810081048053, 0.0 ], [ -169.819649014939387, 56.619967196750871, 0.0 ], [ -169.528530425945291, 56.495345856553612, 0.0 ], [ -169.469203155576196, 56.603810081048053, 0.0 ] ] ] } },
{ "type": "Feature", "id": "0194BBF22F40ECCE490C", "properties": { "name": "阿拉斯加2", "styleUrl": "#__managed_style_0665B01D9540EC9A485F", "Area": 94726394 }, "geometry": { "type": "Polygon", "coordinates": [ [ [ -170.115336550604297, 57.251513374806663, 0.0 ], [ -170.448566912493789, 57.180725651461231, 0.0 ], [ -170.289291045783898, 57.129780598899927, 0.0 ], [ -170.115336550604297, 57.251513374806663, 0.0 ] ] ] } },
{ "type": "Feature", "id": "0B3B0F5DF640ECCE8A3C", "properties": { "name": "阿拉斯加3", "styleUrl": "#__managed_style_0665B01D9540EC9A485F", "Area": 422596667 }, "geometry": { "type": "Polygon", "coordinates": [ [ [ -173.100024228411314, 60.674660845125032, 0.0 ], [ -173.053047489331988, 60.481807707254468, 0.0 ], [ -172.585879347604589, 60.313021771139631, 0.0 ], [ -172.414689450852904, 60.331490894481661, 0.0 ], [ -172.207754478957696, 60.290995159340149, 0.0 ], [ -172.383771725746413, 60.386800435574408, 0.0 ], [ -172.596774861407113, 60.40242712047705, 0.0 ], [ -172.884695105133005, 60.507177933795127, 0.0 ], [ -172.933578931233001, 60.610376793064773, 0.0 ], [ -173.026329748871802, 60.560206530087072, 0.0 ], [ -173.100024228411314, 60.674660845125032, 0.0 ] ] ] } },
{ "type": "Feature", "id": "06C38E3F5340ECCEC627", "properties": { "name": "阿拉斯加4", "styleUrl": "#__managed_style_0665B01D9540EC9A485F", "Area": null }, "geometry": { "type": "Polygon", "coordinates": [ [ [ -166.151883492529095, 60.391546739877519, 0.0 ], [ -166.801057958030412, 60.299651796449432, 0.0 ], [ -166.807507457780503, 60.204164543715983, 0.0 ], [ -167.435953852549005, 60.228638512338627, 0.0 ], [ -167.108870111259989, 60.000403212489843, 0.0 ], [ -166.371636367658112, 59.807362302541819, 0.0 ], [ -165.611392277752287, 59.893804695395232, 0.0 ], [ -165.621513422332697, 60.168409805264702, 0.0 ], [ -165.715735467390402, 60.300557351026882, 0.0 ], [ -166.151883492529095, 60.391546739877519, 0.0 ] ] ] } },
{ "type": "Feature", "id": "053CB60B7B40ECCF5986", "properties": { "name": "阿拉斯加5", "styleUrl": "#__managed_style_0665B01D9540EC9A485F", "Area": null }, "geometry": { "type": "Polygon", "coordinates": [ [ [ -171.746587998840312, 63.780732647937818, 0.0 ], [ -171.848466759684101, 63.503246704732277, 0.0 ], [ -171.758475793029788, 63.370996258264299, 0.0 ], [ -171.365637534794104, 63.297285522454303, 0.0 ], [ -171.074347380772593, 63.43809108629133, 0.0 ], [ -170.562520855699489, 63.368840992603737, 0.0 ], [ -170.253756214611911, 63.187942017956537, 0.0 ], [ -170.020854637791103, 63.164615706583952, 0.0 ], [ -169.668411460830413, 62.933365548321909, 0.0 ], [ -169.538404716849499, 62.988531344824608, 0.0 ], [ -169.579207228474701, 63.075870484356727, 0.0 ], [ -169.350275636276592, 63.1467775011727, 0.0 ], [ -169.006475549366286, 63.169054871613007, 0.0 ], [ -168.841838746930392, 63.150368434560242, 0.0 ], [ -168.690383862448414, 63.296028633563473, 0.0 ], [ -169.13158540998009, 63.335773724527037, 0.0 ], [ -169.464353773887012, 63.367464104171503, 0.0 ], [ -169.995045389997387, 63.473746176100782, 0.0 ], [ -170.138905905905801, 63.673928511701718, 0.0 ], [ -170.57155199655989, 63.692865238944712, 0.0 ], [ -170.958210127464497, 63.573502993685679, 0.0 ], [ -171.564072082201591, 63.660035839514329, 0.0 ], [ -171.608263731147588, 63.769248481814422, 0.0 ], [ -171.746587998840312, 63.780732647937818, 0.0 ] ] ] } },
{ "type": "Feature", "id": "052AEC92B240ECCFA440", "properties": { "name": "阿拉斯加6", "styleUrl": "#__managed_style_0665B01D9540EC9A485F", "Area": 6167295 }, "geometry": { "type": "Polygon", "coordinates": [ [ [ -168.906185633084988, 65.768622753397537, 0.0 ], [ -168.927492102265489, 65.767317913936537, 0.0 ], [ -168.956610000751112, 65.760004900446148, 0.0 ], [ -168.943322189855394, 65.742604481521596, 0.0 ], [ -168.893786723498692, 65.740900856966562, 0.0 ], [ -168.902850853278409, 65.758548106283939, 0.0 ], [ -168.906185633084988, 65.768622753397537, 0.0 ] ] ] } },
{ "type": "Feature", "id": "038B2C9F7140ED02D790", "properties": { "name": "迪克岛", "styleUrl": "#__managed_style_0665B01D9540EC9A485F", "Area": 177498725 }, "geometry": { "type": "Polygon", "coordinates": [ [ [ -131.494097801526806, 54.923860564796392, 0.0 ], [ -131.41532427519229, 54.893404769334033, 0.0 ], [ -131.343310660293213, 54.860586688927228, 0.0 ], [ -131.245198287723809, 54.881193054015171, 0.0 ], [ -131.190311519494486, 54.919342609126133, 0.0 ], [ -131.246641470620801, 54.952882955554813, 0.0 ], [ -131.245457552069212, 55.002128423294913, 0.0 ], [ -131.322517799548592, 54.98572091609946, 0.0 ], [ -131.488087150895694, 54.956136861605508, 0.0 ], [ -131.494097801526806, 54.923860564796392, 0.0 ] ] ] } },
{ "type": "Feature", "id": "05C0A5786D40ED0375CC", "properties": { "name": "安妮特岛", "styleUrl": "#__managed_style_0665B01D9540EC9A485F", "Area": 366789624 }, "geometry": { "type": "Polygon", "coordinates": [ [ [ -131.601675499019905, 55.247167709272333, 0.0 ], [ -131.609849919432207, 55.216386669520453, 0.0 ], [ -131.57419257596149, 55.180890895011629, 0.0 ], [ -131.604273093570214, 55.175038317025702, 0.0 ], [ -131.535895944033001, 55.15000190649706, 0.0 ], [ -131.544394893742805, 55.123616295000033, 0.0 ], [ -131.583835896145501, 55.130436431151438, 0.0 ], [ -131.609170136396187, 55.103398835046448, 0.0 ], [ -131.604583497576812, 55.071930265114339, 0.0 ], [ -131.651580709249799, 55.035156790028353, 0.0 ], [ -131.603853580542591, 55.000077020079118, 0.0 ], [ -131.537257717151988, 55.027418457412281, 0.0 ], [ -131.532699961629703, 55.051371541327221, 0.0 ], [ -131.57366660902079, 55.073831239277872, 0.0 ], [ -131.548351470262503, 55.08630672330856, 0.0 ], [ -131.527611928898494, 55.061303631853391, 0.0 ], [ -131.504294252133008, 55.015714474517239, 0.0 ], [ -131.392003888986892, 55.01168008745578, 0.0 ], [ -131.360759841750195, 55.037034773057911, 0.0 ], [ -131.354319296420613, 55.077594751857312, 0.0 ], [ -131.398670750022404, 55.117563399950683, 0.0 ], [ -131.350277595379509, 55.109063511675693, 0.0 ], [ -131.358355316193411, 55.155613813376199, 0.0 ], [ -131.401318711149713, 55.198334849575872, 0.0 ], [ -131.347987874738493, 55.163048556079872, 0.0 ], [ -131.327420274276903, 55.168837736394302, 0.0 ], [ -131.411892749049798, 55.214371662875593, 0.0 ], [ -131.446078993590589, 55.218322508866947, 0.0 ], [ -131.493348880931592, 55.246229441605017, 0.0 ], [ -131.479019726405113, 55.252476805734979, 0.0 ], [ -131.528266204636992, 55.272593661112843, 0.0 ], [ -131.57481121851211, 55.286799394635679, 0.0 ], [ -131.529396502426692, 55.253470315751628, 0.0 ], [ -131.587921436408607, 55.27191775875788, 0.0 ], [ -131.601675499019905, 55.247167709272333, 0.0 ] ] ] } },
{ "type": "Feature", "id": "04355E2BA440ED03F961", "properties": { "name": "格拉维纳岛", "styleUrl": "#__managed_style_0665B01D9540EC9A485F", "Area": 265045061 }, "geometry": { "type": "Polygon", "coordinates": [ [ [ -131.86202307819579, 55.404113699004533, 0.0 ], [ -131.835381262977393, 55.378874278984092, 0.0 ], [ -131.882578364601613, 55.378377841965339, 0.0 ], [ -131.864693949989913, 55.359744023667943, 0.0 ], [ -131.871907928559011, 55.344733846124868, 0.0 ], [ -131.85802237291071, 55.282957143683348, 0.0 ], [ -131.824313890266012, 55.188791038654777, 0.0 ], [ -131.750849200711201, 55.120716610866538, 0.0 ], [ -131.720425017764512, 55.169283582024448, 0.0 ], [ -131.722382713497808, 55.2071687859614, 0.0 ], [ -131.776404774065213, 55.260488704030003, 0.0 ], [ -131.690026394653813, 55.219563608146551, 0.0 ], [ -131.671465216552889, 55.248821833302529, 0.0 ], [ -131.691438758719812, 55.305988102504969, 0.0 ], [ -131.639262958428901, 55.273976725140983, 0.0 ], [ -131.608781968279402, 55.294667341715943, 0.0 ], [ -131.747085831632404, 55.376368791014883, 0.0 ], [ -131.853139259292107, 55.426759542243808, 0.0 ], [ -131.86202307819579, 55.404113699004533, 0.0 ] ] ] } },
{ "type": "Feature", "id": "02A2E8C07140ED059BA8", "properties": { "name": "雷维雅希赫多岛", "styleUrl": "#__managed_style_0665B01D9540EC9A485F", "Area": null }, "geometry": { "type": "Polygon", "coordinates": [ [ [ -131.837157209295697, 55.452906066564843, 0.0 ], [ -131.742779242668007, 55.403132862276948, 0.0 ], [ -131.71652066670589, 55.40530755230435, 0.0 ], [ -131.737438540124288, 55.386131545348299, 0.0 ], [ -131.710668774365189, 55.362927046352162, 0.0 ], [ -131.650335442050107, 55.342097008346343, 0.0 ], [ -131.609164163460804, 55.32361852413608, 0.0 ], [ -131.535964209137205, 55.28855951379532, 0.0 ], [ -131.517975444039195, 55.324745828225417, 0.0 ], [ -131.472923115620404, 55.362554639068399, 0.0 ], [ -131.469560493769308, 55.385434768186087, 0.0 ], [ -131.497327169152612, 55.419684182631627, 0.0 ], [ -131.534901825914204, 55.458422507967931, 0.0 ], [ -131.534753918097692, 55.487723684371993, 0.0 ], [ -131.515753253990908, 55.50492999123778, 0.0 ], [ -131.479483393314098, 55.501990543959828, 0.0 ], [ -131.497098369954699, 55.475126777233967, 0.0 ], [ -131.477773661410112, 55.427586135393597, 0.0 ], [ -131.443464429253396, 55.390177692658717, 0.0 ], [ -131.435769443463101, 55.375370661993173, 0.0 ], [ -131.4543078608271, 55.352793304910008, 0.0 ], [ -131.47788551418509, 55.338394947828853, 0.0 ], [ -131.488378089387908, 55.323521022088613, 0.0 ], [ -131.4362804829629, 55.34184640585962, 0.0 ], [ -131.400128930187606, 55.353339735472503, 0.0 ], [ -131.406967672463992, 55.376642295708628, 0.0 ], [ -131.371131608717292, 55.394965405609859, 0.0 ], [ -131.331648576442689, 55.415891915783142, 0.0 ], [ -131.318966250580786, 55.456432794508643, 0.0 ], [ -131.333700288623987, 55.499173915777767, 0.0 ], [ -131.351903705946597, 55.542918563729067, 0.0 ], [ -131.368561166623209, 55.599961022501986, 0.0 ], [ -131.358053659203506, 55.647860334873833, 0.0 ], [ -131.350569239555711, 55.582623309270751, 0.0 ], [ -131.319020885880803, 55.510263324607998, 0.0 ], [ -131.295587176243288, 55.451785526001068, 0.0 ], [ -131.294804678763001, 55.423780908805369, 0.0 ], [ -131.332836600559091, 55.382818930988329, 0.0 ], [ -131.393264730806408, 55.367052353112307, 0.0 ], [ -131.386658115899195, 55.344327448257268, 0.0 ], [ -131.454635672301094, 55.316939153357332, 0.0 ], [ -131.479931969174686, 55.30248967871546, 0.0 ], [ -131.451134904003311, 55.271268281126758, 0.0 ], [ -131.37558801719581, 55.262941106906297, 0.0 ], [ -131.317047571438792, 55.273670053860869, 0.0 ], [ -131.274107074544986, 55.297541857017301, 0.0 ], [ -131.252880140454693, 55.32974268087446, 0.0 ], [ -131.275573352699894, 55.356782196230448, 0.0 ], [ -131.282638632489096, 55.380925714526327, 0.0 ], [ -131.241401984862307, 55.387739002987793, 0.0 ], [ -131.202910506404294, 55.365911617583251, 0.0 ], [ -131.226561187366514, 55.320713789961182, 0.0 ], [ -131.275729390140896, 55.258969150641498, 0.0 ], [ -131.336799413354413, 55.245025323159737, 0.0 ], [ -131.256725101818489, 55.207294591822013, 0.0 ], [ -131.161393794578601, 55.19516113519623, 0.0 ], [ -131.141908806681187, 55.22460755017903, 0.0 ], [ -131.075431643103997, 55.243401304185653, 0.0 ], [ -131.024316908541692, 55.327703889942029, 0.0 ], [ -131.026868034189988, 55.370133610780073, 0.0 ], [ -131.020406210072309, 55.40355621475431, 0.0 ], [ -130.9796574253009, 55.361953463686064, 0.0 ], [ -130.971750630481409, 55.310963465383608, 0.0 ], [ -130.931589867158607, 55.345142841229411, 0.0 ], [ -130.976678575782699, 55.403537239331037, 0.0 ], [ -130.984949198327598, 55.490458713043388, 0.0 ], [ -130.977848106100993, 55.572213755280778, 0.0 ], [ -130.936343792072989, 55.547809703383649, 0.0 ], [ -130.933785255725297, 55.584759868836883, 0.0 ], [ -130.970173955172612, 55.585455996431698, 0.0 ], [ -130.935942234207204, 55.619997058892089, 0.0 ], [ -130.953287830456702, 55.696562111867941, 0.0 ], [ -131.030359329091908, 55.763504876997089, 0.0 ], [ -131.065430249590406, 55.824009141880431, 0.0 ], [ -131.225118512911905, 55.957331994475389, 0.0 ], [ -131.261980283741508, 55.970962201450263, 0.0 ], [ -131.434283514628589, 55.933635458691548, 0.0 ], [ -131.494919783399098, 55.919312711853387, 0.0 ], [ -131.584263221152895, 55.912739335256269, 0.0 ], [ -131.550557416181789, 55.852079285707653, 0.0 ], [ -131.464227732561312, 55.836098829184948, 0.0 ], [ -131.718978615745499, 55.841496741720348, 0.0 ], [ -131.702965636751088, 55.788494563239141, 0.0 ], [ -131.624723214091006, 55.788303822611823, 0.0 ], [ -131.549781104042893, 55.796090595267742, 0.0 ], [ -131.49534357555271, 55.786323534528783, 0.0 ], [ -131.630154160688392, 55.770472969679147, 0.0 ], [ -131.690708678801286, 55.766580197187771, 0.0 ], [ -131.737950203443205, 55.740323061220458, 0.0 ], [ -131.709879971475914, 55.694337260006797, 0.0 ], [ -131.66021124001071, 55.716110996495701, 0.0 ], [ -131.627776153428897, 55.739936588030929, 0.0 ], [ -131.525540479036806, 55.730221439641397, 0.0 ], [ -131.63958799692611, 55.723468633519957, 0.0 ], [ -131.646151821038387, 55.699134501310127, 0.0 ], [ -131.709367193440386, 55.6824016648361, 0.0 ], [ -131.726054625271104, 55.621521743262477, 0.0 ], [ -131.622330227009996, 55.595204148886289, 0.0 ], [ -131.671294227538993, 55.575269510938632, 0.0 ], [ -131.657782915639814, 55.549759633586127, 0.0 ], [ -131.692220402392508, 55.563149853039903, 0.0 ], [ -131.711089500984286, 55.524985463217703, 0.0 ], [ -131.7718779699712, 55.481046708888613, 0.0 ], [ -131.8260899858779, 55.474437641503862, 0.0 ], [ -131.837157209295697, 55.452906066564843, 0.0 ] ] ] } },
{ "type": "Feature", "id": "0015260A9740ED064B4C", "properties": { "name": "兰格尔岛", "styleUrl": "#__managed_style_0665B01D9540EC9A485F", "Area": 558652056 }, "geometry": { "type": "Polygon", "coordinates": [ [ [ -132.392030251028103, 56.487561016927422, 0.0 ], [ -132.396857973960806, 56.466577731357717, 0.0 ], [ -132.33836270530071, 56.410007319949258, 0.0 ], [ -132.372926266728598, 56.382045643973647, 0.0 ], [ -132.349265719559895, 56.335430828865192, 0.0 ], [ -132.365013366437495, 56.28199663489815, 0.0 ], [ -132.317438727726596, 56.232550054677731, 0.0 ], [ -132.230336710466389, 56.196979150966847, 0.0 ], [ -132.129275211264911, 56.156738169422319, 0.0 ], [ -132.140875084037901, 56.18068015423578, 0.0 ], [ -132.086902216821898, 56.121241442621098, 0.0 ], [ -132.055020193710988, 56.115183246429119, 0.0 ], [ -132.056853542480013, 56.151558468199099, 0.0 ], [ -132.021856112156996, 56.132441021284649, 0.0 ], [ -132.006134055222191, 56.176945031810078, 0.0 ], [ -132.05961409771021, 56.237368240166262, 0.0 ], [ -131.995064290213406, 56.191615539470753, 0.0 ], [ -131.91319037268471, 56.208315413314097, 0.0 ], [ -131.969159402706509, 56.259189410776017, 0.0 ], [ -132.004058740542888, 56.310132657639883, 0.0 ], [ -132.01255695441489, 56.351015364692437, 0.0 ], [ -132.094732370770799, 56.369197767385408, 0.0 ], [ -132.145754843722614, 56.344416861617347, 0.0 ], [ -132.216340363635709, 56.382722093068018, 0.0 ], [ -132.246390506963792, 56.441625968908959, 0.0 ], [ -132.298283470238488, 56.463852726830581, 0.0 ], [ -132.392030251028103, 56.487561016927422, 0.0 ] ] ] } },
{ "type": "Feature", "id": "0EFD8EB0CD40ED06C0A4", "properties": { "name": "沃罗库夫斯克岛", "styleUrl": "#__managed_style_0665B01D9540EC9A485F", "Area": 61565480 }, "geometry": { "type": "Polygon", "coordinates": [ [ [ -132.499008129409191, 56.439554930806032, 0.0 ], [ -132.563565533567413, 56.405570070165282, 0.0 ], [ -132.562593349389289, 56.358229609544154, 0.0 ], [ -132.502201949930111, 56.355477955545688, 0.0 ], [ -132.433849657554191, 56.388450627839568, 0.0 ], [ -132.410617530090207, 56.383669911859563, 0.0 ], [ -132.399299534829908, 56.413844435463531, 0.0 ], [ -132.499008129409191, 56.439554930806032, 0.0 ] ] ] } },
{ "type": "Feature", "id": "004B8361F540ED082F5F", "properties": { "name": "埃托林岛", "styleUrl": "#__managed_style_0665B01D9540EC9A485F", "Area": 929305296 }, "geometry": { "type": "Polygon", "coordinates": [ [ [ -132.446088155753188, 56.351055902712268, 0.0 ], [ -132.536913743532097, 56.335107976809148, 0.0 ], [ -132.564159719581596, 56.298827933647708, 0.0 ], [ -132.603072749485307, 56.238266578508593, 0.0 ], [ -132.681740119637197, 56.242036455727437, 0.0 ], [ -132.724804824452207, 56.219766229303772, 0.0 ], [ -132.690528324168298, 56.200666904630943, 0.0 ], [ -132.712108892401801, 56.195219447807062, 0.0 ], [ -132.676332156955112, 56.148929961815263, 0.0 ], [ -132.727987721759689, 56.177045133452417, 0.0 ], [ -132.713068525009504, 56.119439313497878, 0.0 ], [ -132.675682881140887, 56.058965194613982, 0.0 ], [ -132.596812794264309, 56.01469620815336, 0.0 ], [ -132.614855983125807, 56.058952826701173, 0.0 ], [ -132.591205344867802, 56.073825492891501, 0.0 ], [ -132.536202251468211, 56.050589957965279, 0.0 ], [ -132.59683203305849, 56.14592604460681, 0.0 ], [ -132.530328585985387, 56.071973200956229, 0.0 ], [ -132.503254771461599, 56.058074261958517, 0.0 ], [ -132.476595568178709, 56.070007289771972, 0.0 ], [ -132.481452421264606, 56.16236241548264, 0.0 ], [ -132.467511003578608, 56.171251835200003, 0.0 ], [ -132.459732265227302, 56.15886050278921, 0.0 ], [ -132.471837491299397, 56.154940314685618, 0.0 ], [ -132.472779487497689, 56.127978708802956, 0.0 ], [ -132.466287822414188, 56.086200806211167, 0.0 ], [ -132.458435209839706, 56.061643520040448, 0.0 ], [ -132.483177140145301, 56.043078706404387, 0.0 ], [ -132.483985256223804, 56.029992908903168, 0.0 ], [ -132.451626881041108, 56.014928271041533, 0.0 ], [ -132.434827021420091, 56.016930699294008, 0.0 ], [ -132.45083061591771, 56.02667245091007, 0.0 ], [ -132.431759735994689, 56.028422015062858, 0.0 ], [ -132.422535086442309, 56.018419362125812, 0.0 ], [ -132.404614531331788, 56.015705242493503, 0.0 ], [ -132.392765968828087, 56.019770927089311, 0.0 ], [ -132.389872587244213, 56.026640486557241, 0.0 ], [ -132.390642616666497, 56.032080489648131, 0.0 ], [ -132.379212354939796, 56.031843926131103, 0.0 ], [ -132.380239055527909, 56.020470218529198, 0.0 ], [ -132.395329580838393, 56.009358686664207, 0.0 ], [ -132.435078005600189, 55.997525287199117, 0.0 ], [ -132.434706018919201, 55.982730825197301, 0.0 ], [ -132.464308544126709, 55.978406888503393, 0.0 ], [ -132.430415409932209, 55.967345074317677, 0.0 ], [ -132.43253166570571, 55.960652866837087, 0.0 ], [ -132.454531495510992, 55.965126378941051, 0.0 ], [ -132.447535112546092, 55.955342034493242, 0.0 ], [ -132.42275974281759, 55.943842350797198, 0.0 ], [ -132.40487539465181, 55.950520885653518, 0.0 ], [ -132.367929621187812, 55.926058877244976, 0.0 ], [ -132.355146371252488, 55.913679314135393, 0.0 ], [ -132.285738782542808, 55.92061039093624, 0.0 ], [ -132.275569545939589, 55.936701522744237, 0.0 ], [ -132.246186997865095, 55.920905244045507, 0.0 ], [ -132.213361488086207, 55.934161860952763, 0.0 ], [ -132.204954463999513, 55.968650773244377, 0.0 ], [ -132.200109723707612, 55.989329803992632, 0.0 ], [ -132.210080194901394, 56.017944274095107, 0.0 ], [ -132.211920603615908, 56.031877029169252, 0.0 ], [ -132.215143210063786, 56.043448009446912, 0.0 ], [ -132.199941665475592, 56.04511874330948, 0.0 ], [ -132.166968105164301, 56.045283135842773, 0.0 ], [ -132.187454537070494, 56.061779513158392, 0.0 ], [ -132.218857916704508, 56.066228389796727, 0.0 ], [ -132.230831066552696, 56.082915696540233, 0.0 ], [ -132.235191137249501, 56.115368874239039, 0.0 ], [ -132.261339180503199, 56.137264133385237, 0.0 ], [ -132.230819740792498, 56.12621360186845, 0.0 ], [ -132.224494223374705, 56.107953625056552, 0.0 ], [ -132.217492924746097, 56.08127232030634, 0.0 ], [ -132.193960219350913, 56.086150830106163, 0.0 ], [ -132.1863841145788, 56.074052236489017, 0.0 ], [ -132.147411385468104, 56.074303418861817, 0.0 ], [ -132.152633321266393, 56.083518268111632, 0.0 ], [ -132.145613218870295, 56.098656735589103, 0.0 ], [ -132.132409907808892, 56.096515983647237, 0.0 ], [ -132.137284623556013, 56.079768141153231, 0.0 ], [ -132.1237410466222, 56.078225160263123, 0.0 ], [ -132.101078508759088, 56.105956321574531, 0.0 ], [ -132.119660711767096, 56.121813180593954, 0.0 ], [ -132.174054421149606, 56.158106799979087, 0.0 ], [ -132.253199730724589, 56.191270590361597, 0.0 ], [ -132.294599560645509, 56.193036610547367, 0.0 ], [ -132.324398268878809, 56.178025405244547, 0.0 ], [ -132.320898468726597, 56.194021798178987, 0.0 ], [ -132.368712459524488, 56.230075361773878, 0.0 ], [ -132.384946111351809, 56.219577591577213, 0.0 ], [ -132.405707750791493, 56.199197912214181, 0.0 ], [ -132.418556940094589, 56.190842628350957, 0.0 ], [ -132.447327996937389, 56.191860661655717, 0.0 ], [ -132.473067880060597, 56.196244049368453, 0.0 ], [ -132.4910498144271, 56.188500989360961, 0.0 ], [ -132.503162509523207, 56.191777673951961, 0.0 ], [ -132.486652007996611, 56.200642694340722, 0.0 ], [ -132.434654913018704, 56.206039724237471, 0.0 ], [ -132.404208382236789, 56.216604691561344, 0.0 ], [ -132.39975438571139, 56.233683066098422, 0.0 ], [ -132.376579682224701, 56.258267672770153, 0.0 ], [ -132.393749535255097, 56.285045617375992, 0.0 ], [ -132.37188501390159, 56.310859998625062, 0.0 ], [ -132.4012041084288, 56.339844656587147, 0.0 ], [ -132.446088155753188, 56.351055902712268, 0.0 ] ] ] } },
{ "type": "Feature", "id": "0983BCB0D640ED089557", "properties": { "name": "迪尔岛", "styleUrl": "#__managed_style_0665B01D9540EC9A485F", "Area": 40501112 }, "geometry": { "type": "Polygon", "coordinates": [ [ [ -132.035270407742587, 56.093695885331798, 0.0 ], [ -132.047583362857011, 56.072031751154611, 0.0 ], [ -132.06449989116939, 56.056679238476427, 0.0 ], [ -132.069687111609994, 56.026594386907227, 0.0 ], [ -132.05062781110729, 56.016593667692348, 0.0 ], [ -132.053895965184097, 56.038731264713689, 0.0 ], [ -132.033874351074786, 56.017289034712633, 0.0 ], [ -132.042112597794102, 56.007857608959128, 0.0 ], [ -132.043199727278903, 55.996173646606671, 0.0 ], [ -132.052499974265004, 55.98284827738452, 0.0 ], [ -132.043162830603194, 55.981103976040878, 0.0 ], [ -132.042549557427009, 55.990734131592589, 0.0 ], [ -132.036709245620898, 55.994350912775928, 0.0 ], [ -132.034485326125207, 56.002438350601288, 0.0 ], [ -132.026222326708591, 55.992071872921848, 0.0 ], [ -132.040538227597494, 55.975212291691513, 0.0 ], [ -132.019884931761993, 55.977124945117033, 0.0 ], [ -132.002305948380894, 55.986645977900743, 0.0 ], [ -132.000971443960594, 56.002026681192213, 0.0 ], [ -131.986122542689998, 56.002409631576747, 0.0 ], [ -131.982617032486786, 56.019950537738787, 0.0 ], [ -131.996394205465009, 56.054531488140853, 0.0 ], [ -132.009619642261413, 56.081166184986692, 0.0 ], [ -132.035270407742587, 56.093695885331798, 0.0 ] ] ] } },
{ "type": "Feature", "id": "0DBBF7E1A940ED0948E6", "properties": { "name": "扎轮博岛", "styleUrl": "#__managed_style_0665B01D9540EC9A485F", "Area": 493590610 }, "geometry": { "type": "Polygon", "coordinates": [ [ [ -132.929857738841889, 56.466181016683343, 0.0 ], [ -132.963711775613092, 56.429509125342143, 0.0 ], [ -133.009487147207608, 56.435833762705514, 0.0 ], [ -133.073952468353099, 56.349769455179143, 0.0 ], [ -133.048198188137889, 56.320037591941478, 0.0 ], [ -132.961386870337208, 56.300073869789493, 0.0 ], [ -132.94302928146459, 56.274558040853258, 0.0 ], [ -132.870797017487604, 56.236216720674761, 0.0 ], [ -132.736462963336407, 56.255044268740853, 0.0 ], [ -132.639002368885002, 56.278429069170549, 0.0 ], [ -132.680324034037199, 56.349584736616173, 0.0 ], [ -132.606765672126301, 56.404915330353788, 0.0 ], [ -132.676554983326412, 56.450963213054457, 0.0 ], [ -132.758677693401012, 56.457593602420232, 0.0 ], [ -132.827292041363989, 56.44419593458381, 0.0 ], [ -132.929857738841889, 56.466181016683343, 0.0 ] ] ] } },
{ "type": "Feature", "id": "0F2A79A41D40ED0A10D3", "properties": { "name": "米科特夫岛", "styleUrl": "#__managed_style_0665B01D9540EC9A485F", "Area": 557479797 }, "geometry": { "type": "Polygon", "coordinates": [ [ [ -132.944492393322207, 56.820489944524013, 0.0 ], [ -132.98073781767431, 56.803233312020382, 0.0 ], [ -132.974708826843511, 56.779611328375417, 0.0 ], [ -132.930926651525112, 56.730506516868637, 0.0 ], [ -132.939794494081497, 56.69353187085936, 0.0 ], [ -132.924645335159596, 56.662320010316847, 0.0 ], [ -132.907927516752807, 56.639303542264336, 0.0 ], [ -132.818435583270201, 56.613120084674748, 0.0 ], [ -132.914073425817406, 56.632873681700779, 0.0 ], [ -132.954010198329087, 56.625116022208033, 0.0 ], [ -132.9790404902445, 56.600926037005372, 0.0 ], [ -132.965719629185799, 56.570832205625457, 0.0 ], [ -132.959535076508189, 56.550306972398268, 0.0 ], [ -132.951285894892692, 56.509145341936957, 0.0 ], [ -132.892533802521314, 56.500753963651448, 0.0 ], [ -132.876305762815605, 56.509187845419611, 0.0 ], [ -132.824122281037802, 56.494213853884489, 0.0 ], [ -132.768314705444112, 56.503349760950613, 0.0 ], [ -132.719927058298509, 56.513112585678847, 0.0 ], [ -132.742903345194293, 56.536659366769172, 0.0 ], [ -132.775548141559995, 56.544991635874531, 0.0 ], [ -132.739388252289501, 56.553463132603042, 0.0 ], [ -132.715960614452797, 56.530531850975628, 0.0 ], [ -132.680115206568104, 56.527972611432851, 0.0 ], [ -132.642686185698011, 56.552559113578987, 0.0 ], [ -132.583928000949186, 56.564840498911401, 0.0 ], [ -132.538559932136593, 56.585694612390142, 0.0 ], [ -132.539333226272788, 56.608999651713248, 0.0 ], [ -132.590737483267986, 56.61034873004489, 0.0 ], [ -132.62863521370619, 56.646733384575363, 0.0 ], [ -132.62184154888169, 56.66847626764671, 0.0 ], [ -132.711331273170089, 56.702999296708803, 0.0 ], [ -132.765411487901304, 56.755203160511797, 0.0 ], [ -132.824497741044809, 56.794635724071497, 0.0 ], [ -132.880290632588697, 56.800880216356809, 0.0 ], [ -132.944492393322207, 56.820489944524013, 0.0 ] ] ] } },
{ "type": "Feature", "id": "05F1E6DE2040ED0BB293", "properties": { "name": "库普列阿诺夫岛", "styleUrl": "#__managed_style_0665B01D9540EC9A485F", "Area": null }, "geometry": { "type": "Polygon", "coordinates": [ [ [ -133.99782006259781, 56.999617195067813, 0.0 ], [ -133.948359627606607, 56.971200152908636, 0.0 ], [ -133.876975288369891, 56.918084681788223, 0.0 ], [ -133.731826174863301, 56.887402928241002, 0.0 ], [ -133.811809048321692, 56.876886848777453, 0.0 ], [ -133.896386183822102, 56.890001202297533, 0.0 ], [ -133.774688492488508, 56.805365438595047, 0.0 ], [ -133.682443983845786, 56.834412130952842, 0.0 ], [ -133.696691746298796, 56.76735447371891, 0.0 ], [ -133.695754291996906, 56.727893158632952, 0.0 ], [ -133.71877296413129, 56.68235718997559, 0.0 ], [ -133.684591102885292, 56.634009312102229, 0.0 ], [ -133.648450840675991, 56.598197755544867, 0.0 ], [ -133.678484023800394, 56.579802612561828, 0.0 ], [ -133.672680774891205, 56.542831445175032, 0.0 ], [ -133.66653696674561, 56.442733810736463, 0.0 ], [ -133.533336675198711, 56.435268663930763, 0.0 ], [ -133.473562738996009, 56.448656285975787, 0.0 ], [ -133.407555506771388, 56.452844483887283, 0.0 ], [ -133.429066432969989, 56.486776963425207, 0.0 ], [ -133.369544759283798, 56.49238902638438, 0.0 ], [ -133.349301191164102, 56.472239896498927, 0.0 ], [ -133.302230186807094, 56.471817871583987, 0.0 ], [ -133.237207588959194, 56.459007939028403, 0.0 ], [ -133.184595308613609, 56.450142524682697, 0.0 ], [ -133.1381074515036, 56.468816842727968, 0.0 ], [ -133.121726778586293, 56.508095652598762, 0.0 ], [ -133.134025952560592, 56.533260998529883, 0.0 ], [ -133.083795873602895, 56.524550699368802, 0.0 ], [ -133.092113023374992, 56.556177488142687, 0.0 ], [ -133.112965433070514, 56.582265499695893, 0.0 ], [ -133.182651927283899, 56.61778188922537, 0.0 ], [ -133.103846146032595, 56.601495621535683, 0.0 ], [ -133.104921517780895, 56.613664860638437, 0.0 ], [ -133.155340822918987, 56.642414367297008, 0.0 ], [ -133.167598210926201, 56.673921588810423, 0.0 ], [ -133.183208309979989, 56.672765670476998, 0.0 ], [ -133.175497861181213, 56.638725193920749, 0.0 ], [ -133.217465237431298, 56.658614580687868, 0.0 ], [ -133.249122517936996, 56.638612591792317, 0.0 ], [ -133.255898329366005, 56.665959457247652, 0.0 ], [ -133.228615304978803, 56.681322340707212, 0.0 ], [ -133.222626703493603, 56.70735387183948, 0.0 ], [ -133.249352594347812, 56.752394919009816, 0.0 ], [ -133.262889287707992, 56.741192024120373, 0.0 ], [ -133.306375879052496, 56.732184365396243, 0.0 ], [ -133.331162934561888, 56.761439239774973, 0.0 ], [ -133.319639601387195, 56.784997027728942, 0.0 ], [ -133.362092509736613, 56.844881503249219, 0.0 ], [ -133.296488429012186, 56.794743003063083, 0.0 ], [ -133.302641304937111, 56.833457151544287, 0.0 ], [ -133.270445117794708, 56.79132426102408, 0.0 ], [ -133.263014519459688, 56.812342654663503, 0.0 ], [ -133.214702894048088, 56.75745606025864, 0.0 ], [ -133.177301232485291, 56.698854514854368, 0.0 ], [ -133.077514868842201, 56.646534767159693, 0.0 ], [ -133.049452771625511, 56.622541850367803, 0.0 ], [ -133.026159036246213, 56.601039491266441, 0.0 ], [ -133.053642885028097, 56.596780233909698, 0.0 ], [ -133.070844649586007, 56.580864794321137, 0.0 ], [ -133.079346634995886, 56.541476202799991, 0.0 ], [ -133.060539786763712, 56.532173999962467, 0.0 ], [ -133.044705163417092, 56.518698307630679, 0.0 ], [ -132.991389529575713, 56.509269968235813, 0.0 ], [ -132.972815218894311, 56.515863943607869, 0.0 ], [ -132.99066597586139, 56.530388217703639, 0.0 ], [ -132.995096510337703, 56.546898019995517, 0.0 ], [ -132.973659223289388, 56.538711336043107, 0.0 ], [ -132.973357354229108, 56.564128277612852, 0.0 ], [ -132.982694684797792, 56.589854190070078, 0.0 ], [ -133.0061031280392, 56.598920809385163, 0.0 ], [ -132.954142031624912, 56.629916792400223, 0.0 ], [ -132.933126041547098, 56.664060793743403, 0.0 ], [ -132.956211686615291, 56.689670737775231, 0.0 ], [ -132.958211837410005, 56.739092979555423, 0.0 ], [ -132.974654784565104, 56.750125814691593, 0.0 ], [ -132.986854060374498, 56.766356072602747, 0.0 ], [ -132.989428163561996, 56.796023894229933, 0.0 ], [ -133.000910036386102, 56.806309191092161, 0.0 ], [ -133.014235609967898, 56.828170438273432, 0.0 ], [ -133.063655017313408, 56.841912720660233, 0.0 ], [ -133.017259148200708, 56.835072149419403, 0.0 ], [ -132.991730100361906, 56.814359641025312, 0.0 ], [ -132.93303907142311, 56.841218295076153, 0.0 ], [ -132.962296979381506, 56.890531821842139, 0.0 ], [ -133.021659547419006, 56.950308817642558, 0.0 ], [ -133.118392433150291, 57.00149994343117, 0.0 ], [ -133.292330133847713, 57.017276705981267, 0.0 ], [ -133.31645050770851, 57.004238337535241, 0.0 ], [ -133.263321537393495, 56.937461763451893, 0.0 ], [ -133.283790718101301, 56.92259020384693, 0.0 ], [ -133.360429945969202, 57.011684178586172, 0.0 ], [ -133.387468960697106, 57.007338447545173, 0.0 ], [ -133.4698749122104, 57.029963168737822, 0.0 ], [ -133.680545805916097, 57.063641965352538, 0.0 ], [ -133.892168822108914, 57.096501707744878, 0.0 ], [ -134.029096475320614, 57.071632534170917, 0.0 ], [ -134.036813468522411, 57.024452880216238, 0.0 ], [ -133.99782006259781, 56.999617195067813, 0.0 ] ] ] } },
{ "type": "Feature", "id": "03F6678A8140ED0F29F6", "properties": { "name": "库尤岛", "styleUrl": "#__managed_style_0665B01D9540EC9A485F", "Area": 2046156240 }, "geometry": { "type": "Polygon", "coordinates": [ [ [ -134.397317361691506, 56.766967313323548, 0.0 ], [ -134.408146192245198, 56.736897675393209, 0.0 ], [ -134.370012680138899, 56.677532604203464, 0.0 ], [ -134.306634365371792, 56.649093933235413, 0.0 ], [ -134.26150781525979, 56.661680017694138, 0.0 ], [ -134.253207355423314, 56.682124209187712, 0.0 ], [ -134.227891902158206, 56.676867697474677, 0.0 ], [ -134.218849522278589, 56.666868241026037, 0.0 ], [ -134.253447139901908, 56.645231981231483, 0.0 ], [ -134.265549609862006, 56.650276277245872, 0.0 ], [ -134.289663996875504, 56.644345437097357, 0.0 ], [ -134.2817274148737, 56.634434684745493, 0.0 ], [ -134.279656973668011, 56.603086632083077, 0.0 ], [ -134.235834003072199, 56.616800244742443, 0.0 ], [ -134.194675468371088, 56.623727310505437, 0.0 ], [ -134.181874499816786, 56.613116159410488, 0.0 ], [ -134.219778683107506, 56.606955510738608, 0.0 ], [ -134.285647323185287, 56.582638682942033, 0.0 ], [ -134.319930471554301, 56.565191683835558, 0.0 ], [ -134.31737163539151, 56.552799843465579, 0.0 ], [ -134.29678789007869, 56.556643023995463, 0.0 ], [ -134.276252770928693, 56.5597851610002, 0.0 ], [ -134.254507531693093, 56.558681595882682, 0.0 ], [ -134.228049818007889, 56.55063516789172, 0.0 ], [ -134.202016428059608, 56.535698963888109, 0.0 ], [ -134.158361073456405, 56.502041895748278, 0.0 ], [ -134.141844849618707, 56.477093686637438, 0.0 ], [ -134.110323339009312, 56.49148450976756, 0.0 ], [ -134.095581435898509, 56.534259259764447, 0.0 ], [ -134.074461237501595, 56.545672365805487, 0.0 ], [ -134.07188984780089, 56.518061538570727, 0.0 ], [ -134.060429632588693, 56.500496325783267, 0.0 ], [ -134.047714857797104, 56.482317985906107, 0.0 ], [ -134.076310827271612, 56.488784556982793, 0.0 ], [ -134.094046159182113, 56.480193737606633, 0.0 ], [ -134.071816171900309, 56.455653765438143, 0.0 ], [ -134.094303634669302, 56.459481461455042, 0.0 ], [ -134.05849752506731, 56.428746264064131, 0.0 ], [ -134.047714389331105, 56.396963056303541, 0.0 ], [ -134.04202953134461, 56.365937238186753, 0.0 ], [ -134.056882455015199, 56.365787681248641, 0.0 ], [ -134.055149625593486, 56.336976183865538, 0.0 ], [ -134.066766347621609, 56.355644926515843, 0.0 ], [ -134.063746674934691, 56.372109994625383, 0.0 ], [ -134.06735921685339, 56.390588776383638, 0.0 ], [ -134.086601831649887, 56.404021927935787, 0.0 ], [ -134.094408173937893, 56.399052117853877, 0.0 ], [ -134.11450234016209, 56.414898684997041, 0.0 ], [ -134.141925806660794, 56.396445033644618, 0.0 ], [ -134.128732211187611, 56.377112614944942, 0.0 ], [ -134.148530910279504, 56.384786139093251, 0.0 ], [ -134.167972663939906, 56.361356403542032, 0.0 ], [ -134.178221405356993, 56.364714987901472, 0.0 ], [ -134.170622126693388, 56.380423135761241, 0.0 ], [ -134.155361873849813, 56.390400793319309, 0.0 ], [ -134.16337082294811, 56.407499218690297, 0.0 ], [ -134.181356961193899, 56.448585627034397, 0.0 ], [ -134.198343639402395, 56.440080272537081, 0.0 ], [ -134.189407848499798, 56.412852964751472, 0.0 ], [ -134.223387073170386, 56.417214207342468, 0.0 ], [ -134.227902009439703, 56.430459571597488, 0.0 ], [ -134.252959124140403, 56.417531480405607, 0.0 ], [ -134.236334026561309, 56.412920151890937, 0.0 ], [ -134.231492569188191, 56.390120011615082, 0.0 ], [ -134.242805952404609, 56.389954619169977, 0.0 ], [ -134.233806458372499, 56.36278023380509, 0.0 ], [ -134.26643808418649, 56.37024582204409, 0.0 ], [ -134.291094334890687, 56.352345258800113, 0.0 ], [ -134.286040240515689, 56.337796443054579, 0.0 ], [ -134.263897455235195, 56.310492111695588, 0.0 ], [ -134.287988507266306, 56.315778678645273, 0.0 ], [ -134.291925551150314, 56.290288509489649, 0.0 ], [ -134.253448081109212, 56.288594700022003, 0.0 ], [ -134.228752949843198, 56.301863326418491, 0.0 ], [ -134.243411851973093, 56.304751517632852, 0.0 ], [ -134.217891564096107, 56.320906185309987, 0.0 ], [ -134.170569755206714, 56.327633464074829, 0.0 ], [ -134.181538073748612, 56.309187745110627, 0.0 ], [ -134.153792436981007, 56.285410183984027, 0.0 ], [ -134.182271053130307, 56.294918059843312, 0.0 ], [ -134.192377862474501, 56.310029553599577, 0.0 ], [ -134.205001238809189, 56.308866865394869, 0.0 ], [ -134.212142355091999, 56.291381194699888, 0.0 ], [ -134.234108845486702, 56.269689351971053, 0.0 ], [ -134.207721603904588, 56.240544985628858, 0.0 ], [ -134.230869031624309, 56.244093244345542, 0.0 ], [ -134.248968154512397, 56.270742059979781, 0.0 ], [ -134.291572568402501, 56.268812423909672, 0.0 ], [ -134.253707896401295, 56.222579136706379, 0.0 ], [ -134.25267235381159, 56.189985081756447, 0.0 ], [ -134.250654278908399, 56.170061370572547, 0.0 ], [ -134.221933659460007, 56.165704960597317, 0.0 ], [ -134.211744482987314, 56.157867869960278, 0.0 ], [ -134.221804834595389, 56.146484161111708, 0.0 ], [ -134.246941423718596, 56.139036925557278, 0.0 ], [ -134.259803105787597, 56.115446762818102, 0.0 ], [ -134.211535283520789, 56.104842910213357, 0.0 ], [ -134.232296024624503, 56.096546477427339, 0.0 ], [ -134.226219463331688, 56.062511646087323, 0.0 ], [ -134.177043321189188, 56.059957055641128, 0.0 ], [ -134.157090761514695, 56.046087557903007, 0.0 ], [ -134.178355448904398, 56.03085444904108, 0.0 ], [ -134.157873069464188, 56.015130586155628, 0.0 ], [ -134.134832819727308, 55.998553064888512, 0.0 ], [ -134.103651589134103, 56.048279579498058, 0.0 ], [ -134.124049499609612, 56.055502242533322, 0.0 ], [ -134.154182971061601, 56.086591942101542, 0.0 ], [ -134.146271719954314, 56.093608602212313, 0.0 ], [ -134.120173326529908, 56.072144493344233, 0.0 ], [ -134.088552558167407, 56.096568698491438, 0.0 ], [ -134.108676172232407, 56.102627781325481, 0.0 ], [ -134.108647371601307, 56.123690028091723, 0.0 ], [ -134.108367209198803, 56.145952288139839, 0.0 ], [ -134.131155248584292, 56.143358072326834, 0.0 ], [ -134.152728457277789, 56.143945499965533, 0.0 ], [ -134.151718410730297, 56.134179267310593, 0.0 ], [ -134.16084846045149, 56.135608057679171, 0.0 ], [ -134.173344251403392, 56.125390656317968, 0.0 ], [ -134.166279703148092, 56.145633218748372, 0.0 ], [ -134.190792154010694, 56.152807072785819, 0.0 ], [ -134.173979195843401, 56.159504549543321, 0.0 ], [ -134.193518474729387, 56.183200944027469, 0.0 ], [ -134.150419244634804, 56.165040656652238, 0.0 ], [ -134.112738396769998, 56.168327627046473, 0.0 ], [ -134.092964889925014, 56.188319674949433, 0.0 ], [ -134.09302722831481, 56.219248702025759, 0.0 ], [ -134.115491633849587, 56.227294862449419, 0.0 ], [ -134.106028940870402, 56.261753457500767, 0.0 ], [ -134.104950110949005, 56.236281774778249, 0.0 ], [ -134.084812781334904, 56.228004451567912, 0.0 ], [ -134.074207230614007, 56.243104376682801, 0.0 ], [ -134.0745485839536, 56.270713387859139, 0.0 ], [ -134.076127174240412, 56.301451005180567, 0.0 ], [ -134.074267905488711, 56.320173431822347, 0.0 ], [ -134.059148480780607, 56.30922419306097, 0.0 ], [ -134.049949996104203, 56.286649507043833, 0.0 ], [ -134.040882102127597, 56.259976603476929, 0.0 ], [ -134.058794559705092, 56.245220964292898, 0.0 ], [ -134.06039583110379, 56.218717335689711, 0.0 ], [ -134.034396572864296, 56.194717317388019, 0.0 ], [ -134.033441482363713, 56.167180173716588, 0.0 ], [ -134.030155743448006, 56.141353668996771, 0.0 ], [ -134.043966607367111, 56.111541964414798, 0.0 ], [ -134.02324802738471, 56.087464578066019, 0.0 ], [ -133.993704527539506, 56.083292503617599, 0.0 ], [ -133.964230455353601, 56.087687590169473, 0.0 ], [ -133.953722398303711, 56.106882091621507, 0.0 ], [ -133.958711473784092, 56.131341240070597, 0.0 ], [ -133.93633661468121, 56.138931382879967, 0.0 ], [ -133.933596781982203, 56.158848174768323, 0.0 ], [ -133.939113141935792, 56.205929810542557, 0.0 ], [ -133.874248089132891, 56.227606552450872, 0.0 ], [ -133.925662218720902, 56.2779912862771, 0.0 ], [ -133.981820301679988, 56.263707765140758, 0.0 ], [ -133.964382867848713, 56.353369315849221, 0.0 ], [ -133.891308598036488, 56.281206586338023, 0.0 ], [ -133.863530346520889, 56.278051116404761, 0.0 ], [ -133.850058591263092, 56.301128906354258, 0.0 ], [ -133.835210749899005, 56.342072375128147, 0.0 ], [ -133.918930273198811, 56.372684754815268, 0.0 ], [ -133.926739606793689, 56.406625412559393, 0.0 ], [ -133.901811639440098, 56.388905685212293, 0.0 ], [ -133.872437428392914, 56.390879492040483, 0.0 ], [ -133.891522669720501, 56.430884394445172, 0.0 ], [ -133.950369817181809, 56.434034331205197, 0.0 ], [ -133.887524115020398, 56.445864806434912, 0.0 ], [ -133.870401756383387, 56.429968554484731, 0.0 ], [ -133.836503972346208, 56.42843928376854, 0.0 ], [ -133.860470107386988, 56.451844190553381, 0.0 ], [ -133.863466934483, 56.474781423135127, 0.0 ], [ -133.90705808609701, 56.490592646514628, 0.0 ], [ -133.945174995062388, 56.488104522755052, 0.0 ], [ -133.97249001020441, 56.507046828975881, 0.0 ], [ -133.932177011940496, 56.501128751908432, 0.0 ], [ -133.927499940172197, 56.514449541785787, 0.0 ], [ -133.904377766478888, 56.511838133849452, 0.0 ], [ -133.88135259270129, 56.515290953635549, 0.0 ], [ -133.876317128083514, 56.534614939758789, 0.0 ], [ -133.867889935525199, 56.549904293882477, 0.0 ], [ -133.884679007534999, 56.55923196602118, 0.0 ], [ -133.925581827030499, 56.558373360732439, 0.0 ], [ -133.90797155979061, 56.565409669342962, 0.0 ], [ -133.894699289724514, 56.562997398538393, 0.0 ], [ -133.858779881874909, 56.558612027159413, 0.0 ], [ -133.843274828582707, 56.574580208566957, 0.0 ], [ -133.8654755081036, 56.586535702071167, 0.0 ], [ -133.89957885835301, 56.607925282614403, 0.0 ], [ -133.925318017260395, 56.601378769318657, 0.0 ], [ -133.940513812200891, 56.619869882321687, 0.0 ], [ -133.922940642018204, 56.614048997250762, 0.0 ], [ -133.872599627625192, 56.608998267570037, 0.0 ], [ -133.836332910384812, 56.608469822923851, 0.0 ], [ -133.839214083266995, 56.600725598970897, 0.0 ], [ -133.8215463202298, 56.589631554399787, 0.0 ], [ -133.813315356187502, 56.612092529371957, 0.0 ], [ -133.795008413168603, 56.586867143507703, 0.0 ], [ -133.784408592027489, 56.559174762578543, 0.0 ], [ -133.735240955291914, 56.557414219583229, 0.0 ], [ -133.714588282609213, 56.588145593921958, 0.0 ], [ -133.709043058902211, 56.585737931847042, 0.0 ], [ -133.688127725250013, 56.603258581180967, 0.0 ], [ -133.702425911413513, 56.60959837426401, 0.0 ], [ -133.718043693383692, 56.629969381620278, 0.0 ], [ -133.736071663549211, 56.628800181535581, 0.0 ], [ -133.728890053823108, 56.644091369345311, 0.0 ], [ -133.711541000201407, 56.635714112869508, 0.0 ], [ -133.71137643920639, 56.642227125705944, 0.0 ], [ -133.729406277374011, 56.662696804401278, 0.0 ], [ -133.742546277953807, 56.673550584822728, 0.0 ], [ -133.765549687791804, 56.680881275712068, 0.0 ], [ -133.760681999731389, 56.698137081283328, 0.0 ], [ -133.767712819131788, 56.713740446311839, 0.0 ], [ -133.7659502193126, 56.735907152638347, 0.0 ], [ -133.735825732810412, 56.751091871594468, 0.0 ], [ -133.726751115587689, 56.777848864206042, 0.0 ], [ -133.752605324853789, 56.776659262721353, 0.0 ], [ -133.791651850814105, 56.787682117938033, 0.0 ], [ -133.825849437694387, 56.777931112415693, 0.0 ], [ -133.815618847266705, 56.790125935215798, 0.0 ], [ -133.816207597200986, 56.801146905871498, 0.0 ], [ -133.845076264330999, 56.802839949230858, 0.0 ], [ -133.86262337741951, 56.81029194264719, 0.0 ], [ -133.895134500084112, 56.809688742873981, 0.0 ], [ -133.89096209840389, 56.792132698007698, 0.0 ], [ -133.876728302955911, 56.78877992226181, 0.0 ], [ -133.864862842271805, 56.775852564231087, 0.0 ], [ -133.874478785824607, 56.762460646829723, 0.0 ], [ -133.862888088648589, 56.750870315179107, 0.0 ], [ -133.874163838397408, 56.730250874557512, 0.0 ], [ -133.885736374780294, 56.716812295703363, 0.0 ], [ -133.903906282229997, 56.7043873769409, 0.0 ], [ -133.908815806245912, 56.721705869641227, 0.0 ], [ -133.919070214123792, 56.708090825929403, 0.0 ], [ -133.933522227199205, 56.694356526414339, 0.0 ], [ -133.942849576308106, 56.676662021890053, 0.0 ], [ -133.952364478328008, 56.655985907981652, 0.0 ], [ -133.972807399154391, 56.638126897052679, 0.0 ], [ -133.993631304564701, 56.633192207596103, 0.0 ], [ -134.004392032649008, 56.6461959041266, 0.0 ], [ -134.055100681930497, 56.643585630767987, 0.0 ], [ -134.031477156123401, 56.653027305363722, 0.0 ], [ -133.991847911352409, 56.650537982870063, 0.0 ], [ -133.96666451210109, 56.660181884807763, 0.0 ], [ -133.950887934769298, 56.693771209064757, 0.0 ], [ -133.959318711201291, 56.709911419193489, 0.0 ], [ -133.923475252768412, 56.739701283335208, 0.0 ], [ -133.921401484455799, 56.769067396284733, 0.0 ], [ -133.952876223847312, 56.806487149162777, 0.0 ], [ -133.966404604046687, 56.795145594491359, 0.0 ], [ -133.995744009773006, 56.785378672788937, 0.0 ], [ -134.007694183098209, 56.805742411973917, 0.0 ], [ -133.964423344212406, 56.808186875572993, 0.0 ], [ -133.96738648596309, 56.828362371752128, 0.0 ], [ -134.000207391828809, 56.834632926322691, 0.0 ], [ -134.004321588282892, 56.87666872496365, 0.0 ], [ -134.056740063206888, 56.8876309828347, 0.0 ], [ -134.150408087332295, 56.917869054341317, 0.0 ], [ -134.168265022669914, 56.912324625367511, 0.0 ], [ -134.236607086670887, 56.935413712415858, 0.0 ], [ -134.280161513071704, 56.938119776360402, 0.0 ], [ -134.244236058928493, 56.91713687604765, 0.0 ], [ -134.241532263227811, 56.928008347368063, 0.0 ], [ -134.203460036790688, 56.905499861016906, 0.0 ], [ -134.22377623765459, 56.900781169954513, 0.0 ], [ -134.147578263157897, 56.881907268087943, 0.0 ], [ -134.148170721561712, 56.86842339549267, 0.0 ], [ -134.124965246298586, 56.847319778662417, 0.0 ], [ -134.157541462466611, 56.84518671625171, 0.0 ], [ -134.212813142090596, 56.869055517082742, 0.0 ], [ -134.273312419545107, 56.900697694962759, 0.0 ], [ -134.3143488838775, 56.90587883840184, 0.0 ], [ -134.355369577053011, 56.890801282471891, 0.0 ], [ -134.33899431152409, 56.858777066472747, 0.0 ], [ -134.302456210828893, 56.843552314388013, 0.0 ], [ -134.298405321060301, 56.828049735239503, 0.0 ], [ -134.277998717591203, 56.810693572367498, 0.0 ], [ -134.286576313159202, 56.797033580168929, 0.0 ], [ -134.295398057228113, 56.777604820978418, 0.0 ], [ -134.306132500955101, 56.778524152075107, 0.0 ], [ -134.295843624123989, 56.796904958734473, 0.0 ], [ -134.298868356818787, 56.814686339802101, 0.0 ], [ -134.336852512483688, 56.829265869093838, 0.0 ], [ -134.368064665480688, 56.859366271235473, 0.0 ], [ -134.398729596126714, 56.861046574245186, 0.0 ], [ -134.419168971732802, 56.841788815294947, 0.0 ], [ -134.397317361691506, 56.766967313323548, 0.0 ] ] ] } },
{ "type": "Feature", "id": "03B85DAE5540ED11A761", "properties": { "name": "阿德默勒尔蒂岛", "styleUrl": "#__managed_style_0665B01D9540EC9A485F", "Area": null }, "geometry": { "type": "Polygon", "coordinates": [ [ [ -134.954226560224299, 58.409689602122988, 0.0 ], [ -134.970562898600207, 58.363449184988283, 0.0 ], [ -134.945026904234794, 58.261777575630028, 0.0 ], [ -134.920844443046406, 58.244122304422163, 0.0 ], [ -134.879405771485892, 58.255563389127488, 0.0 ], [ -134.917758164832691, 58.223210954203083, 0.0 ], [ -134.889459658733699, 58.183882259398551, 0.0 ], [ -134.853683444067599, 58.172853396220262, 0.0 ], [ -134.808338960718686, 58.114957992994313, 0.0 ], [ -134.788584145265389, 58.094125817238847, 0.0 ], [ -134.769410513013213, 58.124806611119311, 0.0 ], [ -134.770022953702494, 58.164444668161181, 0.0 ], [ -134.753120577291298, 58.184752897043587, 0.0 ], [ -134.729430373413607, 58.179902167114513, 0.0 ], [ -134.729709267384209, 58.170791692921362, 0.0 ], [ -134.753984337573513, 58.166977086343813, 0.0 ], [ -134.762859934366787, 58.156879302160711, 0.0 ], [ -134.759953798233596, 58.131575423708227, 0.0 ], [ -134.779333820071002, 58.079388736452259, 0.0 ], [ -134.802019982620692, 58.065386215187573, 0.0 ], [ -134.811571509518103, 58.047103241101667, 0.0 ], [ -134.802596299082609, 58.033626601216604, 0.0 ], [ -134.75985924038369, 57.988706078815177, 0.0 ], [ -134.76809323543651, 57.960918692217689, 0.0 ], [ -134.748017993586814, 57.911962767607463, 0.0 ], [ -134.730820506707602, 57.885074651914657, 0.0 ], [ -134.720139910562494, 57.829693255840503, 0.0 ], [ -134.72558392638291, 57.763155544678121, 0.0 ], [ -134.739632417936093, 57.725116350287337, 0.0 ], [ -134.702894977732598, 57.6956884747066, 0.0 ], [ -134.688536276329387, 57.649688119343921, 0.0 ], [ -134.677674178513598, 57.603117776553951, 0.0 ], [ -134.620431543956698, 57.558028072784992, 0.0 ], [ -134.58702354588209, 57.472470721510959, 0.0 ], [ -134.4910211933597, 57.41414318298169, 0.0 ], [ -134.463525313574991, 57.383516653197447, 0.0 ], [ -134.405499960520189, 57.379588557320133, 0.0 ], [ -134.363861517155414, 57.392244211513919, 0.0 ], [ -134.338404294228894, 57.392883825441487, 0.0 ], [ -134.387973956921712, 57.375438614716543, 0.0 ], [ -134.325217586143793, 57.34133413019029, 0.0 ], [ -134.389963648497286, 57.348678176170537, 0.0 ], [ -134.41112992102731, 57.371625246545271, 0.0 ], [ -134.500037496201202, 57.372177618925527, 0.0 ], [ -134.524368820512109, 57.403515486692967, 0.0 ], [ -134.583547757105691, 57.402095003778847, 0.0 ], [ -134.573126255308892, 57.354808405317428, 0.0 ], [ -134.582476087228201, 57.340436203785373, 0.0 ], [ -134.545499251189312, 57.33621377803253, 0.0 ], [ -134.497833098881614, 57.341036490783353, 0.0 ], [ -134.521909295887497, 57.332204494776619, 0.0 ], [ -134.507999154471889, 57.324902332848353, 0.0 ], [ -134.486807916549907, 57.324775166650078, 0.0 ], [ -134.482504317278597, 57.315990611679112, 0.0 ], [ -134.534748990518409, 57.316301329237149, 0.0 ], [ -134.580999534586311, 57.302765357990857, 0.0 ], [ -134.5902854224789, 57.28321777307201, 0.0 ], [ -134.619153304376198, 57.270441222997484, 0.0 ], [ -134.61368619552681, 57.261205145107851, 0.0 ], [ -134.591014428877486, 57.244523401197597, 0.0 ], [ -134.554764988368191, 57.238544006641803, 0.0 ], [ -134.540714592599301, 57.228825164774733, 0.0 ], [ -134.573465853069592, 57.224466689210843, 0.0 ], [ -134.610952366948709, 57.235168319738882, 0.0 ], [ -134.636599697116594, 57.245726096109252, 0.0 ], [ -134.655806926034188, 57.21854444134901, 0.0 ], [ -134.640397978251286, 57.186998226627203, 0.0 ], [ -134.614146202302493, 57.163093614863008, 0.0 ], [ -134.630438236422293, 57.143353017118777, 0.0 ], [ -134.637118006826995, 57.116243338319528, 0.0 ], [ -134.629835193199398, 57.081386591018727, 0.0 ], [ -134.618846403634393, 57.050581528350008, 0.0 ], [ -134.622774930633398, 57.011096126875259, 0.0 ], [ -134.586624543836393, 57.038486390950453, 0.0 ], [ -134.573194222900696, 57.015214195203868, 0.0 ], [ -134.553099268353691, 57.040412160206841, 0.0 ], [ -134.536814437730612, 57.023794299686656, 0.0 ], [ -134.475825706528894, 57.027775879403819, 0.0 ], [ -134.487085018917298, 57.046836297805328, 0.0 ], [ -134.364249683927312, 57.091826105916127, 0.0 ], [ -134.39559247956231, 57.112577030190153, 0.0 ], [ -134.370843095394406, 57.124804083097928, 0.0 ], [ -134.325579883655394, 57.118338443272513, 0.0 ], [ -134.336951993568306, 57.140785189228083, 0.0 ], [ -134.283314921700395, 57.133060553913523, 0.0 ], [ -134.268334026227393, 57.151712079782357, 0.0 ], [ -134.293283774230503, 57.159118603432702, 0.0 ], [ -134.300760861104493, 57.250094020289879, 0.0 ], [ -134.285606618568693, 57.238451182058569, 0.0 ], [ -134.286819227712698, 57.17774095271934, 0.0 ], [ -134.254893985342193, 57.182212173286331, 0.0 ], [ -134.235372691119295, 57.181681874309199, 0.0 ], [ -134.231347970841199, 57.163117608993367, 0.0 ], [ -134.158310189730202, 57.207825124498001, 0.0 ], [ -134.149744846712792, 57.23496891708114, 0.0 ], [ -134.143128538955807, 57.260607201823277, 0.0 ], [ -134.11886901356641, 57.238174546044107, 0.0 ], [ -134.092986371390111, 57.26773109638269, 0.0 ], [ -134.112678770981205, 57.294472898556663, 0.0 ], [ -134.129102820682391, 57.305223195462283, 0.0 ], [ -134.155364150559706, 57.308228852236773, 0.0 ], [ -134.120862704870603, 57.315615194869132, 0.0 ], [ -134.14188977582171, 57.331110380026807, 0.0 ], [ -134.1636689119469, 57.33616088161876, 0.0 ], [ -134.15505389108651, 57.348537953905868, 0.0 ], [ -134.15896115180189, 57.364589440018193, 0.0 ], [ -134.183523915614813, 57.378740559145157, 0.0 ], [ -134.153000064990891, 57.370942092560647, 0.0 ], [ -134.139527504710003, 57.366957291483608, 0.0 ], [ -134.116751054172312, 57.332702020376793, 0.0 ], [ -134.101760408892403, 57.314797924137842, 0.0 ], [ -134.085757788955192, 57.335159631131987, 0.0 ], [ -134.084299980083813, 57.361825714804063, 0.0 ], [ -134.051168672393999, 57.323492141685612, 0.0 ], [ -134.00635045518581, 57.316350379144168, 0.0 ], [ -133.989122984784103, 57.297557249155687, 0.0 ], [ -133.92668081348171, 57.323352615897562, 0.0 ], [ -133.935954059079194, 57.331676225044099, 0.0 ], [ -133.86833483175829, 57.353891417535749, 0.0 ], [ -133.875022740754588, 57.405791857493689, 0.0 ], [ -133.90705186798499, 57.447484781870408, 0.0 ], [ -133.923519916319009, 57.441298015306302, 0.0 ], [ -133.923505990102512, 57.430652406024038, 0.0 ], [ -133.946668687513693, 57.434089881830467, 0.0 ], [ -133.967571202575101, 57.422397302388312, 0.0 ], [ -133.979861832547414, 57.429172392020362, 0.0 ], [ -133.963565862102598, 57.446876616602971, 0.0 ], [ -133.98043519838879, 57.459731681804939, 0.0 ], [ -134.02441658297991, 57.463248514042547, 0.0 ], [ -134.077886126726099, 57.466365736178503, 0.0 ], [ -134.054886362710505, 57.479991245400228, 0.0 ], [ -134.053276394130705, 57.491350433418809, 0.0 ], [ -134.022052267287592, 57.490993105792747, 0.0 ], [ -133.971435631422708, 57.480716017807318, 0.0 ], [ -133.936428874078587, 57.469229534453227, 0.0 ], [ -133.913818016003205, 57.477557140168763, 0.0 ], [ -133.91195812639981, 57.490284111379992, 0.0 ], [ -133.846809834067386, 57.43085564914027, 0.0 ], [ -133.837688516433388, 57.433296202120047, 0.0 ], [ -133.865753108543203, 57.496976220225299, 0.0 ], [ -133.933026958396994, 57.545928111035877, 0.0 ], [ -133.941347980086505, 57.568273160721112, 0.0 ], [ -133.927601548717291, 57.609631520626913, 0.0 ], [ -133.977589575915204, 57.645711874420464, 0.0 ], [ -134.027761813904107, 57.659440727306958, 0.0 ], [ -134.080754969955592, 57.661693357879777, 0.0 ], [ -134.038366829311087, 57.676426751209391, 0.0 ], [ -134.120604832078897, 57.74422876758981, 0.0 ], [ -134.165661415718603, 57.801885264229909, 0.0 ], [ -134.237232377214411, 57.874832601097587, 0.0 ], [ -134.280024434245092, 57.862064784911617, 0.0 ], [ -134.225651490647408, 57.900062957006618, 0.0 ], [ -134.166705685746791, 57.912471622156438, 0.0 ], [ -134.075030349416096, 57.837899201948147, 0.0 ], [ -134.024785258847487, 57.760301396454047, 0.0 ], [ -133.94544359578839, 57.663606876063959, 0.0 ], [ -133.874339007356213, 57.630198772881762, 0.0 ], [ -133.836695318898393, 57.570007296393257, 0.0 ], [ -133.778396494176292, 57.579176327559111, 0.0 ], [ -133.797783842671606, 57.634921857440737, 0.0 ], [ -133.88574701927601, 57.694877160602879, 0.0 ], [ -133.901915571845706, 57.813920510583841, 0.0 ], [ -133.997446990963994, 57.935917952136059, 0.0 ], [ -134.086492962885302, 58.017899805360699, 0.0 ], [ -134.1905342532595, 58.119530258449842, 0.0 ], [ -134.162750758884613, 58.160090095159603, 0.0 ], [ -134.284259321190092, 58.15393193240066, 0.0 ], [ -134.423793652400491, 58.1702817085975, 0.0 ], [ -134.555600037400097, 58.19092244087075, 0.0 ], [ -134.626412665843588, 58.168182151211937, 0.0 ], [ -134.698222160584208, 58.16108083092751, 0.0 ], [ -134.701673103304699, 58.234335830722401, 0.0 ], [ -134.756981388319787, 58.287998512664927, 0.0 ], [ -134.807551728922789, 58.335676630013729, 0.0 ], [ -134.886916137146386, 58.37744491558697, 0.0 ], [ -134.874464942206487, 58.319595378419763, 0.0 ], [ -134.954226560224299, 58.409689602122988, 0.0 ] ] ] } },
{ "type": "Feature", "id": "0DE601307D40ED148234", "properties": { "name": "奇恰戈夫岛", "styleUrl": "#__managed_style_0665B01D9540EC9A485F", "Area": null }, "geometry": { "type": "Polygon", "coordinates": [ [ [ -136.207682114417509, 58.183543227231013, 0.0 ], [ -136.171974502252112, 58.139697175646731, 0.0 ], [ -136.189766438813905, 58.106937622312977, 0.0 ], [ -136.1003458448007, 58.063943609839889, 0.0 ], [ -136.182249812959611, 58.08213840080326, 0.0 ], [ -136.208004285106114, 58.100486589617446, 0.0 ], [ -136.203509752141514, 58.140370349497999, 0.0 ], [ -136.235602214981213, 58.166297466047183, 0.0 ], [ -136.270153773858794, 58.209751932808182, 0.0 ], [ -136.335977769182904, 58.238065166467237, 0.0 ], [ -136.2850940966064, 58.241802865690573, 0.0 ], [ -136.2953710664178, 58.267536101256937, 0.0 ], [ -136.395681424116788, 58.258700936419082, 0.0 ], [ -136.345125780782297, 58.220078243902613, 0.0 ], [ -136.413223060110795, 58.204487955658088, 0.0 ], [ -136.346263977535614, 58.18264354494147, 0.0 ], [ -136.309664121839091, 58.145038350334147, 0.0 ], [ -136.276411208266211, 58.103006400632381, 0.0 ], [ -136.373168853935596, 58.147446772453577, 0.0 ], [ -136.405225503027111, 58.141265713835978, 0.0 ], [ -136.447069326159408, 58.11951530878568, 0.0 ], [ -136.420439520997689, 58.070323426595749, 0.0 ], [ -136.35500646557179, 58.0499483943589, 0.0 ], [ -136.311084529450397, 58.013336283584607, 0.0 ], [ -136.258960297803696, 57.980602500317531, 0.0 ], [ -136.193685674018212, 57.93937439170714, 0.0 ], [ -136.14113206795119, 57.899974008507691, 0.0 ], [ -136.090847882991397, 57.870048708723047, 0.0 ], [ -136.021675897646588, 57.836468473121798, 0.0 ], [ -136.08764394781511, 57.861388500462283, 0.0 ], [ -136.120976273124199, 57.876605528985102, 0.0 ], [ -136.171016961671114, 57.913511582322663, 0.0 ], [ -136.239734326686488, 57.948408778401607, 0.0 ], [ -136.312367230303011, 57.978662533142348, 0.0 ], [ -136.32470385949631, 57.995351383827789, 0.0 ], [ -136.374500566416202, 58.035494194675273, 0.0 ], [ -136.451739804093307, 58.067405043184948, 0.0 ], [ -136.485945530647314, 58.102753424378427, 0.0 ], [ -136.535228255527102, 58.083152372700383, 0.0 ], [ -136.557414620776086, 57.986140413541307, 0.0 ], [ -136.563183097797292, 57.922813735917572, 0.0 ], [ -136.49591631056299, 57.891403672939482, 0.0 ], [ -136.4112324945323, 57.822768759075501, 0.0 ], [ -136.308345032169711, 57.789118741890029, 0.0 ], [ -136.311622065030008, 57.765520528692157, 0.0 ], [ -136.246246874856297, 57.678057526314852, 0.0 ], [ -136.15266940989369, 57.638794301112682, 0.0 ], [ -136.105697476224009, 57.605734080916548, 0.0 ], [ -136.059787206925506, 57.590907247960423, 0.0 ], [ -136.043785066753088, 57.574964980515468, 0.0 ], [ -136.024928797750789, 57.555532603321353, 0.0 ], [ -135.997319068787192, 57.553378099855813, 0.0 ], [ -135.972294689736998, 57.57237603161979, 0.0 ], [ -135.950358622647911, 57.580773177083678, 0.0 ], [ -136.001238565880612, 57.602506713895899, 0.0 ], [ -135.96041040917919, 57.591362550860218, 0.0 ], [ -135.941693659556393, 57.591730340524322, 0.0 ], [ -135.922935683262097, 57.586417420953673, 0.0 ], [ -135.925501000217395, 57.579271065972861, 0.0 ], [ -135.908905684426003, 57.563080395731653, 0.0 ], [ -135.92531700849031, 57.563955192871148, 0.0 ], [ -135.939290293273586, 57.572055244994267, 0.0 ], [ -135.971927872495314, 57.56232929234951, 0.0 ], [ -135.999580851798214, 57.545720256866709, 0.0 ], [ -135.972096791258195, 57.533709092016217, 0.0 ], [ -135.930588264996913, 57.557308068887622, 0.0 ], [ -135.968543201651414, 57.530404764267153, 0.0 ], [ -135.94162805438981, 57.52098447780169, 0.0 ], [ -135.913368940301098, 57.526329154500139, 0.0 ], [ -135.921028803476503, 57.514218530676871, 0.0 ], [ -135.894927445703388, 57.495186268439227, 0.0 ], [ -135.853419194089497, 57.475064894644071, 0.0 ], [ -135.832649668497709, 57.474677589542658, 0.0 ], [ -135.821719658086693, 57.467726594816327, 0.0 ], [ -135.840712997252012, 57.466045756256719, 0.0 ], [ -135.838724207192087, 57.461895238556913, 0.0 ], [ -135.820923870458387, 57.459237910314812, 0.0 ], [ -135.813422940700491, 57.443280706692782, 0.0 ], [ -135.842941362108206, 57.459827154871881, 0.0 ], [ -135.896541220147213, 57.479023844207347, 0.0 ], [ -135.915090839419605, 57.493550078678233, 0.0 ], [ -135.9595589475243, 57.512114624137638, 0.0 ], [ -136.008267325762603, 57.534224709868589, 0.0 ], [ -136.09209347730831, 57.572330353806173, 0.0 ], [ -136.02413024312699, 57.50907876635781, 0.0 ], [ -135.97524117706979, 57.482565611227358, 0.0 ], [ -135.971865843551313, 57.470186519664431, 0.0 ], [ -135.908965755885106, 57.447484441534478, 0.0 ], [ -135.884180042750387, 57.42084724882239, 0.0 ], [ -135.855925260524714, 57.430505853577081, 0.0 ], [ -135.846401037832692, 57.39151569147117, 0.0 ], [ -135.780969897017201, 57.385368792428878, 0.0 ], [ -135.755235743977892, 57.376302951778356, 0.0 ], [ -135.710463259298194, 57.364304286589082, 0.0 ], [ -135.676272022002507, 57.385178021689413, 0.0 ], [ -135.641210551884512, 57.387544552236328, 0.0 ], [ -135.669420747476693, 57.397070923747059, 0.0 ], [ -135.685871066209586, 57.408797602592877, 0.0 ], [ -135.64337318578751, 57.405442868670782, 0.0 ], [ -135.5937536403992, 57.429044264687029, 0.0 ], [ -135.667815321386001, 57.456400868710141, 0.0 ], [ -135.602339233524106, 57.443097448836021, 0.0 ], [ -135.575073106114388, 57.450617229203793, 0.0 ], [ -135.550276403868793, 57.465861572326553, 0.0 ], [ -135.560795552932092, 57.490186927227299, 0.0 ], [ -135.571649247260098, 57.520759872893997, 0.0 ], [ -135.563853322208899, 57.547125023143323, 0.0 ], [ -135.610562489659998, 57.565012151142263, 0.0 ], [ -135.686025698744402, 57.547177313313867, 0.0 ], [ -135.629292020795305, 57.581141819474439, 0.0 ], [ -135.582207040111001, 57.569470046530959, 0.0 ], [ -135.559535797101688, 57.581629778358838, 0.0 ], [ -135.505720442122509, 57.584893552389588, 0.0 ], [ -135.551855889342988, 57.610805423324059, 0.0 ], [ -135.573244345133389, 57.599044846375122, 0.0 ], [ -135.653065534157889, 57.627307424748743, 0.0 ], [ -135.706859307552008, 57.664192690716227, 0.0 ], [ -135.804683224976486, 57.651167145002987, 0.0 ], [ -135.741168310103291, 57.677530974697007, 0.0 ], [ -135.690305304452096, 57.676795640332173, 0.0 ], [ -135.604242329191294, 57.640095973122932, 0.0 ], [ -135.618877121366211, 57.673245849470042, 0.0 ], [ -135.772817874947691, 57.734333093178392, 0.0 ], [ -135.819228212649392, 57.772779743459417, 0.0 ], [ -135.573360025129688, 57.670507524599053, 0.0 ], [ -135.410947162440493, 57.598994402955583, 0.0 ], [ -135.1175299976139, 57.488708921427602, 0.0 ], [ -135.015358805191795, 57.454840789867511, 0.0 ], [ -134.862158345824099, 57.467660139500879, 0.0 ], [ -134.986809357884596, 57.547013163899443, 0.0 ], [ -134.830193134329392, 57.481608238406551, 0.0 ], [ -134.853512372340788, 57.583316885756318, 0.0 ], [ -134.861814306212295, 57.621150304125038, 0.0 ], [ -134.903806139538688, 57.662809478868013, 0.0 ], [ -134.894004475779894, 57.68704694200148, 0.0 ], [ -134.935738893173607, 57.760402927859737, 0.0 ], [ -134.972987713472492, 57.763028475187568, 0.0 ], [ -135.016641791536301, 57.74421078233636, 0.0 ], [ -135.048171299583487, 57.755053843648113, 0.0 ], [ -135.082430813849697, 57.751913695158137, 0.0 ], [ -135.11055838756991, 57.760536527102893, 0.0 ], [ -135.122524297704587, 57.734296386444051, 0.0 ], [ -135.147989630519788, 57.741121543511767, 0.0 ], [ -135.202203813129387, 57.729553192708401, 0.0 ], [ -135.22667106699609, 57.702938433933802, 0.0 ], [ -135.259942307560095, 57.740174172986407, 0.0 ], [ -135.290496165461889, 57.742305148172981, 0.0 ], [ -135.356768153505612, 57.72758429951098, 0.0 ], [ -135.38123727758969, 57.734686692936762, 0.0 ], [ -135.463637193699412, 57.740158268097197, 0.0 ], [ -135.369319240925392, 57.739562678689254, 0.0 ], [ -135.31689684874749, 57.754122570501892, 0.0 ], [ -135.364685410976591, 57.777883393971052, 0.0 ], [ -135.455119749210695, 57.770070379308933, 0.0 ], [ -135.37872343991171, 57.781769789677881, 0.0 ], [ -135.373591553791897, 57.794644408480757, 0.0 ], [ -135.389822136020399, 57.806936295730118, 0.0 ], [ -135.484782884123888, 57.84766974634833, 0.0 ], [ -135.579733283997598, 57.828701759168119, 0.0 ], [ -135.513708262921796, 57.852666767720429, 0.0 ], [ -135.547197694614312, 57.871517561686609, 0.0 ], [ -135.651310174913306, 57.858403634543997, 0.0 ], [ -135.576317768018413, 57.882817512133251, 0.0 ], [ -135.647025196277013, 57.904765412660993, 0.0 ], [ -135.758179739697596, 57.935367394509377, 0.0 ], [ -135.808384105772802, 57.934600023560058, 0.0 ], [ -135.796228239352303, 57.951199251479103, 0.0 ], [ -135.848681821356791, 57.978262843431139, 0.0 ], [ -135.90310504165771, 57.998269287128913, 0.0 ], [ -135.886938028918991, 58.005182026218073, 0.0 ], [ -135.820067347963402, 57.979391371220629, 0.0 ], [ -135.769900876313386, 57.955319518803528, 0.0 ], [ -135.675967074563204, 57.932639144101998, 0.0 ], [ -135.562758165082414, 57.901781723735063, 0.0 ], [ -135.477901817043005, 57.87167328638882, 0.0 ], [ -135.322340988743491, 57.813367834591553, 0.0 ], [ -135.22134466133619, 57.778330223144529, 0.0 ], [ -135.061964539186789, 57.770443210084103, 0.0 ], [ -134.950564391822894, 57.803751684934952, 0.0 ], [ -134.976003755373512, 57.82549053761722, 0.0 ], [ -135.065971980320398, 57.882415925431317, 0.0 ], [ -135.137617299958094, 57.894877264620277, 0.0 ], [ -135.219310180315688, 57.950952942850627, 0.0 ], [ -135.072826067893686, 57.906625800463708, 0.0 ], [ -134.988476550392306, 57.891568363644538, 0.0 ], [ -134.947323304718395, 57.903397588142127, 0.0 ], [ -134.921734464036689, 57.947206530041377, 0.0 ], [ -134.9311956142474, 57.969258572532908, 0.0 ], [ -134.914957046678808, 57.994326939103708, 0.0 ], [ -134.95563069056891, 58.047235955443249, 0.0 ], [ -135.024813600977211, 58.057296170983477, 0.0 ], [ -135.118448165473097, 58.062204400022132, 0.0 ], [ -135.081102471173011, 58.084760207859908, 0.0 ], [ -135.186382682012294, 58.089292764226528, 0.0 ], [ -135.309828548492106, 58.097679454053171, 0.0 ], [ -135.398509895688591, 58.150906104397727, 0.0 ], [ -135.453733272598612, 58.132677869093939, 0.0 ], [ -135.499338110617799, 58.076216006316137, 0.0 ], [ -135.563133152255404, 58.046431667025132, 0.0 ], [ -135.556805269206905, 58.027256270754513, 0.0 ], [ -135.591598579315189, 57.990415998646867, 0.0 ], [ -135.655254435995488, 57.979841562747367, 0.0 ], [ -135.656693006251686, 57.972519749456808, 0.0 ], [ -135.706735800828312, 57.982050237314617, 0.0 ], [ -135.791613883632095, 57.99337519799569, 0.0 ], [ -135.745794890918802, 58.011656957615187, 0.0 ], [ -135.693053868630898, 57.994664508492058, 0.0 ], [ -135.642065119046805, 57.992039767202272, 0.0 ], [ -135.619837220805493, 58.017753952634628, 0.0 ], [ -135.65138221114421, 58.045550090552311, 0.0 ], [ -135.609196170227193, 58.060497916090597, 0.0 ], [ -135.561602979956092, 58.086438127348551, 0.0 ], [ -135.515433182054693, 58.143895927616057, 0.0 ], [ -135.488704860274197, 58.161183442329019, 0.0 ], [ -135.519442146726988, 58.185906702597343, 0.0 ], [ -135.636164538517988, 58.225044004782823, 0.0 ], [ -135.721639101467787, 58.237319493760182, 0.0 ], [ -135.796612165727907, 58.289958743410473, 0.0 ], [ -135.901969305796314, 58.238901867167527, 0.0 ], [ -135.988868076870887, 58.20278484038446, 0.0 ], [ -135.928221942639112, 58.159027911906271, 0.0 ], [ -135.959573081717906, 58.160028316091761, 0.0 ], [ -136.044533204063214, 58.211236584928272, 0.0 ], [ -136.150239320563003, 58.219753392446712, 0.0 ], [ -136.207682114417509, 58.183543227231013, 0.0 ] ] ] } },
{ "type": "Feature", "id": "034AFF311B40ED167FF0", "properties": { "name": "巴拉诺夫岛", "styleUrl": "#__managed_style_0665B01D9540EC9A485F", "Area": null }, "geometry": { "type": "Polygon", "coordinates": [ [ [ -135.530995108931705, 57.479849758692978, 0.0 ], [ -135.537150259217412, 57.447033295527802, 0.0 ], [ -135.568989162394587, 57.438157386663889, 0.0 ], [ -135.562182413186008, 57.423133592525211, 0.0 ], [ -135.594764501217014, 57.4135825588411, 0.0 ], [ -135.630542637582693, 57.39881002276843, 0.0 ], [ -135.617185121418999, 57.382158294186453, 0.0 ], [ -135.59873967617969, 57.40240021279142, 0.0 ], [ -135.565927580565614, 57.3780276153038, 0.0 ], [ -135.469667067526814, 57.369047363525169, 0.0 ], [ -135.485144777804607, 57.348692918149872, 0.0 ], [ -135.546530902928595, 57.361688065768838, 0.0 ], [ -135.649674590791392, 57.37370134781569, 0.0 ], [ -135.683609677996913, 57.369199502641017, 0.0 ], [ -135.681750212147506, 57.343852116702372, 0.0 ], [ -135.636700623184709, 57.315072585378658, 0.0 ], [ -135.550229425766503, 57.28355497618152, 0.0 ], [ -135.605953771960799, 57.289029859477402, 0.0 ], [ -135.5995312394721, 57.275730692852143, 0.0 ], [ -135.628570869804406, 57.29916754790613, 0.0 ], [ -135.663418021571403, 57.318928567084747, 0.0 ], [ -135.695953364087899, 57.325108553284913, 0.0 ], [ -135.850729308126603, 57.344036635952563, 0.0 ], [ -135.866714021230393, 57.22583485664051, 0.0 ], [ -135.793818578536388, 57.243216268216003, 0.0 ], [ -135.835916739868509, 57.17256190025298, 0.0 ], [ -135.731857917453709, 57.137583512663298, 0.0 ], [ -135.850839200425298, 57.099273708302142, 0.0 ], [ -135.836574724627695, 56.988178832572949, 0.0 ], [ -135.65351950214469, 57.007737902491911, 0.0 ], [ -135.569345124191301, 57.078904792792279, 0.0 ], [ -135.524388029889707, 57.139911300958211, 0.0 ], [ -135.430572183793601, 57.165976751819898, 0.0 ], [ -135.37711315143531, 57.135975766159874, 0.0 ], [ -135.41580956233679, 57.084853360886889, 0.0 ], [ -135.368029463839605, 57.05593377022754, 0.0 ], [ -135.279767509020104, 57.005262592984508, 0.0 ], [ -135.406777282941391, 56.965759801986238, 0.0 ], [ -135.362376418999986, 56.889415582632203, 0.0 ], [ -135.39623540527981, 56.837220443192841, 0.0 ], [ -135.580655574524002, 56.86435278232149, 0.0 ], [ -135.413597221906514, 56.798743906074478, 0.0 ], [ -135.206350022230311, 56.687762898340893, 0.0 ], [ -135.088085350790692, 56.565824931956762, 0.0 ], [ -135.024178433620392, 56.517606435922232, 0.0 ], [ -134.911920458978813, 56.342731074877243, 0.0 ], [ -134.802872539396702, 56.249736855621073, 0.0 ], [ -134.672540547803891, 56.149657702820477, 0.0 ], [ -134.628034068664988, 56.228888291762232, 0.0 ], [ -134.638225335071013, 56.286975951332657, 0.0 ], [ -134.610582489088387, 56.391294675453537, 0.0 ], [ -134.657924607168496, 56.569091203582168, 0.0 ], [ -134.630075769206712, 56.528087243838179, 0.0 ], [ -134.609429803035511, 56.613545303578462, 0.0 ], [ -134.628903479535893, 56.698375203836669, 0.0 ], [ -134.659329315827392, 56.794033488365429, 0.0 ], [ -134.70467471365771, 56.900791079265232, 0.0 ], [ -134.753682357656402, 57.061688580062857, 0.0 ], [ -134.782929576018603, 57.107735363955733, 0.0 ], [ -134.796040603737907, 57.140770375236492, 0.0 ], [ -134.830808432173797, 57.151471655626203, 0.0 ], [ -134.806646117750091, 57.163720246429342, 0.0 ], [ -134.817601124812001, 57.18694574597324, 0.0 ], [ -134.843723624938008, 57.200829009614367, 0.0 ], [ -134.857101459658708, 57.210925465423763, 0.0 ], [ -134.867193880979499, 57.218468987950139, 0.0 ], [ -134.868361816680704, 57.224878418706858, 0.0 ], [ -134.840789542884011, 57.223806847458363, 0.0 ], [ -134.845214054422712, 57.24152034506583, 0.0 ], [ -134.887166661826797, 57.240357112078158, 0.0 ], [ -134.87347009344191, 57.244950497689231, 0.0 ], [ -134.842057408506889, 57.250882276379699, 0.0 ], [ -134.864933843243904, 57.275602370389599, 0.0 ], [ -134.872607023201198, 57.292679661353993, 0.0 ], [ -134.903534961720993, 57.289679305605041, 0.0 ], [ -134.904602265642211, 57.264536321488542, 0.0 ], [ -134.9374647976353, 57.268490060110643, 0.0 ], [ -134.939836437127298, 57.292007850067243, 0.0 ], [ -134.968717841137703, 57.306929535348978, 0.0 ], [ -134.997891516464392, 57.280263275686302, 0.0 ], [ -134.995084404692193, 57.257757207737953, 0.0 ], [ -135.013054106155408, 57.260575502689797, 0.0 ], [ -135.011353522035591, 57.285699026122693, 0.0 ], [ -134.988255143584496, 57.31024548326873, 0.0 ], [ -134.955271910227907, 57.320225019713483, 0.0 ], [ -134.966256097158606, 57.334487973532497, 0.0 ], [ -135.005384956225896, 57.339792517414061, 0.0 ], [ -135.074820886098507, 57.341171467804472, 0.0 ], [ -135.021381795517414, 57.351575336866738, 0.0 ], [ -134.990094472562106, 57.343822331388999, 0.0 ], [ -134.964302625618387, 57.344505236283233, 0.0 ], [ -134.935801351554403, 57.335210314344756, 0.0 ], [ -134.905636908565697, 57.327919115888797, 0.0 ], [ -134.946008337598187, 57.356960173569753, 0.0 ], [ -134.9812693549637, 57.387091401120998, 0.0 ], [ -134.955799070977093, 57.380506600374957, 0.0 ], [ -134.890530729671895, 57.338740377973252, 0.0 ], [ -134.858551923291486, 57.314559852636783, 0.0 ], [ -134.835159424000494, 57.317281681150199, 0.0 ], [ -134.828988879240313, 57.292457928495658, 0.0 ], [ -134.814022824822587, 57.300481203646171, 0.0 ], [ -134.804886984582794, 57.336266644788488, 0.0 ], [ -134.81773147672439, 57.35747631271083, 0.0 ], [ -134.836500476675695, 57.385601423525067, 0.0 ], [ -134.837197714439611, 57.407875434209451, 0.0 ], [ -134.898821944682709, 57.4261725410596, 0.0 ], [ -134.939173244515104, 57.423675498810979, 0.0 ], [ -134.993911824854194, 57.420784474924567, 0.0 ], [ -135.009153627900787, 57.397995304841487, 0.0 ], [ -135.029701504941301, 57.408352640884878, 0.0 ], [ -135.065454793651611, 57.412212419254942, 0.0 ], [ -135.053398189824406, 57.418831406695233, 0.0 ], [ -135.10061570818749, 57.431218933027111, 0.0 ], [ -135.161758366115691, 57.445908682698331, 0.0 ], [ -135.206159185674608, 57.433082730060889, 0.0 ], [ -135.20997641497371, 57.409090257522038, 0.0 ], [ -135.222811324115895, 57.406648593781817, 0.0 ], [ -135.222919736863901, 57.42906923833295, 0.0 ], [ -135.207497074932007, 57.446057540707237, 0.0 ], [ -135.159212470938201, 57.458080871024528, 0.0 ], [ -135.178038625996294, 57.468964630959498, 0.0 ], [ -135.226080802022693, 57.490907667967917, 0.0 ], [ -135.263053802049711, 57.479993904464081, 0.0 ], [ -135.258863814331988, 57.472735332267973, 0.0 ], [ -135.316614323721012, 57.462753257553032, 0.0 ], [ -135.286334127217401, 57.473696044612659, 0.0 ], [ -135.300518037536307, 57.482826078468797, 0.0 ], [ -135.344624194230988, 57.474373134894769, 0.0 ], [ -135.386687689178814, 57.453479248106987, 0.0 ], [ -135.391797515608403, 57.429131010844991, 0.0 ], [ -135.419936770524203, 57.455162582111647, 0.0 ], [ -135.400163597736707, 57.463469793189603, 0.0 ], [ -135.341676742110309, 57.485890378183143, 0.0 ], [ -135.287677396040607, 57.502799340953167, 0.0 ], [ -135.321112262896804, 57.530891042440537, 0.0 ], [ -135.365200500872106, 57.550094691814891, 0.0 ], [ -135.425188144041613, 57.564204910435492, 0.0 ], [ -135.475754081007807, 57.537026959998677, 0.0 ], [ -135.528141701848512, 57.507319440933919, 0.0 ], [ -135.553741545675507, 57.509681528882417, 0.0 ], [ -135.530995108931705, 57.479849758692978, 0.0 ] ] ] } },
{ "type": "Feature", "id": "059C1E92AA40ED1C3FD3", "properties": { "name": "威尔士亲王岛", "styleUrl": "#__managed_style_0665B01D9540EC9A485F", "Area": null }, "geometry": { "type": "Polygon", "coordinates": [ [ [ -133.633272576015798, 56.34664350377863, 0.0 ], [ -133.616704320482512, 56.318846104902782, 0.0 ], [ -133.650606738752003, 56.334722988970043, 0.0 ], [ -133.675149217022408, 56.308437923497742, 0.0 ], [ -133.625328765856011, 56.296692909911123, 0.0 ], [ -133.656143776776702, 56.279294494760343, 0.0 ], [ -133.628491899407891, 56.245756384708443, 0.0 ], [ -133.641378666566311, 56.213270516339669, 0.0 ], [ -133.605819873520488, 56.187597225826622, 0.0 ], [ -133.552068219013307, 56.173092061925551, 0.0 ], [ -133.55848238488781, 56.139329498619489, 0.0 ], [ -133.622521736912006, 56.138899150077037, 0.0 ], [ -133.640433806233688, 56.107890978690229, 0.0 ], [ -133.507598808944806, 56.09111843438356, 0.0 ], [ -133.507585302756411, 56.075159048139653, 0.0 ], [ -133.555057663249102, 56.071628089533178, 0.0 ], [ -133.61566261550729, 56.087928560763118, 0.0 ], [ -133.690724766723093, 56.072846547452222, 0.0 ], [ -133.70556587153979, 56.049673932928428, 0.0 ], [ -133.760251988263008, 56.003844980776883, 0.0 ], [ -133.812869610944489, 55.952740233454797, 0.0 ], [ -133.796337968585391, 55.910643286125399, 0.0 ], [ -133.772612859798613, 55.922790917856908, 0.0 ], [ -133.748636608455513, 55.912918496910137, 0.0 ], [ -133.729841654047391, 55.921174679304663, 0.0 ], [ -133.718815787336808, 55.899822392326207, 0.0 ], [ -133.680519829991795, 55.848774832800267, 0.0 ], [ -133.671595795818689, 55.874088129444353, 0.0 ], [ -133.698720950235895, 55.895133592887007, 0.0 ], [ -133.692021259432011, 55.91171306657165, 0.0 ], [ -133.6315051056051, 55.931833587280998, 0.0 ], [ -133.663037578265488, 55.943697594155928, 0.0 ], [ -133.622815915897604, 55.968953652586329, 0.0 ], [ -133.615081507358212, 55.936356210630017, 0.0 ], [ -133.594997628450699, 55.968603499549758, 0.0 ], [ -133.552566130485786, 55.974925975810791, 0.0 ], [ -133.499562487602503, 56.018792069979781, 0.0 ], [ -133.487118447361894, 56.041048592318617, 0.0 ], [ -133.47299236107429, 56.024260490096083, 0.0 ], [ -133.487750846633304, 56.002745258577193, 0.0 ], [ -133.454365800118012, 56.011471022553543, 0.0 ], [ -133.386130955980008, 56.031566227222307, 0.0 ], [ -133.379437330858394, 56.016548180891938, 0.0 ], [ -133.39320348859539, 55.998232651196048, 0.0 ], [ -133.400468351091604, 55.975636747844263, 0.0 ], [ -133.413638276775487, 55.993330565982227, 0.0 ], [ -133.4585576994603, 55.994922261114532, 0.0 ], [ -133.501019386026911, 55.990707541675327, 0.0 ], [ -133.461150743725597, 55.982630833456327, 0.0 ], [ -133.501996863709593, 55.950138110175587, 0.0 ], [ -133.45243025029049, 55.929232913376147, 0.0 ], [ -133.434829002206698, 55.944213688744391, 0.0 ], [ -133.417965226625, 55.908245758844693, 0.0 ], [ -133.42742973935259, 55.885695867568337, 0.0 ], [ -133.383683186634102, 55.876711982911772, 0.0 ], [ -133.380453595119405, 55.893374646628089, 0.0 ], [ -133.368126804695891, 55.929093786279843, 0.0 ], [ -133.386740834654091, 55.935917404016791, 0.0 ], [ -133.378519001755109, 55.958557379725981, 0.0 ], [ -133.351301994695689, 55.96920191353248, 0.0 ], [ -133.294165277381012, 55.989102646452857, 0.0 ], [ -133.348797762952813, 55.995488991292532, 0.0 ], [ -133.325644854554611, 56.003766132173283, 0.0 ], [ -133.286175973575496, 56.018566884078091, 0.0 ], [ -133.305960663754803, 56.062492176715452, 0.0 ], [ -133.318753794565396, 56.092357788623417, 0.0 ], [ -133.392905311382691, 56.082561910461607, 0.0 ], [ -133.32338046891951, 56.101059477094111, 0.0 ], [ -133.302488395949098, 56.088842784400399, 0.0 ], [ -133.287954163026086, 56.141624557299373, 0.0 ], [ -133.351149387343497, 56.162631735500668, 0.0 ], [ -133.272493193289904, 56.158309343177379, 0.0 ], [ -133.275343036191913, 56.122493165632036, 0.0 ], [ -133.293339508106499, 56.088155163273854, 0.0 ], [ -133.277086268331914, 56.056468760035777, 0.0 ], [ -133.259944229177393, 55.998582105026621, 0.0 ], [ -133.28088087771701, 55.963833344981737, 0.0 ], [ -133.258834249387291, 55.886829589916033, 0.0 ], [ -133.209257226905208, 55.865815481866591, 0.0 ], [ -133.150559321748403, 55.864207468233879, 0.0 ], [ -133.209532159104697, 55.794709830065607, 0.0 ], [ -133.282495406045314, 55.743412037030879, 0.0 ], [ -133.328629061676793, 55.755376729528649, 0.0 ], [ -133.372495446448909, 55.716669833854482, 0.0 ], [ -133.44281239986509, 55.650231709191928, 0.0 ], [ -133.401304193931594, 55.636235962233187, 0.0 ], [ -133.240432732407612, 55.555418235571928, 0.0 ], [ -133.111868109534299, 55.604815834644668, 0.0 ], [ -132.954955094755292, 55.642300191351538, 0.0 ], [ -133.078228159950697, 55.589976634612412, 0.0 ], [ -133.110156331237988, 55.533215580803727, 0.0 ], [ -133.183277285797686, 55.487255106816711, 0.0 ], [ -133.164753218787098, 55.455840436620548, 0.0 ], [ -132.99705317411491, 55.451910967569752, 0.0 ], [ -133.102903898643689, 55.423871277904333, 0.0 ], [ -133.062690532638612, 55.384462692969912, 0.0 ], [ -132.864044757024601, 55.350931469402688, 0.0 ], [ -133.014746613106411, 55.3473004522899, 0.0 ], [ -133.087626803895091, 55.36112724799635, 0.0 ], [ -133.173726820794514, 55.391202948194866, 0.0 ], [ -133.246295662008691, 55.380298284990523, 0.0 ], [ -133.274552609983914, 55.338878070798899, 0.0 ], [ -133.210025516855012, 55.269544134363272, 0.0 ], [ -133.072217640419012, 55.269327267528062, 0.0 ], [ -133.013591683201099, 55.252150112709309, 0.0 ], [ -132.918418191107889, 55.278421786894398, 0.0 ], [ -132.951693196745111, 55.264202041856848, 0.0 ], [ -133.046833787430387, 55.225510305595989, 0.0 ], [ -133.0409190409774, 55.210648023322833, 0.0 ], [ -133.016374387609687, 55.208336747862177, 0.0 ], [ -132.950462889593098, 55.2119365249726, 0.0 ], [ -132.923727265748596, 55.222361680792567, 0.0 ], [ -132.879814511093286, 55.240973033932548, 0.0 ], [ -132.84831733433839, 55.274460834970107, 0.0 ], [ -132.825037687635188, 55.246442231588873, 0.0 ], [ -132.835581588685187, 55.217426763716112, 0.0 ], [ -132.807754181010409, 55.190891085797979, 0.0 ], [ -132.763043246561693, 55.171815576011959, 0.0 ], [ -132.704643670494903, 55.149507034541507, 0.0 ], [ -132.653051019827387, 55.144440871033161, 0.0 ], [ -132.626425278547714, 55.159486821153713, 0.0 ], [ -132.639003302031313, 55.189065755036403, 0.0 ], [ -132.676382391933203, 55.225330387494722, 0.0 ], [ -132.676210360148701, 55.270997046200023, 0.0 ], [ -132.653397519260693, 55.285517093819678, 0.0 ], [ -132.560109329820904, 55.279188729746451, 0.0 ], [ -132.653550243985308, 55.267112423135998, 0.0 ], [ -132.65592357632471, 55.236999683129518, 0.0 ], [ -132.616920881987795, 55.205442950406713, 0.0 ], [ -132.594184460351414, 55.171188165926637, 0.0 ], [ -132.522680757330988, 55.181658277747943, 0.0 ], [ -132.592476733579389, 55.159224736885058, 0.0 ], [ -132.622763412836093, 55.12853752027042, 0.0 ], [ -132.641552532008802, 55.07885960715867, 0.0 ], [ -132.625023187319613, 55.052129070930349, 0.0 ], [ -132.609634551766703, 55.076716223128777, 0.0 ], [ -132.586622821926511, 55.11855841857119, 0.0 ], [ -132.560670537893913, 55.127179811646712, 0.0 ], [ -132.554537488885586, 55.109081931785127, 0.0 ], [ -132.534135336277188, 55.098625884669332, 0.0 ], [ -132.570137632045601, 55.065159159897739, 0.0 ], [ -132.50727757191089, 55.055121206553657, 0.0 ], [ -132.480552989536108, 55.086027318854917, 0.0 ], [ -132.476624292678991, 55.048581353610793, 0.0 ], [ -132.525922657957693, 55.044674578309177, 0.0 ], [ -132.550424512244604, 55.051126936470432, 0.0 ], [ -132.593545660421398, 55.02616698941236, 0.0 ], [ -132.592353569393993, 55.020918804131121, 0.0 ], [ -132.551975010149107, 55.029300532919073, 0.0 ], [ -132.584536469373091, 54.996789847580658, 0.0 ], [ -132.541870561951811, 54.984287884415849, 0.0 ], [ -132.592268547887898, 54.973158518564809, 0.0 ], [ -132.599698214338787, 55.003819537065162, 0.0 ], [ -132.616186794717891, 54.984633335359639, 0.0 ], [ -132.602825478943714, 54.962339026027998, 0.0 ], [ -132.538856456892006, 54.930839653802487, 0.0 ], [ -132.504671300414287, 54.945192670636949, 0.0 ], [ -132.494327345938103, 54.983556346661651, 0.0 ], [ -132.466761604438801, 54.976206843045873, 0.0 ], [ -132.468051114160488, 54.944128103575707, 0.0 ], [ -132.522096745228112, 54.920979265889173, 0.0 ], [ -132.508307013967197, 54.894146128441918, 0.0 ], [ -132.452947311254292, 54.906171056655403, 0.0 ], [ -132.403010586123997, 54.889746882573988, 0.0 ], [ -132.429563426783687, 54.927494849146854, 0.0 ], [ -132.421067633782712, 54.952618083577562, 0.0 ], [ -132.421494902818893, 55.02777019145811, 0.0 ], [ -132.395589799740009, 55.08952223021624, 0.0 ], [ -132.404027633140913, 55.030412845574673, 0.0 ], [ -132.408759335362191, 54.983310062106632, 0.0 ], [ -132.400811683163312, 54.946398311894107, 0.0 ], [ -132.396967229448791, 54.917481296916662, 0.0 ], [ -132.356017975214201, 54.912212415490288, 0.0 ], [ -132.372005444980914, 54.895497860191838, 0.0 ], [ -132.357904522904903, 54.862034617147351, 0.0 ], [ -132.308834726318111, 54.827664744230262, 0.0 ], [ -132.374672269789613, 54.81456544759623, 0.0 ], [ -132.347281902911391, 54.772265052840147, 0.0 ], [ -132.327468529792412, 54.752072472701599, 0.0 ], [ -132.310976578553294, 54.742262929611627, 0.0 ], [ -132.313702526517886, 54.720601680966233, 0.0 ], [ -132.279850080168302, 54.70702220034223, 0.0 ], [ -132.275083094300498, 54.723858538770443, 0.0 ], [ -132.2543063536489, 54.727680424794137, 0.0 ], [ -132.233297354443494, 54.769265940799002, 0.0 ], [ -132.238497123741013, 54.72232257837986, 0.0 ], [ -132.215838903259197, 54.723529167601782, 0.0 ], [ -132.198989319646614, 54.722591572563843, 0.0 ], [ -132.191832282059693, 54.705070185200107, 0.0 ], [ -132.165502147718996, 54.705694451471452, 0.0 ], [ -132.176483131887494, 54.693549716199342, 0.0 ], [ -132.077996642695609, 54.67993580361297, 0.0 ], [ -132.120809196300712, 54.70461824710808, 0.0 ], [ -132.15679229333989, 54.739912014514182, 0.0 ], [ -132.09150311929281, 54.702738818067488, 0.0 ], [ -132.057995254475486, 54.696848541134813, 0.0 ], [ -132.01172448474199, 54.689581120147473, 0.0 ], [ -132.012199030116506, 54.715020295879533, 0.0 ], [ -131.990677408440803, 54.742486320937253, 0.0 ], [ -132.017106773863304, 54.761576717836967, 0.0 ], [ -131.997070019787486, 54.765535845868257, 0.0 ], [ -132.014526897754507, 54.781709967958619, 0.0 ], [ -131.961930400342794, 54.790147494215887, 0.0 ], [ -132.052452276074291, 54.800908754355227, 0.0 ], [ -131.951232437597895, 54.80071194471973, 0.0 ], [ -131.960933285833107, 54.815578709678633, 0.0 ], [ -132.002426096808705, 54.829040164245832, 0.0 ], [ -131.960339205542795, 54.826584016770568, 0.0 ], [ -131.977650327224808, 54.85149519657601, 0.0 ], [ -132.032784891279192, 54.874020523757977, 0.0 ], [ -132.060354756523708, 54.8355525444954, 0.0 ], [ -132.043637466129013, 54.881118467012627, 0.0 ], [ -132.080787959757714, 54.890976271679392, 0.0 ], [ -131.978797877616103, 54.896049010868268, 0.0 ], [ -131.967429860135496, 54.935631716117413, 0.0 ], [ -131.97439615875939, 54.973399653322211, 0.0 ], [ -132.038959544460312, 54.96145776381762, 0.0 ], [ -131.978292469731798, 54.988333725101178, 0.0 ], [ -132.003339480453491, 55.02970201312214, 0.0 ], [ -132.063592508194887, 55.019874310361978, 0.0 ], [ -132.095252437694313, 55.005133841056498, 0.0 ], [ -132.136446302842302, 54.985354657772049, 0.0 ], [ -132.162493077456503, 54.960649637325318, 0.0 ], [ -132.211039359723401, 54.918070316113628, 0.0 ], [ -132.210595982221292, 54.933125935534783, 0.0 ], [ -132.190220440351595, 54.952039703938283, 0.0 ], [ -132.157699731890403, 54.976084224465737, 0.0 ], [ -132.172552783997588, 54.989106431409247, 0.0 ], [ -132.229821701708289, 54.9876914809876, 0.0 ], [ -132.306510890682887, 54.979327891405667, 0.0 ], [ -132.255205154961203, 54.991379187373433, 0.0 ], [ -132.238554890891407, 54.99945585883092, 0.0 ], [ -132.2745103613141, 55.026347914385163, 0.0 ], [ -132.244034692771692, 55.013486684822553, 0.0 ], [ -132.23754089488591, 55.020669781014753, 0.0 ], [ -132.28231983384461, 55.059287075445368, 0.0 ], [ -132.223305215367986, 55.030153290475013, 0.0 ], [ -132.223897876749987, 55.008085050785169, 0.0 ], [ -132.204270680972087, 55.002891318351203, 0.0 ], [ -132.17777659937741, 55.010842633351672, 0.0 ], [ -132.133296736405697, 55.02933056507176, 0.0 ], [ -132.080539903402411, 55.037448576019287, 0.0 ], [ -132.109182133836299, 55.057757380845104, 0.0 ], [ -132.082163337682289, 55.061175277609422, 0.0 ], [ -132.125105893497704, 55.069161652477661, 0.0 ], [ -132.084384959207398, 55.070636773137821, 0.0 ], [ -132.092960698028207, 55.086638632087208, 0.0 ], [ -132.125617482443005, 55.10643372602177, 0.0 ], [ -132.195563206223994, 55.124633413714449, 0.0 ], [ -132.147220853706614, 55.124762600579039, 0.0 ], [ -132.098727573121607, 55.109771043050593, 0.0 ], [ -132.076503502747613, 55.100681912679207, 0.0 ], [ -132.087372675340504, 55.091160131269447, 0.0 ], [ -132.075982981804486, 55.079781460291962, 0.0 ], [ -132.040931918082691, 55.087543864926651, 0.0 ], [ -131.993245118160388, 55.108970507543141, 0.0 ], [ -132.012664851000409, 55.122374141011953, 0.0 ], [ -132.022148004532909, 55.118360579403003, 0.0 ], [ -132.046167716777802, 55.117508395590193, 0.0 ], [ -132.093602382051102, 55.118347153670499, 0.0 ], [ -132.034999474202806, 55.123258990017533, 0.0 ], [ -132.032888581824011, 55.145151319402792, 0.0 ], [ -131.975938364682008, 55.177558655103972, 0.0 ], [ -131.993953784187994, 55.234395062470767, 0.0 ], [ -131.991475708365613, 55.255097904203801, 0.0 ], [ -132.016741843947813, 55.277394348102092, 0.0 ], [ -132.05438279335749, 55.271333258571417, 0.0 ], [ -132.076638871074692, 55.244954118132988, 0.0 ], [ -132.073309055090391, 55.232955407347063, 0.0 ], [ -132.094493934072602, 55.215327806928812, 0.0 ], [ -132.102820665496296, 55.196374197062269, 0.0 ], [ -132.122184981285812, 55.200293363322331, 0.0 ], [ -132.130684935549112, 55.201730186575858, 0.0 ], [ -132.124753302256693, 55.214355588403713, 0.0 ], [ -132.135713051266606, 55.216893773029163, 0.0 ], [ -132.140798202222101, 55.203227657300573, 0.0 ], [ -132.144058016766508, 55.194977921491251, 0.0 ], [ -132.140316268332498, 55.192069890640923, 0.0 ], [ -132.14350056708389, 55.186822529206601, 0.0 ], [ -132.116211913296411, 55.181400371778892, 0.0 ], [ -132.141704128418809, 55.177692812900958, 0.0 ], [ -132.191227983574407, 55.154939381837359, 0.0 ], [ -132.169316279967688, 55.171621366642981, 0.0 ], [ -132.144656956737208, 55.18879834395166, 0.0 ], [ -132.151835479857198, 55.190087849383708, 0.0 ], [ -132.145120229353807, 55.207878185931918, 0.0 ], [ -132.160624816869301, 55.217694321500268, 0.0 ], [ -132.195192594059989, 55.215561873950257, 0.0 ], [ -132.223164999772791, 55.223962684953072, 0.0 ], [ -132.23233097565921, 55.211946446110247, 0.0 ], [ -132.255626378254107, 55.207744074098613, 0.0 ], [ -132.24447620813001, 55.186793619959417, 0.0 ], [ -132.269509045490196, 55.207844493865188, 0.0 ], [ -132.256041147397099, 55.218562624207969, 0.0 ], [ -132.236450948740099, 55.236447029029208, 0.0 ], [ -132.273919062264412, 55.244116270146947, 0.0 ], [ -132.282423687581513, 55.222983142227413, 0.0 ], [ -132.299648553491892, 55.218700050698502, 0.0 ], [ -132.339264082015092, 55.178211829950207, 0.0 ], [ -132.338930322797296, 55.139454212201983, 0.0 ], [ -132.352311961539414, 55.134408693027083, 0.0 ], [ -132.3535548015644, 55.166071278192263, 0.0 ], [ -132.351395743017491, 55.183905423902893, 0.0 ], [ -132.310125836632295, 55.220092129869101, 0.0 ], [ -132.295851333478396, 55.2350552740388, 0.0 ], [ -132.30986085154251, 55.245336610096643, 0.0 ], [ -132.378160808983893, 55.250889697197827, 0.0 ], [ -132.411751217263401, 55.250560629503063, 0.0 ], [ -132.45679079944739, 55.260565729467423, 0.0 ], [ -132.228995972746191, 55.245531146036328, 0.0 ], [ -132.140937301345701, 55.238374434785072, 0.0 ], [ -132.098249270498087, 55.257309798903599, 0.0 ], [ -132.132626717696098, 55.296184043297828, 0.0 ], [ -132.140277431275109, 55.32838313025055, 0.0 ], [ -132.168880114226198, 55.366828573779927, 0.0 ], [ -132.20930275167359, 55.368798719982841, 0.0 ], [ -132.263577394598514, 55.420353955725808, 0.0 ], [ -132.325155020639812, 55.402124683817881, 0.0 ], [ -132.356857720463893, 55.409537072825337, 0.0 ], [ -132.372341160128911, 55.380246969388068, 0.0 ], [ -132.367985337192295, 55.326792936430927, 0.0 ], [ -132.376288941759697, 55.362248334764587, 0.0 ], [ -132.387118661754414, 55.394314038347822, 0.0 ], [ -132.395953811907589, 55.417831080765993, 0.0 ], [ -132.43913843146359, 55.41887355214903, 0.0 ], [ -132.470406749657514, 55.405144260028763, 0.0 ], [ -132.473731964533187, 55.385665493894408, 0.0 ], [ -132.490141623540893, 55.393264038416291, 0.0 ], [ -132.506611394916888, 55.374747176603996, 0.0 ], [ -132.503012224735187, 55.362247540815872, 0.0 ], [ -132.476946641347809, 55.343191100681437, 0.0 ], [ -132.464230768623509, 55.320257555753933, 0.0 ], [ -132.469958723347389, 55.31269800982173, 0.0 ], [ -132.482025324604592, 55.329933908662497, 0.0 ], [ -132.498848548699414, 55.349478968101749, 0.0 ], [ -132.522071337348109, 55.357227873168121, 0.0 ], [ -132.520464630297198, 55.372612023543297, 0.0 ], [ -132.503351924963113, 55.396319342026118, 0.0 ], [ -132.482018631553387, 55.417708890934591, 0.0 ], [ -132.437260079489704, 55.427571228878527, 0.0 ], [ -132.362662652770695, 55.429668671531132, 0.0 ], [ -132.354157728693792, 55.442449045835829, 0.0 ], [ -132.329638018552203, 55.439050585896737, 0.0 ], [ -132.284879922085992, 55.442074999002251, 0.0 ], [ -132.294590132938907, 55.45901494007547, 0.0 ], [ -132.342097513599498, 55.474342437544692, 0.0 ], [ -132.392555547251192, 55.48354804816185, 0.0 ], [ -132.405576312304305, 55.505685821257273, 0.0 ], [ -132.420095689301206, 55.514655922309153, 0.0 ], [ -132.459333695224899, 55.511100318772478, 0.0 ], [ -132.465300119517792, 55.502846398339237, 0.0 ], [ -132.480023373923302, 55.507348917001082, 0.0 ], [ -132.492807227012491, 55.496864272694921, 0.0 ], [ -132.502136535105791, 55.509875233512027, 0.0 ], [ -132.522357651900791, 55.487371890881128, 0.0 ], [ -132.52337842185301, 55.520581529850467, 0.0 ], [ -132.555439446030192, 55.504996437337759, 0.0 ], [ -132.581542588635813, 55.476110966916693, 0.0 ], [ -132.618077038721907, 55.469823099640927, 0.0 ], [ -132.654038186502788, 55.450280920056009, 0.0 ], [ -132.661009092094105, 55.425923035489873, 0.0 ], [ -132.685675595543103, 55.403914324637817, 0.0 ], [ -132.719012976748388, 55.375628826111047, 0.0 ], [ -132.737380021677893, 55.353967622605822, 0.0 ], [ -132.742637151220691, 55.365550525301067, 0.0 ], [ -132.732648478210308, 55.374471175377209, 0.0 ], [ -132.715011244545991, 55.38493874514387, 0.0 ], [ -132.696771376220397, 55.412186514237241, 0.0 ], [ -132.669858808205589, 55.431267994866069, 0.0 ], [ -132.66369221435221, 55.453027588942177, 0.0 ], [ -132.639165350865198, 55.470390994736093, 0.0 ], [ -132.638166359755701, 55.484451468986762, 0.0 ], [ -132.583865225459107, 55.498996296375601, 0.0 ], [ -132.520211659698106, 55.54619431044371, 0.0 ], [ -132.555590050369005, 55.573810815497687, 0.0 ], [ -132.518188602689008, 55.599570177210488, 0.0 ], [ -132.4426437820388, 55.551013699685733, 0.0 ], [ -132.345793805770313, 55.517430773101623, 0.0 ], [ -132.226741614542192, 55.485405843997931, 0.0 ], [ -132.148530299173188, 55.453134232167528, 0.0 ], [ -132.147521435223695, 55.472163286799208, 0.0 ], [ -132.202074571103509, 55.511857294142779, 0.0 ], [ -132.266128213005004, 55.543284507261447, 0.0 ], [ -132.296857600806305, 55.535253808197162, 0.0 ], [ -132.310903461458793, 55.569613676137728, 0.0 ], [ -132.344070054627991, 55.602643072344847, 0.0 ], [ -132.363812383533087, 55.652838023765121, 0.0 ], [ -132.416268957466798, 55.669254372276193, 0.0 ], [ -132.447979471865608, 55.617998869458489, 0.0 ], [ -132.441420826333399, 55.653908319184502, 0.0 ], [ -132.453783855003991, 55.668857050205339, 0.0 ], [ -132.459244582486008, 55.690770063434037, 0.0 ], [ -132.435521781743688, 55.710105763372958, 0.0 ], [ -132.4782728420941, 55.750781179282242, 0.0 ], [ -132.472228054010401, 55.783880187781023, 0.0 ], [ -132.579498223474786, 55.87610193106255, 0.0 ], [ -132.618186295344913, 55.888463805993581, 0.0 ], [ -132.615902759672309, 55.917271245064839, 0.0 ], [ -132.695545408564612, 55.950243016363657, 0.0 ], [ -132.73688387188929, 55.983177798773333, 0.0 ], [ -132.793871030804212, 56.002484072525711, 0.0 ], [ -132.815657751698211, 56.014419743623847, 0.0 ], [ -132.821616714376489, 56.021546612874353, 0.0 ], [ -132.833723197743296, 56.01853824326156, 0.0 ], [ -132.830555210948887, 56.015046699733801, 0.0 ], [ -132.838350659754894, 56.003988967052351, 0.0 ], [ -132.85620921362289, 55.99379517992719, 0.0 ], [ -132.866339054090787, 55.999897275767722, 0.0 ], [ -132.851765318511212, 56.001802534700353, 0.0 ], [ -132.8395581847345, 56.011216265926997, 0.0 ], [ -132.84540051571949, 56.018040277200093, 0.0 ], [ -132.843307779217895, 56.024557130010287, 0.0 ], [ -132.835208820154492, 56.021808917684417, 0.0 ], [ -132.836812217592609, 56.034492837030569, 0.0 ], [ -132.849106868740591, 56.034907165098858, 0.0 ], [ -132.8526477927808, 56.02641125062911, 0.0 ], [ -132.858611155938689, 56.031960384352303, 0.0 ], [ -132.874058527324308, 56.031489289584187, 0.0 ], [ -132.873676737278601, 56.018138765105157, 0.0 ], [ -132.88583301710969, 56.025259969677819, 0.0 ], [ -132.894127749540104, 56.021997155889217, 0.0 ], [ -132.908733141764202, 56.026311340061703, 0.0 ], [ -132.925154991016797, 56.022073322585221, 0.0 ], [ -132.925582181973397, 56.013294540438928, 0.0 ], [ -132.92978885126999, 56.012111894487887, 0.0 ], [ -132.941117380544313, 56.013233503947447, 0.0 ], [ -132.944551926557892, 56.010902135651698, 0.0 ], [ -132.948711871593588, 56.00539285390348, 0.0 ], [ -132.955146595461997, 56.008190960926022, 0.0 ], [ -132.968614567204213, 56.005915535394898, 0.0 ], [ -132.9734705741391, 56.012061052396042, 0.0 ], [ -132.97245181088681, 56.025920969092446, 0.0 ], [ -132.96749978835669, 56.031345098928959, 0.0 ], [ -132.960629096015992, 56.021786229625476, 0.0 ], [ -132.94538333851969, 56.01517754562952, 0.0 ], [ -132.929466902126109, 56.015320689607293, 0.0 ], [ -132.929706238271791, 56.021327068083522, 0.0 ], [ -132.922739298033406, 56.030028550107687, 0.0 ], [ -132.927438589915994, 56.057845031382833, 0.0 ], [ -132.94388483580201, 56.062462558793243, 0.0 ], [ -132.959438390169794, 56.05981705880297, 0.0 ], [ -132.971825053696989, 56.05713685848314, 0.0 ], [ -132.97167069368399, 56.037308736157243, 0.0 ], [ -132.984578156006393, 56.048334605063957, 0.0 ], [ -132.99107789320999, 56.041704725316237, 0.0 ], [ -133.011891137657614, 56.056021130340248, 0.0 ], [ -133.033950536536906, 56.048566420365958, 0.0 ], [ -133.060641725741903, 56.044449521358843, 0.0 ], [ -133.070380703540792, 56.034960604078208, 0.0 ], [ -133.077339661733589, 56.043445496365777, 0.0 ], [ -133.094011663011713, 56.04732864034932, 0.0 ], [ -133.101922947448713, 56.055761771674447, 0.0 ], [ -133.091984377743387, 56.058347559807608, 0.0 ], [ -133.099136899036893, 56.069827148328862, 0.0 ], [ -133.111046553190988, 56.079753805625202, 0.0 ], [ -133.123245864961604, 56.096434827991267, 0.0 ], [ -133.142472272026907, 56.113457579537581, 0.0 ], [ -133.142836740835008, 56.125376110970592, 0.0 ], [ -133.123810856734991, 56.115753866292259, 0.0 ], [ -133.108246291031293, 56.096357220556477, 0.0 ], [ -133.086628987605593, 56.105611820282263, 0.0 ], [ -133.087467349304688, 56.131513781532639, 0.0 ], [ -133.080713179274795, 56.113650938335446, 0.0 ], [ -133.069674032591792, 56.11153313209504, 0.0 ], [ -133.068830035798612, 56.117374521778189, 0.0 ], [ -133.076098051233487, 56.121502895657542, 0.0 ], [ -133.075293877781291, 56.13295897152036, 0.0 ], [ -133.055750499749109, 56.14094223534326, 0.0 ], [ -133.067786807145097, 56.142518305794518, 0.0 ], [ -133.066003970865211, 56.149228724841997, 0.0 ], [ -133.054877883648288, 56.148696711224197, 0.0 ], [ -133.060699007461892, 56.15974521577526, 0.0 ], [ -133.049014968249708, 56.151792200973382, 0.0 ], [ -133.035523972598213, 56.177643722416477, 0.0 ], [ -133.038496547405401, 56.186477604584077, 0.0 ], [ -133.060557268780002, 56.190644474221457, 0.0 ], [ -133.06213030358731, 56.196105295843502, 0.0 ], [ -133.052338692984591, 56.198835523321989, 0.0 ], [ -133.04351297082431, 56.207663292852892, 0.0 ], [ -133.050962249993006, 56.208771190926313, 0.0 ], [ -133.056095954666887, 56.215505628571741, 0.0 ], [ -133.067368100012487, 56.20485362384693, 0.0 ], [ -133.062239879117698, 56.199345123437404, 0.0 ], [ -133.067638684843502, 56.197064397521068, 0.0 ], [ -133.072293349457397, 56.185455368979802, 0.0 ], [ -133.084066395989112, 56.17762657586033, 0.0 ], [ -133.092631988701413, 56.170446746480003, 0.0 ], [ -133.096754199906002, 56.1720307713802, 0.0 ], [ -133.080161105820792, 56.183282193890747, 0.0 ], [ -133.07536777845479, 56.201251375900412, 0.0 ], [ -133.065398576335497, 56.222585950524788, 0.0 ], [ -133.070238968844393, 56.240695404032763, 0.0 ], [ -133.092011780959893, 56.250761214036856, 0.0 ], [ -133.104899608470191, 56.244956731451893, 0.0 ], [ -133.127863562836495, 56.263908516733999, 0.0 ], [ -133.11925158805019, 56.275364757826459, 0.0 ], [ -133.137363580685701, 56.292712980222028, 0.0 ], [ -133.160332975671196, 56.319387132386019, 0.0 ], [ -133.195604021986895, 56.339674902712389, 0.0 ], [ -133.230514920666309, 56.326137125895613, 0.0 ], [ -133.259941425433794, 56.335529910023851, 0.0 ], [ -133.30304252644089, 56.31972417816354, 0.0 ], [ -133.328014784406491, 56.301968642629127, 0.0 ], [ -133.309978171980106, 56.280814823476462, 0.0 ], [ -133.320401424413888, 56.278973361936387, 0.0 ], [ -133.34233155293191, 56.265993049010412, 0.0 ], [ -133.331073635471711, 56.284480849089547, 0.0 ], [ -133.340604273460713, 56.297441621327557, 0.0 ], [ -133.344168025104693, 56.312428434248282, 0.0 ], [ -133.321768098951111, 56.316483096531833, 0.0 ], [ -133.310637378112006, 56.324471387195537, 0.0 ], [ -133.317008198319797, 56.332147043611258, 0.0 ], [ -133.348176168711205, 56.338483726987413, 0.0 ], [ -133.388691216532408, 56.334005024672571, 0.0 ], [ -133.431327000441314, 56.329843941485301, 0.0 ], [ -133.459668408424392, 56.334689494111039, 0.0 ], [ -133.495924603053709, 56.344159157153051, 0.0 ], [ -133.560142924692997, 56.349551433140668, 0.0 ], [ -133.624032753253289, 56.359224835159218, 0.0 ], [ -133.633272576015798, 56.34664350377863, 0.0 ] ] ] } },
{ "type": "Feature", "id": "03DF8DC54840ED1D9970", "properties": { "name": "多尔岛", "styleUrl": "#__managed_style_0665B01D9540EC9A485F", "Area": 711447216 }, "geometry": { "type": "Polygon", "coordinates": [ [ [ -133.215949127497993, 55.216511543856797, 0.0 ], [ -133.183317647074404, 55.193355815170548, 0.0 ], [ -133.239795677646413, 55.187332143996947, 0.0 ], [ -133.202465328092103, 55.16554232775399, 0.0 ], [ -133.226439713958797, 55.1636750025447, 0.0 ], [ -133.206555062268507, 55.140579447015199, 0.0 ], [ -133.233360353184992, 55.125933833149567, 0.0 ], [ -133.134430985607111, 55.106110020990243, 0.0 ], [ -133.231786434519989, 55.110837067614838, 0.0 ], [ -133.238345828706997, 55.089726727959459, 0.0 ], [ -133.170425315177596, 55.060110755627917, 0.0 ], [ -133.224138338616797, 55.061701831596821, 0.0 ], [ -133.172233299903013, 55.031218214011638, 0.0 ], [ -133.163413158179111, 55.013831764202678, 0.0 ], [ -133.146981457519303, 54.995946318072853, 0.0 ], [ -133.168463877734013, 54.984933651859222, 0.0 ], [ -133.161940591000501, 54.969600555692558, 0.0 ], [ -133.170578462434804, 54.949301175408699, 0.0 ], [ -133.048429297375009, 54.938065455154273, 0.0 ], [ -133.131751217335108, 54.936846535850897, 0.0 ], [ -133.110183133898204, 54.916429946693761, 0.0 ], [ -133.006771407755593, 54.922547592195031, 0.0 ], [ -133.087354070352802, 54.908097499350447, 0.0 ], [ -133.0242640026255, 54.890131994498077, 0.0 ], [ -133.049643074514705, 54.881115042753649, 0.0 ], [ -133.007619776365402, 54.874854401379537, 0.0 ], [ -133.036009463312212, 54.862682993670802, 0.0 ], [ -133.0067867422446, 54.833221193875787, 0.0 ], [ -132.977659060451714, 54.810053513595477, 0.0 ], [ -132.935841823400409, 54.785224448641458, 0.0 ], [ -132.890810060659902, 54.767916367060792, 0.0 ], [ -132.867771514097399, 54.746939058074069, 0.0 ], [ -132.820769096169414, 54.752143236021652, 0.0 ], [ -132.828117098917488, 54.740458123728352, 0.0 ], [ -132.858001382061587, 54.741465300109112, 0.0 ], [ -132.89045540781791, 54.744336648642019, 0.0 ], [ -132.869680626626291, 54.726429941042973, 0.0 ], [ -132.883194092040611, 54.713793553018398, 0.0 ], [ -132.846155333272691, 54.692266521457981, 0.0 ], [ -132.821791428350707, 54.689896767803788, 0.0 ], [ -132.815987759559704, 54.718869453175699, 0.0 ], [ -132.800700608822495, 54.689008810848833, 0.0 ], [ -132.754015019850414, 54.693901926602067, 0.0 ], [ -132.746964528377305, 54.684643700125967, 0.0 ], [ -132.790904097423095, 54.674279262763783, 0.0 ], [ -132.75058108780479, 54.672324311669612, 0.0 ], [ -132.714678621993386, 54.671374707015843, 0.0 ], [ -132.705328547776787, 54.66310486460106, 0.0 ], [ -132.670121571075811, 54.670737891921753, 0.0 ], [ -132.686220286653196, 54.684857950566403, 0.0 ], [ -132.728411199782414, 54.702443056873371, 0.0 ], [ -132.704794293067607, 54.703521256246233, 0.0 ], [ -132.700465010782807, 54.732870691086291, 0.0 ], [ -132.769342610026087, 54.747033728924691, 0.0 ], [ -132.711351496419809, 54.740162815424739, 0.0 ], [ -132.749969335600014, 54.764665260823229, 0.0 ], [ -132.715922043153398, 54.757112894088472, 0.0 ], [ -132.7402113853515, 54.806284684124599, 0.0 ], [ -132.790730083827214, 54.807396494497517, 0.0 ], [ -132.748529603773591, 54.817528442128257, 0.0 ], [ -132.782280535467805, 54.850612002516627, 0.0 ], [ -132.834821850000793, 54.849377626323687, 0.0 ], [ -132.815137786040111, 54.858111048894891, 0.0 ], [ -132.845460225306908, 54.882837703328008, 0.0 ], [ -132.862029231154906, 54.894565081346578, 0.0 ], [ -132.893529513883493, 54.906069112859342, 0.0 ], [ -132.91955544703211, 54.914350350472191, 0.0 ], [ -132.897793025705397, 54.93175124944748, 0.0 ], [ -132.936483735226091, 54.930995972352029, 0.0 ], [ -132.899574982002605, 54.938288359992832, 0.0 ], [ -132.928284947939687, 54.952134031449859, 0.0 ], [ -132.956175808926105, 54.941190807726542, 0.0 ], [ -132.984999998397313, 54.949162241182329, 0.0 ], [ -132.954785765064287, 54.948178622410254, 0.0 ], [ -132.941296337390412, 54.967951609819217, 0.0 ], [ -132.95376901819921, 54.971673319814798, 0.0 ], [ -132.965821794323006, 54.99089305558325, 0.0 ], [ -132.948030166808508, 55.013674750995619, 0.0 ], [ -132.959992370983997, 55.024475514806873, 0.0 ], [ -132.997824064519989, 55.013126564790319, 0.0 ], [ -132.982510893968708, 55.026473276594217, 0.0 ], [ -133.011737659716403, 55.035441037390981, 0.0 ], [ -133.03111968266029, 55.014986959949447, 0.0 ], [ -133.028034581926192, 55.037499301399251, 0.0 ], [ -133.05814039771559, 55.0424680268179, 0.0 ], [ -133.068945674026793, 55.03476119527177, 0.0 ], [ -133.086492861532406, 55.049427179780977, 0.0 ], [ -133.02404227615051, 55.046667407880797, 0.0 ], [ -133.008492582309088, 55.055686375557038, 0.0 ], [ -133.031853475676087, 55.070885428562782, 0.0 ], [ -133.061647553757894, 55.079802010613292, 0.0 ], [ -133.037879741228295, 55.084271158115037, 0.0 ], [ -133.071363774257208, 55.08374158588321, 0.0 ], [ -133.104546929204588, 55.094547145378293, 0.0 ], [ -133.073273115968504, 55.100399145624742, 0.0 ], [ -133.0242640138311, 55.092910287998293, 0.0 ], [ -132.969788591856513, 55.056441909590127, 0.0 ], [ -132.984138221026711, 55.078824310851523, 0.0 ], [ -133.008903149046091, 55.094077649796333, 0.0 ], [ -133.006488003429212, 55.123017546982979, 0.0 ], [ -133.029203045879797, 55.13827878153328, 0.0 ], [ -133.051414465345914, 55.137720423244943, 0.0 ], [ -133.071477565245601, 55.154091604460611, 0.0 ], [ -133.115783737440694, 55.156142128758709, 0.0 ], [ -133.058468405611904, 55.17019084141868, 0.0 ], [ -133.076842940444095, 55.194962779942138, 0.0 ], [ -133.107343405849093, 55.190593441661903, 0.0 ], [ -133.082591429423104, 55.204465360942521, 0.0 ], [ -133.098240941590689, 55.216923018272567, 0.0 ], [ -133.137856396763993, 55.207982663360752, 0.0 ], [ -133.099437092656586, 55.237868835879581, 0.0 ], [ -133.12465359527971, 55.263764725995763, 0.0 ], [ -133.159430697283398, 55.251619466860298, 0.0 ], [ -133.223572293762203, 55.24584003407756, 0.0 ], [ -133.215949127497993, 55.216511543856797, 0.0 ] ] ] } },
{ "type": "Feature", "id": "0B1122ED4940ED1DEDBC", "properties": { "name": "休梅兹岛", "styleUrl": "#__managed_style_0665B01D9540EC9A485F", "Area": 149676983 }, "geometry": { "type": "Polygon", "coordinates": [ [ [ -133.452859530671304, 55.284937189931227, 0.0 ], [ -133.39719292069509, 55.284613751716257, 0.0 ], [ -133.42981174136591, 55.264739791213202, 0.0 ], [ -133.453656429240908, 55.277871560248151, 0.0 ], [ -133.474109612988514, 55.268130481737323, 0.0 ], [ -133.446086074712014, 55.213446729246662, 0.0 ], [ -133.411912558424604, 55.205441154721342, 0.0 ], [ -133.391771435804799, 55.227365049961392, 0.0 ], [ -133.34991355731691, 55.22032603807115, 0.0 ], [ -133.343730041022411, 55.199435345041337, 0.0 ], [ -133.313631406391409, 55.212061385585343, 0.0 ], [ -133.245571197365109, 55.228255804567297, 0.0 ], [ -133.230499331994992, 55.270432231562893, 0.0 ], [ -133.272169918715605, 55.294594466743682, 0.0 ], [ -133.332788162268088, 55.276232824204712, 0.0 ], [ -133.300458451071904, 55.308288192020932, 0.0 ], [ -133.33616673319861, 55.343155891956407, 0.0 ], [ -133.403371283668292, 55.342246759056238, 0.0 ], [ -133.381159240230687, 55.321461123466321, 0.0 ], [ -133.457387945319311, 55.318851859762979, 0.0 ], [ -133.452859530671304, 55.284937189931227, 0.0 ] ] ] } },
{ "type": "Feature", "id": "0CF226600440ED1EDCC9", "properties": { "name": "Sukkwan岛", "styleUrl": "#__managed_style_0665B01D9540EC9A485F", "Area": 216102293 }, "geometry": { "type": "Polygon", "coordinates": [ [ [ -132.951083812255092, 55.182488348362369, 0.0 ], [ -132.933506495027387, 55.164593534203888, 0.0 ], [ -132.899783416220799, 55.189696982090169, 0.0 ], [ -132.880995797213387, 55.166536591271488, 0.0 ], [ -132.90510735881, 55.154252053351343, 0.0 ], [ -132.874331540555289, 55.126631604418407, 0.0 ], [ -132.887955853132695, 55.106672707155951, 0.0 ], [ -132.863059074029195, 55.078733932493599, 0.0 ], [ -132.809557166841302, 55.093602027354301, 0.0 ], [ -132.829487059821901, 55.074014137111952, 0.0 ], [ -132.851572817533309, 55.053667362544509, 0.0 ], [ -132.905503397344489, 55.039013203806768, 0.0 ], [ -132.872730382293497, 55.024704615807543, 0.0 ], [ -132.80639320346549, 55.002198620444013, 0.0 ], [ -132.793705877701711, 55.011135138376027, 0.0 ], [ -132.747700565588701, 54.985088349765178, 0.0 ], [ -132.745878718864986, 55.007370930104351, 0.0 ], [ -132.718543858009298, 55.008488182791289, 0.0 ], [ -132.682936468692304, 55.033702161955169, 0.0 ], [ -132.689483977373612, 55.057967093975797, 0.0 ], [ -132.709821863918108, 55.092974913234151, 0.0 ], [ -132.73011556794529, 55.115626522445723, 0.0 ], [ -132.699249540203198, 55.105546423589928, 0.0 ], [ -132.684096648127991, 55.125252847300949, 0.0 ], [ -132.718919941594692, 55.140665285120832, 0.0 ], [ -132.741746730709991, 55.139502047662077, 0.0 ], [ -132.762547680618809, 55.155494699173147, 0.0 ], [ -132.817918685330312, 55.177645623327678, 0.0 ], [ -132.838581018861589, 55.205786137450808, 0.0 ], [ -132.864055760274596, 55.17583737908803, 0.0 ], [ -132.890690605960714, 55.200051179814587, 0.0 ], [ -132.865654718059005, 55.215192648057979, 0.0 ], [ -132.885427401726901, 55.227156172351393, 0.0 ], [ -132.938081738510306, 55.211373230250871, 0.0 ], [ -132.951083812255092, 55.182488348362369, 0.0 ] ] ] } },
{ "type": "Feature", "id": "0A9AB332EA40ED1F4E3B", "properties": { "name": "无名岛1", "styleUrl": "#__managed_style_0665B01D9540EC9A485F", "Area": 134980920 }, "geometry": { "type": "Polygon", "coordinates": [ [ [ -132.819686152460008, 54.925640598594107, 0.0 ], [ -132.806762506934291, 54.875615849448558, 0.0 ], [ -132.775870618388495, 54.852435128434067, 0.0 ], [ -132.757073162689693, 54.84969647624974, 0.0 ], [ -132.720093459449288, 54.820908356640658, 0.0 ], [ -132.696944577044491, 54.800827926074213, 0.0 ], [ -132.672761112418414, 54.764247655815197, 0.0 ], [ -132.645083596233093, 54.744980864926838, 0.0 ], [ -132.612677737954812, 54.766628242765883, 0.0 ], [ -132.624264797786594, 54.810328402610217, 0.0 ], [ -132.713378980854714, 54.850788193609269, 0.0 ], [ -132.621691049928188, 54.833638609128499, 0.0 ], [ -132.652858792616513, 54.87035030814863, 0.0 ], [ -132.616227741144087, 54.879790493113511, 0.0 ], [ -132.650547034587504, 54.90404739602576, 0.0 ], [ -132.69685227938561, 54.920521410791132, 0.0 ], [ -132.744317843186508, 54.917107116143647, 0.0 ], [ -132.713903910761587, 54.930393471171548, 0.0 ], [ -132.731396184619513, 54.938072478516723, 0.0 ], [ -132.79639522875911, 54.933570756893261, 0.0 ], [ -132.793664491763707, 54.903233744761842, 0.0 ], [ -132.819686152460008, 54.925640598594107, 0.0 ] ] ] } },
{ "type": "Feature", "id": "096F4C2BAD40ED1FBF33", "properties": { "name": "克罗内申岛", "styleUrl": "#__managed_style_0665B01D9540EC9A485F", "Area": 96089608 }, "geometry": { "type": "Polygon", "coordinates": [ [ [ -134.338128254408701, 55.92699694171359, 0.0 ], [ -134.371276586054108, 55.907932054529098, 0.0 ], [ -134.341599549179989, 55.88357371114742, 0.0 ], [ -134.27563460698741, 55.876989339144799, 0.0 ], [ -134.353287028028404, 55.858358053888367, 0.0 ], [ -134.336741034288508, 55.832568728840648, 0.0 ], [ -134.27092104994, 55.823785741054671, 0.0 ], [ -134.276736775650903, 55.843483362776958, 0.0 ], [ -134.23987469712921, 55.849064635000303, 0.0 ], [ -134.222730618456211, 55.866024181872973, 0.0 ], [ -134.115387853095712, 55.901815160637632, 0.0 ], [ -134.117034830667791, 55.918020130195167, 0.0 ], [ -134.102840329356297, 55.985437024890253, 0.0 ], [ -134.146355997562893, 55.933118310846652, 0.0 ], [ -134.200394548429301, 55.908331832480457, 0.0 ], [ -134.235001163146393, 55.906401880847653, 0.0 ], [ -134.230119712245113, 55.89306285409203, 0.0 ], [ -134.260790295962295, 55.903147389031162, 0.0 ], [ -134.263088216059913, 55.926318397605428, 0.0 ], [ -134.300604761255414, 55.912566977747403, 0.0 ], [ -134.338128254408701, 55.92699694171359, 0.0 ] ] ] } },
{ "type": "Feature", "id": "03E30394ED40ED1FFE43", "properties": { "name": "未命名的多边形", "styleUrl": "#__managed_style_0665B01D9540EC9A485F", "Area": 51746699 }, "geometry": { "type": "Polygon", "coordinates": [ [ [ -133.892221151007391, 55.93790160274753, 0.0 ], [ -133.943551763491314, 55.920402603854967, 0.0 ], [ -133.945527561142086, 55.882338734823378, 0.0 ], [ -133.902387875558901, 55.844316934329598, 0.0 ], [ -133.86509592374, 55.846446241264559, 0.0 ], [ -133.8445837804978, 55.872379905822463, 0.0 ], [ -133.84896049464669, 55.915376797913673, 0.0 ], [ -133.856421196638792, 55.937183515019072, 0.0 ], [ -133.892221151007391, 55.93790160274753, 0.0 ] ] ] } },
{ "type": "Feature", "id": "0A3CE6A8A340ED206F8F", "properties": { "name": "赫西塔岛", "styleUrl": "#__managed_style_0665B01D9540EC9A485F", "Area": 186220353 }, "geometry": { "type": "Polygon", "coordinates": [ [ [ -133.638658936229689, 55.82874764790288, 0.0 ], [ -133.666152834788306, 55.807632909825877, 0.0 ], [ -133.652722908002687, 55.790304843155518, 0.0 ], [ -133.708368876792093, 55.784618821876762, 0.0 ], [ -133.643175514630514, 55.730694511831338, 0.0 ], [ -133.546410470166904, 55.694675743713979, 0.0 ], [ -133.485191771741597, 55.708678126525001, 0.0 ], [ -133.495316776306396, 55.740577461061427, 0.0 ], [ -133.536775829412591, 55.775723431829647, 0.0 ], [ -133.433142224022106, 55.740549155535902, 0.0 ], [ -133.378460772361791, 55.749338615602447, 0.0 ], [ -133.327527776939093, 55.761467402291217, 0.0 ], [ -133.315735999292798, 55.792878031142351, 0.0 ], [ -133.336988131379286, 55.808897304585287, 0.0 ], [ -133.396255202185188, 55.814291040960583, 0.0 ], [ -133.368857040673191, 55.786908035986983, 0.0 ], [ -133.450901012566987, 55.784840633448738, 0.0 ], [ -133.488070300032689, 55.796257602663573, 0.0 ], [ -133.5045330104399, 55.818535687553123, 0.0 ], [ -133.564808843567306, 55.836545437624579, 0.0 ], [ -133.590457391444005, 55.832572728972167, 0.0 ], [ -133.594180278068393, 55.791371184156858, 0.0 ], [ -133.638658936229689, 55.82874764790288, 0.0 ] ] ] } },
{ "type": "Feature", "id": "0D1486E45C40ED20FFBE", "properties": { "name": "无名岛2", "styleUrl": "#__managed_style_0665B01D9540EC9A485F", "Area": 89475138 }, "geometry": { "type": "Polygon", "coordinates": [ [ [ -133.337496114695796, 55.951285211793589, 0.0 ], [ -133.3258384642875, 55.932448673078937, 0.0 ], [ -133.342498866952695, 55.921118081794823, 0.0 ], [ -133.360985051570708, 55.888666026989974, 0.0 ], [ -133.345237721140393, 55.874545113694538, 0.0 ], [ -133.326211508471914, 55.858515803249247, 0.0 ], [ -133.337006708732901, 55.844085262039137, 0.0 ], [ -133.361481308130607, 55.843811316580123, 0.0 ], [ -133.331626615506195, 55.826411977676941, 0.0 ], [ -133.290286324489614, 55.793937464594393, 0.0 ], [ -133.263009429816691, 55.778974193869971, 0.0 ], [ -133.261350033671107, 55.771208003686283, 0.0 ], [ -133.241507275329809, 55.795166360025199, 0.0 ], [ -133.228574964950099, 55.817570114649683, 0.0 ], [ -133.214323936508208, 55.824231809642278, 0.0 ], [ -133.220277284412106, 55.848598060314288, 0.0 ], [ -133.223058578356103, 55.86691374208106, 0.0 ], [ -133.252036676410597, 55.880091122136783, 0.0 ], [ -133.280985290660396, 55.864866544796769, 0.0 ], [ -133.289401143164895, 55.878627648753678, 0.0 ], [ -133.273296621507313, 55.892693466364008, 0.0 ], [ -133.269415986456295, 55.904886930284448, 0.0 ], [ -133.288533832806394, 55.913496495827381, 0.0 ], [ -133.307390831000504, 55.913922778991463, 0.0 ], [ -133.305323307, 55.940092002957577, 0.0 ], [ -133.308079269027786, 55.967170557462978, 0.0 ], [ -133.337496114695796, 55.951285211793589, 0.0 ] ] ] } },
{ "type": "Feature", "id": "03B622CE7C40ED214AB3", "properties": { "name": "圣费尔南多岛", "styleUrl": "#__managed_style_0665B01D9540EC9A485F", "Area": 89868215 }, "geometry": { "type": "Polygon", "coordinates": [ [ [ -133.469179602215604, 55.541268503833408, 0.0 ], [ -133.414639023079502, 55.497722176472543, 0.0 ], [ -133.366064652519498, 55.455331762255263, 0.0 ], [ -133.346854853652189, 55.469505936674523, 0.0 ], [ -133.320681461629789, 55.473654127685641, 0.0 ], [ -133.294142014968799, 55.497744484976927, 0.0 ], [ -133.286342801754301, 55.533489358845337, 0.0 ], [ -133.317190863032806, 55.552439381013237, 0.0 ], [ -133.358704530105086, 55.57691861420971, 0.0 ], [ -133.4479066842772, 55.557197645849143, 0.0 ], [ -133.469179602215604, 55.541268503833408, 0.0 ] ] ] } },
{ "type": "Feature", "id": "06910C0B9140ED2189DE", "properties": { "name": "无名岛与3", "styleUrl": "#__managed_style_0665B01D9540EC9A485F", "Area": 23906402 }, "geometry": { "type": "Polygon", "coordinates": [ [ [ -133.324197308622786, 55.415845864633731, 0.0 ], [ -133.316619686836788, 55.398228399797851, 0.0 ], [ -133.2451618145449, 55.408262884280703, 0.0 ], [ -133.221325232789411, 55.440009412054472, 0.0 ], [ -133.245452061626509, 55.448504369019652, 0.0 ], [ -133.296269692061486, 55.44435468119044, 0.0 ], [ -133.324197308622786, 55.415845864633731, 0.0 ] ] ] } },
{ "type": "Feature", "id": "04250E0CAA40ED21DE9C", "properties": { "name": "未命名的多边形", "styleUrl": "#__managed_style_0665B01D9540EC9A485F", "Area": 109599759 }, "geometry": { "type": "Polygon", "coordinates": [ [ [ -133.755005203361492, 55.531021945049723, 0.0 ], [ -133.709637818251707, 55.520826495350057, 0.0 ], [ -133.771690094430994, 55.500312388836718, 0.0 ], [ -133.782334225273104, 55.478484534482547, 0.0 ], [ -133.831111692738091, 55.434756216554803, 0.0 ], [ -133.737379092303399, 55.473384695349033, 0.0 ], [ -133.682008989898804, 55.447722181548627, 0.0 ], [ -133.643737377417693, 55.449821493184892, 0.0 ], [ -133.623212613822403, 55.498475376056447, 0.0 ], [ -133.568304301856614, 55.510650571526703, 0.0 ], [ -133.575514661356408, 55.54402126054876, 0.0 ], [ -133.619997182595796, 55.555806567908043, 0.0 ], [ -133.634123667631712, 55.53141414679574, 0.0 ], [ -133.652349555327902, 55.556257447929447, 0.0 ], [ -133.71310000111859, 55.560131248260788, 0.0 ], [ -133.747966878473505, 55.554733442295273, 0.0 ], [ -133.755005203361492, 55.531021945049723, 0.0 ] ] ] } },
{ "type": "Feature", "id": "04D6D36F4A40ED2217A7", "properties": { "name": "鲁鲁岛", "styleUrl": "#__managed_style_0665B01D9540EC9A485F", "Area": 76515335 }, "geometry": { "type": "Polygon", "coordinates": [ [ [ -133.529519477053498, 55.528381165760948, 0.0 ], [ -133.548960814331707, 55.491050716823914, 0.0 ], [ -133.608599104599705, 55.465333826138007, 0.0 ], [ -133.624040007218895, 55.449153967629613, 0.0 ], [ -133.556073667938392, 55.441953625134254, 0.0 ], [ -133.541413808591102, 55.431934666123368, 0.0 ], [ -133.437856761917914, 55.446391939421773, 0.0 ], [ -133.426033490352893, 55.485285081095007, 0.0 ], [ -133.472063512416696, 55.51710811150987, 0.0 ], [ -133.529519477053498, 55.528381165760948, 0.0 ] ] ] } },
{ "type": "Feature", "id": "063E2BBAC940ED22AEF6", "properties": { "name": "贝克岛", "styleUrl": "#__managed_style_0665B01D9540EC9A485F", "Area": 120993919 }, "geometry": { "type": "Polygon", "coordinates": [ [ [ -133.590016848655011, 55.430838122431943, 0.0 ], [ -133.613029762785999, 55.417159889891153, 0.0 ], [ -133.605918916854307, 55.404319781464743, 0.0 ], [ -133.623666561835904, 55.386114138238938, 0.0 ], [ -133.637773449683493, 55.39477219546319, 0.0 ], [ -133.67563040401501, 55.37299000256742, 0.0 ], [ -133.629531406086102, 55.366767661945133, 0.0 ], [ -133.636314983563807, 55.355578762879013, 0.0 ], [ -133.648780186364007, 55.337997025805898, 0.0 ], [ -133.643480790545397, 55.324188558585313, 0.0 ], [ -133.658716274275491, 55.328071833898882, 0.0 ], [ -133.675730949273486, 55.323877521385647, 0.0 ], [ -133.693160839512387, 55.316630158807918, 0.0 ], [ -133.689104869784813, 55.299963638446258, 0.0 ], [ -133.651338476472006, 55.312055328734893, 0.0 ], [ -133.670810827146312, 55.296018575123043, 0.0 ], [ -133.666323096227586, 55.277259000329302, 0.0 ], [ -133.64809117144199, 55.269832500988763, 0.0 ], [ -133.634962162925603, 55.252462634556501, 0.0 ], [ -133.612000882625296, 55.237432566758301, 0.0 ], [ -133.606111909815695, 55.238649103587854, 0.0 ], [ -133.610485327482792, 55.255346724348883, 0.0 ], [ -133.595485965360695, 55.283437975721931, 0.0 ], [ -133.59936380208589, 55.300825097648747, 0.0 ], [ -133.575007836684108, 55.30961608828477, 0.0 ], [ -133.568237611676096, 55.330322671752349, 0.0 ], [ -133.587736229403106, 55.34155946490911, 0.0 ], [ -133.5961754331571, 55.34754530573008, 0.0 ], [ -133.602764323143901, 55.347248801557512, 0.0 ], [ -133.612336797271894, 55.330510736401543, 0.0 ], [ -133.617443439464608, 55.333302157506679, 0.0 ], [ -133.611071393101611, 55.352168925727433, 0.0 ], [ -133.592304800279692, 55.363165407018762, 0.0 ], [ -133.595407370800302, 55.367584346790217, 0.0 ], [ -133.580965000004994, 55.371658290724717, 0.0 ], [ -133.586375073352286, 55.361345972100601, 0.0 ], [ -133.572139185497605, 55.341315042643132, 0.0 ], [ -133.547195894465688, 55.337153439759511, 0.0 ], [ -133.525354931125094, 55.346790758526211, 0.0 ], [ -133.507365233970688, 55.357183181021092, 0.0 ], [ -133.515134775278796, 55.366610280442103, 0.0 ], [ -133.529374559025996, 55.372921308953103, 0.0 ], [ -133.54391192941381, 55.375256611053608, 0.0 ], [ -133.548927871238504, 55.370443649813723, 0.0 ], [ -133.564083889520987, 55.374354329616487, 0.0 ], [ -133.545138196222609, 55.383536057068277, 0.0 ], [ -133.508965438382603, 55.378249516726441, 0.0 ], [ -133.498647622541313, 55.365646631071129, 0.0 ], [ -133.463094178979901, 55.376216183305019, 0.0 ], [ -133.457682910150595, 55.398292356844557, 0.0 ], [ -133.470326595525904, 55.417297881703369, 0.0 ], [ -133.540002580112798, 55.411003624911991, 0.0 ], [ -133.560926217069806, 55.413518594588787, 0.0 ], [ -133.575783230648511, 55.430934327051261, 0.0 ], [ -133.590016848655011, 55.430838122431943, 0.0 ] ] ] } },
{ "type": "Feature", "id": "083C37667440ED232A90", "properties": { "name": "贝尔埃兰岛", "styleUrl": "#__managed_style_0665B01D9540EC9A485F", "Area": 51232449 }, "geometry": { "type": "Polygon", "coordinates": [ [ [ -131.442441322703303, 55.99499582703006, 0.0 ], [ -131.502665021294405, 55.9753213522824, 0.0 ], [ -131.5847032500875, 55.940456009864548, 0.0 ], [ -131.613585521482605, 55.929914676512823, 0.0 ], [ -131.605125321315114, 55.919216652021987, 0.0 ], [ -131.573399066923713, 55.929725074769522, 0.0 ], [ -131.564376908932189, 55.918834407673423, 0.0 ], [ -131.512809814842512, 55.921082905404788, 0.0 ], [ -131.497045898651805, 55.926080903178182, 0.0 ], [ -131.464580810503207, 55.946494137729928, 0.0 ], [ -131.440334764103909, 55.950186125305002, 0.0 ], [ -131.431936470794312, 55.945921205238001, 0.0 ], [ -131.401578335127908, 55.963247398210157, 0.0 ], [ -131.4108954041738, 55.979094255363847, 0.0 ], [ -131.43047437167661, 55.99608452873094, 0.0 ], [ -131.442441322703303, 55.99499582703006, 0.0 ] ] ] } },
{ "type": "Feature", "id": "043AA373E440ED2385B8", "properties": { "name": "无名岛4", "styleUrl": "#__managed_style_0665B01D9540EC9A485F", "Area": 34885229 }, "geometry": { "type": "Polygon", "coordinates": [ [ [ -131.644510543759793, 55.915149384164167, 0.0 ], [ -131.670798663898012, 55.906431988263407, 0.0 ], [ -131.691954284253512, 55.888733254785507, 0.0 ], [ -131.684652743932389, 55.878932854339787, 0.0 ], [ -131.696289788672914, 55.871294079959597, 0.0 ], [ -131.719617948836202, 55.855151214065948, 0.0 ], [ -131.641053699626497, 55.860019119200693, 0.0 ], [ -131.582467860087291, 55.850638592982712, 0.0 ], [ -131.584158478502104, 55.869468011377563, 0.0 ], [ -131.624055315433594, 55.913230268481072, 0.0 ], [ -131.644510543759793, 55.915149384164167, 0.0 ] ] ] } },
{ "type": "Feature", "id": "0FF01D072740ED240614", "properties": { "name": "无名岛5", "styleUrl": "#__managed_style_0665B01D9540EC9A485F", "Area": 36959578 }, "geometry": { "type": "Polygon", "coordinates": [ [ [ -132.208294489994614, 56.034464914604527, 0.0 ], [ -132.201913968270986, 56.030336665875048, 0.0 ], [ -132.205768458405288, 56.019633970654262, 0.0 ], [ -132.206026903673688, 56.012075202808532, 0.0 ], [ -132.199732070490001, 56.001484142083932, 0.0 ], [ -132.191815615158191, 55.986218076324789, 0.0 ], [ -132.192769389872012, 55.973144881105007, 0.0 ], [ -132.202150195616298, 55.958891959022338, 0.0 ], [ -132.191878818912187, 55.933983129933047, 0.0 ], [ -132.164004129134895, 55.92604223523275, 0.0 ], [ -132.197729440885894, 55.919985429828053, 0.0 ], [ -132.167439100409013, 55.920138576204913, 0.0 ], [ -132.154128608189609, 55.924605924902288, 0.0 ], [ -132.135966108964908, 55.938390165637351, 0.0 ], [ -132.126936995020912, 55.959924635605311, 0.0 ], [ -132.1449252991452, 55.977405121686751, 0.0 ], [ -132.169152884946612, 55.990968592406233, 0.0 ], [ -132.152499254590907, 56.003844709811553, 0.0 ], [ -132.166506900377897, 56.019217121372058, 0.0 ], [ -132.18236925288079, 56.039005625732322, 0.0 ], [ -132.206517830389004, 56.038329514742948, 0.0 ], [ -132.208294489994614, 56.034464914604527, 0.0 ] ] ] } },
{ "type": "Feature", "id": "020AC064E840ED2488B3", "properties": { "name": "无名岛6", "styleUrl": "#__managed_style_0665B01D9540EC9A485F", "Area": 24450693 }, "geometry": { "type": "Polygon", "coordinates": [ [ [ -132.394159880674096, 55.897160197045032, 0.0 ], [ -132.393297869747613, 55.890121714485502, 0.0 ], [ -132.398585466889102, 55.883021748543968, 0.0 ], [ -132.393434741521787, 55.873294684148973, 0.0 ], [ -132.377463272430191, 55.870819863157621, 0.0 ], [ -132.381554051049989, 55.863204996984493, 0.0 ], [ -132.369410527743412, 55.849143625486022, 0.0 ], [ -132.356996295372312, 55.85590370191327, 0.0 ], [ -132.336703740367199, 55.863294889830257, 0.0 ], [ -132.350029661655412, 55.871645053206393, 0.0 ], [ -132.335032067780588, 55.876284957143383, 0.0 ], [ -132.335156134149202, 55.872087556986003, 0.0 ], [ -132.328409475930812, 55.867278186436472, 0.0 ], [ -132.322960228074407, 55.849646134271993, 0.0 ], [ -132.320553285293613, 55.858279470118397, 0.0 ], [ -132.326411066875806, 55.869771139366257, 0.0 ], [ -132.306656884611414, 55.862559771541747, 0.0 ], [ -132.311879638371011, 55.87085268263553, 0.0 ], [ -132.328762021735287, 55.879525027109437, 0.0 ], [ -132.340762447710603, 55.877911901702802, 0.0 ], [ -132.339155779560912, 55.883182695297982, 0.0 ], [ -132.338799323373593, 55.904289695997143, 0.0 ], [ -132.328968230137605, 55.8881983671886, 0.0 ], [ -132.320500098523894, 55.890171798084019, 0.0 ], [ -132.304261963895897, 55.894607784503407, 0.0 ], [ -132.309000788460793, 55.899206571724648, 0.0 ], [ -132.29050614755559, 55.901759828132747, 0.0 ], [ -132.288306887820198, 55.907238197824078, 0.0 ], [ -132.309833378466294, 55.912809839865801, 0.0 ], [ -132.322305663968791, 55.90864186144745, 0.0 ], [ -132.346912836013388, 55.91072008895344, 0.0 ], [ -132.339909031402613, 55.891493156809737, 0.0 ], [ -132.351293404169098, 55.898020618339679, 0.0 ], [ -132.375555499032401, 55.905695373527116, 0.0 ], [ -132.373545856160291, 55.908819024788038, 0.0 ], [ -132.361000275966205, 55.909461500251318, 0.0 ], [ -132.367040405400502, 55.915992848777663, 0.0 ], [ -132.384588554483202, 55.920703718228829, 0.0 ], [ -132.378476177565688, 55.907496870481332, 0.0 ], [ -132.397949818481408, 55.905363500125517, 0.0 ], [ -132.394159880674096, 55.897160197045032, 0.0 ] ] ] } },
{ "type": "Feature", "id": "0F2F04B93840ED252A98", "properties": { "name": "未命名的多边形", "styleUrl": "#__managed_style_0665B01D9540EC9A485F", "Area": 65246140 }, "geometry": { "type": "Polygon", "coordinates": [ [ [ -150.712856604949394, 59.393990988426722, 0.0 ], [ -150.688557087090288, 59.376435264314637, 0.0 ], [ -150.727167562755113, 59.365803688029928, 0.0 ], [ -150.705886764398088, 59.3592350412193, 0.0 ], [ -150.745948936682311, 59.349522614609427, 0.0 ], [ -150.744641332926506, 59.337525923064668, 0.0 ], [ -150.768506382162201, 59.331181636260062, 0.0 ], [ -150.762978112804404, 59.321254621235951, 0.0 ], [ -150.792879911411291, 59.311776206600371, 0.0 ], [ -150.752815538979092, 59.302592898825978, 0.0 ], [ -150.73639866042501, 59.30903887671856, 0.0 ], [ -150.717307833692189, 59.308193907845073, 0.0 ], [ -150.718036656712513, 59.301908004236182, 0.0 ], [ -150.728551104731906, 59.301042588471581, 0.0 ], [ -150.7342008754772, 59.289814702513432, 0.0 ], [ -150.718542552629998, 59.289015821998177, 0.0 ], [ -150.685624046571292, 59.301063498997372, 0.0 ], [ -150.665744780312906, 59.31318869864662, 0.0 ], [ -150.656238310086792, 59.336606069976568, 0.0 ], [ -150.642669791446991, 59.347409056952223, 0.0 ], [ -150.621421635847696, 59.348988801416922, 0.0 ], [ -150.61041112642809, 59.366067335026692, 0.0 ], [ -150.630988972200697, 59.389486110429438, 0.0 ], [ -150.59935583094159, 59.379720663570467, 0.0 ], [ -150.631183478478505, 59.401794449804157, 0.0 ], [ -150.697447235479899, 59.413567534688667, 0.0 ], [ -150.712856604949394, 59.393990988426722, 0.0 ] ] ] } },
{ "type": "Feature", "id": "08EAE7EA1E40ED25963E", "properties": { "name": "未命名的多边形", "styleUrl": "#__managed_style_0665B01D9540EC9A485F", "Area": 944413483 }, "geometry": { "type": "Polygon", "coordinates": [ [ [ -147.115029531737889, 60.37370397765379, 0.0 ], [ -147.216399115954403, 60.341281025797443, 0.0 ], [ -147.222809781787504, 60.254294701934427, 0.0 ], [ -147.340141410999593, 60.189931324936573, 0.0 ], [ -147.505248356438386, 60.072552506688908, 0.0 ], [ -147.72508342501169, 59.985000133058087, 0.0 ], [ -147.669117462807492, 59.967890381297323, 0.0 ], [ -147.786315948352495, 59.948018727918473, 0.0 ], [ -147.831124413643494, 59.909620349888918, 0.0 ], [ -147.809398382836008, 59.892627321319061, 0.0 ], [ -147.75793900967841, 59.889568734944561, 0.0 ], [ -147.90516516430219, 59.865880500829689, 0.0 ], [ -147.947179770175893, 59.818322228431747, 0.0 ], [ -147.942978674175208, 59.775849193345643, 0.0 ], [ -147.850145278411105, 59.771102958209823, 0.0 ], [ -147.697611387534806, 59.807856037594028, 0.0 ], [ -147.599192253106708, 59.856322465894728, 0.0 ], [ -147.526882390448208, 59.83398971668074, 0.0 ], [ -147.433564620258096, 59.874136798763743, 0.0 ], [ -147.514454291412306, 59.930370783319937, 0.0 ], [ -147.425572278238803, 59.962337090948971, 0.0 ], [ -147.349058492432107, 59.948672889786117, 0.0 ], [ -147.377238114203209, 60.033181642528788, 0.0 ], [ -147.216860019656195, 60.129271002933763, 0.0 ], [ -146.896724517395, 60.301127201534783, 0.0 ], [ -146.918972898986112, 60.311283730079118, 0.0 ], [ -147.092132451291093, 60.271265355469588, 0.0 ], [ -146.983900872112088, 60.35021965774785, 0.0 ], [ -147.115029531737889, 60.37370397765379, 0.0 ] ] ] } },
{ "type": "Feature", "id": "0172CBE90040ED25E1C9", "properties": { "name": "未命名的多边形", "styleUrl": "#__managed_style_0665B01D9540EC9A485F", "Area": 422645260 }, "geometry": { "type": "Polygon", "coordinates": [ [ [ -147.86889948560821, 60.38886075103283, 0.0 ], [ -147.881677464862605, 60.320703466512327, 0.0 ], [ -147.757659119426904, 60.325557528280761, 0.0 ], [ -147.838374782895613, 60.300074645115302, 0.0 ], [ -147.927671242773414, 60.292242450972857, 0.0 ], [ -147.961651123271707, 60.221732305419941, 0.0 ], [ -147.792708556384412, 60.242957383989747, 0.0 ], [ -147.853955791200292, 60.193759552832347, 0.0 ], [ -147.766919019960795, 60.149709775063947, 0.0 ], [ -147.675560985609508, 60.241917772292787, 0.0 ], [ -147.737654006811795, 60.253158818320692, 0.0 ], [ -147.616622902938389, 60.351200479433921, 0.0 ], [ -147.63216710147131, 60.462954130226137, 0.0 ], [ -147.565860721361787, 60.586664725308438, 0.0 ], [ -147.787623736187612, 60.473533282854923, 0.0 ], [ -147.86889948560821, 60.38886075103283, 0.0 ] ] ] } },
{ "type": "Feature", "id": "09912B29F640ED2666B8", "properties": { "name": "未命名的多边形", "styleUrl": "#__managed_style_0665B01D9540EC9A485F", "Area": 110606298 }, "geometry": { "type": "Polygon", "coordinates": [ [ [ -148.290229029749213, 60.081875596779128, 0.0 ], [ -148.193011905756094, 60.085707788145747, 0.0 ], [ -148.201759036107688, 60.065897513313409, 0.0 ], [ -148.243224542438412, 60.064933945280238, 0.0 ], [ -148.276875991809987, 60.063832893110423, 0.0 ], [ -148.30295100913051, 60.041947121382329, 0.0 ], [ -148.240035621830287, 60.044491496646899, 0.0 ], [ -148.190554841265907, 60.035912660066501, 0.0 ], [ -148.253890300168507, 60.035421257709032, 0.0 ], [ -148.323055647312088, 60.031634758848277, 0.0 ], [ -148.271369143081188, 60.012813510017793, 0.0 ], [ -148.185095729138709, 60.022209195334867, 0.0 ], [ -148.133507865532295, 60.044863584563757, 0.0 ], [ -148.151300988399498, 60.051318891795283, 0.0 ], [ -148.079923236331808, 60.109116959286467, 0.0 ], [ -148.099222010567587, 60.110394255992048, 0.0 ], [ -148.064497089586609, 60.144155841304183, 0.0 ], [ -148.041746741377011, 60.191616452335268, 0.0 ], [ -148.056515113723009, 60.200211429184741, 0.0 ], [ -148.078590033613096, 60.195839658908334, 0.0 ], [ -148.087819937266005, 60.152016847364607, 0.0 ], [ -148.111717811758894, 60.123440133931361, 0.0 ], [ -148.113811868857596, 60.154126348692728, 0.0 ], [ -148.137507910899188, 60.149077681810333, 0.0 ], [ -148.230839577208997, 60.11246538773625, 0.0 ], [ -148.294168821298513, 60.101970161817789, 0.0 ], [ -148.290229029749213, 60.081875596779128, 0.0 ] ] ] } },
{ "type": "Feature", "id": "087092BBA140ED26BCC9", "properties": { "name": "未命名的多边形", "styleUrl": "#__managed_style_0665B01D9540EC9A485F", "Area": 85363992 }, "geometry": { "type": "Polygon", "coordinates": [ [ [ -147.977133026251011, 60.160158710516093, 0.0 ], [ -148.002718194712401, 60.101454748679409, 0.0 ], [ -148.023619638097813, 60.120565165726823, 0.0 ], [ -148.047494256014488, 60.101298667615978, 0.0 ], [ -148.098066901519587, 60.066449263762522, 0.0 ], [ -148.119228780342212, 60.042243131020797, 0.0 ], [ -148.125005343407906, 60.025871949537184, 0.0 ], [ -148.153088736017907, 60.013094603395253, 0.0 ], [ -148.1353939212988, 60.002675967586683, 0.0 ], [ -148.161650307064889, 59.997708234264273, 0.0 ], [ -148.129873247767392, 59.983375902720617, 0.0 ], [ -148.088532102983208, 60.009086545964891, 0.0 ], [ -148.041838844693814, 60.044493710739268, 0.0 ], [ -147.9815275444995, 60.048627101779438, 0.0 ], [ -148.066835990420913, 60.052670043488568, 0.0 ], [ -148.009310851442592, 60.068485097309107, 0.0 ], [ -147.979359373450194, 60.062636126721173, 0.0 ], [ -147.878141426307707, 60.104040354822217, 0.0 ], [ -147.895241595969395, 60.122243526164297, 0.0 ], [ -147.916897477510702, 60.131173103587138, 0.0 ], [ -147.945265122692689, 60.126871761876679, 0.0 ], [ -147.961076724632505, 60.107656218521427, 0.0 ], [ -147.959682597153204, 60.146237397495298, 0.0 ], [ -147.977133026251011, 60.160158710516093, 0.0 ] ] ] } },
{ "type": "Feature", "id": "0260D1B76B40ED271EBC", "properties": { "name": "未命名的多边形", "styleUrl": "#__managed_style_0665B01D9540EC9A485F", "Area": 42350020 }, "geometry": { "type": "Polygon", "coordinates": [ [ [ -148.013161390625299, 60.036093803961379, 0.0 ], [ -148.106307720360093, 59.977695256247358, 0.0 ], [ -148.122372638283906, 59.967942400240737, 0.0 ], [ -148.146990765467393, 59.978774432434683, 0.0 ], [ -148.211238489774189, 59.981164042027743, 0.0 ], [ -148.216475211230886, 59.972872427726713, 0.0 ], [ -148.186832400446093, 59.97333453274053, 0.0 ], [ -148.224482667291198, 59.954660412443509, 0.0 ], [ -148.179154615289292, 59.951734682294223, 0.0 ], [ -148.256133272863906, 59.93689361894296, 0.0 ], [ -148.196120681190308, 59.934078086059962, 0.0 ], [ -148.097271888845995, 59.954193094099807, 0.0 ], [ -148.059626663613898, 59.979720079566491, 0.0 ], [ -148.013174511787497, 60.007249246764971, 0.0 ], [ -147.979526420827398, 60.03470817574231, 0.0 ], [ -148.013161390625299, 60.036093803961379, 0.0 ] ] ] } },
{ "type": "Feature", "id": "043955D8B240ED2764F8", "properties": { "name": "未命名的多边形", "styleUrl": "#__managed_style_0665B01D9540EC9A485F", "Area": 79696820 }, "geometry": { "type": "Polygon", "coordinates": [ [ [ -147.855302512987407, 60.077713584416273, 0.0 ], [ -147.951446571876488, 60.029277667816608, 0.0 ], [ -148.053828833880914, 59.959447960532458, 0.0 ], [ -148.0355498648793, 59.931879544187787, 0.0 ], [ -147.886266436498204, 59.987116940289653, 0.0 ], [ -147.844071872450002, 60.029687553123502, 0.0 ], [ -147.809365773645197, 60.066422637827067, 0.0 ], [ -147.855302512987407, 60.077713584416273, 0.0 ] ] ] } },
{ "type": "Feature", "id": "007D3EDF4A40ED27A763", "properties": { "name": "未命名的多边形", "styleUrl": "#__managed_style_0665B01D9540EC9A485F", "Area": 94057008 }, "geometry": { "type": "Polygon", "coordinates": [ [ [ -153.589699369506292, 59.374042960960772, 0.0 ], [ -153.54271013451671, 59.362274600370903, 0.0 ], [ -153.557457520561002, 59.329444901926912, 0.0 ], [ -153.419524231586394, 59.323500610639449, 0.0 ], [ -153.346319162719396, 59.349796808654133, 0.0 ], [ -153.358059220065797, 59.37772830307469, 0.0 ], [ -153.410022684942589, 59.418067552524448, 0.0 ], [ -153.54993569872741, 59.391519898802557, 0.0 ], [ -153.589699369506292, 59.374042960960772, 0.0 ] ] ] } },
{ "type": "Feature", "id": "09897A8A2540ED27F658", "properties": { "name": "乌加沙特岛", "styleUrl": "#__managed_style_0665B01D9540EC9A485F", "Area": 32332516 }, "geometry": { "type": "Polygon", "coordinates": [ [ [ -152.322238371067897, 58.960507551918269, 0.0 ], [ -152.295717258936207, 58.943644785944016, 0.0 ], [ -152.315104725804105, 58.928573717737343, 0.0 ], [ -152.363217058745988, 58.91521584414464, 0.0 ], [ -152.332723655110186, 58.902835173049723, 0.0 ], [ -152.249605793967589, 58.909231206238474, 0.0 ], [ -152.211886837705691, 58.930014060530283, 0.0 ], [ -152.175171220369691, 58.927352623445458, 0.0 ], [ -152.147758111176302, 58.942653747006943, 0.0 ], [ -152.177865677269807, 58.948478636741378, 0.0 ], [ -152.207245304416887, 58.936750590802802, 0.0 ], [ -152.25710456707651, 58.944024774814849, 0.0 ], [ -152.283628531236189, 58.956334453053778, 0.0 ], [ -152.322238371067897, 58.960507551918269, 0.0 ] ] ] } },
{ "type": "Feature", "id": "0906F0427C40ED288D63", "properties": { "name": "未命名的多边形", "styleUrl": "#__managed_style_0665B01D9540EC9A485F", "Area": 335390552 }, "geometry": { "type": "Polygon", "coordinates": [ [ [ -161.092369466164911, 58.549595592109533, 0.0 ], [ -160.893939704123113, 58.561796927663437, 0.0 ], [ -160.680867973205096, 58.816837264669829, 0.0 ], [ -161.067642113349592, 58.702591708365112, 0.0 ], [ -161.092369466164911, 58.549595592109533, 0.0 ] ] ] } },
{ "type": "Feature", "id": "06D29E0EA240ED291190", "properties": { "name": "未命名的多边形", "styleUrl": "#__managed_style_0665B01D9540EC9A485F", "Area": 490221185 }, "geometry": { "type": "Polygon", "coordinates": [ [ [ -160.732509599978613, 55.409924396350171, 0.0 ], [ -160.836767574395196, 55.353507974708478, 0.0 ], [ -160.861226528112894, 55.255726614591438, 0.0 ], [ -160.853406039408412, 55.206597444577973, 0.0 ], [ -160.806231372862186, 55.161713934016099, 0.0 ], [ -160.822468842782598, 55.117795682917652, 0.0 ], [ -160.762593569089887, 55.166070873955768, 0.0 ], [ -160.755895470138796, 55.198695986107893, 0.0 ], [ -160.6961617187483, 55.198317796722201, 0.0 ], [ -160.663036273362991, 55.159700391042428, 0.0 ], [ -160.590975480388693, 55.143179711834449, 0.0 ], [ -160.5390909837148, 55.157815007223512, 0.0 ], [ -160.541389657849493, 55.128101978201883, 0.0 ], [ -160.493799879010908, 55.157239141813733, 0.0 ], [ -160.446893653500808, 55.190243750238153, 0.0 ], [ -160.493795172090614, 55.22647373710781, 0.0 ], [ -160.569152528816289, 55.274704640717992, 0.0 ], [ -160.579098001942697, 55.321808086198338, 0.0 ], [ -160.551023819752402, 55.337566682731961, 0.0 ], [ -160.510676397054709, 55.366520482719743, 0.0 ], [ -160.5394354377909, 55.38928547113008, 0.0 ], [ -160.595086045847808, 55.383327666786272, 0.0 ], [ -160.622610168587812, 55.349636129503857, 0.0 ], [ -160.59662512822041, 55.32607045123104, 0.0 ], [ -160.674354971588002, 55.310023874886127, 0.0 ], [ -160.688822680917212, 55.330514303135217, 0.0 ], [ -160.646676259553402, 55.363699490954247, 0.0 ], [ -160.639903016952587, 55.398170849454218, 0.0 ], [ -160.732509599978613, 55.409924396350171, 0.0 ] ] ] } },
{ "type": "Feature", "id": "05B822261340ED294EC1", "properties": { "name": "未命名的多边形", "styleUrl": "#__managed_style_0665B01D9540EC9A485F", "Area": 104169685 }, "geometry": { "type": "Polygon", "coordinates": [ [ [ -160.498075570518495, 55.353531039826947, 0.0 ], [ -160.528744382293013, 55.318627101413377, 0.0 ], [ -160.472152681005895, 55.289382058209171, 0.0 ], [ -160.395277026876187, 55.287196653219148, 0.0 ], [ -160.379039297595313, 55.258532263498921, 0.0 ], [ -160.332275994723091, 55.244809223020717, 0.0 ], [ -160.31115329102991, 55.304724805589302, 0.0 ], [ -160.320398217053395, 55.348744824404307, 0.0 ], [ -160.33454291491131, 55.363774279240829, 0.0 ], [ -160.39147127181991, 55.35371001798908, 0.0 ], [ -160.447044249874494, 55.339514993623652, 0.0 ], [ -160.48479623926869, 55.367117323444532, 0.0 ], [ -160.498075570518495, 55.353531039826947, 0.0 ] ] ] } },
{ "type": "Feature", "id": "07B9D778B740ED2983DC", "properties": { "name": "未命名的多边形", "styleUrl": "#__managed_style_0665B01D9540EC9A485F", "Area": 77468739 }, "geometry": { "type": "Polygon", "coordinates": [ [ [ -160.34570057543209, 55.396850823845931, 0.0 ], [ -160.276840802717004, 55.393175751816983, 0.0 ], [ -160.257780203786012, 55.413193272505723, 0.0 ], [ -160.199968345917398, 55.39758510207367, 0.0 ], [ -160.153393450209904, 55.375559334578647, 0.0 ], [ -160.139840249967705, 55.445983223091169, 0.0 ], [ -160.264214689263696, 55.463399003921573, 0.0 ], [ -160.343819900048089, 55.431077807657097, 0.0 ], [ -160.34570057543209, 55.396850823845931, 0.0 ] ] ] } },
{ "type": "Feature", "id": "0143CA28E040ED29BDF8", "properties": { "name": "未命名的多边形", "styleUrl": "#__managed_style_0665B01D9540EC9A485F", "Area": 19794446 }, "geometry": { "type": "Polygon", "coordinates": [ [ [ -160.112558395445205, 55.305142061888994, 0.0 ], [ -160.01440193069169, 55.312658038922237, 0.0 ], [ -160.055684520712987, 55.347539219667823, 0.0 ], [ -160.120505194132789, 55.332521718723378, 0.0 ], [ -160.112558395445205, 55.305142061888994, 0.0 ] ] ] } },
{ "type": "Feature", "id": "0BC0FAE70140ED2A4258", "properties": { "name": "萨那克岛", "styleUrl": "#__managed_style_0665B01D9540EC9A485F", "Area": 182111439 }, "geometry": { "type": "Polygon", "coordinates": [ [ [ -162.808733254180311, 54.485063500356461, 0.0 ], [ -162.858585327781299, 54.420927013022357, 0.0 ], [ -162.755889643451297, 54.364346671696801, 0.0 ], [ -162.819396945165806, 54.432799822108883, 0.0 ], [ -162.700359486250193, 54.390601552282902, 0.0 ], [ -162.609034634502393, 54.370426135805268, 0.0 ], [ -162.548889946017994, 54.382213940516273, 0.0 ], [ -162.484136912507807, 54.36190997947287, 0.0 ], [ -162.352300890527999, 54.378003927140163, 0.0 ], [ -162.479886581345994, 54.425562960776311, 0.0 ], [ -162.476492268628789, 54.40430918313951, 0.0 ], [ -162.434902796963797, 54.372569736261553, 0.0 ], [ -162.494071998294601, 54.373828169295372, 0.0 ], [ -162.563918995316897, 54.401718072714353, 0.0 ], [ -162.545550429665212, 54.414559275782914, 0.0 ], [ -162.602497392935504, 54.453291076078607, 0.0 ], [ -162.704926852412513, 54.470609745264099, 0.0 ], [ -162.808733254180311, 54.485063500356461, 0.0 ] ] ] } },
{ "type": "Feature", "id": "030C51514340ED2AA080", "properties": { "styleUrl": "#__managed_style_0665B01D9540EC9A485F", "Area": 99201827 }, "geometry": { "type": "Polygon", "coordinates": [ [ [ -165.21308452893831, 54.086796354162132, 0.0 ], [ -165.081721732561391, 54.070848347502903, 0.0 ], [ -164.950528849842613, 54.071826965871942, 0.0 ], [ -164.925914215560113, 54.132321141529403, 0.0 ], [ -165.131270154638599, 54.125931995417332, 0.0 ], [ -165.212865193301013, 54.103694528639942, 0.0 ], [ -165.21308452893831, 54.086796354162132, 0.0 ] ] ] } },
{ "type": "Feature", "id": "0F16E4767740ED2ADCDF", "properties": { "name": "未命名的多边形", "styleUrl": "#__managed_style_0665B01D9540EC9A485F", "Area": 41898194 }, "geometry": { "type": "Polygon", "coordinates": [ [ [ -165.334627399226008, 54.064559269477883, 0.0 ], [ -165.290271536160986, 54.036980327806688, 0.0 ], [ -165.284433234044002, 54.057550588590097, 0.0 ], [ -165.231575324605501, 54.061877782217181, 0.0 ], [ -165.2579316688566, 54.090283087832091, 0.0 ], [ -165.321169402363694, 54.096639132215181, 0.0 ], [ -165.484125996806512, 54.073570006341981, 0.0 ], [ -165.334627399226008, 54.064559269477883, 0.0 ] ] ] } },
{ "type": "Feature", "id": "0E62F4083E40ED2AF5A8", "properties": { "name": "未命名的多边形", "styleUrl": "#__managed_style_0665B01D9540EC9A485F", "Area": 13336607 }, "geometry": { "type": "Polygon", "coordinates": [ [ [ -165.522521579837502, 54.067911136292381, 0.0 ], [ -165.574294179703287, 54.04042678046396, 0.0 ], [ -165.557877641634008, 54.023012955063137, 0.0 ], [ -165.484968999044298, 54.041051385493219, 0.0 ], [ -165.510760904161287, 54.051130150903667, 0.0 ], [ -165.522521579837502, 54.067911136292381, 0.0 ] ] ] } },
{ "type": "Feature", "id": "0C5A4AEA6340ED2B1A47", "properties": { "name": "未命名的多边形", "styleUrl": "#__managed_style_0665B01D9540EC9A485F", "Area": 15192377 }, "geometry": { "type": "Polygon", "coordinates": [ [ [ -164.85513319261679, 54.188811760833431, 0.0 ], [ -164.752462785281296, 54.209549681437522, 0.0 ], [ -164.78862197728921, 54.228643856306697, 0.0 ], [ -164.874392401862792, 54.199708116428702, 0.0 ], [ -164.85513319261679, 54.188811760833431, 0.0 ] ] ] } },
{ "type": "Feature", "id": "008DB4555240ED2B87F7", "properties": { "name": "未命名的多边形", "styleUrl": "#__managed_style_0665B01D9540EC9A485F", "Area": 115118701 }, "geometry": { "type": "Polygon", "coordinates": [ [ [ -161.830019333566412, 55.09312459507403, 0.0 ], [ -161.791433307537005, 55.118992742387562, 0.0 ], [ -161.816542961705494, 55.158075380468411, 0.0 ], [ -161.773409167429207, 55.151749461658703, 0.0 ], [ -161.760204576818694, 55.118322347214459, 0.0 ], [ -161.811504766756514, 55.082351288940018, 0.0 ], [ -161.746556740138914, 55.049151870005957, 0.0 ], [ -161.616206960413507, 55.120945144201237, 0.0 ], [ -161.834937963566404, 55.184076732609007, 0.0 ], [ -161.896462151196999, 55.148145423653148, 0.0 ], [ -161.830019333566412, 55.09312459507403, 0.0 ] ] ] } },
{ "type": "Feature", "id": "03785FB22140ED2BA21B", "properties": { "name": "未命名的多边形", "styleUrl": "#__managed_style_0665B01D9540EC9A485F", "Area": 60018557 }, "geometry": { "type": "Polygon", "coordinates": [ [ [ -161.661601805676099, 55.24718220228506, 0.0 ], [ -161.731779789949513, 55.1967292496957, 0.0 ], [ -161.548174886982395, 55.202028417150281, 0.0 ], [ -161.536607768709501, 55.269140820151193, 0.0 ], [ -161.661601805676099, 55.24718220228506, 0.0 ] ] ] } },
{ "type": "Feature", "id": "014A4506F840ED2BB598", "properties": { "name": "未命名的多边形", "styleUrl": "#__managed_style_0665B01D9540EC9A485F", "Area": 35154962 }, "geometry": { "type": "Polygon", "coordinates": [ [ [ -161.409631130547609, 55.226726585600296, 0.0 ], [ -161.448461743820104, 55.189806601433091, 0.0 ], [ -161.339070220307491, 55.165367074278578, 0.0 ], [ -161.324554154790491, 55.223284498329619, 0.0 ], [ -161.409631130547609, 55.226726585600296, 0.0 ] ] ] } },
{ "type": "Feature", "id": "02059C09E740ED2C6076", "properties": { "name": "未命名的多边形", "styleUrl": "#__managed_style_0665B01D9540EC9A485F", "Area": 341423670 }, "geometry": { "type": "Polygon", "coordinates": [ [ [ -160.058798645109107, 55.197850003340562, 0.0 ], [ -160.01439186792939, 55.143785112861167, 0.0 ], [ -160.006661802122494, 55.123838466402901, 0.0 ], [ -160.106381639881903, 55.161390083987278, 0.0 ], [ -160.1224835652325, 55.147405228051483, 0.0 ], [ -160.096419415767201, 55.10650164816353, 0.0 ], [ -160.187780860419991, 55.123494915622473, 0.0 ], [ -160.188446194843692, 55.101137986930922, 0.0 ], [ -160.128884295514609, 55.087627169694933, 0.0 ], [ -160.178056279418399, 55.066483921633569, 0.0 ], [ -160.173395921379495, 55.051022497144587, 0.0 ], [ -160.13337139695409, 55.044246310539677, 0.0 ], [ -160.086707352391613, 55.049194037017593, 0.0 ], [ -160.11662030862189, 55.031648903263367, 0.0 ], [ -160.148638636264593, 54.995540394357157, 0.0 ], [ -160.168748884193889, 54.974036910363587, 0.0 ], [ -160.189587566930811, 54.96458443572746, 0.0 ], [ -160.176432830028887, 54.945612031751303, 0.0 ], [ -160.245208968618414, 54.935407660010313, 0.0 ], [ -160.251994417700814, 54.910077196278387, 0.0 ], [ -160.240269468337488, 54.891456824263877, 0.0 ], [ -160.221092324077603, 54.861607955661718, 0.0 ], [ -160.19293967905881, 54.876207282839303, 0.0 ], [ -160.205025501816408, 54.893714611040807, 0.0 ], [ -160.182779264552494, 54.909609273895803, 0.0 ], [ -160.185425098437491, 54.92777645234171, 0.0 ], [ -160.1368040788945, 54.943714255780442, 0.0 ], [ -160.114117959229503, 54.973574618344493, 0.0 ], [ -160.136737063099389, 54.987081441821474, 0.0 ], [ -160.068001349395189, 54.99671953514904, 0.0 ], [ -160.037047803413401, 55.01525945137152, 0.0 ], [ -160.044219238904105, 55.030696298008749, 0.0 ], [ -160.014463606155914, 55.028052555625209, 0.0 ], [ -159.991741464660691, 55.047259851527059, 0.0 ], [ -160.010620046446803, 55.067845030208751, 0.0 ], [ -159.977776543161298, 55.07100754285883, 0.0 ], [ -159.93484767135871, 55.0715268498789, 0.0 ], [ -159.938317113139192, 55.084035672285388, 0.0 ], [ -159.965469193775192, 55.099344338696362, 0.0 ], [ -159.944354783909688, 55.125423104492278, 0.0 ], [ -159.8839959477435, 55.098884326406022, 0.0 ], [ -159.848669644283291, 55.106021097039957, 0.0 ], [ -159.856132288494308, 55.136954961985253, 0.0 ], [ -159.831354372027107, 55.124286110261977, 0.0 ], [ -159.811444728684904, 55.183044936306509, 0.0 ], [ -159.848427371954813, 55.18368051978176, 0.0 ], [ -159.876235922930505, 55.134209233405777, 0.0 ], [ -159.903621635190888, 55.152147089345263, 0.0 ], [ -159.896242802847894, 55.200132063675412, 0.0 ], [ -159.882786573547207, 55.214743538865108, 0.0 ], [ -159.90230423709869, 55.224537004999057, 0.0 ], [ -159.850597503802504, 55.230437941046148, 0.0 ], [ -159.850119662769487, 55.267742965149097, 0.0 ], [ -159.877082761860095, 55.29749020863381, 0.0 ], [ -159.945555897515305, 55.24844516407834, 0.0 ], [ -159.935582230982192, 55.227996025766288, 0.0 ], [ -159.9644477411845, 55.209909596579877, 0.0 ], [ -159.948081746399396, 55.161635697820707, 0.0 ], [ -160.013710764043907, 55.206337205015458, 0.0 ], [ -160.058798645109107, 55.197850003340562, 0.0 ] ] ] } },
{ "type": "Feature", "id": "0E1D13829840ED2CB65E", "properties": { "name": "未命名的多边形", "styleUrl": "#__managed_style_0665B01D9540EC9A485F", "Area": 98537127 }, "geometry": { "type": "Polygon", "coordinates": [ [ [ -159.665601752361198, 55.122016673293928, 0.0 ], [ -159.618341495309409, 55.103326921175409, 0.0 ], [ -159.601456446115208, 55.085120333364337, 0.0 ], [ -159.652618330949707, 55.071722070444963, 0.0 ], [ -159.654255224582698, 55.045926830464722, 0.0 ], [ -159.61132396645931, 55.050382013418137, 0.0 ], [ -159.571437961507797, 55.039712224473, 0.0 ], [ -159.582478108007109, 55.080413086505018, 0.0 ], [ -159.556675030688609, 55.089563320804743, 0.0 ], [ -159.543664238082897, 55.065094887938614, 0.0 ], [ -159.51401544040371, 55.042918308858297, 0.0 ], [ -159.494851548057312, 55.059813622161677, 0.0 ], [ -159.522090759277205, 55.077440459448447, 0.0 ], [ -159.52853551306481, 55.106787066597278, 0.0 ], [ -159.541526111217593, 55.12754131550016, 0.0 ], [ -159.487964269318809, 55.135544893019798, 0.0 ], [ -159.521706333846907, 55.152051785883657, 0.0 ], [ -159.486740264073092, 55.154245000684362, 0.0 ], [ -159.499607539307391, 55.179749933132037, 0.0 ], [ -159.530662510567311, 55.166199989636198, 0.0 ], [ -159.536757391925391, 55.191865955240438, 0.0 ], [ -159.495600917500411, 55.220847599822257, 0.0 ], [ -159.514019564078694, 55.262025150059607, 0.0 ], [ -159.529017072657012, 55.238177387356508, 0.0 ], [ -159.545639824903503, 55.202376867295072, 0.0 ], [ -159.563128754106401, 55.217777120376233, 0.0 ], [ -159.591439801950997, 55.216930264646543, 0.0 ], [ -159.555070826642691, 55.168402993694549, 0.0 ], [ -159.610301254583106, 55.172256706457077, 0.0 ], [ -159.537290033881192, 55.145487818029878, 0.0 ], [ -159.59438581811591, 55.143149605225958, 0.0 ], [ -159.565108605526291, 55.102395544298041, 0.0 ], [ -159.645774892362994, 55.133428900894337, 0.0 ], [ -159.665601752361198, 55.122016673293928, 0.0 ] ] ] } },
{ "type": "Feature", "id": "0FEA077C6740ED2CEEEE", "properties": { "name": "未命名的多边形", "styleUrl": "#__managed_style_0665B01D9540EC9A485F", "Area": 70343315 }, "geometry": { "type": "Polygon", "coordinates": [ [ [ -159.458100018476188, 55.060485244988541, 0.0 ], [ -159.437902273710904, 55.04684252824056, 0.0 ], [ -159.484615886569088, 55.016126544734149, 0.0 ], [ -159.473842486570192, 55.008784556364652, 0.0 ], [ -159.423901942002686, 55.035443794235157, 0.0 ], [ -159.403711221335698, 55.029568963532839, 0.0 ], [ -159.432505190518896, 55.01626767025779, 0.0 ], [ -159.418200252672193, 54.996384930601067, 0.0 ], [ -159.402448419629792, 54.987113188278578, 0.0 ], [ -159.406913789209398, 54.976883809463828, 0.0 ], [ -159.450554789222195, 54.983090686562292, 0.0 ], [ -159.45402357066709, 54.960770978121218, 0.0 ], [ -159.453485041883596, 54.941344078060212, 0.0 ], [ -159.423553309732711, 54.941487165975417, 0.0 ], [ -159.368675048694314, 54.965862865039767, 0.0 ], [ -159.320400432085393, 54.979165512242247, 0.0 ], [ -159.351927604659409, 55.009393313197762, 0.0 ], [ -159.389715330977708, 55.025138644327818, 0.0 ], [ -159.380137231459997, 55.044112806993773, 0.0 ], [ -159.346351822035388, 55.02656009209413, 0.0 ], [ -159.338533897598012, 55.042614089380777, 0.0 ], [ -159.35235455139329, 55.064344652323811, 0.0 ], [ -159.396499147062087, 55.064924560070487, 0.0 ], [ -159.458100018476188, 55.060485244988541, 0.0 ] ] ] } },
{ "type": "Feature", "id": "0199C4285540ED2D0918", "properties": { "name": "未命名的多边形", "styleUrl": "#__managed_style_0665B01D9540EC9A485F", "Area": 51394541 }, "geometry": { "type": "Polygon", "coordinates": [ [ [ -159.286829410857308, 54.945340427684123, 0.0 ], [ -159.321184300705198, 54.924251434838439, 0.0 ], [ -159.32128095822921, 54.867853637847887, 0.0 ], [ -159.267485543784488, 54.864326903388317, 0.0 ], [ -159.210001965090498, 54.892060725855309, 0.0 ], [ -159.205096535754592, 54.928232368592951, 0.0 ], [ -159.286829410857308, 54.945340427684123, 0.0 ] ] ] } },
{ "type": "Feature", "id": "0E04862A2440ED2D2C48", "properties": { "name": "未命名的多边形", "styleUrl": "#__managed_style_0665B01D9540EC9A485F", "Area": 31638134 }, "geometry": { "type": "Polygon", "coordinates": [ [ [ -159.579279568493604, 54.823822009425193, 0.0 ], [ -159.606999295831798, 54.805707473243992, 0.0 ], [ -159.604660118166493, 54.75170243280067, 0.0 ], [ -159.498246631573892, 54.765130644940491, 0.0 ], [ -159.579279568493604, 54.823822009425193, 0.0 ] ] ] } },
{ "type": "Feature", "id": "085FD2956140ED2D41F0", "properties": { "name": "未命名的多边形", "styleUrl": "#__managed_style_0665B01D9540EC9A485F", "Area": 24475260 }, "geometry": { "type": "Polygon", "coordinates": [ [ [ -159.736914328679887, 54.84801647686362, 0.0 ], [ -159.831116131364411, 54.809950588450477, 0.0 ], [ -159.782141399684292, 54.792333042203623, 0.0 ], [ -159.6893927312708, 54.832501935282217, 0.0 ], [ -159.736914328679887, 54.84801647686362, 0.0 ] ] ] } },
{ "type": "Feature", "id": "0DEDA3DBB640ED2D61AC", "properties": { "name": "未命名的多边形", "styleUrl": "#__managed_style_0665B01D9540EC9A485F", "Area": 97310506 }, "geometry": { "type": "Polygon", "coordinates": [ [ [ -155.6142285488244, 55.890276730612143, 0.0 ], [ -155.757338992978589, 55.792869820090132, 0.0 ], [ -155.512959574030305, 55.76351130272004, 0.0 ], [ -155.6142285488244, 55.890276730612143, 0.0 ] ] ] } },
{ "type": "Feature", "id": "0DAA43E25040ED2DB444", "properties": { "name": "未命名的多边形", "styleUrl": "#__managed_style_0665B01D9540EC9A485F", "Area": 33225162 }, "geometry": { "type": "Polygon", "coordinates": [ [ [ -133.066356556296796, 56.128607889991777, 0.0 ], [ -133.059520642381187, 56.10920939485262, 0.0 ], [ -133.084090903943888, 56.082378949755203, 0.0 ], [ -133.064190677286092, 56.058702275521277, 0.0 ], [ -132.980328827989808, 56.064179505087132, 0.0 ], [ -132.998356579833995, 56.109182059815652, 0.0 ], [ -133.04582598720549, 56.128173488588253, 0.0 ], [ -133.066356556296796, 56.128607889991777, 0.0 ] ] ] } },
{ "type": "Feature", "id": "0C88C22AF040ED2DD089", "properties": { "name": "未命名的多边形", "styleUrl": "#__managed_style_0665B01D9540EC9A485F", "Area": 17508749 }, "geometry": { "type": "Polygon", "coordinates": [ [ [ -133.009591571302309, 56.218755488870258, 0.0 ], [ -132.967850960986198, 56.202413741761227, 0.0 ], [ -132.9151053469391, 56.210076880299681, 0.0 ], [ -132.948000853417994, 56.238025655252002, 0.0 ], [ -133.009496977218902, 56.244062244927747, 0.0 ], [ -133.009591571302309, 56.218755488870258, 0.0 ] ] ] } },
{ "type": "Feature", "id": "09721C2C9B40ED2DE604", "properties": { "name": "未命名的多边形", "styleUrl": "#__managed_style_0665B01D9540EC9A485F", "Area": 16946537 }, "geometry": { "type": "Polygon", "coordinates": [ [ [ -132.937737869075306, 56.125630161749051, 0.0 ], [ -132.90242637546379, 56.102524903436063, 0.0 ], [ -132.845868958003592, 56.112610929654629, 0.0 ], [ -132.871633130050611, 56.137253737397231, 0.0 ], [ -132.926355815609497, 56.147698807748618, 0.0 ], [ -132.937737869075306, 56.125630161749051, 0.0 ] ] ] } },
{ "type": "Feature", "id": "0781E101CA40ED2E2716", "properties": { "name": "未命名的多边形", "styleUrl": "#__managed_style_0665B01D9540EC9A485F", "Area": 53444761 }, "geometry": { "type": "Polygon", "coordinates": [ [ [ -148.001599193344305, 60.697721937851547, 0.0 ], [ -147.944323838732714, 60.660995261374083, 0.0 ], [ -147.885773852676095, 60.667946137008201, 0.0 ], [ -147.849697775954695, 60.70733743862862, 0.0 ], [ -147.955440499198886, 60.750767277023598, 0.0 ], [ -148.012851827177911, 60.725223669113539, 0.0 ], [ -148.001599193344305, 60.697721937851547, 0.0 ] ] ] } },
{ "type": "Feature", "id": "0B598857BD40ED2E4F11", "properties": { "name": "未命名的多边形", "styleUrl": "#__managed_style_0665B01D9540EC9A485F", "Area": 89094148 }, "geometry": { "type": "Polygon", "coordinates": [ [ [ -147.474517282537704, 60.62730387625259, 0.0 ], [ -147.359241393719202, 60.629542262009039, 0.0 ], [ -147.311350311899389, 60.657960032998453, 0.0 ], [ -147.384213007889912, 60.745124329656448, 0.0 ], [ -147.480527050569208, 60.727998031128443, 0.0 ], [ -147.474517282537704, 60.62730387625259, 0.0 ] ] ] } },
{ "type": "Feature", "id": "0E90FC1E0C40ED2E6751", "properties": { "name": "未命名的多边形", "styleUrl": "#__managed_style_0665B01D9540EC9A485F", "Area": 46025052 }, "geometry": { "type": "Polygon", "coordinates": [ [ [ -147.15561935014739, 60.854198432731273, 0.0 ], [ -147.05795235208879, 60.896649668948172, 0.0 ], [ -147.217887862570308, 60.909749025692079, 0.0 ], [ -147.313687811834399, 60.879054217785658, 0.0 ], [ -147.15561935014739, 60.854198432731273, 0.0 ] ] ] } },
{ "type": "Feature", "id": "059AB0E86840ED2E81DE", "properties": { "name": "未命名的多边形", "styleUrl": "#__managed_style_0665B01D9540EC9A485F", "Area": 37136898 }, "geometry": { "type": "Polygon", "coordinates": [ [ [ -146.794231849217311, 60.889728799967358, 0.0 ], [ -146.810537111619709, 60.828512331976931, 0.0 ], [ -146.797889251929689, 60.799493805323962, 0.0 ], [ -146.714512416482592, 60.813772099190651, 0.0 ], [ -146.704458014862496, 60.849449410519092, 0.0 ], [ -146.794231849217311, 60.889728799967358, 0.0 ] ] ] } },
{ "type": "Feature", "id": "003C81239640ED2EB227", "properties": { "name": "未命名的多边形", "styleUrl": "#__managed_style_0665B01D9540EC9A485F", "Area": 92100134 }, "geometry": { "type": "Polygon", "coordinates": [ [ [ -144.237053646642408, 60.004774509068902, 0.0 ], [ -144.328734377151591, 59.9919937147342, 0.0 ], [ -144.472026635220402, 59.906510218484932, 0.0 ], [ -144.582836920732603, 59.844559742807753, 0.0 ], [ -144.608693330400911, 59.784376715562573, 0.0 ], [ -144.4248839558974, 59.899608742068118, 0.0 ], [ -144.205278950366591, 59.992033431228307, 0.0 ], [ -144.237053646642408, 60.004774509068902, 0.0 ] ] ] } },
{ "type": "Feature", "id": "031E7EF8A440ED2ED506", "properties": { "name": "未命名的多边形", "styleUrl": "#__managed_style_0665B01D9540EC9A485F", "Area": 20017180 }, "geometry": { "type": "Polygon", "coordinates": [ [ [ -146.303734538415711, 59.472313578587197, 0.0 ], [ -146.384884531704898, 59.409984971840871, 0.0 ], [ -146.344537507162812, 59.395909071850099, 0.0 ], [ -146.275739174832012, 59.458336502028978, 0.0 ], [ -146.303734538415711, 59.472313578587197, 0.0 ] ] ] } },
{ "type": "Feature", "id": "0B3423C09540ED2EF58F", "properties": { "name": "未命名的多边形", "styleUrl": "#__managed_style_0665B01D9540EC9A485F", "Area": 39776723 }, "geometry": { "type": "Polygon", "coordinates": [ [ [ -147.500433397552086, 60.220764570967667, 0.0 ], [ -147.338884279138114, 60.266360415101573, 0.0 ], [ -147.340557800811098, 60.308856161870388, 0.0 ], [ -147.497557716039012, 60.260069434223631, 0.0 ], [ -147.500433397552086, 60.220764570967667, 0.0 ] ] ] } },
{ "type": "Feature", "id": "0212865B4A40ED2F24CF", "properties": { "name": "未命名的多边形", "styleUrl": "#__managed_style_0665B01D9540EC9A485F", "Area": 3279199 }, "geometry": { "type": "Polygon", "coordinates": [ [ [ -147.39182345548889, 60.517029440191493, 0.0 ], [ -147.390024257686093, 60.520475561704806, 0.0 ], [ -147.344495745853209, 60.523294619352541, 0.0 ], [ -147.314209108261792, 60.530898513506799, 0.0 ], [ -147.387618854008196, 60.528806810847421, 0.0 ], [ -147.408407402602307, 60.518999247643322, 0.0 ], [ -147.39182345548889, 60.517029440191493, 0.0 ] ] ] } },
{ "type": "Feature", "id": "0323C9364B40ED2F4994", "properties": { "name": "未命名的多边形", "styleUrl": "#__managed_style_0665B01D9540EC9A485F", "Area": 3211706 }, "geometry": { "type": "Polygon", "coordinates": [ [ [ -147.776690488006693, 60.663131928491069, 0.0 ], [ -147.769203805452804, 60.659975565403407, 0.0 ], [ -147.734665437651813, 60.692777008222777, 0.0 ], [ -147.751138703667891, 60.69796592551657, 0.0 ], [ -147.776690488006693, 60.663131928491069, 0.0 ] ] ] } },
{ "type": "Feature", "id": "08C4FF6EDA40ED2F734C", "properties": { "name": "未命名的多边形", "styleUrl": "#__managed_style_0665B01D9540EC9A485F", "Area": 24454955 }, "geometry": { "type": "Polygon", "coordinates": [ [ [ -150.312151868487604, 61.115270126647168, 0.0 ], [ -150.191269127715913, 61.132269241437463, 0.0 ], [ -150.147357165486596, 61.173657669452247, 0.0 ], [ -150.226079466926791, 61.169673528155258, 0.0 ], [ -150.312151868487604, 61.115270126647168, 0.0 ] ] ] } },
{ "type": "Feature", "id": "031342D43E40ED2FA9A6", "properties": { "name": "未命名的多边形", "styleUrl": "#__managed_style_0665B01D9540EC9A485F", "Area": 73333918 }, "geometry": { "type": "Polygon", "coordinates": [ [ [ -151.974291523573299, 60.489828633828587, 0.0 ], [ -151.962580363814396, 60.464463831965467, 0.0 ], [ -151.979246384764991, 60.420491592740007, 0.0 ], [ -152.024072193440503, 60.406040689863033, 0.0 ], [ -152.011590953212988, 60.384525194950797, 0.0 ], [ -152.036567172121011, 60.364794078593931, 0.0 ], [ -152.081485166452893, 60.362951589010819, 0.0 ], [ -152.089401677928606, 60.331622480955268, 0.0 ], [ -151.955972739526402, 60.367348867314377, 0.0 ], [ -151.969316028800705, 60.401662299933612, 0.0 ], [ -151.936546450879007, 60.430557229334731, 0.0 ], [ -151.887202296701503, 60.433839044135198, 0.0 ], [ -151.902562065548409, 60.45959636776211, 0.0 ], [ -151.83249260016089, 60.484599748711332, 0.0 ], [ -151.947502963314008, 60.514029818006136, 0.0 ], [ -151.974291523573299, 60.489828633828587, 0.0 ] ] ] } },
{ "type": "Feature", "id": "091F30D78D40ED2FEBEC", "properties": { "name": "未命名的多边形", "styleUrl": "#__managed_style_0665B01D9540EC9A485F", "Area": 17645368 }, "geometry": { "type": "Polygon", "coordinates": [ [ [ -151.820914157721404, 59.179091850576327, 0.0 ], [ -151.889858487266395, 59.15708560929383, 0.0 ], [ -151.874160351350014, 59.145324972022017, 0.0 ], [ -151.832451220058289, 59.143651149575703, 0.0 ], [ -151.802078441630897, 59.131601127139803, 0.0 ], [ -151.791965113611496, 59.159637418275118, 0.0 ], [ -151.784217092726095, 59.178240291372177, 0.0 ], [ -151.820914157721404, 59.179091850576327, 0.0 ] ] ] } },
{ "type": "Feature", "id": "011B0B386940ED3000F8", "properties": { "name": "未命名的多边形", "styleUrl": "#__managed_style_0665B01D9540EC9A485F", "Area": 12285942 }, "geometry": { "type": "Polygon", "coordinates": [ [ [ -151.702671471431898, 59.128677419380409, 0.0 ], [ -151.73201366842369, 59.111849137262951, 0.0 ], [ -151.70998438990631, 59.098618092050692, 0.0 ], [ -151.651954586151703, 59.098007469468079, 0.0 ], [ -151.634648150541494, 59.114417699430042, 0.0 ], [ -151.702671471431898, 59.128677419380409, 0.0 ] ] ] } },
{ "type": "Feature", "id": "0FDD5D6B9540ED30179E", "properties": { "name": "未命名的多边形", "styleUrl": "#__managed_style_0665B01D9540EC9A485F", "Area": 14323641 }, "geometry": { "type": "Polygon", "coordinates": [ [ [ -151.527027379022996, 59.146343520941812, 0.0 ], [ -151.522133776390689, 59.127569282791711, 0.0 ], [ -151.432498808250102, 59.101609723236052, 0.0 ], [ -151.431852541387201, 59.132612961306151, 0.0 ], [ -151.527027379022996, 59.146343520941812, 0.0 ] ] ] } },
{ "type": "Feature", "id": "0A377103CD40ED30429C", "properties": { "name": "未命名的多边形", "styleUrl": "#__managed_style_0665B01D9540EC9A485F", "Area": 7770900 }, "geometry": { "type": "Polygon", "coordinates": [ [ [ -152.064504657782692, 58.943733025725379, 0.0 ], [ -152.062714571962914, 58.93305505661661, 0.0 ], [ -152.07890093814899, 58.921084957581179, 0.0 ], [ -152.074680236869995, 58.912246654872689, 0.0 ], [ -152.052674468131102, 58.909169520301859, 0.0 ], [ -152.051371416626495, 58.923936055113309, 0.0 ], [ -152.027360566989501, 58.937038410190638, 0.0 ], [ -152.007148022404806, 58.936290091069367, 0.0 ], [ -152.001071011189111, 58.941906836757873, 0.0 ], [ -152.044662222788901, 58.951354900745507, 0.0 ], [ -152.040713334773699, 58.943857667125137, 0.0 ], [ -152.064504657782692, 58.943733025725379, 0.0 ] ] ] } },
{ "type": "Feature", "id": "03D2673B4C40ED305B31", "properties": { "name": "未命名的多边形", "styleUrl": "#__managed_style_0665B01D9540EC9A485F", "Area": 4287670 }, "geometry": { "type": "Polygon", "coordinates": [ [ [ -152.02931233812069, 58.907789160464972, 0.0 ], [ -152.003298793430588, 58.909385598449902, 0.0 ], [ -151.954926655975612, 58.91568327113005, 0.0 ], [ -151.975825858569095, 58.924138382945763, 0.0 ], [ -152.002019638512309, 58.923663202913922, 0.0 ], [ -152.002436074493289, 58.916324842854308, 0.0 ], [ -152.018839982800813, 58.92055730140855, 0.0 ], [ -152.02931233812069, 58.907789160464972, 0.0 ] ] ] } },
{ "type": "Feature", "id": "09E888BB1840ED30927C", "properties": { "name": "未命名的多边形", "styleUrl": "#__managed_style_0665B01D9540EC9A485F", "Area": 81847343 }, "geometry": { "type": "Polygon", "coordinates": [ [ [ -157.248048893320799, 56.579511025269099, 0.0 ], [ -157.330306935495287, 56.533285977197103, 0.0 ], [ -157.139938239198386, 56.525504795815529, 0.0 ], [ -157.115552212339793, 56.55009660886725, 0.0 ], [ -156.966143950964096, 56.531987289279577, 0.0 ], [ -157.085146865429493, 56.58259789747968, 0.0 ], [ -157.248048893320799, 56.579511025269099, 0.0 ] ] ] } },
{ "type": "Feature", "id": "042FA0038D40ED30D614", "properties": { "name": "未命名的多边形", "styleUrl": "#__managed_style_0665B01D9540EC9A485F", "Area": 9427133 }, "geometry": { "type": "Polygon", "coordinates": [ [ [ -159.809781873745408, 55.089478171451887, 0.0 ], [ -159.830655707729107, 55.071431323778683, 0.0 ], [ -159.796671922815307, 55.061266498032992, 0.0 ], [ -159.77654970408031, 55.069155481261319, 0.0 ], [ -159.767220129478602, 55.063746586693448, 0.0 ], [ -159.747746542849598, 55.066763715768722, 0.0 ], [ -159.774139911425493, 55.075869136293619, 0.0 ], [ -159.765916556065292, 55.088503639933911, 0.0 ], [ -159.809781873745408, 55.089478171451887, 0.0 ] ] ] } },
{ "type": "Feature", "id": "097D13064140ED30F1BC", "properties": { "name": "未命名的多边形", "styleUrl": "#__managed_style_0665B01D9540EC9A485F", "Area": 6531562 }, "geometry": { "type": "Polygon", "coordinates": [ [ [ -159.720632068221505, 55.12851053212249, 0.0 ], [ -159.734094152835411, 55.121510042824028, 0.0 ], [ -159.736487853789214, 55.109248384377437, 0.0 ], [ -159.757106307398089, 55.102743638380829, 0.0 ], [ -159.741658128457402, 55.088438895551008, 0.0 ], [ -159.714327496679687, 55.092985316960508, 0.0 ], [ -159.722946825762392, 55.106431368307973, 0.0 ], [ -159.708401251580597, 55.117884039235157, 0.0 ], [ -159.720632068221505, 55.12851053212249, 0.0 ] ] ] } },
{ "type": "Feature", "id": "06DF1A07E540ED3109C1", "properties": { "name": "未命名的多边形", "styleUrl": "#__managed_style_0665B01D9540EC9A485F", "Area": 5542750 }, "geometry": { "type": "Polygon", "coordinates": [ [ [ -159.843734520095893, 55.055858923478297, 0.0 ], [ -159.860865961745787, 55.041755976264042, 0.0 ], [ -159.846096066696191, 55.033034509635492, 0.0 ], [ -159.846292425627894, 55.020193830150227, 0.0 ], [ -159.832983969322811, 55.009978720797761, 0.0 ], [ -159.814911114457686, 55.012861572823788, 0.0 ], [ -159.840059556201993, 55.044116392622833, 0.0 ], [ -159.843734520095893, 55.055858923478297, 0.0 ] ] ] } },
{ "type": "Feature", "id": "07EF1BDA5340ED3129A4", "properties": { "name": "未命名的多边形", "styleUrl": "#__managed_style_0665B01D9540EC9A485F", "Area": 1530081 }, "geometry": { "type": "Polygon", "coordinates": [ [ [ -160.058708289564294, 54.949259722360743, 0.0 ], [ -160.055337210053608, 54.936042249623767, 0.0 ], [ -160.036067335217211, 54.933899595395559, 0.0 ], [ -160.041684306153002, 54.945810393837228, 0.0 ], [ -160.058708289564294, 54.949259722360743, 0.0 ] ] ] } },
{ "type": "Feature", "id": "042847CE4740ED3146C7", "properties": { "name": "未命名的多边形", "styleUrl": "#__managed_style_0665B01D9540EC9A485F", "Area": 1005719 }, "geometry": { "type": "Polygon", "coordinates": [ [ [ -160.192409568169097, 54.983625089296133, 0.0 ], [ -160.205591683861911, 54.976320873796872, 0.0 ], [ -160.172533305497097, 54.978088528661651, 0.0 ], [ -160.176151579050014, 54.982384417513202, 0.0 ], [ -160.192409568169097, 54.983625089296133, 0.0 ] ] ] } },
{ "type": "Feature", "id": "0703D7519440ED31657C", "properties": { "name": "未命名的多边形", "styleUrl": "#__managed_style_0665B01D9540EC9A485F", "Area": 2346530 }, "geometry": { "type": "Polygon", "coordinates": [ [ [ -159.669275016999507, 55.190376626528327, 0.0 ], [ -159.669284717367788, 55.181788584745092, 0.0 ], [ -159.662738053138213, 55.169471437996563, 0.0 ], [ -159.645623663104999, 55.167006565331761, 0.0 ], [ -159.652578525175898, 55.185154312896259, 0.0 ], [ -159.669275016999507, 55.190376626528327, 0.0 ] ] ] } }
]
}
