{
"type": "FeatureCollection",
"name": "SZHW",
"crs": { "type": "name", "properties": { "name": "urn:ogc:def:crs:EPSG::4490" } },
"features": [
{ "type": "Feature", "properties": { "name": "舟山市", "gb": "156330900" }, "geometry": { "type": "MultiPolygon", "coordinates": [ [ [ [ 122.252047, 29.69094 ], [ 122.233845, 29.688401 ], [ 122.221221, 29.699315 ], [ 122.207716, 29.702847 ], [ 122.210034, 29.717109 ], [ 122.228679, 29.718301 ], [ 122.228011, 29.708553 ], [ 122.252047, 29.69094 ] ] ], [ [ [ 122.039426, 29.747756 ], [ 122.011466, 29.724906 ], [ 122.010457, 29.747733 ], [ 122.032388, 29.761241 ], [ 122.039426, 29.747756 ] ] ], [ [ [ 122.303448, 29.74362 ], [ 122.289491, 29.734516 ], [ 122.2499, 29.74007 ], [ 122.214901, 29.768548 ], [ 122.221635, 29.783326 ], [ 122.234396, 29.784137 ], [ 122.253481, 29.777661 ], [ 122.244383, 29.756124 ], [ 122.303448, 29.74362 ] ] ], [ [ [ 122.173292, 29.730726 ], [ 122.195579, 29.71262 ], [ 122.201714, 29.696627 ], [ 122.193749, 29.673603 ], [ 122.186825, 29.669466 ], [ 122.150367, 29.674712 ], [ 122.139271, 29.664378 ], [ 122.124472, 29.699295 ], [ 122.109125, 29.703369 ], [ 122.106517, 29.721122 ], [ 122.093977, 29.72414 ], [ 122.072655, 29.706722 ], [ 122.046479, 29.717499 ], [ 122.068533, 29.768007 ], [ 122.081015, 29.783126 ], [ 122.103674, 29.783972 ], [ 122.121158, 29.79387 ], [ 122.131811, 29.775172 ], [ 122.134622, 29.755454 ], [ 122.155315, 29.736461 ], [ 122.173292, 29.730726 ] ] ], [ [ [ 122.256325, 29.849432 ], [ 122.271613, 29.842572 ], [ 122.280066, 29.846381 ], [ 122.315116, 29.828739 ], [ 122.301284, 29.801714 ], [ 122.313635, 29.778622 ], [ 122.272816, 29.788894 ], [ 122.249499, 29.805572 ], [ 122.243326, 29.819229 ], [ 122.220045, 29.83518 ], [ 122.234476, 29.84781 ], [ 122.256325, 29.849432 ] ] ], [ [ [ 122.299089, 29.884697 ], [ 122.319099, 29.878295 ], [ 122.334895, 29.884251 ], [ 122.340626, 29.874727 ], [ 122.333949, 29.862926 ], [ 122.302061, 29.852752 ], [ 122.281983, 29.860957 ], [ 122.279087, 29.874847 ], [ 122.299089, 29.884697 ] ] ], [ [ [ 122.303426, 29.944357 ], [ 122.303246, 29.925537 ], [ 122.28804, 29.927674 ], [ 122.28432, 29.937157 ], [ 122.303426, 29.944357 ] ] ], [ [ [ 122.092025, 29.941789 ], [ 122.078902, 29.938958 ], [ 122.076001, 29.953029 ], [ 122.088779, 29.955385 ], [ 122.092025, 29.941789 ] ] ], [ [ [ 122.346119, 29.960083 ], [ 122.35193, 29.950175 ], [ 122.368596, 29.951355 ], [ 122.387158, 29.939553 ], [ 122.412093, 29.947984 ], [ 122.417816, 29.927405 ], [ 122.409427, 29.912481 ], [ 122.426401, 29.911087 ], [ 122.40932, 29.878586 ], [ 122.391696, 29.86784 ], [ 122.391678, 29.853744 ], [ 122.408786, 29.849247 ], [ 122.406384, 29.831481 ], [ 122.38903, 29.834524 ], [ 122.374475, 29.847531 ], [ 122.369693, 29.859025 ], [ 122.376835, 29.883906 ], [ 122.370102, 29.895992 ], [ 122.346247, 29.905366 ], [ 122.323408, 29.932318 ], [ 122.346119, 29.960083 ] ] ], [ [ [ 122.053147, 29.955922 ], [ 122.04043, 29.935389 ], [ 122.026813, 29.940082 ], [ 122.02697, 29.957304 ], [ 122.043028, 29.964553 ], [ 122.053147, 29.955922 ] ] ], [ [ [ 122.248774, 29.953951 ], [ 122.235036, 29.948009 ], [ 122.20727, 29.963993 ], [ 122.207438, 29.964493 ], [ 122.222081, 29.966404 ], [ 122.223475, 29.966372 ], [ 122.248774, 29.953951 ] ] ], [ [ [ 122.162308, 29.950298 ], [ 122.139044, 29.947939 ], [ 122.131115, 29.960288 ], [ 122.157879, 29.967611 ], [ 122.162308, 29.950298 ] ] ], [ [ [ 122.115603, 29.981028 ], [ 122.119131, 29.96247 ], [ 122.104606, 29.966421 ], [ 122.115603, 29.981028 ] ] ], [ [ [ 122.189125, 29.965974 ], [ 122.179418, 29.959233 ], [ 122.163904, 29.970743 ], [ 122.138198, 29.97649 ], [ 122.167343, 29.987524 ], [ 122.189125, 29.965974 ] ] ], [ [ [ 122.089608, 29.986118 ], [ 122.07253, 29.974954 ], [ 122.066325, 29.984041 ], [ 122.071729, 30.002435 ], [ 122.089608, 29.986118 ] ] ], [ [ [ 122.386007, 29.989683 ], [ 122.369516, 29.984682 ], [ 122.373237, 30.008327 ], [ 122.386235, 30.026534 ], [ 122.401904, 30.034315 ], [ 122.396474, 30.011345 ], [ 122.386007, 29.989683 ] ] ], [ [ [ 121.892031, 29.983798 ], [ 121.872205, 29.96982 ], [ 121.847935, 29.97342 ], [ 121.845552, 29.988324 ], [ 121.835862, 29.992547 ], [ 121.842618, 30.010896 ], [ 121.83784, 30.049599 ], [ 121.852401, 30.070511 ], [ 121.847973, 30.077887 ], [ 121.849896, 30.103449 ], [ 121.879134, 30.092837 ], [ 121.902941, 30.055491 ], [ 121.917372, 30.042425 ], [ 121.927769, 30.007746 ], [ 121.926192, 29.999037 ], [ 121.892031, 29.983798 ] ] ], [ [ [ 121.957838, 30.10809 ], [ 121.940634, 30.067772 ], [ 121.923506, 30.086283 ], [ 121.907108, 30.096159 ], [ 121.918389, 30.107328 ], [ 121.943649, 30.115863 ], [ 121.957838, 30.10809 ] ] ], [ [ [ 122.76842, 30.128529 ], [ 122.762327, 30.127294 ], [ 122.755587, 30.134772 ], [ 122.758095, 30.14409 ], [ 122.772519, 30.140623 ], [ 122.78279, 30.130459 ], [ 122.76842, 30.128529 ] ] ], [ [ [ 122.723111, 30.175381 ], [ 122.716832, 30.1709 ], [ 122.712151, 30.177567 ], [ 122.718577, 30.184463 ], [ 122.723111, 30.175381 ] ] ], [ [ [ 122.030174, 30.148354 ], [ 122.045773, 30.147105 ], [ 122.096966, 30.15933 ], [ 122.115783, 30.149349 ], [ 122.137971, 30.119301 ], [ 122.150328, 30.113513 ], [ 122.181721, 30.113904 ], [ 122.184569, 30.109764 ], [ 122.237348, 30.109239 ], [ 122.261921, 30.10123 ], [ 122.29082, 30.102062 ], [ 122.298223, 30.091921 ], [ 122.295273, 30.077985 ], [ 122.280145, 30.080547 ], [ 122.257745, 30.077824 ], [ 122.255548, 30.065504 ], [ 122.287544, 30.065326 ], [ 122.307759, 30.03786 ], [ 122.321262, 30.030907 ], [ 122.335688, 29.997569 ], [ 122.318245, 29.958501 ], [ 122.307059, 29.946463 ], [ 122.273281, 29.943264 ], [ 122.229883, 29.972296 ], [ 122.181704, 29.985374 ], [ 122.162553, 29.994511 ], [ 122.120111, 29.989905 ], [ 122.104556, 30.007899 ], [ 122.065809, 30.011065 ], [ 122.049799, 30.000437 ], [ 122.025472, 29.993677 ], [ 122.016997, 30.013093 ], [ 121.995445, 30.041556 ], [ 121.97478, 30.059435 ], [ 121.988675, 30.074077 ], [ 121.985127, 30.102615 ], [ 121.961644, 30.128491 ], [ 121.952496, 30.147561 ], [ 121.935439, 30.162342 ], [ 121.93688, 30.172322 ], [ 121.953029, 30.184475 ], [ 121.988288, 30.162821 ], [ 122.030174, 30.148354 ] ] ], [ [ [ 122.182996, 30.173155 ], [ 122.165464, 30.142118 ], [ 122.1487, 30.147323 ], [ 122.139703, 30.169 ], [ 122.149442, 30.192811 ], [ 122.172461, 30.20192 ], [ 122.210488, 30.192064 ], [ 122.197923, 30.179644 ], [ 122.182996, 30.173155 ] ] ], [ [ [ 122.060589, 30.183168 ], [ 122.02739, 30.164029 ], [ 122.012881, 30.186601 ], [ 122.039298, 30.202454 ], [ 122.049966, 30.202177 ], [ 122.060589, 30.183168 ] ] ], [ [ [ 122.586953, 30.203157 ], [ 122.587017, 30.198044 ], [ 122.583107, 30.19886 ], [ 122.583107, 30.204252 ], [ 122.585771, 30.206658 ], [ 122.589101, 30.207324 ], [ 122.586953, 30.203157 ] ] ], [ [ [ 122.687326, 30.202614 ], [ 122.689781, 30.190734 ], [ 122.686423, 30.182679 ], [ 122.68449, 30.194107 ], [ 122.678346, 30.192475 ], [ 122.670269, 30.204719 ], [ 122.669453, 30.211164 ], [ 122.678046, 30.209574 ], [ 122.687326, 30.202614 ] ] ], [ [ [ 122.709713, 30.191108 ], [ 122.704102, 30.190821 ], [ 122.699384, 30.196078 ], [ 122.698055, 30.20286 ], [ 122.70095, 30.209818 ], [ 122.708458, 30.211738 ], [ 122.708717, 30.207018 ], [ 122.707849, 30.202365 ], [ 122.705263, 30.200685 ], [ 122.7075, 30.197073 ], [ 122.709713, 30.191108 ] ] ], [ [ [ 122.592903, 30.211814 ], [ 122.590411, 30.208935 ], [ 122.589316, 30.209429 ], [ 122.590583, 30.212888 ], [ 122.592903, 30.211814 ] ] ], [ [ [ 122.566004, 30.209137 ], [ 122.564097, 30.208745 ], [ 122.564546, 30.210988 ], [ 122.565808, 30.21368 ], [ 122.567013, 30.213708 ], [ 122.566004, 30.209137 ] ] ], [ [ [ 122.650334, 30.192303 ], [ 122.644276, 30.189209 ], [ 122.638691, 30.196083 ], [ 122.633278, 30.209058 ], [ 122.635727, 30.214816 ], [ 122.646467, 30.212925 ], [ 122.650334, 30.192303 ] ] ], [ [ [ 122.56685, 30.220383 ], [ 122.563733, 30.218378 ], [ 122.562716, 30.221237 ], [ 122.562997, 30.22212 ], [ 122.566168, 30.222122 ], [ 122.567332, 30.221749 ], [ 122.56685, 30.220383 ] ] ], [ [ [ 122.560219, 30.222603 ], [ 122.557458, 30.220706 ], [ 122.555751, 30.221405 ], [ 122.555173, 30.222364 ], [ 122.557536, 30.224499 ], [ 122.560327, 30.224943 ], [ 122.560219, 30.222603 ] ] ], [ [ [ 122.1957, 30.228512 ], [ 122.200785, 30.217352 ], [ 122.175002, 30.21783 ], [ 122.182758, 30.232485 ], [ 122.1957, 30.228512 ] ] ], [ [ [ 122.499988, 30.227692 ], [ 122.499102, 30.218742 ], [ 122.481881, 30.221036 ], [ 122.469779, 30.22846 ], [ 122.479928, 30.233171 ], [ 122.499988, 30.227692 ] ] ], [ [ [ 122.521821, 30.224733 ], [ 122.519755, 30.224457 ], [ 122.520696, 30.229033 ], [ 122.518166, 30.229767 ], [ 122.515239, 30.232349 ], [ 122.521515, 30.23305 ], [ 122.528857, 30.233815 ], [ 122.529411, 30.231259 ], [ 122.523966, 30.230586 ], [ 122.52332, 30.227769 ], [ 122.521821, 30.224733 ] ] ], [ [ [ 122.269742, 30.247292 ], [ 122.25726, 30.237934 ], [ 122.251421, 30.256195 ], [ 122.259793, 30.270974 ], [ 122.29322, 30.27183 ], [ 122.307402, 30.266055 ], [ 122.310299, 30.252708 ], [ 122.269742, 30.247292 ] ] ], [ [ [ 122.396336, 30.275801 ], [ 122.40653, 30.256026 ], [ 122.418231, 30.253007 ], [ 122.404729, 30.233286 ], [ 122.393327, 30.228386 ], [ 122.34891, 30.240509 ], [ 122.323599, 30.236722 ], [ 122.29479, 30.237565 ], [ 122.281879, 30.229559 ], [ 122.277146, 30.243929 ], [ 122.315191, 30.251224 ], [ 122.320424, 30.266729 ], [ 122.362103, 30.272685 ], [ 122.37749, 30.270274 ], [ 122.396336, 30.275801 ] ] ], [ [ [ 121.995303, 30.309006 ], [ 121.984585, 30.293644 ], [ 121.963766, 30.298652 ], [ 121.951751, 30.293647 ], [ 121.925331, 30.309562 ], [ 121.939466, 30.335387 ], [ 121.961612, 30.336385 ], [ 121.976322, 30.345078 ], [ 121.988422, 30.328603 ], [ 121.995303, 30.309006 ] ] ], [ [ [ 122.170882, 30.353394 ], [ 122.185911, 30.330904 ], [ 122.216728, 30.335035 ], [ 122.217879, 30.318037 ], [ 122.234581, 30.299799 ], [ 122.217372, 30.292387 ], [ 122.230682, 30.271632 ], [ 122.222797, 30.250846 ], [ 122.225585, 30.235864 ], [ 122.199654, 30.238699 ], [ 122.190473, 30.246744 ], [ 122.148269, 30.248764 ], [ 122.130286, 30.255796 ], [ 122.100857, 30.278135 ], [ 122.05595, 30.29432 ], [ 122.065914, 30.308233 ], [ 122.081834, 30.291963 ], [ 122.089785, 30.301833 ], [ 122.114027, 30.318605 ], [ 122.129351, 30.315158 ], [ 122.146697, 30.31789 ], [ 122.1732, 30.341324 ], [ 122.170882, 30.353394 ] ] ], [ [ [ 122.479884, 30.418473 ], [ 122.465986, 30.417626 ], [ 122.453422, 30.427884 ], [ 122.464911, 30.441822 ], [ 122.479884, 30.418473 ] ] ], [ [ [ 122.293576, 30.46768 ], [ 122.350584, 30.45921 ], [ 122.368445, 30.459758 ], [ 122.385916, 30.452449 ], [ 122.393889, 30.456804 ], [ 122.413137, 30.452385 ], [ 122.422788, 30.442524 ], [ 122.421017, 30.43156 ], [ 122.434732, 30.41447 ], [ 122.4177, 30.412793 ], [ 122.395588, 30.426575 ], [ 122.376179, 30.41994 ], [ 122.361169, 30.431278 ], [ 122.343576, 30.432105 ], [ 122.341118, 30.416064 ], [ 122.310862, 30.413448 ], [ 122.282399, 30.427547 ], [ 122.281619, 30.452749 ], [ 122.274161, 30.474733 ], [ 122.283891, 30.477914 ], [ 122.285404, 30.478408 ], [ 122.28578, 30.477914 ], [ 122.293576, 30.46768 ] ] ], [ [ [ 122.341693, 30.512934 ], [ 122.331044, 30.5093 ], [ 122.31591, 30.515392 ], [ 122.339223, 30.528353 ], [ 122.341693, 30.512934 ] ] ], [ [ [ 122.08031, 30.581835 ], [ 122.067604, 30.575044 ], [ 122.05389, 30.595498 ], [ 122.077157, 30.597895 ], [ 122.08031, 30.581835 ] ] ], [ [ [ 122.102913, 30.615409 ], [ 122.088429, 30.604641 ], [ 122.042222, 30.636073 ], [ 122.059366, 30.647768 ], [ 122.076063, 30.63599 ], [ 122.102875, 30.624666 ], [ 122.102913, 30.615409 ] ] ], [ [ [ 122.573007, 30.658209 ], [ 122.558892, 30.651696 ], [ 122.550146, 30.659516 ], [ 122.556068, 30.681194 ], [ 122.57189, 30.665909 ], [ 122.573007, 30.658209 ] ] ], [ [ [ 122.785473, 30.73068 ], [ 122.772006, 30.710444 ], [ 122.754913, 30.71514 ], [ 122.773077, 30.728218 ], [ 122.785473, 30.73068 ] ] ], [ [ [ 122.833454, 30.706917 ], [ 122.829315, 30.702362 ], [ 122.825706, 30.712567 ], [ 122.817572, 30.71717 ], [ 122.803254, 30.720814 ], [ 122.812046, 30.735089 ], [ 122.815689, 30.730324 ], [ 122.828296, 30.727085 ], [ 122.831992, 30.718996 ], [ 122.830075, 30.713602 ], [ 122.833454, 30.706917 ] ] ], [ [ [ 122.471349, 30.715034 ], [ 122.489563, 30.712857 ], [ 122.528012, 30.724356 ], [ 122.530616, 30.702283 ], [ 122.498565, 30.70827 ], [ 122.461929, 30.69906 ], [ 122.428621, 30.696188 ], [ 122.426888, 30.706608 ], [ 122.439887, 30.717862 ], [ 122.437855, 30.736897 ], [ 122.425878, 30.745137 ], [ 122.441816, 30.746575 ], [ 122.471349, 30.715034 ] ] ], [ [ [ 122.691757, 30.8455 ], [ 122.685137, 30.84184 ], [ 122.671199, 30.844787 ], [ 122.67512, 30.863006 ], [ 122.687727, 30.850045 ], [ 122.691757, 30.8455 ] ] ] ] } },
{ "type": "Feature", "properties": { "name": "宣城市", "gb": "156341800" }, "geometry": { "type": "MultiPolygon", "coordinates": [ [ [ [ 118.769508, 31.246592 ], [ 118.783638, 31.232437 ], [ 118.809921, 31.239683 ], [ 118.829704, 31.234859 ], [ 118.874084, 31.24124 ], [ 118.893844, 31.230221 ], [ 118.929161, 31.244152 ], [ 118.987946, 31.233974 ], [ 119.018456, 31.246288 ], [ 119.02861, 31.243059 ], [ 119.042221, 31.237761 ], [ 119.059349, 31.242533 ], [ 119.084724, 31.235825 ], [ 119.106728, 31.257763 ], [ 119.136459, 31.270967 ], [ 119.159317, 31.300915 ], [ 119.181834, 31.303685 ], [ 119.192978, 31.290953 ], [ 119.194763, 31.273535 ], [ 119.214287, 31.273237 ], [ 119.228653, 31.258291 ], [ 119.241447, 31.251596 ], [ 119.254883, 31.263922 ], [ 119.271942, 31.253773 ], [ 119.310783, 31.266214 ], [ 119.331903, 31.263776 ], [ 119.339091, 31.270827 ], [ 119.350304, 31.300182 ], [ 119.355393, 31.300388 ], [ 119.380585, 31.267961 ], [ 119.359734, 31.226585 ], [ 119.359101, 31.210777 ], [ 119.365715, 31.20158 ], [ 119.372627, 31.19582 ], [ 119.4002, 31.203249 ], [ 119.399094, 31.197525 ], [ 119.384598, 31.187054 ], [ 119.385628, 31.18178 ], [ 119.406494, 31.185114 ], [ 119.419021, 31.181614 ], [ 119.429214, 31.18729 ], [ 119.472549, 31.158417 ], [ 119.514298, 31.167578 ], [ 119.529899, 31.164911 ], [ 119.551605, 31.157043 ], [ 119.577072, 31.136492 ], [ 119.593613, 31.134554 ], [ 119.63211, 31.139343 ], [ 119.64444, 31.115656 ], [ 119.641411, 31.105137 ], [ 119.624702, 31.087831 ], [ 119.630112, 31.066483 ], [ 119.62648, 31.048634 ], [ 119.629173, 31.021801 ], [ 119.582588, 30.970999 ], [ 119.574875, 30.941942 ], [ 119.564117, 30.931238 ], [ 119.558937, 30.916601 ], [ 119.555458, 30.882706 ], [ 119.571737, 30.857439 ], [ 119.570267, 30.838839 ], [ 119.540177, 30.80625 ], [ 119.531219, 30.7843 ], [ 119.511742, 30.777996 ], [ 119.496147, 30.79092 ], [ 119.485176, 30.782961 ], [ 119.48552, 30.758665 ], [ 119.480637, 30.746546 ], [ 119.486534, 30.717861 ], [ 119.447662, 30.67384 ], [ 119.43927, 30.652798 ], [ 119.42833, 30.646668 ], [ 119.410011, 30.648594 ], [ 119.39695, 30.682123 ], [ 119.391937, 30.687649 ], [ 119.380508, 30.688162 ], [ 119.343185, 30.672064 ], [ 119.332474, 30.658131 ], [ 119.325447, 30.639366 ], [ 119.311279, 30.6243 ], [ 119.281753, 30.618008 ], [ 119.246971, 30.621582 ], [ 119.238301, 30.61675 ], [ 119.241852, 30.606474 ], [ 119.263504, 30.582325 ], [ 119.239197, 30.555828 ], [ 119.238853, 30.540016 ], [ 119.253159, 30.534918 ], [ 119.26236, 30.517921 ], [ 119.269776, 30.515369 ], [ 119.299011, 30.523045 ], [ 119.313683, 30.536276 ], [ 119.32296, 30.533943 ], [ 119.333702, 30.510744 ], [ 119.329384, 30.498615 ], [ 119.335625, 30.477272 ], [ 119.333138, 30.461926 ], [ 119.346016, 30.441925 ], [ 119.345878, 30.420151 ], [ 119.364113, 30.411127 ], [ 119.372223, 30.394812 ], [ 119.401932, 30.384516 ], [ 119.400114, 30.376281 ], [ 119.396721, 30.371313 ], [ 119.358459, 30.354996 ], [ 119.347878, 30.357336 ], [ 119.33419, 30.373215 ], [ 119.322815, 30.376244 ], [ 119.28318, 30.348906 ], [ 119.267525, 30.344385 ], [ 119.248459, 30.346293 ], [ 119.225159, 30.295492 ], [ 119.158997, 30.30397 ], [ 119.14579, 30.311346 ], [ 119.120369, 30.31188 ], [ 119.085205, 30.329624 ], [ 119.053085, 30.308388 ], [ 119.042236, 30.310474 ], [ 119.00283, 30.33119 ], [ 118.97773, 30.35393 ], [ 118.952843, 30.364056 ], [ 118.93959, 30.360409 ], [ 118.915962, 30.337978 ], [ 118.89476, 30.330671 ], [ 118.879419, 30.318166 ], [ 118.875092, 30.285994 ], [ 118.887504, 30.262829 ], [ 118.889839, 30.234631 ], [ 118.900932, 30.22201 ], [ 118.921028, 30.214649 ], [ 118.899559, 30.191296 ], [ 118.868584, 30.171616 ], [ 118.852982, 30.170713 ], [ 118.840721, 30.161785 ], [ 118.843552, 30.148846 ], [ 118.850426, 30.143993 ], [ 118.873878, 30.142376 ], [ 118.886414, 30.151272 ], [ 118.892479, 30.146824 ], [ 118.892067, 30.136749 ], [ 118.885697, 30.130438 ], [ 118.875496, 30.127413 ], [ 118.853661, 30.132265 ], [ 118.851234, 30.1169 ], [ 118.861698, 30.102564 ], [ 118.852619, 30.113301 ], [ 118.844711, 30.115347 ], [ 118.803077, 30.096849 ], [ 118.803259, 30.090719 ], [ 118.791283, 30.083058 ], [ 118.763931, 30.074226 ], [ 118.75045, 30.080648 ], [ 118.738084, 30.093202 ], [ 118.73459, 30.072294 ], [ 118.729732, 30.066032 ], [ 118.724293, 30.069672 ], [ 118.698653, 30.065547 ], [ 118.688717, 30.049691 ], [ 118.686555, 30.033329 ], [ 118.657725, 30.024123 ], [ 118.649551, 30.024699 ], [ 118.640362, 30.031993 ], [ 118.609253, 30.005568 ], [ 118.608054, 29.982974 ], [ 118.582448, 29.981156 ], [ 118.570631, 29.976489 ], [ 118.5626, 29.96439 ], [ 118.541218, 29.956728 ], [ 118.525938, 29.972689 ], [ 118.519541, 29.966 ], [ 118.513067, 29.967794 ], [ 118.498776, 29.997214 ], [ 118.498535, 30.012039 ], [ 118.493695, 30.021315 ], [ 118.505882, 30.02603 ], [ 118.509417, 30.041669 ], [ 118.49663, 30.061624 ], [ 118.485197, 30.061925 ], [ 118.485036, 30.066006 ], [ 118.49551, 30.069388 ], [ 118.491972, 30.082011 ], [ 118.483854, 30.083694 ], [ 118.478584, 30.078654 ], [ 118.470939, 30.081777 ], [ 118.458771, 30.096907 ], [ 118.443553, 30.095872 ], [ 118.432817, 30.10673 ], [ 118.409392, 30.097276 ], [ 118.386584, 30.109454 ], [ 118.37432, 30.096061 ], [ 118.346712, 30.111273 ], [ 118.354552, 30.120814 ], [ 118.340624, 30.132206 ], [ 118.329526, 30.155362 ], [ 118.341629, 30.163895 ], [ 118.320401, 30.17649 ], [ 118.308285, 30.198236 ], [ 118.283605, 30.198366 ], [ 118.288967, 30.215316 ], [ 118.288, 30.231557 ], [ 118.279217, 30.236246 ], [ 118.265333, 30.234058 ], [ 118.26133, 30.239583 ], [ 118.265171, 30.246408 ], [ 118.257271, 30.253481 ], [ 118.27258, 30.260029 ], [ 118.269775, 30.275144 ], [ 118.28762, 30.285501 ], [ 118.306341, 30.287222 ], [ 118.298504, 30.290576 ], [ 118.30928, 30.296171 ], [ 118.291273, 30.301777 ], [ 118.295933, 30.311428 ], [ 118.304572, 30.31287 ], [ 118.305369, 30.316349 ], [ 118.30503, 30.322974 ], [ 118.296619, 30.332149 ], [ 118.294787, 30.345457 ], [ 118.298505, 30.351797 ], [ 118.293634, 30.358121 ], [ 118.294781, 30.372637 ], [ 118.286137, 30.371512 ], [ 118.272991, 30.382761 ], [ 118.250425, 30.381064 ], [ 118.246357, 30.387939 ], [ 118.250269, 30.393466 ], [ 118.21777, 30.414313 ], [ 118.213508, 30.433245 ], [ 118.226177, 30.448111 ], [ 118.209075, 30.462885 ], [ 118.203725, 30.473198 ], [ 118.16644, 30.46122 ], [ 118.162958, 30.455164 ], [ 118.17593, 30.453572 ], [ 118.157286, 30.445836 ], [ 118.151495, 30.436032 ], [ 118.139065, 30.43661 ], [ 118.118292, 30.425717 ], [ 118.102125, 30.43155 ], [ 118.107622, 30.450245 ], [ 118.098334, 30.459863 ], [ 118.095709, 30.472212 ], [ 118.109756, 30.474689 ], [ 118.113691, 30.480516 ], [ 118.114352, 30.495583 ], [ 118.124683, 30.501945 ], [ 118.117551, 30.51248 ], [ 118.097103, 30.517124 ], [ 118.068936, 30.514234 ], [ 118.062306, 30.521487 ], [ 118.052926, 30.511306 ], [ 118.023534, 30.495456 ], [ 118.016199, 30.497023 ], [ 118.012104, 30.503393 ], [ 117.992207, 30.496913 ], [ 117.983944, 30.498838 ], [ 117.962684, 30.517077 ], [ 117.977217, 30.527518 ], [ 117.981305, 30.548061 ], [ 117.97959, 30.572881 ], [ 118.008352, 30.57439 ], [ 118.024566, 30.579717 ], [ 118.023701, 30.583413 ], [ 118.037317, 30.59571 ], [ 118.033166, 30.59974 ], [ 118.036258, 30.607653 ], [ 118.058553, 30.599055 ], [ 118.072738, 30.62483 ], [ 118.093693, 30.641762 ], [ 118.114588, 30.653715 ], [ 118.118805, 30.651502 ], [ 118.118313, 30.644145 ], [ 118.122684, 30.645153 ], [ 118.151687, 30.670016 ], [ 118.155876, 30.686652 ], [ 118.165244, 30.687023 ], [ 118.167768, 30.693701 ], [ 118.18788, 30.703377 ], [ 118.199483, 30.703753 ], [ 118.211002, 30.717248 ], [ 118.22335, 30.715322 ], [ 118.223745, 30.706858 ], [ 118.244232, 30.699173 ], [ 118.25557, 30.713355 ], [ 118.263582, 30.714804 ], [ 118.275549, 30.713013 ], [ 118.284179, 30.702608 ], [ 118.304816, 30.702091 ], [ 118.308189, 30.71507 ], [ 118.302666, 30.718798 ], [ 118.291527, 30.717495 ], [ 118.283901, 30.729067 ], [ 118.277755, 30.728441 ], [ 118.272447, 30.734045 ], [ 118.270315, 30.74138 ], [ 118.285287, 30.758286 ], [ 118.290331, 30.775566 ], [ 118.302147, 30.778419 ], [ 118.295595, 30.800567 ], [ 118.302261, 30.810878 ], [ 118.313165, 30.822359 ], [ 118.341442, 30.826983 ], [ 118.353394, 30.844828 ], [ 118.379236, 30.852123 ], [ 118.393218, 30.844226 ], [ 118.405441, 30.847486 ], [ 118.416973, 30.84161 ], [ 118.426414, 30.818449 ], [ 118.421549, 30.815303 ], [ 118.417206, 30.819718 ], [ 118.407881, 30.816795 ], [ 118.426295, 30.797373 ], [ 118.447656, 30.801616 ], [ 118.446218, 30.780648 ], [ 118.464964, 30.763682 ], [ 118.474847, 30.765469 ], [ 118.476724, 30.789457 ], [ 118.501897, 30.809951 ], [ 118.491543, 30.821032 ], [ 118.477035, 30.824771 ], [ 118.473015, 30.834217 ], [ 118.493132, 30.861985 ], [ 118.468552, 30.875579 ], [ 118.466192, 30.881445 ], [ 118.485823, 30.883018 ], [ 118.488965, 30.892266 ], [ 118.484768, 30.902969 ], [ 118.508235, 30.920642 ], [ 118.506461, 30.928404 ], [ 118.488211, 30.944333 ], [ 118.509899, 30.941453 ], [ 118.509079, 30.955102 ], [ 118.523769, 30.956824 ], [ 118.540551, 30.973453 ], [ 118.567172, 30.967838 ], [ 118.575347, 30.987266 ], [ 118.581751, 30.992239 ], [ 118.564609, 31.016453 ], [ 118.5767, 31.022525 ], [ 118.580239, 31.042385 ], [ 118.591088, 31.0468 ], [ 118.599595, 31.042789 ], [ 118.600854, 31.032779 ], [ 118.610735, 31.024807 ], [ 118.624416, 31.023223 ], [ 118.631844, 31.026954 ], [ 118.653158, 31.047653 ], [ 118.650925, 31.059544 ], [ 118.674673, 31.068825 ], [ 118.678767, 31.074353 ], [ 118.672321, 31.08602 ], [ 118.673503, 31.09123 ], [ 118.685593, 31.099213 ], [ 118.682092, 31.100931 ], [ 118.679666, 31.121566 ], [ 118.706129, 31.143901 ], [ 118.728124, 31.151002 ], [ 118.713291, 31.17649 ], [ 118.694752, 31.186343 ], [ 118.676696, 31.216413 ], [ 118.64109, 31.248938 ], [ 118.655067, 31.272138 ], [ 118.652847, 31.306787 ], [ 118.693775, 31.309979 ], [ 118.709027, 31.328354 ], [ 118.713057, 31.326432 ], [ 118.711533, 31.305227 ], [ 118.697624, 31.304766 ], [ 118.720512, 31.282495 ], [ 118.754891, 31.279572 ], [ 118.770722, 31.256168 ], [ 118.769508, 31.246592 ] ] ] ] } },
{ "type": "Feature", "properties": { "name": "境界线", "gb": "" }, "geometry": { "type": "MultiLineString", "coordinates": [ [ [ 121.33136, 31.505905 ], [ 121.332901, 31.50695 ], [ 121.3554, 31.524221 ], [ 121.37532, 31.538677 ], [ 121.382355, 31.545032 ], [ 121.364998, 31.559324 ], [ 121.351563, 31.567404 ], [ 121.337563, 31.574839 ], [ 121.324448, 31.579649 ], [ 121.313949, 31.585772 ], [ 121.305641, 31.595831 ], [ 121.298202, 31.604578 ], [ 121.289459, 31.615513 ], [ 121.281143, 31.626448 ], [ 121.276337, 31.634756 ], [ 121.258118, 31.652081 ], [ 121.234139, 31.670788 ], [ 121.19867, 31.695185 ], [ 121.162949, 31.718645 ], [ 121.122238, 31.745878 ], [ 121.10331, 31.756884 ], [ 121.095299, 31.763113 ], [ 121.102943, 31.767431 ], [ 121.117714, 31.775599 ], [ 121.126053, 31.783146 ], [ 121.139145, 31.793333 ], [ 121.148682, 31.802752 ], [ 121.157936, 31.809855 ], [ 121.168663, 31.818605 ], [ 121.180206, 31.827146 ], [ 121.191513, 31.832943 ], [ 121.201782, 31.83881 ], [ 121.221222, 31.848349 ], [ 121.235985, 31.853531 ], [ 121.257523, 31.860327 ], [ 121.26915, 31.866224 ], [ 121.282356, 31.869593 ], [ 121.289795, 31.871572 ], [ 121.299576, 31.870594 ], [ 121.307404, 31.868639 ], [ 121.317673, 31.864239 ], [ 121.328918, 31.860327 ], [ 121.338837, 31.857157 ], [ 121.351791, 31.852882 ], [ 121.361374, 31.850033 ], [ 121.367264, 31.848284 ], [ 121.369507, 31.845167 ], [ 121.374397, 31.839788 ], [ 121.378792, 31.83392 ], [ 121.381241, 31.829519 ], [ 121.384949, 31.826069 ], [ 121.386848, 31.824346 ], [ 121.387802, 31.823477 ], [ 121.389099, 31.821146 ], [ 121.392723, 31.815187 ], [ 121.397644, 31.81156 ], [ 121.403084, 31.807804 ], [ 121.406715, 31.803141 ], [ 121.407234, 31.797182 ], [ 121.4049, 31.794332 ], [ 121.407234, 31.790445 ], [ 121.410599, 31.784487 ], [ 121.412933, 31.780601 ], [ 121.416039, 31.775679 ], [ 121.423325, 31.770502 ], [ 121.431702, 31.768238 ], [ 121.442116, 31.763258 ], [ 121.452751, 31.76009 ], [ 121.462029, 31.757826 ], [ 121.473122, 31.755789 ], [ 121.474159, 31.75565 ], [ 121.483307, 31.754431 ], [ 121.488792, 31.75345 ], [ 121.495987, 31.752167 ], [ 121.500282, 31.748999 ], [ 121.50843, 31.742888 ], [ 121.518616, 31.740171 ], [ 121.526993, 31.738813 ], [ 121.532875, 31.73587 ], [ 121.53537, 31.731117 ], [ 121.541252, 31.72908 ], [ 121.547142, 31.727949 ], [ 121.552345, 31.724327 ], [ 121.559585, 31.719347 ], [ 121.566376, 31.714821 ], [ 121.574524, 31.710293 ], [ 121.578148, 31.708483 ], [ 121.58403, 31.706219 ], [ 121.58992, 31.703503 ], [ 121.59761, 31.703503 ], [ 121.598518, 31.708483 ], [ 121.606667, 31.704861 ], [ 121.614815, 31.701693 ], [ 121.618439, 31.699429 ], [ 121.628311, 31.695389 ], [ 121.628395, 31.695354 ], [ 121.634285, 31.696712 ], [ 121.639717, 31.697618 ], [ 121.652573, 31.693916 ], [ 121.678642, 31.684942 ], [ 121.706261, 31.675888 ], [ 121.727081, 31.669552 ], [ 121.746551, 31.663214 ], [ 121.777786, 31.65416 ], [ 121.797707, 31.648727 ], [ 121.820336, 31.643295 ], [ 121.847046, 31.637863 ], [ 121.875214, 31.633331 ] ] ] } },
{ "type": "Feature", "properties": { "name": "淮北市", "gb": "156340600" }, "geometry": { "type": "MultiPolygon", "coordinates": [ [ [ [ 116.966222, 34.081599 ], [ 116.960895, 34.067424 ], [ 116.939973, 34.049497 ], [ 116.943021, 34.034412 ], [ 116.962708, 34.028054 ], [ 116.967297, 34.011168 ], [ 116.972257, 34.007794 ], [ 116.970962, 33.992944 ], [ 116.952264, 33.969573 ], [ 116.965676, 33.962942 ], [ 116.986534, 33.961919 ], [ 116.993749, 33.939053 ], [ 116.984833, 33.929653 ], [ 116.991582, 33.915686 ], [ 116.983328, 33.901194 ], [ 116.959733, 33.895394 ], [ 116.955484, 33.890579 ], [ 116.951303, 33.849262 ], [ 116.944964, 33.833493 ], [ 116.942883, 33.783997 ], [ 116.935758, 33.774271 ], [ 116.937663, 33.757031 ], [ 116.945176, 33.74588 ], [ 116.927474, 33.750157 ], [ 116.923544, 33.745638 ], [ 116.932303, 33.713365 ], [ 116.931014, 33.707027 ], [ 116.923329, 33.70226 ], [ 116.922171, 33.694218 ], [ 116.927305, 33.675831 ], [ 116.923313, 33.672269 ], [ 116.895117, 33.680003 ], [ 116.89356, 33.692936 ], [ 116.885606, 33.687653 ], [ 116.880016, 33.674588 ], [ 116.871631, 33.675246 ], [ 116.864546, 33.66645 ], [ 116.873018, 33.655857 ], [ 116.873807, 33.635962 ], [ 116.872351, 33.63132 ], [ 116.856393, 33.631819 ], [ 116.855971, 33.618863 ], [ 116.867093, 33.613798 ], [ 116.861991, 33.596754 ], [ 116.871099, 33.59041 ], [ 116.889743, 33.588294 ], [ 116.886748, 33.579337 ], [ 116.893662, 33.573387 ], [ 116.930877, 33.581813 ], [ 116.918959, 33.546483 ], [ 116.907274, 33.538568 ], [ 116.899283, 33.508082 ], [ 116.909799, 33.494175 ], [ 116.899856, 33.483877 ], [ 116.909379, 33.473849 ], [ 116.92196, 33.476038 ], [ 116.930474, 33.456005 ], [ 116.941844, 33.452066 ], [ 116.944701, 33.45604 ], [ 116.954705, 33.453601 ], [ 116.965827, 33.429211 ], [ 116.959759, 33.416817 ], [ 116.964222, 33.391944 ], [ 116.949179, 33.379821 ], [ 116.934928, 33.379185 ], [ 116.930652, 33.368377 ], [ 116.933677, 33.365534 ], [ 116.921973, 33.360744 ], [ 116.914469, 33.330205 ], [ 116.926681, 33.325298 ], [ 116.928081, 33.320355 ], [ 116.925861, 33.311974 ], [ 116.920612, 33.311069 ], [ 116.886802, 33.299621 ], [ 116.869544, 33.301435 ], [ 116.867268, 33.286452 ], [ 116.859821, 33.281361 ], [ 116.837126, 33.286593 ], [ 116.816675, 33.302661 ], [ 116.802623, 33.305258 ], [ 116.790582, 33.309102 ], [ 116.782761, 33.326215 ], [ 116.790741, 33.378934 ], [ 116.788796, 33.405626 ], [ 116.795933, 33.418945 ], [ 116.794206, 33.427273 ], [ 116.78765, 33.423671 ], [ 116.782301, 33.430031 ], [ 116.764368, 33.43095 ], [ 116.762195, 33.436035 ], [ 116.748365, 33.437744 ], [ 116.744642, 33.439685 ], [ 116.743183, 33.452917 ], [ 116.719189, 33.453329 ], [ 116.714618, 33.456407 ], [ 116.711547, 33.471112 ], [ 116.690349, 33.475347 ], [ 116.644908, 33.479225 ], [ 116.631704, 33.484765 ], [ 116.579864, 33.478704 ], [ 116.579006, 33.468585 ], [ 116.543343, 33.466669 ], [ 116.529944, 33.470229 ], [ 116.532809, 33.48964 ], [ 116.528048, 33.497067 ], [ 116.531641, 33.520013 ], [ 116.518563, 33.532862 ], [ 116.522854, 33.538207 ], [ 116.5209, 33.553158 ], [ 116.52599, 33.570274 ], [ 116.542824, 33.57222 ], [ 116.542931, 33.576596 ], [ 116.533643, 33.583621 ], [ 116.544508, 33.587089 ], [ 116.54935, 33.594512 ], [ 116.5398, 33.59956 ], [ 116.530327, 33.614759 ], [ 116.493098, 33.62247 ], [ 116.498446, 33.633622 ], [ 116.473696, 33.657749 ], [ 116.479276, 33.669261 ], [ 116.486532, 33.668333 ], [ 116.491512, 33.685443 ], [ 116.479501, 33.692401 ], [ 116.473146, 33.711788 ], [ 116.463413, 33.718245 ], [ 116.454261, 33.735367 ], [ 116.430117, 33.743162 ], [ 116.433632, 33.762645 ], [ 116.400696, 33.763285 ], [ 116.402202, 33.775139 ], [ 116.391448, 33.778973 ], [ 116.385788, 33.79073 ], [ 116.397705, 33.80143 ], [ 116.430252, 33.805603 ], [ 116.423996, 33.823719 ], [ 116.42543, 33.837925 ], [ 116.42749, 33.846302 ], [ 116.436439, 33.854439 ], [ 116.472832, 33.866329 ], [ 116.496239, 33.864983 ], [ 116.499954, 33.873749 ], [ 116.51593, 33.872543 ], [ 116.521484, 33.887295 ], [ 116.541603, 33.884987 ], [ 116.549263, 33.888283 ], [ 116.553169, 33.90324 ], [ 116.558861, 33.909039 ], [ 116.581436, 33.908813 ], [ 116.622154, 33.890179 ], [ 116.635895, 33.891697 ], [ 116.638001, 33.898373 ], [ 116.633316, 33.918751 ], [ 116.640572, 33.931442 ], [ 116.634804, 33.950436 ], [ 116.647011, 33.963867 ], [ 116.642748, 33.975023 ], [ 116.633545, 33.988464 ], [ 116.59716, 34.00861 ], [ 116.593072, 34.022325 ], [ 116.655085, 34.019657 ], [ 116.701586, 34.01044 ], [ 116.74487, 34.018186 ], [ 116.744951, 34.013436 ], [ 116.777963, 34.011812 ], [ 116.788723, 34.006213 ], [ 116.796831, 33.994837 ], [ 116.80356, 34.002971 ], [ 116.797188, 34.033966 ], [ 116.806965, 34.082984 ], [ 116.814917, 34.087386 ], [ 116.811102, 34.075298 ], [ 116.822574, 34.062114 ], [ 116.83743, 34.068175 ], [ 116.843362, 34.081687 ], [ 116.852952, 34.08226 ], [ 116.860297, 34.077357 ], [ 116.878564, 34.078761 ], [ 116.90478, 34.098598 ], [ 116.90306, 34.101749 ], [ 116.908506, 34.101221 ], [ 116.918057, 34.097748 ], [ 116.922577, 34.082495 ], [ 116.966222, 34.081599 ] ] ], [ [ [ 117.041184, 34.229679 ], [ 117.037613, 34.211464 ], [ 117.025223, 34.206203 ], [ 117.013954, 34.178787 ], [ 117.016022, 34.174091 ], [ 117.030884, 34.171135 ], [ 117.028258, 34.163665 ], [ 117.019134, 34.156814 ], [ 117.000881, 34.156957 ], [ 116.998087, 34.145753 ], [ 116.975391, 34.140832 ], [ 116.966892, 34.155344 ], [ 116.970827, 34.169139 ], [ 116.977128, 34.167714 ], [ 116.973492, 34.156 ], [ 116.977561, 34.154905 ], [ 116.986067, 34.166729 ], [ 116.986397, 34.173522 ], [ 116.972979, 34.177817 ], [ 116.97094, 34.183522 ], [ 116.97513, 34.194462 ], [ 116.98639, 34.196741 ], [ 116.984529, 34.210177 ], [ 116.989589, 34.223928 ], [ 117.002968, 34.234449 ], [ 117.003383, 34.221027 ], [ 117.01023, 34.216239 ], [ 117.01992, 34.216529 ], [ 117.028694, 34.223596 ], [ 117.030407, 34.233013 ], [ 117.023346, 34.25428 ], [ 117.030106, 34.257473 ], [ 117.036865, 34.254845 ], [ 117.039307, 34.247707 ], [ 117.033295, 34.235687 ], [ 117.041184, 34.229679 ] ] ] ] } },
{ "type": "Feature", "properties": { "name": "境界线", "gb": "" }, "geometry": { "type": "MultiLineString", "coordinates": [ [ [ 121.267601, 30.70163 ], [ 121.269135, 30.700472 ], [ 121.272629, 30.697828 ], [ 121.275154, 30.693754 ], [ 121.278954, 30.691318 ], [ 121.284088, 30.688915 ], [ 121.292908, 30.687517 ], [ 121.310852, 30.683346 ], [ 121.330536, 30.68289 ], [ 121.344391, 30.682064 ], [ 121.36863, 30.680555 ], [ 121.385399, 30.679792 ], [ 121.406174, 30.678431 ], [ 121.428482, 30.679167 ], [ 121.442284, 30.680168 ], [ 121.463493, 30.682016 ], [ 121.489998, 30.684443 ], [ 121.494995, 30.68479 ], [ 121.513031, 30.684832 ], [ 121.532654, 30.686407 ] ], [ [ 121.33136, 31.505905 ], [ 121.332901, 31.50695 ], [ 121.3554, 31.524221 ], [ 121.37532, 31.538677 ], [ 121.382355, 31.545032 ], [ 121.364998, 31.559324 ], [ 121.351563, 31.567404 ], [ 121.337563, 31.574839 ], [ 121.324448, 31.579649 ], [ 121.313949, 31.585772 ], [ 121.305641, 31.595831 ], [ 121.298202, 31.604578 ], [ 121.289459, 31.615513 ], [ 121.281143, 31.626448 ], [ 121.276337, 31.634756 ], [ 121.258118, 31.652081 ], [ 121.234139, 31.670788 ], [ 121.19867, 31.695185 ], [ 121.162949, 31.718645 ], [ 121.122238, 31.745878 ], [ 121.10331, 31.756884 ], [ 121.095299, 31.763113 ], [ 121.102943, 31.767431 ], [ 121.117714, 31.775599 ], [ 121.126053, 31.783146 ], [ 121.139145, 31.793333 ], [ 121.148682, 31.802752 ], [ 121.157936, 31.809855 ], [ 121.168663, 31.818605 ], [ 121.180206, 31.827146 ], [ 121.191513, 31.832943 ], [ 121.201782, 31.83881 ], [ 121.221222, 31.848349 ], [ 121.235985, 31.853531 ], [ 121.257523, 31.860327 ], [ 121.26915, 31.866224 ], [ 121.282356, 31.869593 ], [ 121.289795, 31.871572 ], [ 121.299576, 31.870594 ], [ 121.307404, 31.868639 ], [ 121.317673, 31.864239 ], [ 121.328918, 31.860327 ], [ 121.338837, 31.857157 ], [ 121.351791, 31.852882 ], [ 121.361374, 31.850033 ], [ 121.367264, 31.848284 ], [ 121.369507, 31.845167 ], [ 121.374397, 31.839788 ], [ 121.378792, 31.83392 ], [ 121.381241, 31.829519 ], [ 121.384949, 31.826069 ], [ 121.386848, 31.824346 ], [ 121.387802, 31.823477 ], [ 121.389099, 31.821146 ], [ 121.392723, 31.815187 ], [ 121.397644, 31.81156 ], [ 121.403084, 31.807804 ], [ 121.406715, 31.803141 ], [ 121.407234, 31.797182 ], [ 121.4049, 31.794332 ], [ 121.407234, 31.790445 ], [ 121.410599, 31.784487 ], [ 121.412933, 31.780601 ], [ 121.416039, 31.775679 ], [ 121.423325, 31.770502 ], [ 121.431702, 31.768238 ], [ 121.442116, 31.763258 ], [ 121.452751, 31.76009 ], [ 121.462029, 31.757826 ], [ 121.473122, 31.755789 ], [ 121.474159, 31.75565 ], [ 121.483307, 31.754431 ], [ 121.488792, 31.75345 ], [ 121.495987, 31.752167 ], [ 121.500282, 31.748999 ], [ 121.50843, 31.742888 ], [ 121.518616, 31.740171 ], [ 121.526993, 31.738813 ], [ 121.532875, 31.73587 ], [ 121.53537, 31.731117 ], [ 121.541252, 31.72908 ], [ 121.547142, 31.727949 ], [ 121.552345, 31.724327 ], [ 121.559585, 31.719347 ], [ 121.566376, 31.714821 ], [ 121.574524, 31.710293 ], [ 121.578148, 31.708483 ], [ 121.58403, 31.706219 ], [ 121.58992, 31.703503 ], [ 121.59761, 31.703503 ], [ 121.598518, 31.708483 ], [ 121.606667, 31.704861 ], [ 121.614815, 31.701693 ], [ 121.618439, 31.699429 ], [ 121.628311, 31.695389 ], [ 121.628395, 31.695354 ], [ 121.634285, 31.696712 ], [ 121.639717, 31.697618 ], [ 121.652573, 31.693916 ], [ 121.678642, 31.684942 ], [ 121.706261, 31.675888 ], [ 121.727081, 31.669552 ], [ 121.746551, 31.663214 ], [ 121.777786, 31.65416 ], [ 121.797707, 31.648727 ], [ 121.820336, 31.643295 ], [ 121.847046, 31.637863 ], [ 121.875214, 31.633331 ] ], [ [ 121.573288, 30.690618 ], [ 121.583855, 30.692913 ], [ 121.593605, 30.695646 ], [ 121.601532, 30.697422 ], [ 121.609192, 30.699421 ], [ 121.613121, 30.701342 ], [ 121.621849, 30.702904 ], [ 121.636963, 30.70437 ], [ 121.64994, 30.70602 ], [ 121.662201, 30.704895 ] ], [ [ 121.789955, 30.71966 ], [ 121.809021, 30.722563 ], [ 121.823067, 30.724445 ], [ 121.844727, 30.729689 ], [ 121.868431, 30.738411 ], [ 121.888641, 30.748442 ], [ 121.905632, 30.759554 ], [ 121.913177, 30.766123 ] ], [ [ 122.009468, 30.803625 ], [ 122.024399, 30.81308 ], [ 122.040985, 30.820494 ], [ 122.058357, 30.828377 ], [ 122.072273, 30.83597 ], [ 122.088097, 30.842218 ], [ 122.104759, 30.846642 ], [ 122.120376, 30.850355 ], [ 122.134377, 30.855188 ] ], [ [ 122.361175, 30.88208 ], [ 122.381409, 30.882395 ], [ 122.396309, 30.88308 ], [ 122.411484, 30.88331 ], [ 122.430611, 30.885893 ], [ 122.45533, 30.888098 ], [ 122.479553, 30.888914 ], [ 122.501053, 30.892439 ] ], [ [ 122.639252, 30.922363 ], [ 122.667687, 30.926186 ], [ 122.692864, 30.933399 ], [ 122.728676, 30.942354 ], [ 122.755737, 30.948891 ], [ 122.782791, 30.956114 ] ] ] } },
{ "type": "Feature", "properties": { "name": "衢州市", "gb": "156330800" }, "geometry": { "type": "MultiPolygon", "coordinates": [ [ [ [ 118.385395, 29.426069 ], [ 118.40925, 29.422253 ], [ 118.400295, 29.409627 ], [ 118.409516, 29.395919 ], [ 118.43234, 29.379507 ], [ 118.451122, 29.372398 ], [ 118.458021, 29.361477 ], [ 118.477425, 29.370916 ], [ 118.485169, 29.370062 ], [ 118.48885, 29.363245 ], [ 118.514073, 29.369429 ], [ 118.520508, 29.364099 ], [ 118.518217, 29.355861 ], [ 118.537368, 29.339638 ], [ 118.552977, 29.343439 ], [ 118.568184, 29.341522 ], [ 118.598275, 29.328284 ], [ 118.598132, 29.319142 ], [ 118.612294, 29.30909 ], [ 118.610315, 29.300173 ], [ 118.626034, 29.281663 ], [ 118.632185, 29.266161 ], [ 118.617859, 29.270667 ], [ 118.608163, 29.283417 ], [ 118.601038, 29.271428 ], [ 118.610261, 29.251344 ], [ 118.60184, 29.242035 ], [ 118.615912, 29.221066 ], [ 118.626936, 29.221863 ], [ 118.627941, 29.207138 ], [ 118.621544, 29.201091 ], [ 118.623426, 29.195897 ], [ 118.6775, 29.205673 ], [ 118.706451, 29.188879 ], [ 118.725561, 29.201993 ], [ 118.737488, 29.216483 ], [ 118.749536, 29.216235 ], [ 118.761655, 29.225113 ], [ 118.760253, 29.23914 ], [ 118.756007, 29.243072 ], [ 118.762, 29.254072 ], [ 118.77198, 29.254306 ], [ 118.799553, 29.278564 ], [ 118.822878, 29.285885 ], [ 118.847004, 29.30208 ], [ 118.855207, 29.317367 ], [ 118.866729, 29.327578 ], [ 118.886246, 29.328507 ], [ 118.888406, 29.333463 ], [ 118.89698, 29.335109 ], [ 118.919684, 29.315887 ], [ 118.95459, 29.299317 ], [ 118.957217, 29.295364 ], [ 118.946227, 29.281999 ], [ 118.958637, 29.270625 ], [ 118.977643, 29.262186 ], [ 118.983159, 29.246544 ], [ 118.980612, 29.238286 ], [ 118.983713, 29.221846 ], [ 119.002303, 29.211453 ], [ 119.040501, 29.22392 ], [ 119.059108, 29.229074 ], [ 119.071287, 29.225606 ], [ 119.079906, 29.232948 ], [ 119.103447, 29.231451 ], [ 119.120619, 29.239622 ], [ 119.126501, 29.236286 ], [ 119.123523, 29.228103 ], [ 119.131152, 29.222534 ], [ 119.14694, 29.229742 ], [ 119.170408, 29.216057 ], [ 119.174227, 29.206243 ], [ 119.184276, 29.207602 ], [ 119.189175, 29.218769 ], [ 119.185144, 29.230054 ], [ 119.209281, 29.226809 ], [ 119.204597, 29.237205 ], [ 119.210484, 29.241275 ], [ 119.209649, 29.250361 ], [ 119.195346, 29.260818 ], [ 119.188963, 29.258973 ], [ 119.181379, 29.271355 ], [ 119.190137, 29.274687 ], [ 119.194371, 29.29174 ], [ 119.206307, 29.296674 ], [ 119.2262, 29.292523 ], [ 119.223175, 29.27798 ], [ 119.231921, 29.252476 ], [ 119.239753, 29.256803 ], [ 119.254126, 29.249858 ], [ 119.239803, 29.230954 ], [ 119.228359, 29.226127 ], [ 119.232403, 29.206358 ], [ 119.229262, 29.199597 ], [ 119.218463, 29.199723 ], [ 119.216727, 29.196023 ], [ 119.237303, 29.192815 ], [ 119.23981, 29.177317 ], [ 119.236344, 29.172554 ], [ 119.24478, 29.157783 ], [ 119.247992, 29.136362 ], [ 119.262109, 29.137734 ], [ 119.266437, 29.121407 ], [ 119.281195, 29.117569 ], [ 119.301318, 29.088471 ], [ 119.321424, 29.095126 ], [ 119.329784, 29.081851 ], [ 119.319649, 29.060945 ], [ 119.329122, 29.045614 ], [ 119.326947, 29.032621 ], [ 119.322669, 29.041555 ], [ 119.31516, 29.01178 ], [ 119.317228, 28.991678 ], [ 119.324063, 28.98929 ], [ 119.309418, 28.958403 ], [ 119.31124, 28.944493 ], [ 119.321605, 28.938526 ], [ 119.324372, 28.92154 ], [ 119.340775, 28.898034 ], [ 119.328852, 28.868328 ], [ 119.307454, 28.868654 ], [ 119.305185, 28.846358 ], [ 119.329407, 28.848266 ], [ 119.330768, 28.838715 ], [ 119.34048, 28.83064 ], [ 119.330429, 28.816058 ], [ 119.31609, 28.807433 ], [ 119.313362, 28.814532 ], [ 119.307899, 28.815624 ], [ 119.300354, 28.810394 ], [ 119.272695, 28.806486 ], [ 119.262656, 28.788875 ], [ 119.239962, 28.764518 ], [ 119.213863, 28.774056 ], [ 119.205435, 28.772149 ], [ 119.20097, 28.778767 ], [ 119.190597, 28.781743 ], [ 119.167382, 28.753776 ], [ 119.161995, 28.755915 ], [ 119.134407, 28.741285 ], [ 119.114259, 28.741022 ], [ 119.094649, 28.750754 ], [ 119.083095, 28.738475 ], [ 119.058836, 28.736514 ], [ 119.041802, 28.724094 ], [ 119.039915, 28.715924 ], [ 119.012873, 28.705162 ], [ 118.958172, 28.646268 ], [ 118.949396, 28.651968 ], [ 118.926579, 28.644838 ], [ 118.920023, 28.634718 ], [ 118.921741, 28.626154 ], [ 118.91147, 28.615013 ], [ 118.913621, 28.603919 ], [ 118.905129, 28.594921 ], [ 118.909101, 28.566573 ], [ 118.896292, 28.547603 ], [ 118.864913, 28.516805 ], [ 118.860863, 28.532123 ], [ 118.849871, 28.533273 ], [ 118.844035, 28.545363 ], [ 118.835348, 28.543386 ], [ 118.818006, 28.551622 ], [ 118.800703, 28.536195 ], [ 118.793696, 28.539306 ], [ 118.780935, 28.534158 ], [ 118.770989, 28.521101 ], [ 118.759444, 28.527113 ], [ 118.746398, 28.527815 ], [ 118.738522, 28.513616 ], [ 118.721054, 28.502629 ], [ 118.718298, 28.496719 ], [ 118.724984, 28.48307 ], [ 118.719883, 28.465549 ], [ 118.726342, 28.460097 ], [ 118.717239, 28.415905 ], [ 118.750131, 28.41998 ], [ 118.75249, 28.402095 ], [ 118.738425, 28.381876 ], [ 118.73299, 28.358849 ], [ 118.715169, 28.341272 ], [ 118.696675, 28.330144 ], [ 118.69595, 28.310782 ], [ 118.669563, 28.280275 ], [ 118.641281, 28.276133 ], [ 118.622085, 28.262592 ], [ 118.603409, 28.257303 ], [ 118.590691, 28.26577 ], [ 118.589104, 28.281122 ], [ 118.584686, 28.286388 ], [ 118.572998, 28.292103 ], [ 118.518791, 28.272997 ], [ 118.495155, 28.282122 ], [ 118.490234, 28.277988 ], [ 118.493675, 28.249575 ], [ 118.485397, 28.241308 ], [ 118.435761, 28.268702 ], [ 118.424271, 28.292282 ], [ 118.455079, 28.30465 ], [ 118.47274, 28.320124 ], [ 118.48101, 28.335728 ], [ 118.463043, 28.3554 ], [ 118.455185, 28.378761 ], [ 118.441887, 28.395462 ], [ 118.438988, 28.408978 ], [ 118.443626, 28.424803 ], [ 118.466156, 28.456255 ], [ 118.467407, 28.473448 ], [ 118.416633, 28.496941 ], [ 118.415306, 28.503353 ], [ 118.43087, 28.518749 ], [ 118.427302, 28.527396 ], [ 118.416207, 28.550575 ], [ 118.408295, 28.581268 ], [ 118.41526, 28.603291 ], [ 118.431091, 28.618687 ], [ 118.427933, 28.630142 ], [ 118.416969, 28.638136 ], [ 118.412254, 28.647293 ], [ 118.430435, 28.665905 ], [ 118.432236, 28.67416 ], [ 118.400856, 28.708925 ], [ 118.379375, 28.777686 ], [ 118.379204, 28.788176 ], [ 118.360336, 28.811964 ], [ 118.340736, 28.820387 ], [ 118.313583, 28.825342 ], [ 118.296837, 28.83606 ], [ 118.275375, 28.90819 ], [ 118.252043, 28.925888 ], [ 118.202248, 28.908825 ], [ 118.194672, 28.909941 ], [ 118.201126, 28.92441 ], [ 118.216446, 28.941206 ], [ 118.181221, 28.982321 ], [ 118.150894, 28.983562 ], [ 118.096474, 28.99362 ], [ 118.0867, 29.009388 ], [ 118.085014, 29.027491 ], [ 118.070282, 29.041855 ], [ 118.064445, 29.053976 ], [ 118.068726, 29.078987 ], [ 118.040344, 29.09832 ], [ 118.040275, 29.108866 ], [ 118.046478, 29.119904 ], [ 118.039078, 29.130867 ], [ 118.039925, 29.159298 ], [ 118.028267, 29.178949 ], [ 118.034599, 29.210161 ], [ 118.043709, 29.218004 ], [ 118.074554, 29.22871 ], [ 118.070814, 29.286162 ], [ 118.073601, 29.293812 ], [ 118.097237, 29.287514 ], [ 118.111603, 29.295607 ], [ 118.144425, 29.287279 ], [ 118.152801, 29.288462 ], [ 118.165848, 29.299067 ], [ 118.164169, 29.318544 ], [ 118.180596, 29.33581 ], [ 118.206985, 29.354258 ], [ 118.20269, 29.373041 ], [ 118.189453, 29.395222 ], [ 118.218689, 29.424456 ], [ 118.240433, 29.434628 ], [ 118.270103, 29.432217 ], [ 118.299805, 29.423151 ], [ 118.307655, 29.429825 ], [ 118.311272, 29.443361 ], [ 118.301933, 29.477259 ], [ 118.303726, 29.489645 ], [ 118.316818, 29.49794 ], [ 118.340329, 29.481841 ], [ 118.340264, 29.463936 ], [ 118.352229, 29.454094 ], [ 118.359904, 29.45303 ], [ 118.371352, 29.436615 ], [ 118.385395, 29.426069 ] ] ] ] } },
{ "type": "Feature", "properties": { "name": "铜陵市", "gb": "156340700" }, "geometry": { "type": "MultiPolygon", "coordinates": [ [ [ [ 117.324739, 30.477331 ], [ 117.316274, 30.463961 ], [ 117.309152, 30.464922 ], [ 117.298942, 30.442393 ], [ 117.290091, 30.443752 ], [ 117.283967, 30.432068 ], [ 117.290135, 30.429214 ], [ 117.289768, 30.422377 ], [ 117.273487, 30.417072 ], [ 117.245858, 30.421895 ], [ 117.260675, 30.444418 ], [ 117.249283, 30.463241 ], [ 117.239939, 30.467875 ], [ 117.253016, 30.472726 ], [ 117.251079, 30.468125 ], [ 117.26628, 30.464866 ], [ 117.278825, 30.47261 ], [ 117.296333, 30.493998 ], [ 117.309236, 30.496409 ], [ 117.31031, 30.500754 ], [ 117.320295, 30.495804 ], [ 117.324739, 30.477331 ] ] ], [ [ [ 116.973323, 30.646591 ], [ 116.959576, 30.633206 ], [ 116.954711, 30.635686 ], [ 116.934974, 30.631314 ], [ 116.910289, 30.651721 ], [ 116.912541, 30.657019 ], [ 116.935932, 30.665469 ], [ 116.951323, 30.656098 ], [ 116.973323, 30.646591 ] ] ], [ [ [ 117.911991, 31.07203 ], [ 117.937993, 31.068667 ], [ 117.978943, 31.092382 ], [ 117.990003, 31.070185 ], [ 118.000114, 31.074326 ], [ 118.003081, 31.080827 ], [ 118.018449, 31.068184 ], [ 118.004861, 31.047781 ], [ 118.008554, 31.036017 ], [ 118.01873, 31.034254 ], [ 118.028801, 31.021601 ], [ 118.073794, 31.015002 ], [ 118.092139, 30.977614 ], [ 118.115313, 30.968551 ], [ 118.154682, 30.971912 ], [ 118.154093, 30.964954 ], [ 118.146501, 30.950818 ], [ 118.154774, 30.909979 ], [ 118.149606, 30.904909 ], [ 118.13689, 30.900589 ], [ 118.128458, 30.90533 ], [ 118.075223, 30.86869 ], [ 118.056558, 30.873508 ], [ 118.043933, 30.87189 ], [ 118.034451, 30.860589 ], [ 118.04137, 30.858282 ], [ 118.0349, 30.845792 ], [ 118.015635, 30.849929 ], [ 118.014603, 30.859967 ], [ 118.008982, 30.861838 ], [ 117.990414, 30.855394 ], [ 117.979778, 30.845847 ], [ 117.97385, 30.846205 ], [ 117.954958, 30.818639 ], [ 117.94636, 30.822245 ], [ 117.949702, 30.828446 ], [ 117.947249, 30.833123 ], [ 117.933537, 30.843375 ], [ 117.929604, 30.842182 ], [ 117.906406, 30.81647 ], [ 117.895321, 30.811991 ], [ 117.879073, 30.815026 ], [ 117.869929, 30.807723 ], [ 117.856053, 30.804381 ], [ 117.843749, 30.790459 ], [ 117.83863, 30.770636 ], [ 117.797894, 30.759979 ], [ 117.796734, 30.756079 ], [ 117.790887, 30.750811 ], [ 117.778383, 30.752064 ], [ 117.779375, 30.765764 ], [ 117.752808, 30.764002 ], [ 117.754326, 30.771768 ], [ 117.753531, 30.795522 ], [ 117.748944, 30.806934 ], [ 117.735134, 30.806699 ], [ 117.703953, 30.79032 ], [ 117.697388, 30.795179 ], [ 117.696068, 30.807022 ], [ 117.680111, 30.797826 ], [ 117.668984, 30.785471 ], [ 117.589785, 30.763809 ], [ 117.498258, 30.725414 ], [ 117.482072, 30.691105 ], [ 117.465209, 30.681363 ], [ 117.417621, 30.68491 ], [ 117.384609, 30.699653 ], [ 117.375709, 30.699299 ], [ 117.303449, 30.678179 ], [ 117.300802, 30.670853 ], [ 117.262342, 30.657192 ], [ 117.231353, 30.641414 ], [ 117.22131, 30.630619 ], [ 117.205618, 30.641125 ], [ 117.200546, 30.649843 ], [ 117.201267, 30.669966 ], [ 117.20882, 30.682188 ], [ 117.235708, 30.693833 ], [ 117.229264, 30.697183 ], [ 117.198648, 30.694728 ], [ 117.200752, 30.702299 ], [ 117.189723, 30.702301 ], [ 117.173717, 30.694358 ], [ 117.16506, 30.695547 ], [ 117.158455, 30.714448 ], [ 117.119332, 30.742238 ], [ 117.120672, 30.752772 ], [ 117.098519, 30.76887 ], [ 117.099356, 30.858522 ], [ 117.074418, 30.969223 ], [ 117.076256, 30.976812 ], [ 117.087533, 30.988135 ], [ 117.091854, 31.015182 ], [ 117.126724, 31.008115 ], [ 117.13811, 31.012901 ], [ 117.13332, 31.035934 ], [ 117.140344, 31.041394 ], [ 117.139132, 31.056227 ], [ 117.152511, 31.073518 ], [ 117.16819, 31.09109 ], [ 117.173259, 31.087846 ], [ 117.183668, 31.072346 ], [ 117.211297, 31.050927 ], [ 117.224756, 31.024388 ], [ 117.253369, 31.008409 ], [ 117.272818, 30.986908 ], [ 117.293605, 30.987169 ], [ 117.303371, 31.003767 ], [ 117.313637, 30.994182 ], [ 117.326644, 30.990449 ], [ 117.3493, 30.993308 ], [ 117.362871, 30.972425 ], [ 117.367845, 30.953809 ], [ 117.376616, 30.952607 ], [ 117.378079, 30.965787 ], [ 117.382862, 30.968632 ], [ 117.416931, 30.979027 ], [ 117.440335, 30.977222 ], [ 117.44493, 30.987439 ], [ 117.502272, 31.004941 ], [ 117.533346, 30.993133 ], [ 117.526734, 30.973655 ], [ 117.539428, 30.96875 ], [ 117.54807, 30.97704 ], [ 117.565541, 30.97071 ], [ 117.575798, 30.971749 ], [ 117.586349, 30.981003 ], [ 117.601162, 30.980083 ], [ 117.608912, 30.975113 ], [ 117.618596, 30.976986 ], [ 117.642468, 30.961866 ], [ 117.655098, 30.942501 ], [ 117.657907, 30.964259 ], [ 117.665193, 30.971356 ], [ 117.6729, 30.971742 ], [ 117.688543, 30.991666 ], [ 117.694631, 31.005438 ], [ 117.692151, 31.011747 ], [ 117.714097, 31.019495 ], [ 117.719977, 31.012776 ], [ 117.726796, 31.012456 ], [ 117.768227, 31.106043 ], [ 117.784619, 31.123097 ], [ 117.808455, 31.137718 ], [ 117.833302, 31.142157 ], [ 117.85415, 31.136459 ], [ 117.865751, 31.127257 ], [ 117.888646, 31.08547 ], [ 117.911991, 31.07203 ] ] ] ] } },
{ "type": "Feature", "properties": { "name": "金华市", "gb": "156330700" }, "geometry": { "type": "MultiPolygon", "coordinates": [ [ [ [ 119.955999, 29.675266 ], [ 119.96509, 29.673041 ], [ 119.963472, 29.677311 ], [ 119.967788, 29.677767 ], [ 119.98552, 29.662237 ], [ 120.015193, 29.650341 ], [ 120.025211, 29.657378 ], [ 120.024814, 29.670424 ], [ 120.029672, 29.670739 ], [ 120.035779, 29.657207 ], [ 120.021979, 29.651245 ], [ 120.022544, 29.646176 ], [ 120.03913, 29.634844 ], [ 120.040677, 29.62936 ], [ 120.036638, 29.621923 ], [ 120.012738, 29.619471 ], [ 120.001854, 29.597173 ], [ 120.000887, 29.576993 ], [ 120.025922, 29.568195 ], [ 120.03829, 29.568737 ], [ 120.049849, 29.559761 ], [ 120.046543, 29.551594 ], [ 120.054144, 29.545715 ], [ 120.087602, 29.537104 ], [ 120.081835, 29.524826 ], [ 120.068162, 29.514699 ], [ 120.073105, 29.506651 ], [ 120.087572, 29.50164 ], [ 120.094885, 29.509617 ], [ 120.100142, 29.50928 ], [ 120.106013, 29.49984 ], [ 120.100966, 29.490629 ], [ 120.115489, 29.492529 ], [ 120.135306, 29.511819 ], [ 120.144695, 29.510082 ], [ 120.167053, 29.521731 ], [ 120.176247, 29.530844 ], [ 120.186468, 29.557031 ], [ 120.209505, 29.553343 ], [ 120.204156, 29.524961 ], [ 120.239752, 29.513181 ], [ 120.246388, 29.497924 ], [ 120.259979, 29.497718 ], [ 120.261299, 29.503447 ], [ 120.268042, 29.502386 ], [ 120.282068, 29.487337 ], [ 120.266113, 29.483117 ], [ 120.256473, 29.473994 ], [ 120.2608, 29.461367 ], [ 120.277425, 29.442942 ], [ 120.274603, 29.418511 ], [ 120.257264, 29.401917 ], [ 120.260511, 29.380996 ], [ 120.271137, 29.368338 ], [ 120.285149, 29.357755 ], [ 120.294428, 29.358728 ], [ 120.293356, 29.364713 ], [ 120.302759, 29.368098 ], [ 120.310886, 29.3815 ], [ 120.319315, 29.383915 ], [ 120.335741, 29.413382 ], [ 120.365938, 29.418335 ], [ 120.366089, 29.428119 ], [ 120.359036, 29.436994 ], [ 120.367778, 29.449589 ], [ 120.380512, 29.458712 ], [ 120.407371, 29.452541 ], [ 120.422364, 29.479637 ], [ 120.452716, 29.484967 ], [ 120.465154, 29.492972 ], [ 120.466117, 29.498686 ], [ 120.489515, 29.481669 ], [ 120.493692, 29.477187 ], [ 120.492481, 29.471018 ], [ 120.50927, 29.471679 ], [ 120.516037, 29.463523 ], [ 120.518024, 29.457816 ], [ 120.512291, 29.453945 ], [ 120.50677, 29.438842 ], [ 120.51205, 29.426844 ], [ 120.51211, 29.409246 ], [ 120.525727, 29.403982 ], [ 120.533767, 29.392364 ], [ 120.542982, 29.3944 ], [ 120.555543, 29.385343 ], [ 120.549756, 29.371139 ], [ 120.556154, 29.365833 ], [ 120.568236, 29.368635 ], [ 120.574727, 29.360705 ], [ 120.566748, 29.351405 ], [ 120.568848, 29.342073 ], [ 120.57858, 29.342989 ], [ 120.575313, 29.345548 ], [ 120.582712, 29.351533 ], [ 120.591357, 29.347434 ], [ 120.598061, 29.335984 ], [ 120.616194, 29.339663 ], [ 120.629427, 29.331759 ], [ 120.650849, 29.339363 ], [ 120.658224, 29.328324 ], [ 120.668181, 29.330184 ], [ 120.685282, 29.344212 ], [ 120.700155, 29.345798 ], [ 120.702552, 29.338488 ], [ 120.69827, 29.327223 ], [ 120.705766, 29.306673 ], [ 120.710783, 29.305386 ], [ 120.725297, 29.317184 ], [ 120.732546, 29.311878 ], [ 120.747639, 29.320321 ], [ 120.761356, 29.315165 ], [ 120.771392, 29.30577 ], [ 120.771048, 29.293697 ], [ 120.760379, 29.297934 ], [ 120.753353, 29.282348 ], [ 120.775457, 29.282328 ], [ 120.767165, 29.261665 ], [ 120.774083, 29.244636 ], [ 120.770167, 29.227704 ], [ 120.777558, 29.226958 ], [ 120.779373, 29.218463 ], [ 120.771461, 29.217167 ], [ 120.76845, 29.209766 ], [ 120.773476, 29.201138 ], [ 120.768728, 29.197624 ], [ 120.764724, 29.201585 ], [ 120.75117, 29.181983 ], [ 120.722295, 29.164175 ], [ 120.707958, 29.147918 ], [ 120.709671, 29.140275 ], [ 120.716111, 29.135654 ], [ 120.741003, 29.12903 ], [ 120.741095, 29.12012 ], [ 120.736314, 29.11604 ], [ 120.718991, 29.120572 ], [ 120.715071, 29.110091 ], [ 120.690024, 29.092716 ], [ 120.701157, 29.076824 ], [ 120.698647, 29.05943 ], [ 120.688936, 29.054045 ], [ 120.697233, 29.047085 ], [ 120.68949, 29.041676 ], [ 120.690302, 29.035063 ], [ 120.700892, 29.024124 ], [ 120.703507, 29.036209 ], [ 120.713211, 29.038172 ], [ 120.720516, 29.006405 ], [ 120.717018, 28.997949 ], [ 120.724975, 28.986123 ], [ 120.714437, 28.981712 ], [ 120.711742, 28.976169 ], [ 120.694793, 28.975026 ], [ 120.693088, 28.982159 ], [ 120.685956, 28.982929 ], [ 120.668851, 28.975927 ], [ 120.669516, 28.960881 ], [ 120.655818, 28.940631 ], [ 120.660435, 28.91995 ], [ 120.64512, 28.905921 ], [ 120.599521, 28.892927 ], [ 120.577061, 28.87322 ], [ 120.556784, 28.864377 ], [ 120.548604, 28.865005 ], [ 120.541664, 28.871044 ], [ 120.529612, 28.8691 ], [ 120.511061, 28.894154 ], [ 120.504697, 28.876658 ], [ 120.490527, 28.871961 ], [ 120.498146, 28.859916 ], [ 120.482491, 28.849222 ], [ 120.47694, 28.831337 ], [ 120.462401, 28.844676 ], [ 120.457812, 28.841823 ], [ 120.437254, 28.844576 ], [ 120.422313, 28.834819 ], [ 120.411827, 28.852786 ], [ 120.402477, 28.848182 ], [ 120.396746, 28.858701 ], [ 120.388409, 28.849943 ], [ 120.387491, 28.835539 ], [ 120.381468, 28.832654 ], [ 120.353513, 28.844347 ], [ 120.339337, 28.861279 ], [ 120.312054, 28.879319 ], [ 120.312696, 28.888785 ], [ 120.302396, 28.897324 ], [ 120.311007, 28.921363 ], [ 120.305399, 28.926348 ], [ 120.303458, 28.936544 ], [ 120.273627, 28.933611 ], [ 120.267897, 28.952943 ], [ 120.262342, 28.948534 ], [ 120.249715, 28.932846 ], [ 120.246457, 28.915473 ], [ 120.257531, 28.910837 ], [ 120.257859, 28.874386 ], [ 120.23693, 28.850411 ], [ 120.207061, 28.832381 ], [ 120.201853, 28.81751 ], [ 120.195359, 28.811924 ], [ 120.196464, 28.803257 ], [ 120.20606, 28.79838 ], [ 120.20231, 28.791255 ], [ 120.195866, 28.786199 ], [ 120.177925, 28.785032 ], [ 120.171835, 28.775999 ], [ 120.142429, 28.78673 ], [ 120.13441, 28.7818 ], [ 120.133874, 28.770091 ], [ 120.128398, 28.76387 ], [ 120.115009, 28.764016 ], [ 120.092692, 28.771542 ], [ 120.081229, 28.790219 ], [ 120.044639, 28.766258 ], [ 120.024324, 28.760836 ], [ 120.000463, 28.784081 ], [ 119.975189, 28.798472 ], [ 119.967188, 28.797426 ], [ 119.962576, 28.788223 ], [ 119.944279, 28.790319 ], [ 119.927938, 28.799143 ], [ 119.919548, 28.80439 ], [ 119.910745, 28.802707 ], [ 119.918628, 28.797462 ], [ 119.916295, 28.785214 ], [ 119.896004, 28.766045 ], [ 119.897708, 28.757405 ], [ 119.882799, 28.747813 ], [ 119.876295, 28.755744 ], [ 119.867274, 28.744878 ], [ 119.871164, 28.739951 ], [ 119.868467, 28.731061 ], [ 119.860766, 28.721227 ], [ 119.83756, 28.721138 ], [ 119.827703, 28.713378 ], [ 119.830117, 28.709659 ], [ 119.823374, 28.699062 ], [ 119.808242, 28.69526 ], [ 119.802359, 28.687827 ], [ 119.809658, 28.68863 ], [ 119.810539, 28.68493 ], [ 119.806614, 28.656948 ], [ 119.79259, 28.638671 ], [ 119.771823, 28.636363 ], [ 119.75931, 28.644236 ], [ 119.748151, 28.638667 ], [ 119.766527, 28.611713 ], [ 119.770557, 28.590176 ], [ 119.744279, 28.595819 ], [ 119.745736, 28.578671 ], [ 119.71531, 28.569384 ], [ 119.714382, 28.557404 ], [ 119.703224, 28.547128 ], [ 119.703514, 28.538482 ], [ 119.697374, 28.530629 ], [ 119.684962, 28.535829 ], [ 119.670803, 28.529572 ], [ 119.660513, 28.538281 ], [ 119.658176, 28.550333 ], [ 119.649695, 28.549767 ], [ 119.640507, 28.537088 ], [ 119.627658, 28.529747 ], [ 119.626473, 28.516454 ], [ 119.622481, 28.523876 ], [ 119.613946, 28.527238 ], [ 119.595972, 28.528868 ], [ 119.584398, 28.542313 ], [ 119.579612, 28.537168 ], [ 119.550549, 28.538485 ], [ 119.542343, 28.534809 ], [ 119.53107, 28.540606 ], [ 119.530513, 28.557629 ], [ 119.509503, 28.5654 ], [ 119.496572, 28.55372 ], [ 119.48837, 28.559093 ], [ 119.491462, 28.583025 ], [ 119.50713, 28.609831 ], [ 119.504302, 28.629414 ], [ 119.516128, 28.641949 ], [ 119.494495, 28.636433 ], [ 119.487754, 28.627939 ], [ 119.477839, 28.643369 ], [ 119.460688, 28.636334 ], [ 119.453882, 28.642161 ], [ 119.451207, 28.654676 ], [ 119.469007, 28.657155 ], [ 119.475625, 28.664023 ], [ 119.459984, 28.670218 ], [ 119.454871, 28.68423 ], [ 119.461396, 28.710537 ], [ 119.455715, 28.745242 ], [ 119.465344, 28.743487 ], [ 119.464211, 28.747094 ], [ 119.47054, 28.748728 ], [ 119.468226, 28.767708 ], [ 119.460048, 28.769786 ], [ 119.457676, 28.765671 ], [ 119.413443, 28.752428 ], [ 119.388617, 28.785545 ], [ 119.380978, 28.789543 ], [ 119.367953, 28.788602 ], [ 119.365536, 28.780325 ], [ 119.354663, 28.77249 ], [ 119.352268, 28.762969 ], [ 119.339042, 28.760959 ], [ 119.331902, 28.76836 ], [ 119.329541, 28.77867 ], [ 119.321909, 28.783166 ], [ 119.31609, 28.807433 ], [ 119.330429, 28.816058 ], [ 119.34048, 28.83064 ], [ 119.330768, 28.838715 ], [ 119.329407, 28.848266 ], [ 119.305185, 28.846358 ], [ 119.307454, 28.868654 ], [ 119.328852, 28.868328 ], [ 119.340775, 28.898034 ], [ 119.324372, 28.92154 ], [ 119.321605, 28.938526 ], [ 119.31124, 28.944493 ], [ 119.309418, 28.958403 ], [ 119.324063, 28.98929 ], [ 119.317228, 28.991678 ], [ 119.31516, 29.01178 ], [ 119.322669, 29.041555 ], [ 119.326947, 29.032621 ], [ 119.329122, 29.045614 ], [ 119.319649, 29.060945 ], [ 119.329784, 29.081851 ], [ 119.321424, 29.095126 ], [ 119.301318, 29.088471 ], [ 119.281195, 29.117569 ], [ 119.266437, 29.121407 ], [ 119.262109, 29.137734 ], [ 119.247992, 29.136362 ], [ 119.24478, 29.157783 ], [ 119.236344, 29.172554 ], [ 119.23981, 29.177317 ], [ 119.237303, 29.192815 ], [ 119.216727, 29.196023 ], [ 119.218463, 29.199723 ], [ 119.229262, 29.199597 ], [ 119.232403, 29.206358 ], [ 119.228359, 29.226127 ], [ 119.239803, 29.230954 ], [ 119.254126, 29.249858 ], [ 119.263289, 29.252961 ], [ 119.281249, 29.270581 ], [ 119.277913, 29.279105 ], [ 119.282613, 29.28565 ], [ 119.288892, 29.285455 ], [ 119.29693, 29.277424 ], [ 119.311592, 29.281958 ], [ 119.325665, 29.289966 ], [ 119.321629, 29.312759 ], [ 119.343967, 29.317589 ], [ 119.342109, 29.342584 ], [ 119.32799, 29.353193 ], [ 119.337507, 29.388464 ], [ 119.325845, 29.401272 ], [ 119.329626, 29.409459 ], [ 119.367183, 29.421614 ], [ 119.376041, 29.434068 ], [ 119.385096, 29.429435 ], [ 119.387835, 29.416971 ], [ 119.399101, 29.407348 ], [ 119.4207, 29.40713 ], [ 119.424917, 29.415382 ], [ 119.41751, 29.411879 ], [ 119.417755, 29.416558 ], [ 119.425605, 29.424819 ], [ 119.433836, 29.426041 ], [ 119.437801, 29.412159 ], [ 119.448231, 29.410746 ], [ 119.462273, 29.392334 ], [ 119.463154, 29.38417 ], [ 119.458959, 29.383769 ], [ 119.453048, 29.373272 ], [ 119.454113, 29.3641 ], [ 119.471885, 29.350718 ], [ 119.479293, 29.3352 ], [ 119.485992, 29.331536 ], [ 119.500185, 29.337566 ], [ 119.505495, 29.335546 ], [ 119.521386, 29.357834 ], [ 119.519124, 29.367477 ], [ 119.530911, 29.375439 ], [ 119.547766, 29.369585 ], [ 119.553618, 29.374841 ], [ 119.568208, 29.374309 ], [ 119.580373, 29.381463 ], [ 119.610135, 29.369765 ], [ 119.615646, 29.373816 ], [ 119.614038, 29.37922 ], [ 119.600974, 29.39447 ], [ 119.614981, 29.405198 ], [ 119.621567, 29.421824 ], [ 119.634346, 29.42658 ], [ 119.635272, 29.434741 ], [ 119.629694, 29.431277 ], [ 119.628824, 29.436608 ], [ 119.642021, 29.439808 ], [ 119.651962, 29.428082 ], [ 119.664453, 29.433187 ], [ 119.67319, 29.424978 ], [ 119.672457, 29.418649 ], [ 119.678732, 29.418119 ], [ 119.685337, 29.425329 ], [ 119.676704, 29.431902 ], [ 119.687144, 29.440079 ], [ 119.703247, 29.435843 ], [ 119.712178, 29.456046 ], [ 119.702912, 29.466417 ], [ 119.697785, 29.491204 ], [ 119.703399, 29.498115 ], [ 119.708716, 29.487792 ], [ 119.715641, 29.507983 ], [ 119.72977, 29.523914 ], [ 119.712514, 29.543442 ], [ 119.746504, 29.563912 ], [ 119.759914, 29.557527 ], [ 119.759553, 29.566178 ], [ 119.747657, 29.566393 ], [ 119.746557, 29.576057 ], [ 119.764932, 29.583343 ], [ 119.755668, 29.600533 ], [ 119.757009, 29.609274 ], [ 119.774097, 29.609531 ], [ 119.775126, 29.619072 ], [ 119.763293, 29.627896 ], [ 119.773881, 29.65277 ], [ 119.793866, 29.661095 ], [ 119.812911, 29.67577 ], [ 119.820352, 29.674856 ], [ 119.829047, 29.682882 ], [ 119.849581, 29.671365 ], [ 119.876423, 29.670248 ], [ 119.886874, 29.679562 ], [ 119.882578, 29.665194 ], [ 119.893106, 29.663359 ], [ 119.941308, 29.68389 ], [ 119.947931, 29.68404 ], [ 119.955999, 29.675266 ] ] ] ] } },
{ "type": "Feature", "properties": { "name": "亳州市", "gb": "156341600" }, "geometry": { "type": "MultiPolygon", "coordinates": [ [ [ [ 115.726173, 34.080574 ], [ 115.757507, 34.06781 ], [ 115.774475, 34.076466 ], [ 115.780045, 34.07471 ], [ 115.804855, 34.07217 ], [ 115.810059, 34.054329 ], [ 115.839828, 34.032352 ], [ 115.840073, 34.013546 ], [ 115.844581, 34.006245 ], [ 115.857773, 34.008202 ], [ 115.864464, 34.023632 ], [ 115.876999, 34.034298 ], [ 115.889999, 34.030285 ], [ 115.899048, 34.011551 ], [ 115.922843, 34.009243 ], [ 115.952232, 34.009254 ], [ 115.974802, 33.992909 ], [ 115.99485, 33.966473 ], [ 115.976929, 33.910843 ], [ 115.982185, 33.903637 ], [ 116.001419, 33.905254 ], [ 116.004181, 33.893902 ], [ 116.011276, 33.895039 ], [ 116.036697, 33.869774 ], [ 116.053772, 33.864639 ], [ 116.040047, 33.833538 ], [ 116.055382, 33.813007 ], [ 116.067922, 33.786192 ], [ 116.087234, 33.779678 ], [ 116.090851, 33.763893 ], [ 116.104446, 33.757431 ], [ 116.113152, 33.747684 ], [ 116.132233, 33.741528 ], [ 116.149856, 33.711246 ], [ 116.160873, 33.709564 ], [ 116.171547, 33.711548 ], [ 116.191857, 33.726746 ], [ 116.224991, 33.732006 ], [ 116.258232, 33.731525 ], [ 116.275757, 33.749886 ], [ 116.309662, 33.759266 ], [ 116.328041, 33.77671 ], [ 116.368347, 33.782257 ], [ 116.385788, 33.79073 ], [ 116.391448, 33.778973 ], [ 116.402202, 33.775139 ], [ 116.400696, 33.763285 ], [ 116.433632, 33.762645 ], [ 116.430117, 33.743162 ], [ 116.454261, 33.735367 ], [ 116.463413, 33.718245 ], [ 116.473146, 33.711788 ], [ 116.479501, 33.692401 ], [ 116.491512, 33.685443 ], [ 116.486532, 33.668333 ], [ 116.479276, 33.669261 ], [ 116.473696, 33.657749 ], [ 116.498446, 33.633622 ], [ 116.493098, 33.62247 ], [ 116.530327, 33.614759 ], [ 116.5398, 33.59956 ], [ 116.54935, 33.594512 ], [ 116.544508, 33.587089 ], [ 116.533643, 33.583621 ], [ 116.542931, 33.576596 ], [ 116.542824, 33.57222 ], [ 116.52599, 33.570274 ], [ 116.5209, 33.553158 ], [ 116.522854, 33.538207 ], [ 116.518563, 33.532862 ], [ 116.531641, 33.520013 ], [ 116.528048, 33.497067 ], [ 116.532809, 33.48964 ], [ 116.529944, 33.470229 ], [ 116.543343, 33.466669 ], [ 116.579006, 33.468585 ], [ 116.579864, 33.478704 ], [ 116.631704, 33.484765 ], [ 116.644908, 33.479225 ], [ 116.690349, 33.475347 ], [ 116.711547, 33.471112 ], [ 116.714618, 33.456407 ], [ 116.719189, 33.453329 ], [ 116.743183, 33.452917 ], [ 116.744642, 33.439685 ], [ 116.748365, 33.437744 ], [ 116.762195, 33.436035 ], [ 116.764368, 33.43095 ], [ 116.782301, 33.430031 ], [ 116.78765, 33.423671 ], [ 116.794206, 33.427273 ], [ 116.795933, 33.418945 ], [ 116.788796, 33.405626 ], [ 116.790741, 33.378934 ], [ 116.782761, 33.326215 ], [ 116.790582, 33.309102 ], [ 116.802623, 33.305258 ], [ 116.79626, 33.298247 ], [ 116.790442, 33.279324 ], [ 116.801177, 33.276763 ], [ 116.808025, 33.252012 ], [ 116.818872, 33.245066 ], [ 116.815829, 33.233786 ], [ 116.820028, 33.216374 ], [ 116.823854, 33.215655 ], [ 116.823242, 33.207589 ], [ 116.814361, 33.196516 ], [ 116.812301, 33.181938 ], [ 116.819187, 33.175358 ], [ 116.812959, 33.158998 ], [ 116.805691, 33.157327 ], [ 116.788313, 33.174288 ], [ 116.764281, 33.147 ], [ 116.760592, 33.148606 ], [ 116.750693, 33.131293 ], [ 116.761808, 33.115855 ], [ 116.763775, 33.10623 ], [ 116.756253, 33.087486 ], [ 116.747588, 33.080981 ], [ 116.742837, 33.062224 ], [ 116.743043, 33.056742 ], [ 116.76962, 33.046129 ], [ 116.784314, 33.047698 ], [ 116.7888, 33.036402 ], [ 116.806833, 33.029883 ], [ 116.813366, 33.000646 ], [ 116.792298, 32.995722 ], [ 116.771442, 32.998178 ], [ 116.762465, 33.003828 ], [ 116.748687, 33.003076 ], [ 116.751827, 32.990211 ], [ 116.745204, 32.97625 ], [ 116.736201, 32.974425 ], [ 116.734873, 32.969754 ], [ 116.736536, 32.955119 ], [ 116.744703, 32.951286 ], [ 116.743924, 32.946612 ], [ 116.727234, 32.936666 ], [ 116.725496, 32.931654 ], [ 116.700268, 32.938675 ], [ 116.619235, 32.94456 ], [ 116.444941, 32.985415 ], [ 116.375882, 33.007314 ], [ 116.371867, 32.972788 ], [ 116.363843, 32.960962 ], [ 116.363103, 32.941861 ], [ 116.352562, 32.934832 ], [ 116.354423, 32.93139 ], [ 116.370557, 32.933634 ], [ 116.389201, 32.912969 ], [ 116.385643, 32.89365 ], [ 116.364241, 32.900502 ], [ 116.356672, 32.895392 ], [ 116.356128, 32.886127 ], [ 116.344363, 32.878097 ], [ 116.286421, 32.857898 ], [ 116.265703, 32.862232 ], [ 116.258352, 32.86608 ], [ 116.258466, 32.87089 ], [ 116.237537, 32.869964 ], [ 116.246863, 32.888512 ], [ 116.197734, 32.89567 ], [ 116.161603, 32.942998 ], [ 116.163855, 32.965422 ], [ 116.160534, 32.970802 ], [ 116.129423, 32.987809 ], [ 116.125141, 32.987955 ], [ 116.125302, 32.98023 ], [ 116.119578, 32.978353 ], [ 116.119239, 32.985133 ], [ 116.115695, 32.985625 ], [ 116.074857, 32.989148 ], [ 116.062304, 32.98601 ], [ 116.04283, 32.997232 ], [ 116.048375, 33.004871 ], [ 116.05871, 33.00936 ], [ 116.051518, 33.019841 ], [ 116.046341, 33.048896 ], [ 116.035411, 33.050983 ], [ 116.007203, 33.044621 ], [ 116.004636, 33.049455 ], [ 116.013225, 33.05319 ], [ 116.012464, 33.06001 ], [ 115.986114, 33.064195 ], [ 115.976677, 33.076992 ], [ 115.970178, 33.075272 ], [ 115.967898, 33.068797 ], [ 115.962259, 33.069201 ], [ 115.95875, 33.084923 ], [ 115.930097, 33.087017 ], [ 115.928282, 33.100849 ], [ 115.920311, 33.09165 ], [ 115.907773, 33.088531 ], [ 115.894905, 33.096855 ], [ 115.886036, 33.092608 ], [ 115.861684, 33.099156 ], [ 115.873481, 33.126551 ], [ 115.838768, 33.126064 ], [ 115.832161, 33.137188 ], [ 115.845881, 33.138079 ], [ 115.845223, 33.155153 ], [ 115.831657, 33.158697 ], [ 115.820114, 33.156385 ], [ 115.817076, 33.162592 ], [ 115.827789, 33.174265 ], [ 115.828168, 33.180532 ], [ 115.845223, 33.191482 ], [ 115.848528, 33.202134 ], [ 115.828462, 33.20915 ], [ 115.830208, 33.264766 ], [ 115.877664, 33.247887 ], [ 115.906334, 33.222021 ], [ 115.912231, 33.221032 ], [ 115.920691, 33.230892 ], [ 115.912569, 33.244122 ], [ 115.90478, 33.245447 ], [ 115.903211, 33.252104 ], [ 115.903358, 33.264527 ], [ 115.90995, 33.264672 ], [ 115.907112, 33.295369 ], [ 115.922011, 33.302482 ], [ 115.921338, 33.313559 ], [ 115.904288, 33.345522 ], [ 115.889937, 33.368264 ], [ 115.893061, 33.401504 ], [ 115.887031, 33.404867 ], [ 115.886761, 33.410529 ], [ 115.843387, 33.452643 ], [ 115.828041, 33.453506 ], [ 115.808111, 33.466506 ], [ 115.790533, 33.470343 ], [ 115.780914, 33.48279 ], [ 115.763654, 33.492712 ], [ 115.715034, 33.512533 ], [ 115.673814, 33.508334 ], [ 115.64583, 33.54622 ], [ 115.63195, 33.586838 ], [ 115.626045, 33.614311 ], [ 115.594307, 33.670918 ], [ 115.591743, 33.726927 ], [ 115.564278, 33.764969 ], [ 115.56076, 33.778694 ], [ 115.574631, 33.787113 ], [ 115.598946, 33.77821 ], [ 115.61039, 33.784306 ], [ 115.626312, 33.837936 ], [ 115.626327, 33.87212 ], [ 115.619583, 33.881683 ], [ 115.588638, 33.868969 ], [ 115.569572, 33.87965 ], [ 115.556656, 33.874317 ], [ 115.541969, 33.88493 ], [ 115.549286, 33.891666 ], [ 115.564316, 33.948509 ], [ 115.579804, 33.977821 ], [ 115.58226, 33.996204 ], [ 115.597122, 34.014267 ], [ 115.59433, 34.033966 ], [ 115.601425, 34.038174 ], [ 115.629234, 34.039173 ], [ 115.635757, 34.044979 ], [ 115.644472, 34.066902 ], [ 115.65451, 34.062157 ], [ 115.681076, 34.073452 ], [ 115.706169, 34.072567 ], [ 115.726173, 34.080574 ] ] ] ] } },
{ "type": "Feature", "properties": { "name": "盐城市", "gb": "156320900" }, "geometry": { "type": "MultiPolygon", "coordinates": [ [ [ [ 120.293805, 32.958722 ], [ 120.30839, 32.998621 ], [ 120.304059, 33.021211 ], [ 120.307068, 33.057031 ], [ 120.286474, 33.084993 ], [ 120.28911, 33.097727 ], [ 120.284603, 33.107426 ], [ 120.292102, 33.131228 ], [ 120.21315, 33.138922 ], [ 120.07627, 33.183378 ], [ 120.042751, 33.165387 ], [ 119.991649, 33.157362 ], [ 119.976739, 33.150885 ], [ 119.930483, 33.157222 ], [ 119.911973, 33.15133 ], [ 119.889777, 33.152826 ], [ 119.870893, 33.1414 ], [ 119.861934, 33.144239 ], [ 119.86526, 33.150742 ], [ 119.853369, 33.159057 ], [ 119.802716, 33.148524 ], [ 119.762558, 33.13133 ], [ 119.742746, 33.132555 ], [ 119.733108, 33.14779 ], [ 119.746708, 33.172605 ], [ 119.728544, 33.172345 ], [ 119.723514, 33.176003 ], [ 119.728005, 33.209401 ], [ 119.709106, 33.220389 ], [ 119.688272, 33.225771 ], [ 119.679702, 33.239607 ], [ 119.695156, 33.260084 ], [ 119.695854, 33.268912 ], [ 119.709549, 33.275207 ], [ 119.704111, 33.287136 ], [ 119.696163, 33.29657 ], [ 119.680167, 33.296722 ], [ 119.652038, 33.288078 ], [ 119.651056, 33.280871 ], [ 119.642517, 33.282312 ], [ 119.633271, 33.296932 ], [ 119.636252, 33.312855 ], [ 119.626468, 33.316733 ], [ 119.629731, 33.32306 ], [ 119.62754, 33.336917 ], [ 119.613796, 33.337292 ], [ 119.605217, 33.344487 ], [ 119.609623, 33.348503 ], [ 119.606188, 33.359719 ], [ 119.595917, 33.359952 ], [ 119.595083, 33.363499 ], [ 119.60541, 33.365541 ], [ 119.600772, 33.38123 ], [ 119.566292, 33.379797 ], [ 119.567453, 33.386387 ], [ 119.560345, 33.397465 ], [ 119.571893, 33.40645 ], [ 119.579988, 33.423724 ], [ 119.60307, 33.424067 ], [ 119.607461, 33.429305 ], [ 119.607394, 33.453252 ], [ 119.612806, 33.455633 ], [ 119.596766, 33.454861 ], [ 119.592988, 33.461736 ], [ 119.578283, 33.467554 ], [ 119.567485, 33.478722 ], [ 119.553941, 33.47417 ], [ 119.537167, 33.491899 ], [ 119.530192, 33.49256 ], [ 119.494553, 33.519938 ], [ 119.485962, 33.539419 ], [ 119.478862, 33.542501 ], [ 119.476605, 33.535524 ], [ 119.471519, 33.53831 ], [ 119.470295, 33.542065 ], [ 119.486673, 33.550772 ], [ 119.464845, 33.606949 ], [ 119.45923, 33.632981 ], [ 119.450352, 33.643139 ], [ 119.461883, 33.645737 ], [ 119.456937, 33.640251 ], [ 119.489308, 33.657772 ], [ 119.475967, 33.66118 ], [ 119.486291, 33.674422 ], [ 119.483705, 33.681625 ], [ 119.473983, 33.688494 ], [ 119.472399, 33.697897 ], [ 119.500205, 33.720608 ], [ 119.504515, 33.743365 ], [ 119.518548, 33.7708 ], [ 119.527019, 33.777726 ], [ 119.531254, 33.794153 ], [ 119.538679, 33.804175 ], [ 119.540057, 33.8192 ], [ 119.5625, 33.840655 ], [ 119.564401, 33.849094 ], [ 119.635611, 33.896396 ], [ 119.625915, 33.917421 ], [ 119.637449, 33.916128 ], [ 119.641124, 33.927495 ], [ 119.632112, 33.939598 ], [ 119.637498, 33.947428 ], [ 119.629297, 33.953429 ], [ 119.62136, 33.947569 ], [ 119.611355, 33.95106 ], [ 119.601419, 33.964566 ], [ 119.584838, 33.959556 ], [ 119.582629, 33.963054 ], [ 119.592049, 33.970712 ], [ 119.596695, 33.994431 ], [ 119.579976, 33.999427 ], [ 119.576891, 34.008645 ], [ 119.564373, 34.006501 ], [ 119.559147, 34.016015 ], [ 119.566519, 34.021446 ], [ 119.564849, 34.034946 ], [ 119.546695, 34.0635 ], [ 119.560889, 34.071913 ], [ 119.57464, 34.073011 ], [ 119.580736, 34.079525 ], [ 119.583319, 34.091803 ], [ 119.572228, 34.100821 ], [ 119.55616, 34.103002 ], [ 119.54155, 34.115279 ], [ 119.533004, 34.110972 ], [ 119.515362, 34.137212 ], [ 119.52888, 34.158153 ], [ 119.521059, 34.1658 ], [ 119.504617, 34.163037 ], [ 119.497312, 34.172891 ], [ 119.527188, 34.189929 ], [ 119.54674, 34.2078 ], [ 119.570653, 34.21026 ], [ 119.6301, 34.246959 ], [ 119.657755, 34.256899 ], [ 119.702905, 34.286415 ], [ 119.718947, 34.30235 ], [ 119.73341, 34.308676 ], [ 119.738059, 34.321494 ], [ 119.750308, 34.329552 ], [ 119.749055, 34.348443 ], [ 119.769089, 34.357259 ], [ 119.778145, 34.372189 ], [ 119.799111, 34.380347 ], [ 119.782076, 34.407303 ], [ 119.793812, 34.430871 ], [ 119.792823, 34.443838 ], [ 119.791327, 34.448823 ], [ 119.813324, 34.466692 ], [ 119.926935, 34.448001 ], [ 120.008778, 34.425222 ], [ 120.057611, 34.400272 ], [ 120.090034, 34.377151 ], [ 120.081678, 34.367332 ], [ 120.098325, 34.37185 ], [ 120.187474, 34.3402 ], [ 120.205905, 34.326958 ], [ 120.237223, 34.319925 ], [ 120.276552, 34.295534 ], [ 120.282814, 34.243618 ], [ 120.300904, 34.169352 ], [ 120.325503, 34.118705 ], [ 120.302664, 34.105867 ], [ 120.315494, 34.109909 ], [ 120.342115, 34.083995 ], [ 120.364244, 34.051578 ], [ 120.38954, 33.993828 ], [ 120.414156, 33.953965 ], [ 120.431125, 33.913378 ], [ 120.454763, 33.881747 ], [ 120.4823, 33.828706 ], [ 120.476645, 33.816325 ], [ 120.513737, 33.793228 ], [ 120.526883, 33.775187 ], [ 120.56595, 33.688716 ], [ 120.575641, 33.642355 ], [ 120.537388, 33.618632 ], [ 120.570993, 33.633161 ], [ 120.581464, 33.626306 ], [ 120.579991, 33.594213 ], [ 120.553021, 33.578763 ], [ 120.568368, 33.558267 ], [ 120.575022, 33.539023 ], [ 120.597054, 33.509777 ], [ 120.618062, 33.510763 ], [ 120.650969, 33.501578 ], [ 120.651257, 33.478418 ], [ 120.677522, 33.469383 ], [ 120.692128, 33.425246 ], [ 120.706082, 33.424641 ], [ 120.720524, 33.384633 ], [ 120.721039, 33.357052 ], [ 120.73464, 33.333189 ], [ 120.755378, 33.315956 ], [ 120.794744, 33.224948 ], [ 120.829098, 33.231581 ], [ 120.824923, 33.211277 ], [ 120.835941, 33.187254 ], [ 120.82174, 33.18139 ], [ 120.850927, 33.130744 ], [ 120.861744, 33.093241 ], [ 120.860955, 33.055853 ], [ 120.842119, 33.055895 ], [ 120.881654, 33.010908 ], [ 120.902391, 33.021276 ], [ 120.917946, 32.972122 ], [ 120.922108, 32.911191 ], [ 120.936464, 32.881001 ], [ 120.968798, 32.876002 ], [ 120.959423, 32.761369 ], [ 120.946127, 32.722597 ], [ 120.907213, 32.720267 ], [ 120.891828, 32.696793 ], [ 120.895548, 32.687206 ], [ 120.944324, 32.687522 ], [ 120.965556, 32.65099 ], [ 120.891587, 32.633867 ], [ 120.858772, 32.632399 ], [ 120.858466, 32.620772 ], [ 120.846562, 32.620458 ], [ 120.846843, 32.608912 ], [ 120.853054, 32.614501 ], [ 120.866009, 32.611588 ], [ 120.848991, 32.606161 ], [ 120.83329, 32.608663 ], [ 120.827204, 32.599307 ], [ 120.789931, 32.580761 ], [ 120.786882, 32.580739 ], [ 120.788689, 32.604061 ], [ 120.763505, 32.607763 ], [ 120.739082, 32.603703 ], [ 120.735277, 32.600442 ], [ 120.735349, 32.587734 ], [ 120.73018, 32.587096 ], [ 120.72575, 32.587267 ], [ 120.713287, 32.602522 ], [ 120.703428, 32.605898 ], [ 120.678271, 32.598849 ], [ 120.667048, 32.590727 ], [ 120.657771, 32.575651 ], [ 120.649599, 32.576231 ], [ 120.647282, 32.58683 ], [ 120.642184, 32.590949 ], [ 120.653098, 32.596024 ], [ 120.651414, 32.606848 ], [ 120.641194, 32.61801 ], [ 120.624142, 32.617517 ], [ 120.620051, 32.616793 ], [ 120.616449, 32.605883 ], [ 120.609919, 32.605484 ], [ 120.616915, 32.630819 ], [ 120.605655, 32.637541 ], [ 120.594967, 32.652764 ], [ 120.574521, 32.637767 ], [ 120.554673, 32.639608 ], [ 120.536892, 32.634091 ], [ 120.503577, 32.641353 ], [ 120.491872, 32.639848 ], [ 120.493071, 32.625146 ], [ 120.474361, 32.634989 ], [ 120.437885, 32.632138 ], [ 120.437929, 32.643263 ], [ 120.431789, 32.650056 ], [ 120.426082, 32.677482 ], [ 120.414444, 32.680016 ], [ 120.404991, 32.68931 ], [ 120.384108, 32.693208 ], [ 120.38659, 32.710276 ], [ 120.375618, 32.714656 ], [ 120.367382, 32.709375 ], [ 120.328049, 32.706491 ], [ 120.32554, 32.700946 ], [ 120.313766, 32.700935 ], [ 120.312198, 32.707464 ], [ 120.271859, 32.681651 ], [ 120.245697, 32.682035 ], [ 120.242871, 32.674862 ], [ 120.219751, 32.67808 ], [ 120.218901, 32.660221 ], [ 120.222484, 32.659338 ], [ 120.223212, 32.651364 ], [ 120.218989, 32.651085 ], [ 120.212802, 32.630702 ], [ 120.207993, 32.629169 ], [ 120.197321, 32.603437 ], [ 120.190779, 32.605574 ], [ 120.192549, 32.622727 ], [ 120.178026, 32.63216 ], [ 120.170056, 32.631799 ], [ 120.170021, 32.623762 ], [ 120.156203, 32.619015 ], [ 120.135878, 32.620177 ], [ 120.117292, 32.612465 ], [ 120.106138, 32.616124 ], [ 120.103325, 32.631552 ], [ 120.115157, 32.636242 ], [ 120.116907, 32.648749 ], [ 120.112084, 32.656061 ], [ 120.117144, 32.674496 ], [ 120.11456, 32.6827 ], [ 120.127777, 32.698018 ], [ 120.153438, 32.708885 ], [ 120.151781, 32.7178 ], [ 120.172903, 32.724543 ], [ 120.175105, 32.74351 ], [ 120.191302, 32.741677 ], [ 120.197812, 32.744892 ], [ 120.200794, 32.755806 ], [ 120.196846, 32.760551 ], [ 120.215575, 32.766749 ], [ 120.228721, 32.77931 ], [ 120.214095, 32.794236 ], [ 120.191751, 32.791907 ], [ 120.187299, 32.78762 ], [ 120.186675, 32.777196 ], [ 120.182246, 32.775644 ], [ 120.153004, 32.78524 ], [ 120.16654, 32.799909 ], [ 120.153891, 32.811229 ], [ 120.163721, 32.816449 ], [ 120.181301, 32.810206 ], [ 120.186774, 32.826039 ], [ 120.177094, 32.833604 ], [ 120.178878, 32.838194 ], [ 120.188622, 32.836334 ], [ 120.18942, 32.851373 ], [ 120.206333, 32.855143 ], [ 120.200958, 32.870016 ], [ 120.17186, 32.879644 ], [ 120.174355, 32.893906 ], [ 120.179031, 32.897601 ], [ 120.170826, 32.931745 ], [ 120.19779, 32.932184 ], [ 120.211121, 32.916046 ], [ 120.219761, 32.914096 ], [ 120.232907, 32.929863 ], [ 120.271291, 32.927827 ], [ 120.27191, 32.933029 ], [ 120.277717, 32.928754 ], [ 120.287396, 32.936191 ], [ 120.287658, 32.947802 ], [ 120.275358, 32.954868 ], [ 120.293805, 32.958722 ] ] ] ] } },
{ "type": "Feature", "properties": { "name": "境界线", "gb": "" }, "geometry": { "type": "MultiLineString", "coordinates": [ [ [ 109.819076, 20.116817 ], [ 109.82515, 20.117752 ], [ 109.835877, 20.118187 ], [ 109.849747, 20.119207 ], [ 109.869003, 20.120445 ], [ 109.886803, 20.12093 ], [ 109.902893, 20.121805 ], [ 109.918457, 20.123119 ], [ 109.936958, 20.124548 ], [ 109.953789, 20.125217 ], [ 109.975701, 20.126778 ], [ 109.997902, 20.127424 ], [ 110.01712, 20.129333 ] ], [ [ 110.11602, 20.135727 ], [ 110.124329, 20.135588 ], [ 110.149902, 20.137266 ], [ 110.177879, 20.139952 ], [ 110.221786, 20.141399 ], [ 110.254433, 20.143789 ], [ 110.261848, 20.147293 ], [ 110.283478, 20.155706 ], [ 110.312714, 20.169235 ], [ 110.348023, 20.183674 ], [ 110.363083, 20.191832 ] ], [ [ 110.437767, 20.223362 ], [ 110.453583, 20.231077 ], [ 110.500427, 20.250969 ], [ 110.541733, 20.269497 ], [ 110.581123, 20.287025 ], [ 110.603188, 20.297482 ] ] ] } },
{ "type": "Feature", "properties": { "name": "淮南市", "gb": "156340400" }, "geometry": { "type": "MultiPolygon", "coordinates": [ [ [ [ 116.700268, 32.938675 ], [ 116.725496, 32.931654 ], [ 116.753217, 32.925673 ], [ 116.756315, 32.917153 ], [ 116.762299, 32.923716 ], [ 116.779818, 32.921106 ], [ 116.786301, 32.905828 ], [ 116.807997, 32.894252 ], [ 116.834184, 32.890801 ], [ 116.83479, 32.875675 ], [ 116.880423, 32.844118 ], [ 116.883991, 32.849367 ], [ 116.888688, 32.84823 ], [ 116.89505, 32.837883 ], [ 116.890614, 32.83725 ], [ 116.906055, 32.826883 ], [ 116.908867, 32.829909 ], [ 116.914733, 32.82619 ], [ 116.917467, 32.81044 ], [ 116.928492, 32.809797 ], [ 116.95577, 32.793953 ], [ 116.996099, 32.781197 ], [ 117.012634, 32.75942 ], [ 117.025744, 32.75462 ], [ 117.03694, 32.737994 ], [ 117.055648, 32.730714 ], [ 117.037879, 32.72244 ], [ 117.044315, 32.717742 ], [ 117.059645, 32.72566 ], [ 117.068758, 32.716099 ], [ 117.087117, 32.727822 ], [ 117.077209, 32.742024 ], [ 117.079741, 32.750736 ], [ 117.094828, 32.748197 ], [ 117.120289, 32.759899 ], [ 117.145325, 32.752998 ], [ 117.152041, 32.741174 ], [ 117.170323, 32.74481 ], [ 117.17932, 32.736579 ], [ 117.187887, 32.736564 ], [ 117.201329, 32.726107 ], [ 117.192923, 32.727917 ], [ 117.185135, 32.720126 ], [ 117.178669, 32.700227 ], [ 117.153869, 32.686308 ], [ 117.170957, 32.657846 ], [ 117.171996, 32.641639 ], [ 117.187078, 32.616673 ], [ 117.19269, 32.589173 ], [ 117.20951, 32.561763 ], [ 117.196434, 32.538424 ], [ 117.164539, 32.540359 ], [ 117.134221, 32.522887 ], [ 117.089835, 32.535186 ], [ 117.073531, 32.530091 ], [ 117.069067, 32.522546 ], [ 117.076758, 32.522148 ], [ 117.076292, 32.51731 ], [ 117.064776, 32.490394 ], [ 117.068045, 32.468681 ], [ 117.061293, 32.458565 ], [ 117.046166, 32.449439 ], [ 117.042882, 32.43234 ], [ 117.033902, 32.417722 ], [ 117.024991, 32.417835 ], [ 117.003545, 32.406463 ], [ 116.99779, 32.393599 ], [ 117.000612, 32.388924 ], [ 117.008271, 32.382663 ], [ 117.038502, 32.384682 ], [ 117.036936, 32.357044 ], [ 117.030554, 32.33949 ], [ 117.039017, 32.332187 ], [ 117.042357, 32.339737 ], [ 117.052486, 32.332801 ], [ 117.03858, 32.314716 ], [ 117.031772, 32.281752 ], [ 117.059487, 32.283619 ], [ 117.069156, 32.265413 ], [ 117.056347, 32.249321 ], [ 117.060973, 32.237871 ], [ 117.037349, 32.223521 ], [ 116.998094, 32.218797 ], [ 116.997681, 32.21164 ], [ 117.004352, 32.201348 ], [ 117.016679, 32.196136 ], [ 117.02292, 32.188079 ], [ 117.012296, 32.164428 ], [ 116.991824, 32.155418 ], [ 116.983808, 32.16358 ], [ 116.974889, 32.158838 ], [ 116.981519, 32.143719 ], [ 116.97719, 32.137125 ], [ 116.978097, 32.12468 ], [ 116.985196, 32.125407 ], [ 116.988777, 32.117944 ], [ 117.004614, 32.114383 ], [ 117.017864, 32.104016 ], [ 117.013526, 32.090311 ], [ 117.023758, 32.079714 ], [ 117.021921, 32.066185 ], [ 117.038197, 32.056547 ], [ 117.044864, 32.040889 ], [ 117.02283, 32.011822 ], [ 117.028955, 32.00494 ], [ 117.022364, 31.995744 ], [ 117.001505, 31.9917 ], [ 116.990626, 31.995721 ], [ 116.999884, 32.007202 ], [ 116.994192, 32.011946 ], [ 116.950842, 32.018433 ], [ 116.943768, 32.024724 ], [ 116.926998, 32.024116 ], [ 116.91743, 32.014768 ], [ 116.929777, 31.993232 ], [ 116.916599, 31.97883 ], [ 116.868203, 31.971063 ], [ 116.852608, 31.961901 ], [ 116.850982, 31.954797 ], [ 116.846038, 31.956654 ], [ 116.838724, 31.942523 ], [ 116.820072, 31.931155 ], [ 116.811006, 31.920498 ], [ 116.787679, 31.924157 ], [ 116.772439, 31.917551 ], [ 116.76568, 31.902861 ], [ 116.757256, 31.907037 ], [ 116.763698, 31.91797 ], [ 116.717957, 31.920613 ], [ 116.702378, 31.903657 ], [ 116.683328, 31.902738 ], [ 116.67743, 31.940059 ], [ 116.680517, 31.962924 ], [ 116.677609, 31.975554 ], [ 116.671937, 31.981259 ], [ 116.650518, 31.985363 ], [ 116.638489, 31.994636 ], [ 116.619529, 31.995988 ], [ 116.585117, 32.01805 ], [ 116.537607, 32.02637 ], [ 116.540357, 32.028889 ], [ 116.547187, 32.045556 ], [ 116.540607, 32.063986 ], [ 116.542356, 32.076975 ], [ 116.541354, 32.085801 ], [ 116.520117, 32.116879 ], [ 116.525953, 32.12493 ], [ 116.526295, 32.147639 ], [ 116.506499, 32.17481 ], [ 116.505502, 32.187413 ], [ 116.517294, 32.202021 ], [ 116.497036, 32.21367 ], [ 116.518245, 32.226841 ], [ 116.527055, 32.242623 ], [ 116.518176, 32.315199 ], [ 116.501732, 32.346126 ], [ 116.479722, 32.362895 ], [ 116.478111, 32.38523 ], [ 116.495634, 32.401577 ], [ 116.47244, 32.411757 ], [ 116.482997, 32.42859 ], [ 116.473394, 32.440155 ], [ 116.483596, 32.443817 ], [ 116.490271, 32.467814 ], [ 116.502548, 32.45947 ], [ 116.51095, 32.463205 ], [ 116.514973, 32.482893 ], [ 116.525235, 32.49021 ], [ 116.520493, 32.505912 ], [ 116.554853, 32.541794 ], [ 116.568071, 32.54696 ], [ 116.606616, 32.547791 ], [ 116.629081, 32.556877 ], [ 116.625982, 32.576716 ], [ 116.618105, 32.584272 ], [ 116.589903, 32.593583 ], [ 116.550274, 32.586925 ], [ 116.551739, 32.601903 ], [ 116.536019, 32.605268 ], [ 116.530462, 32.638096 ], [ 116.518963, 32.6635 ], [ 116.512888, 32.663428 ], [ 116.490891, 32.685035 ], [ 116.477785, 32.67827 ], [ 116.471482, 32.682412 ], [ 116.455036, 32.682825 ], [ 116.437517, 32.70374 ], [ 116.438023, 32.711212 ], [ 116.450426, 32.715782 ], [ 116.45099, 32.729173 ], [ 116.437642, 32.738359 ], [ 116.435862, 32.753255 ], [ 116.442895, 32.754727 ], [ 116.443209, 32.758193 ], [ 116.437457, 32.778142 ], [ 116.441411, 32.77794 ], [ 116.444142, 32.788338 ], [ 116.435514, 32.803536 ], [ 116.435052, 32.825511 ], [ 116.439045, 32.833468 ], [ 116.436354, 32.846843 ], [ 116.417982, 32.856548 ], [ 116.405197, 32.848266 ], [ 116.378157, 32.855326 ], [ 116.376681, 32.880742 ], [ 116.383423, 32.883934 ], [ 116.387961, 32.891156 ], [ 116.385643, 32.89365 ], [ 116.389201, 32.912969 ], [ 116.370557, 32.933634 ], [ 116.354423, 32.93139 ], [ 116.352562, 32.934832 ], [ 116.363103, 32.941861 ], [ 116.363843, 32.960962 ], [ 116.371867, 32.972788 ], [ 116.375882, 33.007314 ], [ 116.444941, 32.985415 ], [ 116.619235, 32.94456 ], [ 116.700268, 32.938675 ] ] ] ] } },
{ "type": "Feature", "properties": { "name": "绍兴市", "gb": "156330600" }, "geometry": { "type": "MultiPolygon", "coordinates": [ [ [ [ 120.783868, 30.258593 ], [ 120.809117, 30.257868 ], [ 120.870594, 30.265509 ], [ 120.891293, 30.264987 ], [ 120.923869, 30.167047 ], [ 120.932008, 30.127184 ], [ 120.926636, 30.120253 ], [ 120.937939, 30.108913 ], [ 120.94037, 30.099069 ], [ 120.950127, 30.093936 ], [ 120.955086, 30.097108 ], [ 120.960832, 30.094394 ], [ 120.972204, 30.072527 ], [ 120.98758, 30.063559 ], [ 120.983006, 30.046717 ], [ 120.985877, 30.030276 ], [ 121.011953, 30.01436 ], [ 121.033773, 30.018092 ], [ 121.030249, 30.006405 ], [ 121.03361, 30.00119 ], [ 121.063779, 30.007651 ], [ 121.087896, 29.989684 ], [ 121.079737, 29.973051 ], [ 121.057403, 29.96026 ], [ 121.046869, 29.96133 ], [ 121.04353, 29.957612 ], [ 121.026711, 29.918575 ], [ 121.028863, 29.914109 ], [ 121.021901, 29.908032 ], [ 121.013818, 29.909623 ], [ 121.00992, 29.900839 ], [ 121.01431, 29.887779 ], [ 121.022833, 29.884543 ], [ 121.035407, 29.866938 ], [ 121.055103, 29.85339 ], [ 121.064261, 29.856721 ], [ 121.069934, 29.851164 ], [ 121.100241, 29.843782 ], [ 121.099951, 29.82823 ], [ 121.092418, 29.822909 ], [ 121.091599, 29.81554 ], [ 121.103342, 29.80496 ], [ 121.063311, 29.768737 ], [ 121.048808, 29.763545 ], [ 121.029762, 29.770888 ], [ 121.019522, 29.767842 ], [ 121.031116, 29.747196 ], [ 121.011331, 29.746943 ], [ 121.006082, 29.736977 ], [ 121.014531, 29.723982 ], [ 121.02298, 29.726955 ], [ 121.03485, 29.718983 ], [ 121.016578, 29.719563 ], [ 121.005981, 29.71297 ], [ 121.006381, 29.703889 ], [ 121.018149, 29.69447 ], [ 121.013606, 29.683522 ], [ 120.996667, 29.685451 ], [ 120.990111, 29.690707 ], [ 120.985293, 29.684185 ], [ 120.986568, 29.678284 ], [ 121.006768, 29.671587 ], [ 121.020933, 29.674123 ], [ 121.029183, 29.66368 ], [ 121.051972, 29.701718 ], [ 121.056278, 29.701159 ], [ 121.059887, 29.674333 ], [ 121.070057, 29.66741 ], [ 121.070589, 29.638039 ], [ 121.099899, 29.629106 ], [ 121.10868, 29.616251 ], [ 121.110014, 29.603812 ], [ 121.099543, 29.589047 ], [ 121.112094, 29.585672 ], [ 121.116075, 29.577315 ], [ 121.108878, 29.568037 ], [ 121.109135, 29.554355 ], [ 121.116189, 29.550427 ], [ 121.127358, 29.557807 ], [ 121.140603, 29.543637 ], [ 121.149193, 29.545786 ], [ 121.168116, 29.538839 ], [ 121.192267, 29.540043 ], [ 121.21825, 29.531652 ], [ 121.226468, 29.521486 ], [ 121.217221, 29.507004 ], [ 121.216476, 29.498411 ], [ 121.223818, 29.491812 ], [ 121.211491, 29.477288 ], [ 121.209648, 29.455577 ], [ 121.22056, 29.448636 ], [ 121.204793, 29.439811 ], [ 121.211057, 29.432103 ], [ 121.21136, 29.420391 ], [ 121.224648, 29.41567 ], [ 121.22402, 29.408874 ], [ 121.224232, 29.373939 ], [ 121.22062, 29.361921 ], [ 121.191097, 29.342806 ], [ 121.19248, 29.326151 ], [ 121.189119, 29.325432 ], [ 121.176911, 29.331267 ], [ 121.168703, 29.325264 ], [ 121.15965, 29.328389 ], [ 121.160857, 29.347004 ], [ 121.14623, 29.333479 ], [ 121.130542, 29.341176 ], [ 121.118424, 29.340179 ], [ 121.113003, 29.334417 ], [ 121.115587, 29.3235 ], [ 121.110362, 29.30607 ], [ 121.097114, 29.308272 ], [ 121.091868, 29.321615 ], [ 121.071, 29.324694 ], [ 121.048844, 29.325022 ], [ 121.037309, 29.311958 ], [ 121.023161, 29.310893 ], [ 121.01499, 29.324826 ], [ 120.998179, 29.320076 ], [ 120.999789, 29.317268 ], [ 120.989754, 29.310223 ], [ 120.979152, 29.310957 ], [ 120.980003, 29.320528 ], [ 120.972173, 29.321377 ], [ 120.966978, 29.306596 ], [ 120.954593, 29.30028 ], [ 120.94563, 29.287417 ], [ 120.921576, 29.296961 ], [ 120.919582, 29.301624 ], [ 120.907562, 29.30388 ], [ 120.898161, 29.287935 ], [ 120.898913, 29.277278 ], [ 120.887345, 29.273442 ], [ 120.883292, 29.267769 ], [ 120.891299, 29.251575 ], [ 120.887757, 29.243854 ], [ 120.881246, 29.241329 ], [ 120.862554, 29.246441 ], [ 120.85708, 29.257519 ], [ 120.852322, 29.25728 ], [ 120.823234, 29.233804 ], [ 120.814145, 29.232876 ], [ 120.804978, 29.239599 ], [ 120.777558, 29.226958 ], [ 120.770167, 29.227704 ], [ 120.774083, 29.244636 ], [ 120.767165, 29.261665 ], [ 120.775457, 29.282328 ], [ 120.753353, 29.282348 ], [ 120.760379, 29.297934 ], [ 120.771048, 29.293697 ], [ 120.771392, 29.30577 ], [ 120.761356, 29.315165 ], [ 120.747639, 29.320321 ], [ 120.732546, 29.311878 ], [ 120.725297, 29.317184 ], [ 120.710783, 29.305386 ], [ 120.705766, 29.306673 ], [ 120.69827, 29.327223 ], [ 120.702552, 29.338488 ], [ 120.700155, 29.345798 ], [ 120.685282, 29.344212 ], [ 120.668181, 29.330184 ], [ 120.658224, 29.328324 ], [ 120.650849, 29.339363 ], [ 120.629427, 29.331759 ], [ 120.616194, 29.339663 ], [ 120.598061, 29.335984 ], [ 120.591357, 29.347434 ], [ 120.582712, 29.351533 ], [ 120.575313, 29.345548 ], [ 120.57858, 29.342989 ], [ 120.568848, 29.342073 ], [ 120.566748, 29.351405 ], [ 120.574727, 29.360705 ], [ 120.568236, 29.368635 ], [ 120.556154, 29.365833 ], [ 120.549756, 29.371139 ], [ 120.555543, 29.385343 ], [ 120.542982, 29.3944 ], [ 120.533767, 29.392364 ], [ 120.525727, 29.403982 ], [ 120.51211, 29.409246 ], [ 120.51205, 29.426844 ], [ 120.50677, 29.438842 ], [ 120.512291, 29.453945 ], [ 120.518024, 29.457816 ], [ 120.516037, 29.463523 ], [ 120.50927, 29.471679 ], [ 120.492481, 29.471018 ], [ 120.493692, 29.477187 ], [ 120.489515, 29.481669 ], [ 120.466117, 29.498686 ], [ 120.465154, 29.492972 ], [ 120.452716, 29.484967 ], [ 120.422364, 29.479637 ], [ 120.407371, 29.452541 ], [ 120.380512, 29.458712 ], [ 120.367778, 29.449589 ], [ 120.359036, 29.436994 ], [ 120.366089, 29.428119 ], [ 120.365938, 29.418335 ], [ 120.335741, 29.413382 ], [ 120.319315, 29.383915 ], [ 120.310886, 29.3815 ], [ 120.302759, 29.368098 ], [ 120.293356, 29.364713 ], [ 120.294428, 29.358728 ], [ 120.285149, 29.357755 ], [ 120.271137, 29.368338 ], [ 120.260511, 29.380996 ], [ 120.257264, 29.401917 ], [ 120.274603, 29.418511 ], [ 120.277425, 29.442942 ], [ 120.2608, 29.461367 ], [ 120.256473, 29.473994 ], [ 120.266113, 29.483117 ], [ 120.282068, 29.487337 ], [ 120.268042, 29.502386 ], [ 120.261299, 29.503447 ], [ 120.259979, 29.497718 ], [ 120.246388, 29.497924 ], [ 120.239752, 29.513181 ], [ 120.204156, 29.524961 ], [ 120.209505, 29.553343 ], [ 120.186468, 29.557031 ], [ 120.176247, 29.530844 ], [ 120.167053, 29.521731 ], [ 120.144695, 29.510082 ], [ 120.135306, 29.511819 ], [ 120.115489, 29.492529 ], [ 120.100966, 29.490629 ], [ 120.106013, 29.49984 ], [ 120.100142, 29.50928 ], [ 120.094885, 29.509617 ], [ 120.087572, 29.50164 ], [ 120.073105, 29.506651 ], [ 120.068162, 29.514699 ], [ 120.081835, 29.524826 ], [ 120.087602, 29.537104 ], [ 120.054144, 29.545715 ], [ 120.046543, 29.551594 ], [ 120.049849, 29.559761 ], [ 120.03829, 29.568737 ], [ 120.025922, 29.568195 ], [ 120.000887, 29.576993 ], [ 120.001854, 29.597173 ], [ 120.012738, 29.619471 ], [ 120.036638, 29.621923 ], [ 120.040677, 29.62936 ], [ 120.03913, 29.634844 ], [ 120.022544, 29.646176 ], [ 120.021979, 29.651245 ], [ 120.035779, 29.657207 ], [ 120.029672, 29.670739 ], [ 120.024814, 29.670424 ], [ 120.025211, 29.657378 ], [ 120.015193, 29.650341 ], [ 119.98552, 29.662237 ], [ 119.967788, 29.677767 ], [ 119.970447, 29.690749 ], [ 119.939211, 29.711517 ], [ 119.942987, 29.716838 ], [ 119.944544, 29.71246 ], [ 119.950259, 29.713774 ], [ 119.949246, 29.719282 ], [ 119.943274, 29.719669 ], [ 119.923925, 29.707162 ], [ 119.909978, 29.711765 ], [ 119.906893, 29.725735 ], [ 119.895713, 29.73451 ], [ 119.896096, 29.74746 ], [ 119.884414, 29.756219 ], [ 119.88633, 29.764627 ], [ 119.9028, 29.756435 ], [ 119.928443, 29.75181 ], [ 119.96389, 29.766011 ], [ 119.974413, 29.765682 ], [ 119.982132, 29.759663 ], [ 120.024053, 29.771883 ], [ 120.027504, 29.787326 ], [ 120.032617, 29.792176 ], [ 120.025328, 29.809212 ], [ 120.03285, 29.822832 ], [ 120.07038, 29.829459 ], [ 120.089372, 29.818231 ], [ 120.095467, 29.821533 ], [ 120.095651, 29.833809 ], [ 120.101826, 29.84477 ], [ 120.109994, 29.845888 ], [ 120.108491, 29.848878 ], [ 120.128125, 29.861601 ], [ 120.137183, 29.872903 ], [ 120.144246, 29.884426 ], [ 120.142058, 29.897038 ], [ 120.145432, 29.907574 ], [ 120.161406, 29.919083 ], [ 120.169588, 29.917909 ], [ 120.174035, 29.910633 ], [ 120.182873, 29.906987 ], [ 120.200206, 29.924624 ], [ 120.195207, 29.932565 ], [ 120.197859, 29.935796 ], [ 120.215652, 29.93171 ], [ 120.217125, 29.935901 ], [ 120.206631, 29.939094 ], [ 120.218277, 29.94461 ], [ 120.239265, 29.941203 ], [ 120.251843, 29.944724 ], [ 120.260332, 29.93438 ], [ 120.260507, 29.925183 ], [ 120.268634, 29.922615 ], [ 120.277728, 29.923768 ], [ 120.286816, 29.937009 ], [ 120.31042, 29.930995 ], [ 120.32278, 29.948417 ], [ 120.336205, 29.958818 ], [ 120.339454, 29.976694 ], [ 120.357402, 29.976926 ], [ 120.3598, 29.981876 ], [ 120.353999, 29.995553 ], [ 120.355187, 30.00668 ], [ 120.34359, 30.033297 ], [ 120.319667, 30.048085 ], [ 120.320203, 30.052808 ], [ 120.326795, 30.053988 ], [ 120.333085, 30.061508 ], [ 120.327707, 30.0789 ], [ 120.330776, 30.096378 ], [ 120.325493, 30.104009 ], [ 120.319152, 30.10071 ], [ 120.310751, 30.106876 ], [ 120.292274, 30.100406 ], [ 120.283798, 30.104993 ], [ 120.282664, 30.109688 ], [ 120.299691, 30.128219 ], [ 120.293385, 30.129496 ], [ 120.295217, 30.132434 ], [ 120.308537, 30.140115 ], [ 120.312851, 30.131602 ], [ 120.322965, 30.127202 ], [ 120.335046, 30.144353 ], [ 120.3483, 30.153928 ], [ 120.381266, 30.159711 ], [ 120.400156, 30.13184 ], [ 120.406897, 30.134056 ], [ 120.406275, 30.151896 ], [ 120.416455, 30.155138 ], [ 120.421489, 30.146614 ], [ 120.421978, 30.132702 ], [ 120.435382, 30.136685 ], [ 120.446348, 30.151909 ], [ 120.45493, 30.155441 ], [ 120.458553, 30.161703 ], [ 120.456653, 30.16842 ], [ 120.491672, 30.174433 ], [ 120.51196, 30.156909 ], [ 120.546929, 30.159982 ], [ 120.594664, 30.148139 ], [ 120.606001, 30.154207 ], [ 120.610401, 30.171272 ], [ 120.640252, 30.220153 ], [ 120.665391, 30.235108 ], [ 120.688122, 30.261981 ], [ 120.702871, 30.280665 ], [ 120.72549, 30.299437 ], [ 120.755472, 30.266696 ], [ 120.783868, 30.258593 ] ] ] ] } },
{ "type": "Feature", "properties": { "name": "池州市", "gb": "156341700" }, "geometry": { "type": "MultiPolygon", "coordinates": [ [ [ [ 117.986442, 30.826982 ], [ 117.961929, 30.807606 ], [ 117.963786, 30.796367 ], [ 117.980293, 30.798942 ], [ 117.993113, 30.783791 ], [ 118.033382, 30.776552 ], [ 118.059382, 30.763161 ], [ 118.063326, 30.746874 ], [ 118.081281, 30.742502 ], [ 118.093965, 30.746587 ], [ 118.102687, 30.741325 ], [ 118.108845, 30.722154 ], [ 118.117508, 30.722515 ], [ 118.121764, 30.707798 ], [ 118.129359, 30.702599 ], [ 118.094285, 30.655754 ], [ 118.093693, 30.641762 ], [ 118.072738, 30.62483 ], [ 118.058553, 30.599055 ], [ 118.036258, 30.607653 ], [ 118.033166, 30.59974 ], [ 118.037317, 30.59571 ], [ 118.023701, 30.583413 ], [ 118.024566, 30.579717 ], [ 118.008352, 30.57439 ], [ 117.97959, 30.572881 ], [ 117.981305, 30.548061 ], [ 117.977217, 30.527518 ], [ 117.962684, 30.517077 ], [ 117.950634, 30.497959 ], [ 117.954002, 30.491798 ], [ 117.941647, 30.481597 ], [ 117.929267, 30.457189 ], [ 117.941002, 30.456088 ], [ 117.946152, 30.450323 ], [ 117.933367, 30.428907 ], [ 117.946176, 30.405744 ], [ 117.952508, 30.404082 ], [ 117.949982, 30.394338 ], [ 117.927043, 30.368214 ], [ 117.914026, 30.366319 ], [ 117.934875, 30.338697 ], [ 117.920421, 30.333858 ], [ 117.927134, 30.328751 ], [ 117.923899, 30.322739 ], [ 117.915238, 30.322674 ], [ 117.895141, 30.298535 ], [ 117.881105, 30.296549 ], [ 117.879625, 30.286047 ], [ 117.887953, 30.273644 ], [ 117.855728, 30.271289 ], [ 117.849137, 30.262958 ], [ 117.819983, 30.246913 ], [ 117.820802, 30.227293 ], [ 117.849635, 30.222693 ], [ 117.855318, 30.218306 ], [ 117.846816, 30.195003 ], [ 117.822662, 30.182099 ], [ 117.814115, 30.186709 ], [ 117.809079, 30.184616 ], [ 117.800202, 30.172748 ], [ 117.786984, 30.168123 ], [ 117.776599, 30.156183 ], [ 117.760134, 30.162292 ], [ 117.748951, 30.156559 ], [ 117.693233, 30.145902 ], [ 117.677754, 30.135479 ], [ 117.681306, 30.128707 ], [ 117.672016, 30.125007 ], [ 117.668726, 30.115062 ], [ 117.656533, 30.111661 ], [ 117.639349, 30.111654 ], [ 117.635597, 30.104374 ], [ 117.626347, 30.101979 ], [ 117.610184, 30.114362 ], [ 117.604573, 30.133366 ], [ 117.594034, 30.131921 ], [ 117.563755, 30.11442 ], [ 117.560036, 30.108425 ], [ 117.566003, 30.104259 ], [ 117.564724, 30.093626 ], [ 117.555125, 30.086103 ], [ 117.549032, 30.103566 ], [ 117.533142, 30.113011 ], [ 117.523005, 30.096215 ], [ 117.530021, 30.086427 ], [ 117.533545, 30.057803 ], [ 117.528834, 30.050768 ], [ 117.522399, 30.051649 ], [ 117.490055, 30.034605 ], [ 117.464553, 30.038738 ], [ 117.456603, 30.044745 ], [ 117.44691, 30.027357 ], [ 117.429842, 30.023128 ], [ 117.406984, 30.034877 ], [ 117.391875, 30.034918 ], [ 117.384737, 30.031812 ], [ 117.382289, 30.011643 ], [ 117.376682, 30.008098 ], [ 117.352901, 30.014733 ], [ 117.33438, 30.012292 ], [ 117.329733, 30.00467 ], [ 117.294439, 30.001216 ], [ 117.280488, 29.994285 ], [ 117.266919, 29.998987 ], [ 117.243573, 29.983141 ], [ 117.206754, 29.983198 ], [ 117.199538, 29.977902 ], [ 117.198723, 29.961617 ], [ 117.203912, 29.94456 ], [ 117.200882, 29.929974 ], [ 117.166435, 29.922918 ], [ 117.129234, 29.906187 ], [ 117.122513, 29.897852 ], [ 117.127602, 29.876593 ], [ 117.124863, 29.866472 ], [ 117.104965, 29.857742 ], [ 117.084732, 29.837543 ], [ 117.067917, 29.834578 ], [ 117.070183, 29.824978 ], [ 117.087265, 29.811897 ], [ 117.122536, 29.798124 ], [ 117.131035, 29.777594 ], [ 117.103226, 29.754322 ], [ 117.102814, 29.74744 ], [ 117.117035, 29.730881 ], [ 117.114533, 29.722826 ], [ 117.107559, 29.714485 ], [ 117.083622, 29.700928 ], [ 117.036743, 29.683321 ], [ 117.010071, 29.688244 ], [ 116.990898, 29.685926 ], [ 116.979469, 29.67729 ], [ 116.969505, 29.660189 ], [ 116.934677, 29.651003 ], [ 116.872444, 29.615738 ], [ 116.842667, 29.577021 ], [ 116.826225, 29.570362 ], [ 116.808403, 29.567348 ], [ 116.786514, 29.570921 ], [ 116.755417, 29.601635 ], [ 116.735161, 29.58849 ], [ 116.724991, 29.571136 ], [ 116.716385, 29.567564 ], [ 116.703796, 29.59236 ], [ 116.684036, 29.606726 ], [ 116.675354, 29.619888 ], [ 116.647057, 29.639845 ], [ 116.649696, 29.652037 ], [ 116.676514, 29.678602 ], [ 116.675324, 29.68523 ], [ 116.668121, 29.690163 ], [ 116.651825, 29.688986 ], [ 116.649277, 29.69743 ], [ 116.666473, 29.706186 ], [ 116.682152, 29.737385 ], [ 116.69809, 29.743826 ], [ 116.715553, 29.765877 ], [ 116.734299, 29.776712 ], [ 116.747009, 29.800293 ], [ 116.757454, 29.805035 ], [ 116.775833, 29.794996 ], [ 116.807342, 29.814264 ], [ 116.825752, 29.844109 ], [ 116.847832, 29.861395 ], [ 116.87777, 29.896214 ], [ 116.894753, 29.948269 ], [ 116.88916, 29.965384 ], [ 116.863746, 29.983135 ], [ 116.840462, 29.972256 ], [ 116.824852, 29.974091 ], [ 116.819069, 30.013901 ], [ 116.795471, 30.005529 ], [ 116.778473, 30.037601 ], [ 116.763367, 30.0399 ], [ 116.758186, 30.048075 ], [ 116.737778, 30.051662 ], [ 116.742287, 30.059824 ], [ 116.765467, 30.073748 ], [ 116.784914, 30.095927 ], [ 116.822621, 30.124527 ], [ 116.83993, 30.143409 ], [ 116.857591, 30.17979 ], [ 116.879195, 30.191207 ], [ 116.873377, 30.195614 ], [ 116.876968, 30.202506 ], [ 116.900911, 30.224211 ], [ 116.928787, 30.291737 ], [ 116.906226, 30.333407 ], [ 116.898965, 30.360193 ], [ 116.882453, 30.406448 ], [ 116.886198, 30.423216 ], [ 116.886701, 30.432826 ], [ 116.893588, 30.43906 ], [ 116.897882, 30.441098 ], [ 116.910088, 30.429089 ], [ 116.925913, 30.441882 ], [ 116.945451, 30.4461 ], [ 116.966947, 30.458244 ], [ 117.012051, 30.49318 ], [ 117.029436, 30.496572 ], [ 117.124378, 30.497538 ], [ 117.175526, 30.472289 ], [ 117.195018, 30.471913 ], [ 117.211074, 30.478964 ], [ 117.226434, 30.494682 ], [ 117.245109, 30.558814 ], [ 117.244341, 30.584633 ], [ 117.224435, 30.609387 ], [ 117.22131, 30.630619 ], [ 117.231353, 30.641414 ], [ 117.262342, 30.657192 ], [ 117.300802, 30.670853 ], [ 117.303449, 30.678179 ], [ 117.375709, 30.699299 ], [ 117.384609, 30.699653 ], [ 117.417621, 30.68491 ], [ 117.465209, 30.681363 ], [ 117.482072, 30.691105 ], [ 117.498258, 30.725414 ], [ 117.589785, 30.763809 ], [ 117.668984, 30.785471 ], [ 117.680111, 30.797826 ], [ 117.696068, 30.807022 ], [ 117.697388, 30.795179 ], [ 117.703953, 30.79032 ], [ 117.735134, 30.806699 ], [ 117.748944, 30.806934 ], [ 117.753531, 30.795522 ], [ 117.754326, 30.771768 ], [ 117.752808, 30.764002 ], [ 117.779375, 30.765764 ], [ 117.778383, 30.752064 ], [ 117.790887, 30.750811 ], [ 117.796734, 30.756079 ], [ 117.797894, 30.759979 ], [ 117.83863, 30.770636 ], [ 117.843749, 30.790459 ], [ 117.856053, 30.804381 ], [ 117.869929, 30.807723 ], [ 117.879073, 30.815026 ], [ 117.895321, 30.811991 ], [ 117.906406, 30.81647 ], [ 117.929604, 30.842182 ], [ 117.933537, 30.843375 ], [ 117.947249, 30.833123 ], [ 117.949702, 30.828446 ], [ 117.94636, 30.822245 ], [ 117.954958, 30.818639 ], [ 117.97385, 30.846205 ], [ 117.979778, 30.845847 ], [ 117.986442, 30.826982 ] ], [ [ 117.296333, 30.493998 ], [ 117.278825, 30.47261 ], [ 117.26628, 30.464866 ], [ 117.251079, 30.468125 ], [ 117.253016, 30.472726 ], [ 117.239939, 30.467875 ], [ 117.249283, 30.463241 ], [ 117.260675, 30.444418 ], [ 117.245858, 30.421895 ], [ 117.273487, 30.417072 ], [ 117.289768, 30.422377 ], [ 117.290135, 30.429214 ], [ 117.283967, 30.432068 ], [ 117.290091, 30.443752 ], [ 117.298942, 30.442393 ], [ 117.309152, 30.464922 ], [ 117.316274, 30.463961 ], [ 117.324739, 30.477331 ], [ 117.320295, 30.495804 ], [ 117.31031, 30.500754 ], [ 117.309236, 30.496409 ], [ 117.296333, 30.493998 ] ] ] ] } },
{ "type": "Feature", "properties": { "name": "淮安市", "gb": "156320800" }, "geometry": { "type": "MultiPolygon", "coordinates": [ [ [ [ 119.232609, 34.041671 ], [ 119.250201, 34.032796 ], [ 119.260779, 34.033276 ], [ 119.264488, 34.042737 ], [ 119.290434, 34.049178 ], [ 119.303288, 34.033479 ], [ 119.321405, 34.02862 ], [ 119.370129, 34.03162 ], [ 119.380603, 34.043295 ], [ 119.385151, 34.043258 ], [ 119.392519, 34.025853 ], [ 119.399484, 34.021232 ], [ 119.397568, 34.005004 ], [ 119.423097, 34.00348 ], [ 119.422509, 33.991705 ], [ 119.434745, 33.981953 ], [ 119.488303, 34.011944 ], [ 119.502447, 34.013914 ], [ 119.514075, 34.033142 ], [ 119.559147, 34.016015 ], [ 119.564373, 34.006501 ], [ 119.576891, 34.008645 ], [ 119.579976, 33.999427 ], [ 119.596695, 33.994431 ], [ 119.592049, 33.970712 ], [ 119.582629, 33.963054 ], [ 119.584838, 33.959556 ], [ 119.601419, 33.964566 ], [ 119.611355, 33.95106 ], [ 119.62136, 33.947569 ], [ 119.629297, 33.953429 ], [ 119.637498, 33.947428 ], [ 119.632112, 33.939598 ], [ 119.641124, 33.927495 ], [ 119.637449, 33.916128 ], [ 119.625915, 33.917421 ], [ 119.635611, 33.896396 ], [ 119.564401, 33.849094 ], [ 119.5625, 33.840655 ], [ 119.540057, 33.8192 ], [ 119.538679, 33.804175 ], [ 119.531254, 33.794153 ], [ 119.527019, 33.777726 ], [ 119.518548, 33.7708 ], [ 119.504515, 33.743365 ], [ 119.500205, 33.720608 ], [ 119.472399, 33.697897 ], [ 119.473983, 33.688494 ], [ 119.483705, 33.681625 ], [ 119.486291, 33.674422 ], [ 119.475967, 33.66118 ], [ 119.489308, 33.657772 ], [ 119.456937, 33.640251 ], [ 119.461883, 33.645737 ], [ 119.450352, 33.643139 ], [ 119.45923, 33.632981 ], [ 119.464845, 33.606949 ], [ 119.486673, 33.550772 ], [ 119.470295, 33.542065 ], [ 119.471519, 33.53831 ], [ 119.476605, 33.535524 ], [ 119.478862, 33.542501 ], [ 119.485962, 33.539419 ], [ 119.494553, 33.519938 ], [ 119.530192, 33.49256 ], [ 119.537167, 33.491899 ], [ 119.553941, 33.47417 ], [ 119.567485, 33.478722 ], [ 119.578283, 33.467554 ], [ 119.592988, 33.461736 ], [ 119.596766, 33.454861 ], [ 119.612806, 33.455633 ], [ 119.607394, 33.453252 ], [ 119.607461, 33.429305 ], [ 119.60307, 33.424067 ], [ 119.579988, 33.423724 ], [ 119.571893, 33.40645 ], [ 119.560345, 33.397465 ], [ 119.550355, 33.410234 ], [ 119.533302, 33.417195 ], [ 119.49966, 33.408817 ], [ 119.499775, 33.41175 ], [ 119.483391, 33.413182 ], [ 119.452631, 33.403094 ], [ 119.45733, 33.397153 ], [ 119.432033, 33.380366 ], [ 119.39923, 33.37641 ], [ 119.39147, 33.381083 ], [ 119.325897, 33.370092 ], [ 119.305426, 33.372506 ], [ 119.303577, 33.36853 ], [ 119.228382, 33.349115 ], [ 119.24413, 33.318653 ], [ 119.25803, 33.303707 ], [ 119.215997, 33.297133 ], [ 119.213415, 33.290574 ], [ 119.146688, 33.287714 ], [ 119.155721, 33.284464 ], [ 119.155687, 33.271212 ], [ 119.141309, 33.25836 ], [ 119.14227, 33.214529 ], [ 119.152725, 33.213243 ], [ 119.158496, 33.200647 ], [ 119.166616, 33.20897 ], [ 119.209773, 33.205872 ], [ 119.212543, 33.184565 ], [ 119.2175, 33.18457 ], [ 119.223152, 33.166671 ], [ 119.217673, 33.164038 ], [ 119.219991, 33.153706 ], [ 119.241318, 33.165026 ], [ 119.249734, 33.163951 ], [ 119.249962, 33.180228 ], [ 119.270733, 33.150376 ], [ 119.312051, 33.125522 ], [ 119.317494, 33.099908 ], [ 119.329839, 33.084867 ], [ 119.337655, 33.066316 ], [ 119.355098, 33.05584 ], [ 119.35672, 33.044328 ], [ 119.350844, 33.028144 ], [ 119.323298, 33.002114 ], [ 119.320247, 32.993925 ], [ 119.318728, 32.882271 ], [ 119.3342, 32.834385 ], [ 119.329653, 32.824421 ], [ 119.299335, 32.802727 ], [ 119.287265, 32.801601 ], [ 119.26342, 32.803035 ], [ 119.180603, 32.827656 ], [ 119.178001, 32.832832 ], [ 119.167702, 32.833935 ], [ 119.116379, 32.824066 ], [ 119.100975, 32.827549 ], [ 119.085732, 32.848465 ], [ 119.047519, 32.883552 ], [ 119.041138, 32.892368 ], [ 119.038345, 32.912148 ], [ 119.012131, 32.90731 ], [ 119.013672, 32.926559 ], [ 119.022224, 32.931694 ], [ 119.020271, 32.95261 ], [ 119.015831, 32.960026 ], [ 118.996796, 32.960571 ], [ 118.928581, 32.940346 ], [ 118.891617, 32.941849 ], [ 118.881273, 32.954424 ], [ 118.871658, 32.961666 ], [ 118.847137, 32.960442 ], [ 118.8349, 32.922996 ], [ 118.826904, 32.918068 ], [ 118.811501, 32.922432 ], [ 118.803543, 32.919338 ], [ 118.80616, 32.888783 ], [ 118.799286, 32.872597 ], [ 118.805603, 32.862637 ], [ 118.802215, 32.856949 ], [ 118.784943, 32.851177 ], [ 118.758446, 32.84951 ], [ 118.755524, 32.856945 ], [ 118.741379, 32.857399 ], [ 118.734543, 32.843262 ], [ 118.739197, 32.818871 ], [ 118.731987, 32.784786 ], [ 118.736122, 32.761799 ], [ 118.744148, 32.757538 ], [ 118.746834, 32.741436 ], [ 118.706917, 32.721516 ], [ 118.698681, 32.721093 ], [ 118.658554, 32.735485 ], [ 118.638413, 32.735203 ], [ 118.639092, 32.744354 ], [ 118.633087, 32.747467 ], [ 118.612007, 32.744015 ], [ 118.59079, 32.727322 ], [ 118.574997, 32.724316 ], [ 118.546135, 32.733639 ], [ 118.476028, 32.7281 ], [ 118.456039, 32.733162 ], [ 118.445595, 32.74155 ], [ 118.419464, 32.720753 ], [ 118.361992, 32.723717 ], [ 118.361946, 32.770981 ], [ 118.355514, 32.7761 ], [ 118.342743, 32.775326 ], [ 118.328712, 32.763554 ], [ 118.321449, 32.767994 ], [ 118.317574, 32.780422 ], [ 118.302017, 32.775089 ], [ 118.296623, 32.777443 ], [ 118.291588, 32.785755 ], [ 118.292885, 32.799507 ], [ 118.300697, 32.812729 ], [ 118.29924, 32.824219 ], [ 118.284622, 32.845024 ], [ 118.279976, 32.860905 ], [ 118.265243, 32.857162 ], [ 118.2537, 32.848564 ], [ 118.240677, 32.84985 ], [ 118.238899, 32.87648 ], [ 118.224869, 32.920906 ], [ 118.227684, 32.927528 ], [ 118.25518, 32.947662 ], [ 118.292572, 32.955528 ], [ 118.307381, 32.963165 ], [ 118.296158, 32.969852 ], [ 118.257248, 32.974239 ], [ 118.238045, 32.995754 ], [ 118.235863, 33.039642 ], [ 118.21759, 33.082546 ], [ 118.213035, 33.108082 ], [ 118.214531, 33.176448 ], [ 118.273621, 33.208939 ], [ 118.401665, 33.187125 ], [ 118.485762, 33.243497 ], [ 118.507111, 33.257535 ], [ 118.771022, 33.346464 ], [ 118.73725, 33.391861 ], [ 118.775719, 33.442415 ], [ 118.773132, 33.49067 ], [ 118.782225, 33.506341 ], [ 118.783285, 33.541248 ], [ 118.799489, 33.57203 ], [ 118.799524, 33.576228 ], [ 118.776386, 33.592635 ], [ 118.75848, 33.618692 ], [ 118.750838, 33.640211 ], [ 118.793122, 33.645712 ], [ 118.792122, 33.659761 ], [ 118.786623, 33.6676 ], [ 118.789826, 33.682025 ], [ 118.793991, 33.697756 ], [ 118.803372, 33.69959 ], [ 118.80837, 33.705764 ], [ 118.808505, 33.710275 ], [ 118.803068, 33.712505 ], [ 118.809967, 33.723305 ], [ 118.79444, 33.748771 ], [ 118.802259, 33.768083 ], [ 118.789993, 33.769843 ], [ 118.78873, 33.77518 ], [ 118.801592, 33.794993 ], [ 118.795598, 33.822684 ], [ 118.804633, 33.827371 ], [ 118.813889, 33.846549 ], [ 118.828958, 33.863497 ], [ 118.857839, 33.88415 ], [ 118.85791, 33.890859 ], [ 118.863658, 33.894232 ], [ 118.882271, 33.887335 ], [ 118.902036, 33.891336 ], [ 118.923352, 33.903499 ], [ 118.93227, 33.903362 ], [ 118.947182, 33.917011 ], [ 118.965563, 33.920997 ], [ 118.992691, 33.905399 ], [ 118.990702, 33.898075 ], [ 118.996062, 33.895892 ], [ 119.050017, 33.941276 ], [ 119.046037, 33.958516 ], [ 119.036617, 33.962045 ], [ 119.037625, 33.970529 ], [ 119.073889, 33.985928 ], [ 119.081573, 34.00497 ], [ 119.106872, 34.024407 ], [ 119.124323, 34.030203 ], [ 119.142498, 34.046261 ], [ 119.149505, 34.057645 ], [ 119.152098, 34.07665 ], [ 119.169033, 34.09457 ], [ 119.173664, 34.096952 ], [ 119.183684, 34.090677 ], [ 119.185004, 34.078007 ], [ 119.199308, 34.060745 ], [ 119.215217, 34.058857 ], [ 119.232609, 34.041671 ] ] ] ] } },
{ "type": "Feature", "properties": { "name": "境界线", "gb": "" }, "geometry": { "type": "MultiLineString", "coordinates": [ [ [ 108.302017, 6.010893 ], [ 108.292625, 6.03628 ], [ 108.287407, 6.050397 ], [ 108.280479, 6.071635 ], [ 108.277649, 6.080288 ], [ 108.269173, 6.106273 ], [ 108.264671, 6.126832 ], [ 108.261398, 6.141786 ], [ 108.257744, 6.165651 ], [ 108.25602, 6.1769 ], [ 108.254723, 6.185413 ], [ 108.25222, 6.201733 ], [ 108.248405, 6.219611 ], [ 108.24334, 6.243341 ], [ 108.240623, 6.258852 ], [ 108.23896, 6.268365 ], [ 108.236771, 6.280871 ], [ 108.235001, 6.290999 ], [ 108.233803, 6.297837 ], [ 108.231255, 6.312435 ], [ 108.227547, 6.333612 ], [ 108.225716, 6.351564 ], [ 108.224632, 6.362193 ], [ 108.223206, 6.376132 ], [ 108.221405, 6.393827 ], [ 108.219917, 6.408367 ], [ 108.218613, 6.423369 ], [ 108.217155, 6.440057 ], [ 108.215851, 6.455039 ], [ 108.213348, 6.483758 ], [ 108.209923, 6.508235 ], [ 108.207924, 6.522497 ], [ 108.204979, 6.543493 ], [ 108.204979, 6.566827 ], [ 108.204979, 6.580382 ], [ 108.204979, 6.602169 ], [ 108.204597, 6.618296 ], [ 108.204163, 6.636432 ], [ 108.203812, 6.651154 ], [ 108.2033, 6.67275 ], [ 108.202721, 6.696953 ], [ 108.203506, 6.714972 ], [ 108.204216, 6.731264 ], [ 108.204758, 6.743689 ], [ 108.205452, 6.759747 ], [ 108.206154, 6.775832 ], [ 108.206612, 6.786382 ], [ 108.207237, 6.800765 ], [ 108.207916, 6.828713 ], [ 108.20829, 6.844109 ], [ 108.208641, 6.858369 ], [ 108.209068, 6.876093 ], [ 108.209488, 6.893293 ], [ 108.211754, 6.911796 ], [ 108.213226, 6.92383 ], [ 108.214996, 6.938251 ], [ 108.216766, 6.952711 ], [ 108.218491, 6.96682 ], [ 108.220703, 6.984875 ], [ 108.22303, 7.003875 ], [ 108.226433, 7.024957 ], [ 108.228371, 7.036969 ], [ 108.23027, 7.048789 ], [ 108.234314, 7.073835 ] ], [ [ 109.301506, 16.199545 ], [ 109.308434, 16.188772 ], [ 109.311356, 16.184229 ], [ 109.315285, 16.178116 ], [ 109.319458, 16.171621 ], [ 109.328346, 16.157795 ], [ 109.340019, 16.143152 ], [ 109.347908, 16.133261 ], [ 109.353348, 16.126438 ], [ 109.363892, 16.113211 ], [ 109.371254, 16.103607 ], [ 109.374207, 16.099752 ], [ 109.378952, 16.093561 ], [ 109.385185, 16.08544 ], [ 109.392845, 16.075447 ], [ 109.399872, 16.06628 ], [ 109.410736, 16.05179 ], [ 109.415138, 16.045925 ], [ 109.420967, 16.038147 ], [ 109.428024, 16.028736 ], [ 109.435677, 16.019157 ], [ 109.446739, 16.005301 ], [ 109.451012, 16.000193 ], [ 109.457802, 15.992115 ], [ 109.468239, 15.979663 ], [ 109.480522, 15.965022 ], [ 109.491219, 15.95298 ], [ 109.503563, 15.939085 ], [ 109.521988, 15.918343 ], [ 109.529099, 15.907442 ], [ 109.539917, 15.890857 ], [ 109.546921, 15.880122 ], [ 109.561638, 15.861392 ], [ 109.572105, 15.84807 ], [ 109.581337, 15.83632 ], [ 109.592995, 15.815694 ], [ 109.601669, 15.80034 ], [ 109.612793, 15.783652 ], [ 109.626701, 15.762795 ], [ 109.63475, 15.749176 ], [ 109.647034, 15.728379 ], [ 109.653496, 15.71684 ], [ 109.668938, 15.689271 ], [ 109.682526, 15.662103 ], [ 109.687714, 15.651726 ], [ 109.700317, 15.626519 ], [ 109.706482, 15.614182 ], [ 109.716133, 15.593739 ], [ 109.726257, 15.572297 ], [ 109.731331, 15.560544 ], [ 109.738564, 15.543777 ], [ 109.747437, 15.523216 ], [ 109.75341, 15.50937 ], [ 109.761597, 15.487532 ], [ 109.767632, 15.471441 ], [ 109.776878, 15.446795 ], [ 109.780731, 15.434813 ], [ 109.787491, 15.41376 ], [ 109.790955, 15.402993 ], [ 109.797058, 15.377584 ], [ 109.800346, 15.363884 ], [ 109.808678, 15.341375 ], [ 109.815987, 15.321647 ], [ 109.821053, 15.303424 ], [ 109.825844, 15.286159 ], [ 109.831635, 15.26533 ], [ 109.835037, 15.250028 ], [ 109.841019, 15.223092 ], [ 109.843178, 15.210135 ], [ 109.847275, 15.185548 ], [ 109.855095, 15.158954 ] ], [ [ 110.32325, 12.2405 ], [ 110.322731, 12.224792 ], [ 110.322319, 12.212411 ], [ 110.321663, 12.192419 ], [ 110.322548, 12.175995 ], [ 110.323219, 12.163427 ], [ 110.323799, 12.152676 ], [ 110.324394, 12.133566 ], [ 110.324623, 12.126224 ], [ 110.324944, 12.115867 ], [ 110.324341, 12.10252 ], [ 110.324028, 12.095669 ], [ 110.323715, 12.088772 ], [ 110.322693, 12.066217 ], [ 110.322693, 12.050181 ], [ 110.322693, 12.027207 ], [ 110.322693, 12.022385 ], [ 110.322693, 12.009798 ], [ 110.321228, 12.000064 ], [ 110.321228, 12.000011 ], [ 110.317513, 11.975298 ], [ 110.315918, 11.964663 ], [ 110.31366, 11.924041 ], [ 110.309959, 11.895653 ], [ 110.306892, 11.872135 ], [ 110.300125, 11.822486 ], [ 110.29287, 11.78742 ], [ 110.286583, 11.757039 ], [ 110.277748, 11.714339 ], [ 110.273041, 11.691592 ], [ 110.269066, 11.678527 ], [ 110.25724, 11.639687 ], [ 110.249153, 11.608955 ], [ 110.245956, 11.596808 ], [ 110.236443, 11.574202 ], [ 110.227905, 11.553929 ], [ 110.223251, 11.540742 ], [ 110.214363, 11.515564 ], [ 110.200821, 11.495253 ], [ 110.191139, 11.471743 ], [ 110.185028, 11.456888 ], [ 110.171486, 11.429807 ], [ 110.155685, 11.402725 ], [ 110.137634, 11.375644 ], [ 110.121834, 11.344048 ], [ 110.099266, 11.30794 ], [ 110.085732, 11.283116 ], [ 110.074448, 11.267319 ], [ 110.065414, 11.251521 ] ], [ [ 111.794563, 3.408477 ], [ 111.821922, 3.411471 ], [ 111.840874, 3.413544 ], [ 111.861366, 3.415786 ], [ 111.889923, 3.421995 ], [ 111.911034, 3.426584 ], [ 111.934196, 3.431619 ], [ 111.959671, 3.436714 ], [ 111.997528, 3.444286 ], [ 112.033562, 3.453294 ], [ 112.06086, 3.460119 ], [ 112.08239, 3.466099 ], [ 112.117859, 3.475952 ], [ 112.160095, 3.486191 ], [ 112.19944, 3.495729 ], [ 112.222359, 3.501285 ], [ 112.264526, 3.51253 ], [ 112.29277, 3.520061 ], [ 112.31736, 3.526618 ], [ 112.355019, 3.538306 ], [ 112.389931, 3.549141 ], [ 112.409187, 3.555118 ], [ 112.433487, 3.563751 ], [ 112.466454, 3.575463 ], [ 112.491905, 3.584506 ], [ 112.510429, 3.591405 ], [ 112.545845, 3.604597 ], [ 112.586693, 3.620614 ], [ 112.631828, 3.638669 ], [ 112.664337, 3.653446 ], [ 112.681473, 3.661236 ], [ 112.706039, 3.673518 ], [ 112.722099, 3.681547 ], [ 112.767967, 3.703345 ], [ 112.790695, 3.714231 ], [ 112.802834, 3.720045 ], [ 112.817291, 3.726969 ], [ 112.84948, 3.744957 ] ], [ [ 115.544106, 7.158346 ], [ 115.61055, 7.236786 ], [ 115.62529, 7.254191 ], [ 115.643219, 7.275356 ], [ 115.666687, 7.303065 ], [ 115.68457, 7.324175 ], [ 115.706772, 7.35039 ], [ 115.729309, 7.376991 ], [ 115.748711, 7.399901 ], [ 115.760811, 7.414183 ], [ 115.785019, 7.442763 ], [ 115.797249, 7.457201 ], [ 115.80706, 7.468786 ], [ 115.819908, 7.483953 ], [ 115.835258, 7.50207 ], [ 115.851486, 7.521231 ], [ 115.865036, 7.537231 ], [ 115.881149, 7.556257 ], [ 115.896019, 7.573803 ], [ 115.907417, 7.587264 ], [ 115.923332, 7.606054 ], [ 115.937126, 7.622336 ], [ 115.95668, 7.645423 ], [ 115.973106, 7.664811 ], [ 115.982368, 7.675746 ], [ 116.002441, 7.699443 ], [ 116.014145, 7.713265 ], [ 116.031586, 7.733856 ], [ 116.052917, 7.759043 ], [ 116.077171, 7.78767 ], [ 116.105888, 7.821571 ], [ 116.129295, 7.849209 ], [ 116.155701, 7.880377 ], [ 116.1782, 7.90694 ], [ 116.203156, 7.936407 ], [ 116.234688, 7.973633 ], [ 116.242157, 7.98245 ] ], [ [ 118.538605, 10.906545 ], [ 118.552765, 10.93133 ], [ 118.565681, 10.953938 ], [ 118.588249, 10.990046 ], [ 118.608566, 11.030667 ], [ 118.618324, 11.045851 ], [ 118.628876, 11.062263 ], [ 118.635063, 11.077288 ], [ 118.644669, 11.100628 ], [ 118.664986, 11.138993 ], [ 118.674393, 11.157813 ], [ 118.687553, 11.184129 ], [ 118.702469, 11.216672 ], [ 118.712372, 11.238291 ], [ 118.721443, 11.258698 ], [ 118.730431, 11.278913 ], [ 118.739761, 11.297572 ], [ 118.748482, 11.315022 ], [ 118.760315, 11.339758 ], [ 118.773308, 11.366927 ], [ 118.793617, 11.41432 ], [ 118.809418, 11.457198 ], [ 118.818329, 11.482934 ], [ 118.823746, 11.498583 ], [ 118.829727, 11.515875 ], [ 118.845528, 11.551983 ], [ 118.854088, 11.575531 ], [ 118.863579, 11.601632 ], [ 118.870468, 11.619713 ], [ 118.88163, 11.649025 ], [ 118.888268, 11.668931 ], [ 118.89743, 11.696417 ], [ 118.90274, 11.713094 ], [ 118.913231, 11.746066 ], [ 118.922256, 11.768634 ], [ 118.929024, 11.800228 ], [ 118.936218, 11.821808 ], [ 118.947083, 11.854391 ], [ 118.952232, 11.877563 ], [ 118.956108, 11.895013 ], [ 118.9627, 11.920073 ], [ 118.967392, 11.937892 ], [ 118.973724, 11.962483 ], [ 118.978142, 11.979657 ] ], [ [ 119.06131, 16.028913 ], [ 119.061249, 16.0 ], [ 119.061226, 15.989388 ], [ 119.061203, 15.980456 ], [ 119.061188, 15.973825 ], [ 119.061172, 15.967414 ], [ 119.061157, 15.959853 ], [ 119.061134, 15.951133 ], [ 119.061119, 15.9413 ], [ 119.061104, 15.934659 ], [ 119.061081, 15.925718 ], [ 119.061066, 15.919068 ], [ 119.06105, 15.911737 ], [ 119.061035, 15.904636 ], [ 119.06102, 15.897277 ], [ 119.060997, 15.888577 ], [ 119.060982, 15.882385 ], [ 119.060974, 15.875735 ], [ 119.060951, 15.868404 ], [ 119.060944, 15.862433 ], [ 119.060928, 15.855094 ], [ 119.060905, 15.847974 ], [ 119.060898, 15.842004 ], [ 119.060883, 15.834435 ], [ 119.06086, 15.825264 ], [ 119.060844, 15.817454 ], [ 119.060829, 15.810353 ], [ 119.060814, 15.803473 ], [ 119.060783, 15.79248 ], [ 119.060768, 15.78447 ], [ 119.060753, 15.778508 ], [ 119.060738, 15.770028 ], [ 119.060722, 15.76221 ], [ 119.060692, 15.751448 ], [ 119.060677, 15.742488 ], [ 119.060654, 15.732398 ], [ 119.060638, 15.724597 ], [ 119.060608, 15.712658 ], [ 119.060593, 15.705777 ], [ 119.060577, 15.696598 ], [ 119.060555, 15.688107 ], [ 119.060532, 15.677088 ], [ 119.060509, 15.665837 ], [ 119.060478, 15.654828 ], [ 119.060455, 15.643569 ], [ 119.060432, 15.632788 ], [ 119.06041, 15.623598 ], [ 119.060394, 15.615799 ], [ 119.060379, 15.607769 ], [ 119.060356, 15.599719 ], [ 119.060341, 15.591008 ], [ 119.060318, 15.582067 ], [ 119.060303, 15.573135 ], [ 119.06028, 15.56277 ], [ 119.060257, 15.55474 ], [ 119.060242, 15.546028 ], [ 119.060219, 15.536848 ], [ 119.060204, 15.528587 ], [ 119.060181, 15.517807 ], [ 119.060158, 15.509326 ], [ 119.06012, 15.492327 ], [ 119.060104, 15.483358 ], [ 119.060081, 15.474868 ], [ 119.060051, 15.461557 ], [ 119.060036, 15.453959 ], [ 119.060013, 15.443629 ], [ 119.059998, 15.436749 ], [ 119.059975, 15.424119 ], [ 119.059952, 15.414019 ], [ 119.059921, 15.402328 ], [ 119.059898, 15.391308 ], [ 119.059875, 15.380305 ], [ 119.059845, 15.368117 ], [ 119.059822, 15.355259 ], [ 119.059792, 15.34308 ], [ 119.059761, 15.33023 ], [ 119.059738, 15.32035 ], [ 119.059715, 15.309798 ], [ 119.0597, 15.301317 ], [ 119.059669, 15.28959 ], [ 119.059631, 15.271891 ], [ 119.059608, 15.259693 ], [ 119.059578, 15.246171 ], [ 119.059547, 15.232833 ], [ 119.059517, 15.217673 ], [ 119.059464, 15.196066 ], [ 119.059433, 15.180226 ], [ 119.059387, 15.161608 ], [ 119.059364, 15.148536 ], [ 119.059334, 15.136136 ], [ 119.059303, 15.120967 ], [ 119.059265, 15.10372 ], [ 119.059227, 15.08765 ], [ 119.059189, 15.069749 ], [ 119.059151, 15.054819 ], [ 119.059052, 15.008851 ] ], [ [ 119.998688, 18.990286 ], [ 119.995224, 18.984531 ], [ 119.983696, 18.965414 ], [ 119.965858, 18.93581 ], [ 119.947266, 18.904963 ], [ 119.912979, 18.851633 ], [ 119.868782, 18.782883 ], [ 119.834824, 18.7244 ], [ 119.809822, 18.681335 ], [ 119.790298, 18.647722 ], [ 119.769684, 18.612545 ], [ 119.760201, 18.596371 ], [ 119.74752, 18.574739 ], [ 119.735115, 18.553583 ], [ 119.716179, 18.52128 ], [ 119.694473, 18.483295 ], [ 119.684723, 18.466227 ], [ 119.646423, 18.3992 ], [ 119.630646, 18.367657 ], [ 119.618675, 18.343712 ], [ 119.608994, 18.324345 ], [ 119.581017, 18.2684 ], [ 119.563278, 18.225527 ], [ 119.553116, 18.200974 ], [ 119.528702, 18.141958 ], [ 119.508705, 18.096527 ], [ 119.498352, 18.073006 ], [ 119.489563, 18.053022 ], [ 119.473083, 18.015577 ] ], [ [ 121.91169, 21.697515 ], [ 121.905472, 21.690176 ], [ 121.883789, 21.664574 ], [ 121.852882, 21.628082 ], [ 121.833488, 21.605179 ], [ 121.809631, 21.577019 ], [ 121.801949, 21.567945 ], [ 121.795998, 21.560913 ], [ 121.783859, 21.546583 ], [ 121.771736, 21.532269 ], [ 121.761101, 21.519712 ], [ 121.750465, 21.50716 ], [ 121.741364, 21.496412 ], [ 121.728477, 21.481197 ], [ 121.718849, 21.469824 ], [ 121.709953, 21.459324 ], [ 121.695549, 21.442316 ], [ 121.686996, 21.432213 ], [ 121.677895, 21.421474 ], [ 121.669983, 21.41213 ], [ 121.661423, 21.40202 ], [ 121.653854, 21.393084 ], [ 121.648331, 21.386566 ], [ 121.639565, 21.376215 ], [ 121.627235, 21.361654 ], [ 121.618546, 21.351398 ], [ 121.612366, 21.344105 ], [ 121.603516, 21.333654 ], [ 121.597557, 21.326614 ], [ 121.590942, 21.31881 ], [ 121.583809, 21.310381 ], [ 121.57795, 21.303465 ], [ 121.572632, 21.297188 ], [ 121.560928, 21.283367 ], [ 121.556374, 21.27799 ], [ 121.550209, 21.270712 ], [ 121.542618, 21.261747 ], [ 121.536972, 21.255081 ], [ 121.530136, 21.247015 ], [ 121.525597, 21.241655 ], [ 121.517372, 21.231941 ], [ 121.511864, 21.225435 ], [ 121.505699, 21.218161 ], [ 121.500954, 21.212555 ], [ 121.493607, 21.203876 ], [ 121.487221, 21.196342 ], [ 121.480408, 21.188295 ], [ 121.472931, 21.179464 ], [ 121.467079, 21.172554 ], [ 121.461227, 21.165651 ], [ 121.456024, 21.15951 ], [ 121.44783, 21.149828 ], [ 121.44175, 21.142654 ], [ 121.435356, 21.135103 ], [ 121.429604, 21.128313 ], [ 121.422134, 21.119495 ], [ 121.417374, 21.113874 ], [ 121.413155, 21.108894 ], [ 121.406227, 21.100708 ], [ 121.39962, 21.092909 ], [ 121.393669, 21.085882 ], [ 121.387924, 21.079103 ], [ 121.380997, 21.070923 ], [ 121.373543, 21.062122 ], [ 121.365013, 21.052046 ], [ 121.356888, 21.042456 ], [ 121.349228, 21.033411 ], [ 121.341118, 21.023836 ], [ 121.3368, 21.018738 ], [ 121.331924, 21.012978 ], [ 121.326958, 21.007113 ], [ 121.321541, 21.000721 ], [ 121.315269, 20.993317 ], [ 121.309998, 20.987087 ], [ 121.304703, 20.980843 ], [ 121.300697, 20.97611 ], [ 121.295837, 20.970367 ], [ 121.289978, 20.963453 ], [ 121.284019, 20.956413 ], [ 121.278061, 20.949383 ], [ 121.269821, 20.939653 ], [ 121.263016, 20.931618 ], [ 121.257607, 20.925234 ], [ 121.250908, 20.917324 ], [ 121.246368, 20.911961 ], [ 121.240723, 20.905293 ], [ 121.231735, 20.894684 ], [ 121.226006, 20.887922 ], [ 121.220924, 20.88192 ], [ 121.214462, 20.874287 ], [ 121.209381, 20.868294 ], [ 121.203979, 20.86191 ], [ 121.200516, 20.857824 ], [ 121.197693, 20.854488 ], [ 121.193817, 20.849913 ], [ 121.189087, 20.84433 ], [ 121.186234, 20.840963 ], [ 121.183067, 20.837225 ], [ 121.178207, 20.831482 ], [ 121.174026, 20.826548 ] ], [ [ 122.816588, 24.658202 ], [ 122.659745, 23.668602 ] ] ] } },
{ "type": "Feature", "properties": { "name": "马鞍山市", "gb": "156340500" }, "geometry": { "type": "MultiPolygon", "coordinates": [ [ [ [ 118.403481, 31.915093 ], [ 118.410271, 31.896328 ], [ 118.424919, 31.898397 ], [ 118.452362, 31.882854 ], [ 118.459129, 31.8764 ], [ 118.455803, 31.865677 ], [ 118.46215, 31.852846 ], [ 118.487907, 31.843241 ], [ 118.501604, 31.846692 ], [ 118.506485, 31.829531 ], [ 118.485298, 31.811287 ], [ 118.480759, 31.800512 ], [ 118.488136, 31.785786 ], [ 118.528686, 31.764633 ], [ 118.534614, 31.758459 ], [ 118.524696, 31.746073 ], [ 118.548897, 31.737406 ], [ 118.58461, 31.75005 ], [ 118.595078, 31.760599 ], [ 118.623825, 31.7675 ], [ 118.631622, 31.765675 ], [ 118.649643, 31.742552 ], [ 118.671951, 31.733173 ], [ 118.686737, 31.712334 ], [ 118.661507, 31.688957 ], [ 118.642181, 31.680012 ], [ 118.640579, 31.670387 ], [ 118.645958, 31.652983 ], [ 118.667175, 31.642227 ], [ 118.69912, 31.643387 ], [ 118.721397, 31.636749 ], [ 118.728645, 31.644081 ], [ 118.746635, 31.68211 ], [ 118.769196, 31.685772 ], [ 118.789597, 31.671791 ], [ 118.780457, 31.657135 ], [ 118.788765, 31.632849 ], [ 118.795471, 31.626661 ], [ 118.804596, 31.624138 ], [ 118.828345, 31.63674 ], [ 118.859612, 31.624331 ], [ 118.8647, 31.616764 ], [ 118.874039, 31.580332 ], [ 118.868363, 31.549179 ], [ 118.88414, 31.519609 ], [ 118.87873, 31.479179 ], [ 118.876, 31.451344 ], [ 118.864285, 31.426024 ], [ 118.840317, 31.39823 ], [ 118.80703, 31.373074 ], [ 118.764046, 31.36186 ], [ 118.752747, 31.367783 ], [ 118.742035, 31.367096 ], [ 118.713057, 31.326432 ], [ 118.709027, 31.328354 ], [ 118.693775, 31.309979 ], [ 118.652847, 31.306787 ], [ 118.609888, 31.295676 ], [ 118.603957, 31.298193 ], [ 118.575352, 31.29219 ], [ 118.569573, 31.295204 ], [ 118.567357, 31.303978 ], [ 118.547894, 31.322886 ], [ 118.544639, 31.337258 ], [ 118.552457, 31.348617 ], [ 118.548058, 31.358002 ], [ 118.516498, 31.382952 ], [ 118.519786, 31.404254 ], [ 118.490192, 31.406956 ], [ 118.483344, 31.395913 ], [ 118.46366, 31.394376 ], [ 118.461699, 31.399895 ], [ 118.456664, 31.399827 ], [ 118.439644, 31.395042 ], [ 118.419275, 31.458457 ], [ 118.424475, 31.458533 ], [ 118.42828, 31.473266 ], [ 118.417581, 31.481542 ], [ 118.410354, 31.504079 ], [ 118.40513, 31.497844 ], [ 118.398069, 31.499889 ], [ 118.379652, 31.518489 ], [ 118.371054, 31.520577 ], [ 118.339989, 31.468519 ], [ 118.334646, 31.451842 ], [ 118.318995, 31.437838 ], [ 118.312145, 31.44157 ], [ 118.308147, 31.45505 ], [ 118.315615, 31.487305 ], [ 118.311636, 31.493834 ], [ 118.304827, 31.502397 ], [ 118.288003, 31.499179 ], [ 118.269798, 31.508268 ], [ 118.243889, 31.535614 ], [ 118.214006, 31.526512 ], [ 118.198474, 31.528873 ], [ 118.191574, 31.537606 ], [ 118.176948, 31.540194 ], [ 118.147353, 31.521943 ], [ 118.131736, 31.520928 ], [ 118.127915, 31.51573 ], [ 118.130557, 31.503942 ], [ 118.14521, 31.47174 ], [ 118.139712, 31.468991 ], [ 118.134456, 31.472633 ], [ 118.122513, 31.463717 ], [ 118.123272, 31.443857 ], [ 118.126726, 31.438724 ], [ 118.165382, 31.432355 ], [ 118.156822, 31.414414 ], [ 118.163408, 31.404022 ], [ 118.159669, 31.401077 ], [ 118.111265, 31.412226 ], [ 117.985808, 31.440444 ], [ 117.979226, 31.43444 ], [ 117.973782, 31.435267 ], [ 117.969143, 31.439517 ], [ 117.962467, 31.467593 ], [ 117.976089, 31.468925 ], [ 117.979692, 31.474026 ], [ 117.953845, 31.480865 ], [ 117.954913, 31.491255 ], [ 117.966072, 31.497478 ], [ 117.960247, 31.500972 ], [ 117.950091, 31.520729 ], [ 117.93392, 31.526849 ], [ 117.946028, 31.541158 ], [ 117.924238, 31.539622 ], [ 117.914206, 31.552032 ], [ 117.903179, 31.549572 ], [ 117.902125, 31.559041 ], [ 117.909342, 31.567725 ], [ 117.923116, 31.571259 ], [ 117.929806, 31.579814 ], [ 117.93116, 31.592089 ], [ 117.92641, 31.608387 ], [ 117.936133, 31.628674 ], [ 117.950316, 31.628493 ], [ 117.955134, 31.619121 ], [ 117.965907, 31.622459 ], [ 117.968631, 31.641101 ], [ 117.962863, 31.645401 ], [ 117.958404, 31.665291 ], [ 117.934564, 31.673801 ], [ 117.916145, 31.696788 ], [ 117.901839, 31.699157 ], [ 117.896389, 31.706398 ], [ 117.931674, 31.73285 ], [ 117.910868, 31.745695 ], [ 117.909395, 31.752821 ], [ 117.920709, 31.76186 ], [ 117.906375, 31.766439 ], [ 117.901204, 31.772674 ], [ 117.905265, 31.784992 ], [ 117.911103, 31.789388 ], [ 117.90002, 31.802806 ], [ 117.898702, 31.822756 ], [ 117.908729, 31.827961 ], [ 117.902965, 31.842159 ], [ 117.93374, 31.852951 ], [ 117.938656, 31.87596 ], [ 117.953245, 31.904248 ], [ 117.963705, 31.904805 ], [ 117.969655, 31.88956 ], [ 118.009876, 31.872787 ], [ 118.010756, 31.85835 ], [ 118.016981, 31.86036 ], [ 118.029563, 31.847923 ], [ 118.034689, 31.850054 ], [ 118.031954, 31.857499 ], [ 118.052216, 31.863065 ], [ 118.062946, 31.863248 ], [ 118.065761, 31.852206 ], [ 118.079288, 31.85498 ], [ 118.080482, 31.879207 ], [ 118.105495, 31.896273 ], [ 118.114036, 31.907405 ], [ 118.128825, 31.903956 ], [ 118.1538, 31.908443 ], [ 118.165461, 31.904317 ], [ 118.183491, 31.913084 ], [ 118.18365, 31.918997 ], [ 118.197623, 31.928651 ], [ 118.217282, 31.928653 ], [ 118.299069, 31.992412 ], [ 118.32191, 32.025124 ], [ 118.367459, 32.048869 ], [ 118.368773, 32.059226 ], [ 118.381455, 32.062249 ], [ 118.380424, 32.035366 ], [ 118.390465, 32.023785 ], [ 118.380028, 31.997711 ], [ 118.370636, 31.987837 ], [ 118.370155, 31.973179 ], [ 118.361023, 31.965595 ], [ 118.359192, 31.95162 ], [ 118.364098, 31.937202 ], [ 118.376801, 31.92281 ], [ 118.403481, 31.915093 ] ] ] ] } },
{ "type": "Feature", "properties": { "name": "镇江市", "gb": "156321100" }, "geometry": { "type": "MultiPolygon", "coordinates": [ [ [ [ 119.819227, 32.305146 ], [ 119.859148, 32.275476 ], [ 119.868999, 32.263597 ], [ 119.884101, 32.226032 ], [ 119.900127, 32.159345 ], [ 119.925153, 32.089946 ], [ 119.969338, 32.01763 ], [ 119.940411, 32.005507 ], [ 119.912064, 32.006344 ], [ 119.900197, 32.019538 ], [ 119.89109, 32.04215 ], [ 119.893245, 32.048832 ], [ 119.884355, 32.049113 ], [ 119.878453, 32.041354 ], [ 119.871169, 32.046841 ], [ 119.865797, 32.06107 ], [ 119.856663, 32.055849 ], [ 119.839884, 32.061775 ], [ 119.82741, 32.054157 ], [ 119.794733, 32.057318 ], [ 119.784203, 32.041169 ], [ 119.775007, 32.019492 ], [ 119.774912, 31.995659 ], [ 119.763112, 31.956726 ], [ 119.765437, 31.94882 ], [ 119.772443, 31.947068 ], [ 119.784888, 31.931159 ], [ 119.777092, 31.922886 ], [ 119.778557, 31.904667 ], [ 119.767541, 31.903727 ], [ 119.758795, 31.891957 ], [ 119.754467, 31.889107 ], [ 119.749336, 31.891866 ], [ 119.748338, 31.888483 ], [ 119.759698, 31.87472 ], [ 119.758164, 31.8622 ], [ 119.765445, 31.850097 ], [ 119.780473, 31.855112 ], [ 119.805704, 31.854275 ], [ 119.79471, 31.834146 ], [ 119.780815, 31.82085 ], [ 119.784664, 31.809927 ], [ 119.760071, 31.809469 ], [ 119.753415, 31.787934 ], [ 119.735203, 31.773374 ], [ 119.733521, 31.764107 ], [ 119.729252, 31.742998 ], [ 119.739093, 31.732702 ], [ 119.729371, 31.732045 ], [ 119.704958, 31.740468 ], [ 119.702028, 31.752258 ], [ 119.690448, 31.756628 ], [ 119.684448, 31.771044 ], [ 119.650347, 31.776284 ], [ 119.642987, 31.784845 ], [ 119.640449, 31.792832 ], [ 119.643746, 31.796003 ], [ 119.639208, 31.800234 ], [ 119.633094, 31.797159 ], [ 119.629745, 31.80408 ], [ 119.623307, 31.805353 ], [ 119.619421, 31.799388 ], [ 119.609233, 31.798741 ], [ 119.598974, 31.809822 ], [ 119.59672, 31.817736 ], [ 119.601382, 31.823283 ], [ 119.586327, 31.840545 ], [ 119.584118, 31.850838 ], [ 119.574225, 31.847733 ], [ 119.553567, 31.859579 ], [ 119.501287, 31.855636 ], [ 119.470539, 31.87396 ], [ 119.46323, 31.873619 ], [ 119.455659, 31.886028 ], [ 119.448152, 31.888983 ], [ 119.417687, 31.873625 ], [ 119.421072, 31.869128 ], [ 119.410489, 31.85688 ], [ 119.42535, 31.84849 ], [ 119.429898, 31.837056 ], [ 119.437726, 31.8316 ], [ 119.435852, 31.828294 ], [ 119.427567, 31.828689 ], [ 119.422529, 31.835108 ], [ 119.414261, 31.831897 ], [ 119.394177, 31.835361 ], [ 119.383933, 31.847972 ], [ 119.36986, 31.848522 ], [ 119.354285, 31.85931 ], [ 119.334592, 31.859792 ], [ 119.323304, 31.849255 ], [ 119.321704, 31.834015 ], [ 119.309801, 31.815258 ], [ 119.30822, 31.801663 ], [ 119.314116, 31.798579 ], [ 119.313035, 31.788027 ], [ 119.302237, 31.778211 ], [ 119.297389, 31.761099 ], [ 119.303741, 31.744712 ], [ 119.301132, 31.737313 ], [ 119.311511, 31.731451 ], [ 119.320801, 31.734349 ], [ 119.324455, 31.730302 ], [ 119.323459, 31.722528 ], [ 119.31763, 31.723434 ], [ 119.314725, 31.718078 ], [ 119.323578, 31.707648 ], [ 119.316774, 31.685692 ], [ 119.292494, 31.655861 ], [ 119.254971, 31.634763 ], [ 119.230297, 31.627166 ], [ 119.223754, 31.631879 ], [ 119.205529, 31.632614 ], [ 119.200731, 31.649409 ], [ 119.178515, 31.64969 ], [ 119.180556, 31.655112 ], [ 119.188469, 31.657296 ], [ 119.187349, 31.667323 ], [ 119.181491, 31.669469 ], [ 119.186156, 31.686783 ], [ 119.183109, 31.691705 ], [ 119.170152, 31.699297 ], [ 119.153848, 31.700328 ], [ 119.139833, 31.713605 ], [ 119.140251, 31.71957 ], [ 119.121726, 31.729413 ], [ 119.121211, 31.735819 ], [ 119.103611, 31.748159 ], [ 119.101144, 31.754424 ], [ 119.091035, 31.756878 ], [ 119.089803, 31.766481 ], [ 119.080564, 31.772917 ], [ 119.068888, 31.770325 ], [ 119.0736, 31.783012 ], [ 119.069797, 31.78737 ], [ 119.05985, 31.784637 ], [ 119.04728, 31.792276 ], [ 119.005139, 31.781536 ], [ 118.994099, 31.769476 ], [ 118.984135, 31.765796 ], [ 118.973304, 31.76956 ], [ 118.976675, 31.772793 ], [ 118.973582, 31.785876 ], [ 118.986441, 31.784853 ], [ 118.98847, 31.780158 ], [ 119.000124, 31.789315 ], [ 118.999967, 31.796439 ], [ 118.982074, 31.819004 ], [ 118.96518, 31.828341 ], [ 118.974674, 31.845221 ], [ 118.995183, 31.847479 ], [ 119.000229, 31.842031 ], [ 119.005536, 31.847675 ], [ 119.014963, 31.846746 ], [ 119.046712, 31.863569 ], [ 119.067942, 31.86673 ], [ 119.088491, 31.862291 ], [ 119.095248, 31.868001 ], [ 119.101854, 31.886238 ], [ 119.112103, 31.888864 ], [ 119.113971, 31.896482 ], [ 119.096525, 31.937171 ], [ 119.035205, 31.939818 ], [ 119.021024, 31.957574 ], [ 119.028826, 31.964771 ], [ 119.06547, 31.977498 ], [ 119.06713, 31.969101 ], [ 119.076348, 31.975676 ], [ 119.087323, 31.976082 ], [ 119.100207, 31.967615 ], [ 119.115066, 31.980142 ], [ 119.099852, 32.008495 ], [ 119.093488, 32.001833 ], [ 119.084615, 32.005025 ], [ 119.089077, 32.01641 ], [ 119.08779, 32.037039 ], [ 119.080691, 32.051053 ], [ 119.092845, 32.064715 ], [ 119.094623, 32.090808 ], [ 119.077198, 32.099034 ], [ 119.072237, 32.108923 ], [ 119.066031, 32.111188 ], [ 119.055704, 32.105961 ], [ 119.045016, 32.10627 ], [ 119.04402, 32.112511 ], [ 119.025709, 32.115694 ], [ 119.02656, 32.118506 ], [ 119.003555, 32.118004 ], [ 119.005717, 32.128276 ], [ 119.013337, 32.13098 ], [ 119.039555, 32.162294 ], [ 119.069647, 32.163529 ], [ 119.076271, 32.180455 ], [ 119.129402, 32.195321 ], [ 119.145134, 32.18959 ], [ 119.150788, 32.182853 ], [ 119.174595, 32.190632 ], [ 119.189731, 32.18688 ], [ 119.209633, 32.192205 ], [ 119.215314, 32.202417 ], [ 119.233925, 32.217165 ], [ 119.235608, 32.221806 ], [ 119.220107, 32.226256 ], [ 119.251252, 32.234942 ], [ 119.3125, 32.237196 ], [ 119.355803, 32.229539 ], [ 119.384268, 32.228909 ], [ 119.40438, 32.245908 ], [ 119.440345, 32.26096 ], [ 119.472484, 32.265659 ], [ 119.509917, 32.254543 ], [ 119.516901, 32.258573 ], [ 119.531603, 32.267491 ], [ 119.538017, 32.284618 ], [ 119.572506, 32.287141 ], [ 119.572689, 32.277805 ], [ 119.564138, 32.277311 ], [ 119.566154, 32.248492 ], [ 119.586269, 32.255332 ], [ 119.61132, 32.252288 ], [ 119.614837, 32.22457 ], [ 119.618964, 32.220839 ], [ 119.62511, 32.230992 ], [ 119.622655, 32.251194 ], [ 119.627586, 32.259032 ], [ 119.666872, 32.269069 ], [ 119.688755, 32.283132 ], [ 119.700992, 32.281099 ], [ 119.713085, 32.297647 ], [ 119.731398, 32.312613 ], [ 119.762561, 32.326405 ], [ 119.801003, 32.318806 ], [ 119.819227, 32.305146 ] ] ] ] } },
{ "type": "Feature", "properties": { "name": "上海市", "gb": "156310000" }, "geometry": { "type": "MultiPolygon", "coordinates": [ [ [ [ 121.956833, 31.231356 ], [ 122.002383, 31.221654 ], [ 122.02354, 31.22424 ], [ 122.029053, 31.198587 ], [ 122.007616, 31.16065 ], [ 121.989931, 31.154252 ], [ 121.956892, 31.165608 ], [ 121.937389, 31.194718 ], [ 121.937179, 31.21946 ], [ 121.956833, 31.231356 ] ] ], [ [ [ 121.920797, 31.232666 ], [ 121.917123, 31.198141 ], [ 121.896429, 31.206651 ], [ 121.875395, 31.231159 ], [ 121.890775, 31.245006 ], [ 121.920797, 31.232666 ] ] ], [ [ [ 122.113366, 31.309615 ], [ 122.090518, 31.26425 ], [ 122.008134, 31.28921 ], [ 121.98374, 31.284125 ], [ 121.934134, 31.284699 ], [ 121.910409, 31.291788 ], [ 121.851963, 31.296801 ], [ 121.829076, 31.302758 ], [ 121.80366, 31.331531 ], [ 121.796981, 31.382294 ], [ 121.838223, 31.375349 ], [ 121.950532, 31.335434 ], [ 122.006007, 31.325242 ], [ 122.108101, 31.319428 ], [ 122.113366, 31.309615 ] ] ], [ [ [ 121.786709, 31.359951 ], [ 121.791695, 31.31338 ], [ 121.762097, 31.320405 ], [ 121.734652, 31.352609 ], [ 121.635683, 31.408497 ], [ 121.612038, 31.425947 ], [ 121.575504, 31.439438 ], [ 121.512859, 31.493289 ], [ 121.545627, 31.490779 ], [ 121.603308, 31.485357 ], [ 121.669922, 31.455391 ], [ 121.720794, 31.424925 ], [ 121.717268, 31.410561 ], [ 121.765254, 31.389212 ], [ 121.786709, 31.359951 ] ] ], [ [ [ 121.303818, 31.510864 ], [ 121.320999, 31.502085 ], [ 121.332901, 31.50695 ], [ 121.335267, 31.508766 ], [ 121.358952, 31.500546 ], [ 121.402555, 31.474717 ], [ 121.489165, 31.416353 ], [ 121.510487, 31.389581 ], [ 121.522185, 31.38959 ], [ 121.582733, 31.372484 ], [ 121.680147, 31.319022 ], [ 121.724917, 31.28205 ], [ 121.814342, 31.17513 ], [ 121.873556, 31.134582 ], [ 121.918292, 31.094988 ], [ 121.890451, 31.075187 ], [ 121.939872, 30.998357 ], [ 121.973408, 30.920755 ], [ 121.972237, 30.893382 ], [ 121.96059, 30.877841 ], [ 121.887817, 30.848762 ], [ 121.848617, 30.850938 ], [ 121.834707, 30.845348 ], [ 121.764711, 30.848169 ], [ 121.717805, 30.850033 ], [ 121.654819, 30.845394 ], [ 121.531608, 30.812411 ], [ 121.458445, 30.781734 ], [ 121.42725, 30.769745 ], [ 121.38054, 30.744252 ], [ 121.361454, 30.717891 ], [ 121.33087, 30.698193 ], [ 121.274768, 30.694376 ], [ 121.267601, 30.70163 ], [ 121.269058, 30.728523 ], [ 121.264748, 30.738293 ], [ 121.253723, 30.74997 ], [ 121.235298, 30.76009 ], [ 121.223007, 30.785507 ], [ 121.202698, 30.788002 ], [ 121.173195, 30.779016 ], [ 121.154579, 30.786594 ], [ 121.129456, 30.782072 ], [ 121.119659, 30.788258 ], [ 121.118416, 30.808889 ], [ 121.12429, 30.823961 ], [ 121.133278, 30.833595 ], [ 121.122673, 30.839993 ], [ 121.1157, 30.857037 ], [ 121.062546, 30.853638 ], [ 121.041077, 30.835644 ], [ 121.036384, 30.826235 ], [ 121.032735, 30.827631 ], [ 121.008537, 30.838148 ], [ 120.987701, 30.824984 ], [ 120.983032, 30.828995 ], [ 120.986145, 30.838718 ], [ 121.004662, 30.857334 ], [ 121.011925, 30.877727 ], [ 121.000885, 30.888693 ], [ 120.981461, 30.895309 ], [ 120.989525, 30.908375 ], [ 120.986923, 30.951242 ], [ 120.985626, 30.965214 ], [ 120.992218, 30.974798 ], [ 120.990074, 30.989895 ], [ 120.994995, 31.001501 ], [ 120.983925, 31.012695 ], [ 120.961548, 31.019232 ], [ 120.954895, 31.026175 ], [ 120.895119, 31.011978 ], [ 120.895416, 31.033108 ], [ 120.890869, 31.040564 ], [ 120.895622, 31.085688 ], [ 120.858162, 31.109486 ], [ 120.880409, 31.136251 ], [ 120.958771, 31.140837 ], [ 120.975639, 31.13232 ], [ 121.010307, 31.141247 ], [ 121.046684, 31.139877 ], [ 121.043762, 31.154497 ], [ 121.072105, 31.161409 ], [ 121.060249, 31.210009 ], [ 121.058838, 31.265526 ], [ 121.078987, 31.285772 ], [ 121.109184, 31.27895 ], [ 121.141457, 31.281584 ], [ 121.145463, 31.285577 ], [ 121.145554, 31.302572 ], [ 121.124321, 31.305494 ], [ 121.117104, 31.312891 ], [ 121.125732, 31.326645 ], [ 121.133957, 31.328686 ], [ 121.12986, 31.346718 ], [ 121.114319, 31.347023 ], [ 121.106354, 31.360598 ], [ 121.111893, 31.378639 ], [ 121.141342, 31.38648 ], [ 121.153984, 31.408136 ], [ 121.146683, 31.418058 ], [ 121.164833, 31.427912 ], [ 121.14885, 31.440832 ], [ 121.178047, 31.448889 ], [ 121.191132, 31.473993 ], [ 121.23291, 31.490833 ], [ 121.249443, 31.477226 ], [ 121.290001, 31.490805 ], [ 121.298551, 31.498998 ], [ 121.303818, 31.510864 ] ] ], [ [ [ 121.495987, 31.752167 ], [ 121.58992, 31.703503 ], [ 121.59761, 31.703503 ], [ 121.598518, 31.708483 ], [ 121.628395, 31.695354 ], [ 121.639717, 31.697618 ], [ 121.797707, 31.648727 ], [ 121.879638, 31.632657 ], [ 121.878764, 31.611921 ], [ 121.959841, 31.549516 ], [ 121.978654, 31.528963 ], [ 121.983262, 31.498673 ], [ 121.953197, 31.506583 ], [ 121.938602, 31.479093 ], [ 121.900682, 31.450558 ], [ 121.882599, 31.443054 ], [ 121.829696, 31.439884 ], [ 121.736122, 31.485024 ], [ 121.713762, 31.498331 ], [ 121.655727, 31.517368 ], [ 121.61632, 31.51974 ], [ 121.553429, 31.545016 ], [ 121.477397, 31.587292 ], [ 121.464748, 31.588221 ], [ 121.345356, 31.64411 ], [ 121.313427, 31.66734 ], [ 121.291624, 31.692882 ], [ 121.245719, 31.704922 ], [ 121.244379, 31.727732 ], [ 121.213275, 31.733689 ], [ 121.188506, 31.76523 ], [ 121.162666, 31.789844 ], [ 121.216324, 31.833574 ], [ 121.264416, 31.856551 ], [ 121.293216, 31.866154 ], [ 121.337019, 31.851022 ], [ 121.386615, 31.824557 ], [ 121.406715, 31.803141 ], [ 121.4049, 31.794332 ], [ 121.416039, 31.775679 ], [ 121.427807, 31.769291 ], [ 121.452751, 31.76009 ], [ 121.495987, 31.752167 ] ] ] ] } },
{ "type": "Feature", "properties": { "name": "扬州市", "gb": "156321000" }, "geometry": { "type": "MultiPolygon", "coordinates": [ [ [ [ 119.550355, 33.410234 ], [ 119.560345, 33.397465 ], [ 119.567453, 33.386387 ], [ 119.566292, 33.379797 ], [ 119.600772, 33.38123 ], [ 119.60541, 33.365541 ], [ 119.595083, 33.363499 ], [ 119.595917, 33.359952 ], [ 119.606188, 33.359719 ], [ 119.609623, 33.348503 ], [ 119.605217, 33.344487 ], [ 119.613796, 33.337292 ], [ 119.62754, 33.336917 ], [ 119.629731, 33.32306 ], [ 119.626468, 33.316733 ], [ 119.636252, 33.312855 ], [ 119.633271, 33.296932 ], [ 119.642517, 33.282312 ], [ 119.651056, 33.280871 ], [ 119.652038, 33.288078 ], [ 119.680167, 33.296722 ], [ 119.696163, 33.29657 ], [ 119.704111, 33.287136 ], [ 119.709549, 33.275207 ], [ 119.695854, 33.268912 ], [ 119.695156, 33.260084 ], [ 119.679702, 33.239607 ], [ 119.688272, 33.225771 ], [ 119.709106, 33.220389 ], [ 119.708214, 33.216155 ], [ 119.687566, 33.219515 ], [ 119.687235, 33.213933 ], [ 119.702234, 33.213826 ], [ 119.701355, 33.208893 ], [ 119.692924, 33.207489 ], [ 119.687345, 33.211616 ], [ 119.677201, 33.182626 ], [ 119.664755, 33.178131 ], [ 119.652032, 33.161507 ], [ 119.639038, 33.156723 ], [ 119.637685, 33.136597 ], [ 119.642544, 33.122146 ], [ 119.635142, 33.120567 ], [ 119.638649, 33.113092 ], [ 119.643598, 33.113442 ], [ 119.642475, 33.107572 ], [ 119.657785, 33.090273 ], [ 119.668333, 33.086279 ], [ 119.667101, 33.093091 ], [ 119.673339, 33.095711 ], [ 119.685526, 33.081348 ], [ 119.681496, 33.069956 ], [ 119.682159, 33.047753 ], [ 119.694394, 33.047781 ], [ 119.695256, 33.041668 ], [ 119.687994, 33.038488 ], [ 119.688574, 33.018617 ], [ 119.691656, 33.010142 ], [ 119.706946, 33.008203 ], [ 119.708826, 33.002004 ], [ 119.69648, 32.985661 ], [ 119.697234, 32.973957 ], [ 119.685807, 32.967244 ], [ 119.686868, 32.953243 ], [ 119.711598, 32.939922 ], [ 119.716916, 32.920515 ], [ 119.713635, 32.903672 ], [ 119.75184, 32.905023 ], [ 119.756202, 32.906147 ], [ 119.757926, 32.913556 ], [ 119.779689, 32.914283 ], [ 119.787863, 32.908773 ], [ 119.785523, 32.901641 ], [ 119.77898, 32.898549 ], [ 119.779578, 32.892672 ], [ 119.802, 32.854756 ], [ 119.789201, 32.843568 ], [ 119.78916, 32.839738 ], [ 119.797652, 32.84049 ], [ 119.80018, 32.824475 ], [ 119.793378, 32.82349 ], [ 119.789968, 32.808904 ], [ 119.823131, 32.805629 ], [ 119.826903, 32.803323 ], [ 119.826126, 32.796295 ], [ 119.824715, 32.780889 ], [ 119.829838, 32.775656 ], [ 119.842877, 32.781959 ], [ 119.858683, 32.778078 ], [ 119.854655, 32.758753 ], [ 119.837915, 32.749073 ], [ 119.839883, 32.734735 ], [ 119.850099, 32.729053 ], [ 119.857411, 32.705361 ], [ 119.875166, 32.700223 ], [ 119.866365, 32.681028 ], [ 119.875, 32.673362 ], [ 119.886433, 32.673772 ], [ 119.905036, 32.633344 ], [ 119.905458, 32.631363 ], [ 119.906625, 32.628476 ], [ 119.894031, 32.621629 ], [ 119.872028, 32.618058 ], [ 119.850161, 32.638318 ], [ 119.828142, 32.642992 ], [ 119.823786, 32.631477 ], [ 119.809394, 32.629132 ], [ 119.816838, 32.609273 ], [ 119.816994, 32.587831 ], [ 119.811886, 32.579789 ], [ 119.8116, 32.567212 ], [ 119.816204, 32.563131 ], [ 119.832664, 32.56147 ], [ 119.834132, 32.541984 ], [ 119.817627, 32.539059 ], [ 119.81805, 32.498899 ], [ 119.815524, 32.478631 ], [ 119.809884, 32.474409 ], [ 119.822749, 32.462823 ], [ 119.849086, 32.468308 ], [ 119.856199, 32.45644 ], [ 119.855445, 32.445103 ], [ 119.868384, 32.420863 ], [ 119.849112, 32.418145 ], [ 119.847165, 32.41258 ], [ 119.851158, 32.40391 ], [ 119.839729, 32.398162 ], [ 119.841272, 32.392051 ], [ 119.851917, 32.386343 ], [ 119.848791, 32.363732 ], [ 119.841032, 32.364539 ], [ 119.832748, 32.356728 ], [ 119.844006, 32.327877 ], [ 119.819227, 32.305146 ], [ 119.801003, 32.318806 ], [ 119.762561, 32.326405 ], [ 119.731398, 32.312613 ], [ 119.713085, 32.297647 ], [ 119.700992, 32.281099 ], [ 119.688755, 32.283132 ], [ 119.666872, 32.269069 ], [ 119.627586, 32.259032 ], [ 119.622655, 32.251194 ], [ 119.62511, 32.230992 ], [ 119.618964, 32.220839 ], [ 119.614837, 32.22457 ], [ 119.61132, 32.252288 ], [ 119.586269, 32.255332 ], [ 119.566154, 32.248492 ], [ 119.564138, 32.277311 ], [ 119.572689, 32.277805 ], [ 119.572506, 32.287141 ], [ 119.538017, 32.284618 ], [ 119.531603, 32.267491 ], [ 119.516901, 32.258573 ], [ 119.509917, 32.254543 ], [ 119.472484, 32.265659 ], [ 119.440345, 32.26096 ], [ 119.40438, 32.245908 ], [ 119.384268, 32.228909 ], [ 119.355803, 32.229539 ], [ 119.3125, 32.237196 ], [ 119.251252, 32.234942 ], [ 119.220107, 32.226256 ], [ 119.153208, 32.244679 ], [ 119.118144, 32.246968 ], [ 119.078989, 32.241098 ], [ 119.068971, 32.251205 ], [ 119.030706, 32.260328 ], [ 119.036986, 32.278351 ], [ 119.032441, 32.293887 ], [ 119.036194, 32.305975 ], [ 119.028766, 32.311459 ], [ 119.034011, 32.331464 ], [ 119.021004, 32.349945 ], [ 119.036191, 32.365874 ], [ 119.03118, 32.372589 ], [ 119.023985, 32.374363 ], [ 119.020312, 32.370963 ], [ 119.014737, 32.376976 ], [ 119.016853, 32.381216 ], [ 119.032249, 32.384991 ], [ 119.028232, 32.390654 ], [ 119.018485, 32.393284 ], [ 119.00624, 32.409554 ], [ 119.010442, 32.420597 ], [ 119.017601, 32.423266 ], [ 119.024318, 32.433453 ], [ 119.013199, 32.458305 ], [ 119.03061, 32.454603 ], [ 119.045386, 32.464427 ], [ 119.058805, 32.464512 ], [ 119.07962, 32.454601 ], [ 119.092712, 32.469975 ], [ 119.129013, 32.493427 ], [ 119.142296, 32.494568 ], [ 119.136788, 32.501316 ], [ 119.146339, 32.515373 ], [ 119.148292, 32.528416 ], [ 119.162949, 32.540543 ], [ 119.161239, 32.547916 ], [ 119.14901, 32.556854 ], [ 119.148369, 32.563751 ], [ 119.165512, 32.577438 ], [ 119.175034, 32.600212 ], [ 119.178055, 32.601765 ], [ 119.185341, 32.589928 ], [ 119.206894, 32.574848 ], [ 119.214851, 32.578602 ], [ 119.216492, 32.60014 ], [ 119.223288, 32.604725 ], [ 119.22567, 32.60915 ], [ 119.213325, 32.613968 ], [ 119.214386, 32.633678 ], [ 119.201485, 32.659161 ], [ 119.186699, 32.674572 ], [ 119.200958, 32.701618 ], [ 119.204475, 32.722206 ], [ 119.202827, 32.742428 ], [ 119.194733, 32.754738 ], [ 119.185883, 32.790695 ], [ 119.180603, 32.827656 ], [ 119.26342, 32.803035 ], [ 119.287265, 32.801601 ], [ 119.299335, 32.802727 ], [ 119.329653, 32.824421 ], [ 119.3342, 32.834385 ], [ 119.318728, 32.882271 ], [ 119.320247, 32.993925 ], [ 119.323298, 33.002114 ], [ 119.350844, 33.028144 ], [ 119.35672, 33.044328 ], [ 119.355098, 33.05584 ], [ 119.337655, 33.066316 ], [ 119.329839, 33.084867 ], [ 119.317494, 33.099908 ], [ 119.312051, 33.125522 ], [ 119.270733, 33.150376 ], [ 119.249962, 33.180228 ], [ 119.249734, 33.163951 ], [ 119.241318, 33.165026 ], [ 119.219991, 33.153706 ], [ 119.217673, 33.164038 ], [ 119.223152, 33.166671 ], [ 119.2175, 33.18457 ], [ 119.212543, 33.184565 ], [ 119.209773, 33.205872 ], [ 119.166616, 33.20897 ], [ 119.158496, 33.200647 ], [ 119.152725, 33.213243 ], [ 119.14227, 33.214529 ], [ 119.141309, 33.25836 ], [ 119.155687, 33.271212 ], [ 119.155721, 33.284464 ], [ 119.146688, 33.287714 ], [ 119.213415, 33.290574 ], [ 119.215997, 33.297133 ], [ 119.25803, 33.303707 ], [ 119.24413, 33.318653 ], [ 119.228382, 33.349115 ], [ 119.303577, 33.36853 ], [ 119.305426, 33.372506 ], [ 119.325897, 33.370092 ], [ 119.39147, 33.381083 ], [ 119.39923, 33.37641 ], [ 119.432033, 33.380366 ], [ 119.45733, 33.397153 ], [ 119.452631, 33.403094 ], [ 119.483391, 33.413182 ], [ 119.499775, 33.41175 ], [ 119.49966, 33.408817 ], [ 119.533302, 33.417195 ], [ 119.550355, 33.410234 ] ] ] ] } },
{ "type": "Feature", "properties": { "name": "境界线", "gb": "" }, "geometry": { "type": "MultiLineString", "coordinates": [ [ [ 120.506295, 27.088596 ], [ 120.464886, 27.13361 ], [ 120.458456, 27.143329 ], [ 120.435486, 27.170673 ], [ 120.432465, 27.174261 ], [ 120.428734, 27.178772 ], [ 120.424766, 27.182816 ], [ 120.421822, 27.186884 ], [ 120.417595, 27.190922 ], [ 120.41362, 27.194965 ], [ 120.409363, 27.199923 ], [ 120.407478, 27.202866 ], [ 120.406349, 27.206285 ], [ 120.406548, 27.208355 ], [ 120.406746, 27.210426 ], [ 120.4077, 27.213202 ], [ 120.408935, 27.214838 ], [ 120.410072, 27.220144 ], [ 120.41053, 27.221991 ], [ 120.410721, 27.224291 ], [ 120.410652, 27.226585 ], [ 120.409286, 27.22954 ], [ 120.407952, 27.231117 ], [ 120.405541, 27.234508 ], [ 120.403152, 27.23698 ], [ 120.401207, 27.242216 ], [ 120.400101, 27.244719 ], [ 120.400246, 27.248854 ], [ 120.400177, 27.251148 ], [ 120.40194, 27.252565 ], [ 120.40422, 27.253763 ], [ 120.406784, 27.254051 ], [ 120.409843, 27.254808 ], [ 120.412682, 27.254642 ], [ 120.417045, 27.254969 ], [ 120.419853, 27.255718 ], [ 120.421883, 27.256683 ], [ 120.422562, 27.259913 ], [ 120.422493, 27.262436 ], [ 120.42086, 27.265614 ], [ 120.419502, 27.26811 ], [ 120.416863, 27.270348 ], [ 120.413193, 27.27256 ], [ 120.40979, 27.274782 ], [ 120.407387, 27.277712 ] ] ] } },
{ "type": "Feature", "properties": { "name": "安庆市", "gb": "156340800" }, "geometry": { "type": "MultiPolygon", "coordinates": [ [ [ [ 117.021353, 31.260169 ], [ 117.028455, 31.260118 ], [ 117.037473, 31.261659 ], [ 117.046023, 31.237731 ], [ 117.061007, 31.237882 ], [ 117.068583, 31.244786 ], [ 117.077514, 31.243284 ], [ 117.076747, 31.220427 ], [ 117.087407, 31.212059 ], [ 117.090089, 31.200366 ], [ 117.12034, 31.144748 ], [ 117.113204, 31.124716 ], [ 117.118578, 31.103626 ], [ 117.113678, 31.083423 ], [ 117.136302, 31.072616 ], [ 117.144829, 31.077556 ], [ 117.152511, 31.073518 ], [ 117.139132, 31.056227 ], [ 117.140344, 31.041394 ], [ 117.13332, 31.035934 ], [ 117.13811, 31.012901 ], [ 117.126724, 31.008115 ], [ 117.091854, 31.015182 ], [ 117.087533, 30.988135 ], [ 117.076256, 30.976812 ], [ 117.074418, 30.969223 ], [ 117.099356, 30.858522 ], [ 117.098519, 30.76887 ], [ 117.120672, 30.752772 ], [ 117.119332, 30.742238 ], [ 117.158455, 30.714448 ], [ 117.16506, 30.695547 ], [ 117.173717, 30.694358 ], [ 117.189723, 30.702301 ], [ 117.200752, 30.702299 ], [ 117.198648, 30.694728 ], [ 117.229264, 30.697183 ], [ 117.235708, 30.693833 ], [ 117.20882, 30.682188 ], [ 117.201267, 30.669966 ], [ 117.200546, 30.649843 ], [ 117.205618, 30.641125 ], [ 117.22131, 30.630619 ], [ 117.224435, 30.609387 ], [ 117.244341, 30.584633 ], [ 117.245109, 30.558814 ], [ 117.226434, 30.494682 ], [ 117.211074, 30.478964 ], [ 117.195018, 30.471913 ], [ 117.175526, 30.472289 ], [ 117.124378, 30.497538 ], [ 117.029436, 30.496572 ], [ 117.012051, 30.49318 ], [ 116.966947, 30.458244 ], [ 116.945451, 30.4461 ], [ 116.925913, 30.441882 ], [ 116.910088, 30.429089 ], [ 116.897882, 30.441098 ], [ 116.893588, 30.43906 ], [ 116.886701, 30.432826 ], [ 116.886198, 30.423216 ], [ 116.882453, 30.406448 ], [ 116.898965, 30.360193 ], [ 116.906226, 30.333407 ], [ 116.928787, 30.291737 ], [ 116.900911, 30.224211 ], [ 116.876968, 30.202506 ], [ 116.873377, 30.195614 ], [ 116.879195, 30.191207 ], [ 116.857591, 30.17979 ], [ 116.83993, 30.143409 ], [ 116.822621, 30.124527 ], [ 116.784914, 30.095927 ], [ 116.765467, 30.073748 ], [ 116.742287, 30.059824 ], [ 116.737778, 30.051662 ], [ 116.732094, 30.058455 ], [ 116.718872, 30.05871 ], [ 116.670456, 30.074923 ], [ 116.637993, 30.080643 ], [ 116.619125, 30.078232 ], [ 116.600342, 30.069851 ], [ 116.581467, 30.047586 ], [ 116.566864, 30.012762 ], [ 116.552116, 29.935711 ], [ 116.540443, 29.905495 ], [ 116.519058, 29.897573 ], [ 116.480011, 29.903271 ], [ 116.465141, 29.90049 ], [ 116.429283, 29.878403 ], [ 116.384315, 29.8598 ], [ 116.346817, 29.846304 ], [ 116.297241, 29.804253 ], [ 116.258514, 29.785236 ], [ 116.248604, 29.78565 ], [ 116.219025, 29.822687 ], [ 116.199494, 29.83383 ], [ 116.172638, 29.836857 ], [ 116.129623, 29.82485 ], [ 116.125046, 29.862289 ], [ 116.129334, 29.879801 ], [ 116.12719, 29.891222 ], [ 116.068756, 29.965715 ], [ 116.076385, 29.986507 ], [ 116.073738, 30.016493 ], [ 116.086357, 30.03853 ], [ 116.073517, 30.064411 ], [ 116.079491, 30.078289 ], [ 116.07753, 30.092236 ], [ 116.082459, 30.105635 ], [ 116.079742, 30.128508 ], [ 116.061806, 30.146488 ], [ 116.051285, 30.173788 ], [ 116.050758, 30.183407 ], [ 116.060181, 30.206987 ], [ 116.043556, 30.224991 ], [ 116.026489, 30.229458 ], [ 116.01947, 30.244215 ], [ 115.989723, 30.257586 ], [ 115.975884, 30.29834 ], [ 115.94883, 30.309004 ], [ 115.921104, 30.305893 ], [ 115.916923, 30.303968 ], [ 115.899452, 30.312763 ], [ 115.898758, 30.318483 ], [ 115.909378, 30.326963 ], [ 115.911461, 30.337786 ], [ 115.886269, 30.366135 ], [ 115.879105, 30.38501 ], [ 115.898689, 30.404692 ], [ 115.939148, 30.42734 ], [ 115.9329, 30.432711 ], [ 115.912414, 30.434795 ], [ 115.889809, 30.455402 ], [ 115.89679, 30.471144 ], [ 115.889725, 30.486355 ], [ 115.90477, 30.507772 ], [ 115.908653, 30.520466 ], [ 115.876274, 30.55714 ], [ 115.870109, 30.586584 ], [ 115.825325, 30.610138 ], [ 115.821076, 30.610043 ], [ 115.812706, 30.596559 ], [ 115.806816, 30.598034 ], [ 115.800537, 30.612799 ], [ 115.804825, 30.629402 ], [ 115.800567, 30.64765 ], [ 115.790115, 30.659338 ], [ 115.768755, 30.671569 ], [ 115.758766, 30.676519 ], [ 115.755119, 30.691568 ], [ 115.757698, 30.712032 ], [ 115.775505, 30.757139 ], [ 115.783066, 30.762352 ], [ 115.817368, 30.754171 ], [ 115.842455, 30.762736 ], [ 115.863418, 30.781086 ], [ 115.85244, 30.79254 ], [ 115.856155, 30.81119 ], [ 115.837044, 30.836679 ], [ 115.867943, 30.873116 ], [ 115.918632, 30.889334 ], [ 115.93602, 30.905748 ], [ 115.952576, 30.91412 ], [ 115.95993, 30.927572 ], [ 115.996933, 30.948513 ], [ 116.040916, 30.958584 ], [ 116.066879, 30.954983 ], [ 116.069229, 30.966492 ], [ 116.04061, 31.01687 ], [ 116.048856, 31.05533 ], [ 116.064144, 31.075766 ], [ 116.071748, 31.075974 ], [ 116.088031, 31.085709 ], [ 116.09259, 31.097522 ], [ 116.114235, 31.090082 ], [ 116.156958, 31.105253 ], [ 116.171781, 31.095426 ], [ 116.177212, 31.085686 ], [ 116.176188, 31.070331 ], [ 116.181294, 31.063182 ], [ 116.203082, 31.060156 ], [ 116.220914, 31.066539 ], [ 116.229487, 31.076263 ], [ 116.256877, 31.084007 ], [ 116.261687, 31.100012 ], [ 116.285011, 31.119815 ], [ 116.290464, 31.118447 ], [ 116.299484, 31.1265 ], [ 116.299785, 31.138728 ], [ 116.315146, 31.14801 ], [ 116.327914, 31.148723 ], [ 116.338517, 31.15656 ], [ 116.340367, 31.167057 ], [ 116.348163, 31.173841 ], [ 116.358659, 31.176103 ], [ 116.367333, 31.169419 ], [ 116.385787, 31.164798 ], [ 116.406148, 31.167521 ], [ 116.426166, 31.145493 ], [ 116.433021, 31.146339 ], [ 116.426332, 31.141426 ], [ 116.429349, 31.131374 ], [ 116.452945, 31.128065 ], [ 116.46047, 31.136053 ], [ 116.492054, 31.148846 ], [ 116.502044, 31.14353 ], [ 116.513207, 31.163466 ], [ 116.533406, 31.176904 ], [ 116.533417, 31.182376 ], [ 116.543489, 31.18531 ], [ 116.55004, 31.181223 ], [ 116.552324, 31.174025 ], [ 116.547265, 31.158609 ], [ 116.557612, 31.113258 ], [ 116.542234, 31.094194 ], [ 116.532044, 31.073114 ], [ 116.525951, 31.023799 ], [ 116.540746, 31.023421 ], [ 116.552519, 31.032781 ], [ 116.562767, 31.053227 ], [ 116.58132, 31.053951 ], [ 116.606682, 31.06885 ], [ 116.608942, 31.077726 ], [ 116.619017, 31.077118 ], [ 116.644279, 31.053503 ], [ 116.656633, 31.057216 ], [ 116.666177, 31.067725 ], [ 116.683126, 31.050089 ], [ 116.703227, 31.045906 ], [ 116.720887, 31.063935 ], [ 116.743393, 31.062316 ], [ 116.766072, 31.073369 ], [ 116.777717, 31.071093 ], [ 116.779768, 31.066649 ], [ 116.787089, 31.068954 ], [ 116.819082, 31.100029 ], [ 116.838131, 31.106786 ], [ 116.836692, 31.115196 ], [ 116.83003, 31.120206 ], [ 116.830013, 31.126065 ], [ 116.837593, 31.131605 ], [ 116.845284, 31.127188 ], [ 116.87679, 31.130227 ], [ 116.906446, 31.145825 ], [ 116.917076, 31.162154 ], [ 116.938562, 31.162352 ], [ 116.942811, 31.169597 ], [ 116.938527, 31.17677 ], [ 116.947634, 31.18728 ], [ 116.961184, 31.226739 ], [ 116.974402, 31.250254 ], [ 116.984632, 31.25151 ], [ 116.998855, 31.267186 ], [ 117.011071, 31.271198 ], [ 117.021353, 31.260169 ] ], [ [ 116.910289, 30.651721 ], [ 116.934974, 30.631314 ], [ 116.954711, 30.635686 ], [ 116.959576, 30.633206 ], [ 116.973323, 30.646591 ], [ 116.951323, 30.656098 ], [ 116.935932, 30.665469 ], [ 116.912541, 30.657019 ], [ 116.910289, 30.651721 ] ] ] ] } },
{ "type": "Feature", "properties": { "name": "境界线", "gb": "" }, "geometry": { "type": "MultiLineString", "coordinates": [ [ [ 113.821275, 22.208039 ], [ 113.817101, 22.217098 ], [ 113.81913, 22.221788 ] ], [ [ 113.824152, 22.233394 ], [ 113.825028, 22.23542 ], [ 113.82666, 22.239187 ], [ 113.82763, 22.241429 ] ], [ [ 113.830342, 22.188361 ], [ 113.826472, 22.19676 ] ], [ [ 113.832461, 22.252595 ], [ 113.838433, 22.266397 ] ], [ [ 113.851391, 22.171653 ], [ 113.838984, 22.179653 ] ], [ [ 113.847721, 22.273998 ], [ 113.850469, 22.281622 ] ], [ [ 113.854499, 22.292797 ], [ 113.859892, 22.307757 ] ], [ [ 113.869084, 22.160243 ], [ 113.86254, 22.164463 ] ], [ [ 113.863836, 22.318694 ], [ 113.866617, 22.326407 ] ], [ [ 113.869102, 22.338413 ], [ 113.869102, 22.351952 ] ], [ [ 113.869102, 22.365671 ], [ 113.869102, 22.372977 ] ], [ [ 113.869102, 22.385111 ], [ 113.869102, 22.400121 ] ], [ [ 113.869102, 22.412363 ], [ 113.869102, 22.420347 ] ], [ [ 113.873671, 22.431332 ], [ 113.887207, 22.438831 ] ], [ [ 113.893129, 22.144738 ], [ 113.880311, 22.153003 ] ], [ [ 113.898457, 22.445064 ], [ 113.906218, 22.449364 ] ], [ [ 113.913998, 22.138589 ], [ 113.904632, 22.140694 ] ], [ [ 113.917691, 22.45572 ], [ 113.931324, 22.463273 ] ], [ [ 113.940204, 22.1485 ], [ 113.939598, 22.1485 ], [ 113.926546, 22.139544 ] ], [ [ 113.942004, 22.46919 ], [ 113.9478, 22.472401 ], [ 113.949705, 22.473919 ] ], [ [ 113.961121, 22.1485 ], [ 113.951801, 22.1485 ] ], [ [ 113.960043, 22.482158 ], [ 113.971979, 22.491669 ] ], [ [ 113.989522, 22.1485 ], [ 113.974569, 22.1485 ] ], [ [ 113.981601, 22.499337 ], [ 113.988565, 22.504887 ] ], [ [ 113.999619, 22.50898 ], [ 113.999847, 22.508924 ], [ 114.000679, 22.508415 ], [ 114.001572, 22.507872 ], [ 114.003036, 22.506979 ], [ 114.004738, 22.505941 ], [ 114.006447, 22.5049 ], [ 114.007256, 22.504408 ], [ 114.010475, 22.502449 ], [ 114.011208, 22.502003 ], [ 114.01191, 22.501574 ], [ 114.013237, 22.500767 ], [ 114.013489, 22.500885 ] ], [ [ 114.01276, 22.1485 ], [ 114.00405, 22.1485 ] ], [ [ 114.024364, 22.505981 ], [ 114.024933, 22.506248 ], [ 114.026047, 22.506769 ], [ 114.026795, 22.506542 ], [ 114.027374, 22.506367 ], [ 114.030304, 22.505482 ], [ 114.031204, 22.505211 ], [ 114.032387, 22.504854 ], [ 114.033287, 22.504581 ], [ 114.033763, 22.504437 ] ], [ [ 114.04042, 22.1485 ], [ 114.026214, 22.1485 ] ], [ [ 114.047056, 22.502863 ], [ 114.047523, 22.502665 ], [ 114.048332, 22.502384 ], [ 114.049049, 22.502295 ], [ 114.050034, 22.502178 ], [ 114.051147, 22.502125 ], [ 114.052162, 22.502333 ], [ 114.0531, 22.50256 ], [ 114.054039, 22.502768 ], [ 114.054947, 22.503311 ], [ 114.055672, 22.503799 ], [ 114.056412, 22.504278 ], [ 114.056839, 22.504776 ], [ 114.057136, 22.505516 ], [ 114.057411, 22.506384 ], [ 114.057347, 22.507223 ] ], [ [ 114.063647, 22.1485 ], [ 114.055287, 22.1485 ] ], [ [ 114.067065, 22.517373 ], [ 114.067421, 22.517469 ], [ 114.068443, 22.517633 ], [ 114.069519, 22.517725 ], [ 114.070381, 22.517742 ], [ 114.071404, 22.517834 ], [ 114.072243, 22.517853 ], [ 114.073334, 22.517809 ], [ 114.073868, 22.517601 ], [ 114.074493, 22.517113 ], [ 114.075101, 22.516646 ] ], [ [ 114.09311, 22.1485 ], [ 114.077638, 22.1485 ] ], [ [ 114.084105, 22.520467 ], [ 114.084381, 22.520876 ], [ 114.084717, 22.522005 ], [ 114.084877, 22.523079 ], [ 114.085007, 22.524019 ], [ 114.084908, 22.524958 ], [ 114.084587, 22.525581 ], [ 114.08358, 22.52614 ], [ 114.082153, 22.526762 ], [ 114.080856, 22.527222 ], [ 114.080017, 22.527754 ], [ 114.079407, 22.528215 ], [ 114.079063, 22.529289 ], [ 114.079041, 22.530003 ], [ 114.079407, 22.530626 ], [ 114.079987, 22.531267 ], [ 114.080673, 22.531765 ], [ 114.081268, 22.531973 ], [ 114.082107, 22.532181 ], [ 114.082669, 22.532217 ] ], [ [ 114.093173, 22.537224 ], [ 114.093437, 22.536991 ], [ 114.094307, 22.536097 ], [ 114.095367, 22.535294 ], [ 114.095879, 22.534851 ], [ 114.096947, 22.534599 ], [ 114.097908, 22.534527 ], [ 114.098824, 22.534546 ], [ 114.099587, 22.534727 ], [ 114.100126, 22.534864 ] ], [ [ 114.114911, 22.1485 ], [ 114.105843, 22.1485 ] ], [ [ 114.108, 22.535534 ], [ 114.108391, 22.535788 ], [ 114.108833, 22.535923 ], [ 114.109108, 22.535715 ], [ 114.109329, 22.535091 ], [ 114.109299, 22.533945 ], [ 114.109299, 22.532915 ], [ 114.10939, 22.532156 ], [ 114.109627, 22.531488 ], [ 114.110046, 22.531092 ], [ 114.110893, 22.530405 ], [ 114.111763, 22.530197 ], [ 114.112472, 22.530035 ], [ 114.113342, 22.530306 ], [ 114.114227, 22.530903 ], [ 114.114921, 22.531445 ], [ 114.115272, 22.532068 ], [ 114.115547, 22.533243 ], [ 114.115578, 22.533857 ], [ 114.115967, 22.534643 ], [ 114.11602, 22.534712 ] ], [ [ 114.125645, 22.540983 ], [ 114.125999, 22.540579 ], [ 114.126243, 22.5401 ], [ 114.12674, 22.539793 ], [ 114.127502, 22.539984 ], [ 114.128151, 22.540552 ], [ 114.128754, 22.541239 ], [ 114.129311, 22.541807 ], [ 114.129837, 22.542088 ], [ 114.130699, 22.542404 ], [ 114.131218, 22.542421 ], [ 114.131912, 22.542404 ], [ 114.132692, 22.542166 ] ], [ [ 114.143718, 22.1485 ], [ 114.129343, 22.1485 ] ], [ [ 114.145503, 22.541435 ], [ 114.147278, 22.541756 ], [ 114.14827, 22.542055 ], [ 114.148934, 22.542191 ], [ 114.149132, 22.542442 ], [ 114.14904, 22.542967 ], [ 114.148842, 22.543526 ], [ 114.148804, 22.543978 ], [ 114.148918, 22.544275 ], [ 114.149391, 22.544872 ], [ 114.149964, 22.545334 ], [ 114.150902, 22.545992 ], [ 114.151398, 22.546272 ], [ 114.151917, 22.546589 ], [ 114.152206, 22.546913 ], [ 114.152344, 22.547573 ], [ 114.152191, 22.548061 ], [ 114.15204, 22.548263 ] ], [ [ 114.157674, 22.557937 ], [ 114.158081, 22.558718 ], [ 114.158981, 22.559702 ], [ 114.159699, 22.560551 ], [ 114.16024, 22.561327 ], [ 114.160843, 22.562014 ], [ 114.161262, 22.562338 ], [ 114.161583, 22.562447 ], [ 114.16198, 22.56233 ], [ 114.1623, 22.561941 ], [ 114.162643, 22.561346 ], [ 114.163208, 22.560171 ], [ 114.163804, 22.559508 ] ], [ [ 114.166168, 22.1485 ], [ 114.157815, 22.1485 ] ], [ [ 114.175394, 22.560444 ], [ 114.175873, 22.560524 ], [ 114.176353, 22.560478 ], [ 114.176773, 22.560379 ], [ 114.17717, 22.5599 ], [ 114.177712, 22.558653 ], [ 114.177856, 22.557625 ], [ 114.178123, 22.556685 ], [ 114.178436, 22.556107 ], [ 114.178787, 22.555763 ], [ 114.179314, 22.555393 ], [ 114.179871, 22.55505 ], [ 114.180313, 22.554888 ], [ 114.180931, 22.55477 ], [ 114.181282, 22.55477 ], [ 114.181824, 22.55504 ], [ 114.182403, 22.555357 ], [ 114.183113, 22.5557 ], [ 114.183853, 22.555773 ], [ 114.184593, 22.5557 ], [ 114.185188, 22.555555 ], [ 114.185883, 22.555466 ], [ 114.186623, 22.555466 ], [ 114.187561, 22.555437 ], [ 114.187684, 22.555446 ] ], [ [ 114.194633, 22.1485 ], [ 114.180472, 22.1485 ] ], [ [ 114.200494, 22.557756 ], [ 114.20079, 22.557756 ], [ 114.201111, 22.557413 ], [ 114.201653, 22.556971 ], [ 114.202217, 22.5567 ], [ 114.203011, 22.556627 ], [ 114.203629, 22.556673 ], [ 114.20472, 22.556601 ], [ 114.205406, 22.556599 ], [ 114.206017, 22.556591 ], [ 114.206703, 22.556499 ], [ 114.207558, 22.556681 ], [ 114.208094, 22.556692 ] ], [ [ 114.217161, 22.1485 ], [ 114.208918, 22.1485 ] ], [ [ 114.220306, 22.553386 ], [ 114.221191, 22.552731 ], [ 114.221802, 22.552269 ], [ 114.222542, 22.551737 ], [ 114.223381, 22.551374 ], [ 114.223984, 22.551157 ], [ 114.224441, 22.550797 ], [ 114.224541, 22.550562 ], [ 114.225083, 22.550083 ], [ 114.225403, 22.549549 ], [ 114.225769, 22.549252 ], [ 114.22612, 22.549107 ], [ 114.226463, 22.549061 ], [ 114.226959, 22.548971 ], [ 114.227379, 22.548702 ], [ 114.227715, 22.548542 ], [ 114.226898, 22.548 ], [ 114.225693, 22.54599 ], [ 114.225899, 22.54496 ], [ 114.226303, 22.543699 ], [ 114.233597, 22.543699 ], [ 114.233647, 22.543799 ] ], [ [ 114.245331, 22.143689 ], [ 114.236, 22.1485 ], [ 114.231354, 22.1485 ] ], [ [ 114.241315, 22.552303 ], [ 114.248894, 22.555187 ], [ 114.256616, 22.558125 ] ], [ [ 114.264881, 22.141926 ], [ 114.257025, 22.139225 ] ], [ [ 114.269459, 22.563011 ], [ 114.276001, 22.5655 ], [ 114.276544, 22.565527 ] ], [ [ 114.292788, 22.148499 ], [ 114.283997, 22.148499 ], [ 114.278638, 22.146656 ] ], [ [ 114.290312, 22.566203 ], [ 114.306254, 22.566986 ] ], [ [ 114.314613, 22.148499 ], [ 114.30665, 22.148499 ] ], [ [ 114.320298, 22.567676 ], [ 114.328124, 22.568061 ] ], [ [ 114.344136, 22.148499 ], [ 114.328879, 22.148499 ] ], [ [ 114.342246, 22.567723 ], [ 114.356772, 22.566817 ] ], [ [ 114.365894, 22.148499 ], [ 114.358188, 22.148499 ] ], [ [ 114.37113, 22.565922 ], [ 114.37861, 22.565455 ] ], [ [ 114.395356, 22.1485 ], [ 114.379939, 22.148499 ] ], [ [ 114.392859, 22.564566 ], [ 114.408073, 22.563617 ] ], [ [ 114.417157, 22.1485 ], [ 114.409984, 22.1485 ] ], [ [ 114.421791, 22.562761 ], [ 114.430169, 22.562239 ] ], [ [ 114.446711, 22.1485 ], [ 114.432419, 22.1485 ] ], [ [ 114.441778, 22.555732 ], [ 114.453597, 22.546211 ] ], [ [ 114.454951, 22.487211 ], [ 114.454931, 22.479615 ] ], [ [ 114.455021, 22.513984 ], [ 114.454984, 22.500069 ] ], [ [ 114.455073, 22.534133 ], [ 114.455055, 22.52743 ] ], [ [ 114.455686, 22.466993 ], [ 114.461982, 22.453261 ] ], [ [ 114.468565, 22.1485 ], [ 114.460715, 22.1485 ] ], [ [ 114.467211, 22.441856 ], [ 114.470629, 22.434401 ] ], [ [ 114.475782, 22.423161 ], [ 114.481753, 22.410138 ] ], [ [ 114.498591, 22.1485 ], [ 114.483449, 22.1485 ] ], [ [ 114.486881, 22.398955 ], [ 114.490406, 22.391267 ] ], [ [ 114.495558, 22.38003 ], [ 114.501954, 22.366081 ] ], [ [ 114.502403, 22.165254 ], [ 114.502403, 22.157481 ] ], [ [ 114.502403, 22.19125 ], [ 114.502403, 22.177861 ] ], [ [ 114.502403, 22.211876 ], [ 114.502403, 22.205515 ] ], [ [ 114.502403, 22.239111 ], [ 114.502403, 22.225463 ] ], [ [ 114.502403, 22.259545 ], [ 114.502403, 22.251831 ] ], [ [ 114.502403, 22.286552 ], [ 114.502403, 22.272753 ] ], [ [ 114.502403, 22.306535 ], [ 114.502403, 22.298684 ] ], [ [ 114.502403, 22.333661 ], [ 114.502403, 22.319568 ] ], [ [ 114.502403, 22.353577 ], [ 114.502403, 22.346209 ] ] ] } },
{ "type": "Feature", "properties": { "name": "境界线", "gb": "" }, "geometry": { "type": "MultiLineString", "coordinates": [ [ [ 121.267601, 30.70163 ], [ 121.269135, 30.700472 ], [ 121.272629, 30.697828 ], [ 121.275154, 30.693754 ], [ 121.278954, 30.691318 ], [ 121.284088, 30.688915 ], [ 121.292908, 30.687517 ], [ 121.310852, 30.683346 ], [ 121.330536, 30.68289 ], [ 121.344391, 30.682064 ], [ 121.36863, 30.680555 ], [ 121.385399, 30.679792 ], [ 121.406174, 30.678431 ], [ 121.428482, 30.679167 ], [ 121.442284, 30.680168 ], [ 121.463493, 30.682016 ], [ 121.489998, 30.684443 ], [ 121.494995, 30.68479 ], [ 121.513031, 30.684832 ], [ 121.532654, 30.686407 ] ], [ [ 121.573288, 30.690618 ], [ 121.583855, 30.692913 ], [ 121.593605, 30.695646 ], [ 121.601532, 30.697422 ], [ 121.609192, 30.699421 ], [ 121.613121, 30.701342 ], [ 121.621849, 30.702904 ], [ 121.636963, 30.70437 ], [ 121.64994, 30.70602 ], [ 121.662201, 30.704895 ] ], [ [ 121.789955, 30.71966 ], [ 121.809021, 30.722563 ], [ 121.823067, 30.724445 ], [ 121.844727, 30.729689 ], [ 121.868431, 30.738411 ], [ 121.888641, 30.748442 ], [ 121.905632, 30.759554 ], [ 121.913177, 30.766123 ] ], [ [ 122.009468, 30.803625 ], [ 122.024399, 30.81308 ], [ 122.040985, 30.820494 ], [ 122.058357, 30.828377 ], [ 122.072273, 30.83597 ], [ 122.088097, 30.842218 ], [ 122.104759, 30.846642 ], [ 122.120376, 30.850355 ], [ 122.134377, 30.855188 ] ], [ [ 122.361175, 30.88208 ], [ 122.381409, 30.882395 ], [ 122.396309, 30.88308 ], [ 122.411484, 30.88331 ], [ 122.430611, 30.885893 ], [ 122.45533, 30.888098 ], [ 122.479553, 30.888914 ], [ 122.501053, 30.892439 ] ], [ [ 122.639252, 30.922363 ], [ 122.667687, 30.926186 ], [ 122.692864, 30.933399 ], [ 122.728676, 30.942354 ], [ 122.755737, 30.948891 ], [ 122.782791, 30.956114 ] ] ] } },
{ "type": "Feature", "properties": { "name": "杭州市", "gb": "156330100" }, "geometry": { "type": "MultiPolygon", "coordinates": [ [ [ [ 119.726085, 30.554764 ], [ 119.74891, 30.553562 ], [ 119.762121, 30.558493 ], [ 119.767239, 30.55224 ], [ 119.762507, 30.52407 ], [ 119.757403, 30.518407 ], [ 119.797237, 30.506477 ], [ 119.816512, 30.512731 ], [ 119.831391, 30.498809 ], [ 119.84607, 30.501365 ], [ 119.871619, 30.475083 ], [ 119.870014, 30.462643 ], [ 119.909225, 30.459942 ], [ 119.915084, 30.463469 ], [ 119.932645, 30.447664 ], [ 119.940195, 30.449933 ], [ 119.959609, 30.432116 ], [ 119.982577, 30.448301 ], [ 119.997988, 30.447524 ], [ 120.009453, 30.4384 ], [ 120.025125, 30.440679 ], [ 120.0337, 30.437615 ], [ 120.033608, 30.428449 ], [ 120.059881, 30.432334 ], [ 120.063521, 30.447606 ], [ 120.054705, 30.460022 ], [ 120.054769, 30.473305 ], [ 120.06401, 30.499846 ], [ 120.095634, 30.49771 ], [ 120.091786, 30.487254 ], [ 120.110076, 30.476698 ], [ 120.136446, 30.485132 ], [ 120.14619, 30.470031 ], [ 120.177983, 30.482461 ], [ 120.173584, 30.490462 ], [ 120.178198, 30.503111 ], [ 120.197365, 30.5118 ], [ 120.225321, 30.511784 ], [ 120.237784, 30.506771 ], [ 120.274242, 30.507672 ], [ 120.295452, 30.522093 ], [ 120.314546, 30.523174 ], [ 120.321958, 30.498689 ], [ 120.322265, 30.472785 ], [ 120.335155, 30.474122 ], [ 120.338677, 30.46647 ], [ 120.332828, 30.466692 ], [ 120.332264, 30.460453 ], [ 120.336537, 30.444041 ], [ 120.327543, 30.427577 ], [ 120.328317, 30.418262 ], [ 120.301763, 30.39987 ], [ 120.301567, 30.395633 ], [ 120.309885, 30.397289 ], [ 120.316605, 30.379611 ], [ 120.337021, 30.378587 ], [ 120.340234, 30.370085 ], [ 120.395342, 30.386253 ], [ 120.396194, 30.375272 ], [ 120.38331, 30.372598 ], [ 120.373061, 30.347126 ], [ 120.408358, 30.318838 ], [ 120.434106, 30.376121 ], [ 120.44115, 30.382382 ], [ 120.502378, 30.392518 ], [ 120.636348, 30.3895 ], [ 120.675744, 30.375304 ], [ 120.702018, 30.356449 ], [ 120.72549, 30.299437 ], [ 120.702871, 30.280665 ], [ 120.688122, 30.261981 ], [ 120.665391, 30.235108 ], [ 120.640252, 30.220153 ], [ 120.610401, 30.171272 ], [ 120.606001, 30.154207 ], [ 120.594664, 30.148139 ], [ 120.546929, 30.159982 ], [ 120.51196, 30.156909 ], [ 120.491672, 30.174433 ], [ 120.456653, 30.16842 ], [ 120.458553, 30.161703 ], [ 120.45493, 30.155441 ], [ 120.446348, 30.151909 ], [ 120.435382, 30.136685 ], [ 120.421978, 30.132702 ], [ 120.421489, 30.146614 ], [ 120.416455, 30.155138 ], [ 120.406275, 30.151896 ], [ 120.406897, 30.134056 ], [ 120.400156, 30.13184 ], [ 120.381266, 30.159711 ], [ 120.3483, 30.153928 ], [ 120.335046, 30.144353 ], [ 120.322965, 30.127202 ], [ 120.312851, 30.131602 ], [ 120.308537, 30.140115 ], [ 120.295217, 30.132434 ], [ 120.293385, 30.129496 ], [ 120.299691, 30.128219 ], [ 120.282664, 30.109688 ], [ 120.283798, 30.104993 ], [ 120.292274, 30.100406 ], [ 120.310751, 30.106876 ], [ 120.319152, 30.10071 ], [ 120.325493, 30.104009 ], [ 120.330776, 30.096378 ], [ 120.327707, 30.0789 ], [ 120.333085, 30.061508 ], [ 120.326795, 30.053988 ], [ 120.320203, 30.052808 ], [ 120.319667, 30.048085 ], [ 120.34359, 30.033297 ], [ 120.355187, 30.00668 ], [ 120.353999, 29.995553 ], [ 120.3598, 29.981876 ], [ 120.357402, 29.976926 ], [ 120.339454, 29.976694 ], [ 120.336205, 29.958818 ], [ 120.32278, 29.948417 ], [ 120.31042, 29.930995 ], [ 120.286816, 29.937009 ], [ 120.277728, 29.923768 ], [ 120.268634, 29.922615 ], [ 120.260507, 29.925183 ], [ 120.260332, 29.93438 ], [ 120.251843, 29.944724 ], [ 120.239265, 29.941203 ], [ 120.218277, 29.94461 ], [ 120.206631, 29.939094 ], [ 120.217125, 29.935901 ], [ 120.215652, 29.93171 ], [ 120.197859, 29.935796 ], [ 120.195207, 29.932565 ], [ 120.200206, 29.924624 ], [ 120.182873, 29.906987 ], [ 120.174035, 29.910633 ], [ 120.169588, 29.917909 ], [ 120.161406, 29.919083 ], [ 120.145432, 29.907574 ], [ 120.142058, 29.897038 ], [ 120.144246, 29.884426 ], [ 120.137183, 29.872903 ], [ 120.128125, 29.861601 ], [ 120.108491, 29.848878 ], [ 120.109994, 29.845888 ], [ 120.101826, 29.84477 ], [ 120.095651, 29.833809 ], [ 120.095467, 29.821533 ], [ 120.089372, 29.818231 ], [ 120.07038, 29.829459 ], [ 120.03285, 29.822832 ], [ 120.025328, 29.809212 ], [ 120.032617, 29.792176 ], [ 120.027504, 29.787326 ], [ 120.024053, 29.771883 ], [ 119.982132, 29.759663 ], [ 119.974413, 29.765682 ], [ 119.96389, 29.766011 ], [ 119.928443, 29.75181 ], [ 119.9028, 29.756435 ], [ 119.88633, 29.764627 ], [ 119.884414, 29.756219 ], [ 119.896096, 29.74746 ], [ 119.895713, 29.73451 ], [ 119.906893, 29.725735 ], [ 119.909978, 29.711765 ], [ 119.923925, 29.707162 ], [ 119.943274, 29.719669 ], [ 119.949246, 29.719282 ], [ 119.950259, 29.713774 ], [ 119.944544, 29.71246 ], [ 119.942987, 29.716838 ], [ 119.939211, 29.711517 ], [ 119.970447, 29.690749 ], [ 119.967788, 29.677767 ], [ 119.963472, 29.677311 ], [ 119.96509, 29.673041 ], [ 119.955999, 29.675266 ], [ 119.947931, 29.68404 ], [ 119.941308, 29.68389 ], [ 119.893106, 29.663359 ], [ 119.882578, 29.665194 ], [ 119.886874, 29.679562 ], [ 119.876423, 29.670248 ], [ 119.849581, 29.671365 ], [ 119.829047, 29.682882 ], [ 119.820352, 29.674856 ], [ 119.812911, 29.67577 ], [ 119.793866, 29.661095 ], [ 119.773881, 29.65277 ], [ 119.763293, 29.627896 ], [ 119.775126, 29.619072 ], [ 119.774097, 29.609531 ], [ 119.757009, 29.609274 ], [ 119.755668, 29.600533 ], [ 119.764932, 29.583343 ], [ 119.746557, 29.576057 ], [ 119.747657, 29.566393 ], [ 119.759553, 29.566178 ], [ 119.759914, 29.557527 ], [ 119.746504, 29.563912 ], [ 119.712514, 29.543442 ], [ 119.72977, 29.523914 ], [ 119.715641, 29.507983 ], [ 119.708716, 29.487792 ], [ 119.703399, 29.498115 ], [ 119.697785, 29.491204 ], [ 119.702912, 29.466417 ], [ 119.712178, 29.456046 ], [ 119.703247, 29.435843 ], [ 119.687144, 29.440079 ], [ 119.676704, 29.431902 ], [ 119.685337, 29.425329 ], [ 119.678732, 29.418119 ], [ 119.672457, 29.418649 ], [ 119.67319, 29.424978 ], [ 119.664453, 29.433187 ], [ 119.651962, 29.428082 ], [ 119.642021, 29.439808 ], [ 119.628824, 29.436608 ], [ 119.629694, 29.431277 ], [ 119.635272, 29.434741 ], [ 119.634346, 29.42658 ], [ 119.621567, 29.421824 ], [ 119.614981, 29.405198 ], [ 119.600974, 29.39447 ], [ 119.614038, 29.37922 ], [ 119.615646, 29.373816 ], [ 119.610135, 29.369765 ], [ 119.580373, 29.381463 ], [ 119.568208, 29.374309 ], [ 119.553618, 29.374841 ], [ 119.547766, 29.369585 ], [ 119.530911, 29.375439 ], [ 119.519124, 29.367477 ], [ 119.521386, 29.357834 ], [ 119.505495, 29.335546 ], [ 119.500185, 29.337566 ], [ 119.485992, 29.331536 ], [ 119.479293, 29.3352 ], [ 119.471885, 29.350718 ], [ 119.454113, 29.3641 ], [ 119.453048, 29.373272 ], [ 119.458959, 29.383769 ], [ 119.463154, 29.38417 ], [ 119.462273, 29.392334 ], [ 119.448231, 29.410746 ], [ 119.437801, 29.412159 ], [ 119.433836, 29.426041 ], [ 119.425605, 29.424819 ], [ 119.417755, 29.416558 ], [ 119.41751, 29.411879 ], [ 119.424917, 29.415382 ], [ 119.4207, 29.40713 ], [ 119.399101, 29.407348 ], [ 119.387835, 29.416971 ], [ 119.385096, 29.429435 ], [ 119.376041, 29.434068 ], [ 119.367183, 29.421614 ], [ 119.329626, 29.409459 ], [ 119.325845, 29.401272 ], [ 119.337507, 29.388464 ], [ 119.32799, 29.353193 ], [ 119.342109, 29.342584 ], [ 119.343967, 29.317589 ], [ 119.321629, 29.312759 ], [ 119.325665, 29.289966 ], [ 119.311592, 29.281958 ], [ 119.29693, 29.277424 ], [ 119.288892, 29.285455 ], [ 119.282613, 29.28565 ], [ 119.277913, 29.279105 ], [ 119.281249, 29.270581 ], [ 119.263289, 29.252961 ], [ 119.254126, 29.249858 ], [ 119.239753, 29.256803 ], [ 119.231921, 29.252476 ], [ 119.223175, 29.27798 ], [ 119.2262, 29.292523 ], [ 119.206307, 29.296674 ], [ 119.194371, 29.29174 ], [ 119.190137, 29.274687 ], [ 119.181379, 29.271355 ], [ 119.188963, 29.258973 ], [ 119.195346, 29.260818 ], [ 119.209649, 29.250361 ], [ 119.210484, 29.241275 ], [ 119.204597, 29.237205 ], [ 119.209281, 29.226809 ], [ 119.185144, 29.230054 ], [ 119.189175, 29.218769 ], [ 119.184276, 29.207602 ], [ 119.174227, 29.206243 ], [ 119.170408, 29.216057 ], [ 119.14694, 29.229742 ], [ 119.131152, 29.222534 ], [ 119.123523, 29.228103 ], [ 119.126501, 29.236286 ], [ 119.120619, 29.239622 ], [ 119.103447, 29.231451 ], [ 119.079906, 29.232948 ], [ 119.071287, 29.225606 ], [ 119.059108, 29.229074 ], [ 119.040501, 29.22392 ], [ 119.002303, 29.211453 ], [ 118.983713, 29.221846 ], [ 118.980612, 29.238286 ], [ 118.983159, 29.246544 ], [ 118.977643, 29.262186 ], [ 118.958637, 29.270625 ], [ 118.946227, 29.281999 ], [ 118.957217, 29.295364 ], [ 118.95459, 29.299317 ], [ 118.919684, 29.315887 ], [ 118.89698, 29.335109 ], [ 118.888406, 29.333463 ], [ 118.886246, 29.328507 ], [ 118.866729, 29.327578 ], [ 118.855207, 29.317367 ], [ 118.847004, 29.30208 ], [ 118.822878, 29.285885 ], [ 118.799553, 29.278564 ], [ 118.77198, 29.254306 ], [ 118.762, 29.254072 ], [ 118.756007, 29.243072 ], [ 118.760253, 29.23914 ], [ 118.761655, 29.225113 ], [ 118.749536, 29.216235 ], [ 118.737488, 29.216483 ], [ 118.725561, 29.201993 ], [ 118.706451, 29.188879 ], [ 118.6775, 29.205673 ], [ 118.623426, 29.195897 ], [ 118.621544, 29.201091 ], [ 118.627941, 29.207138 ], [ 118.626936, 29.221863 ], [ 118.615912, 29.221066 ], [ 118.60184, 29.242035 ], [ 118.610261, 29.251344 ], [ 118.601038, 29.271428 ], [ 118.608163, 29.283417 ], [ 118.617859, 29.270667 ], [ 118.632185, 29.266161 ], [ 118.626034, 29.281663 ], [ 118.610315, 29.300173 ], [ 118.612294, 29.30909 ], [ 118.598132, 29.319142 ], [ 118.598275, 29.328284 ], [ 118.568184, 29.341522 ], [ 118.552977, 29.343439 ], [ 118.537368, 29.339638 ], [ 118.518217, 29.355861 ], [ 118.520508, 29.364099 ], [ 118.514073, 29.369429 ], [ 118.48885, 29.363245 ], [ 118.485169, 29.370062 ], [ 118.477425, 29.370916 ], [ 118.458021, 29.361477 ], [ 118.451122, 29.372398 ], [ 118.43234, 29.379507 ], [ 118.409516, 29.395919 ], [ 118.400295, 29.409627 ], [ 118.40925, 29.422253 ], [ 118.385395, 29.426069 ], [ 118.371352, 29.436615 ], [ 118.359904, 29.45303 ], [ 118.352229, 29.454094 ], [ 118.340264, 29.463936 ], [ 118.340329, 29.481841 ], [ 118.354279, 29.481071 ], [ 118.376221, 29.507217 ], [ 118.404678, 29.511316 ], [ 118.424095, 29.505081 ], [ 118.435522, 29.514353 ], [ 118.45285, 29.510691 ], [ 118.480423, 29.517857 ], [ 118.490891, 29.533924 ], [ 118.498688, 29.570848 ], [ 118.529404, 29.592907 ], [ 118.551964, 29.620911 ], [ 118.572449, 29.637903 ], [ 118.615044, 29.652853 ], [ 118.632156, 29.646448 ], [ 118.643196, 29.648748 ], [ 118.691055, 29.699898 ], [ 118.722381, 29.71664 ], [ 118.739227, 29.739796 ], [ 118.743179, 29.75676 ], [ 118.731064, 29.795731 ], [ 118.733177, 29.814987 ], [ 118.753464, 29.821177 ], [ 118.748459, 29.839285 ], [ 118.755844, 29.848913 ], [ 118.760063, 29.850517 ], [ 118.771393, 29.843866 ], [ 118.779571, 29.848223 ], [ 118.834183, 29.895647 ], [ 118.841057, 29.909853 ], [ 118.834221, 29.930721 ], [ 118.835022, 29.941494 ], [ 118.883316, 29.946266 ], [ 118.891502, 29.951298 ], [ 118.890868, 30.019232 ], [ 118.898224, 30.026939 ], [ 118.885498, 30.036493 ], [ 118.886818, 30.056026 ], [ 118.882599, 30.078989 ], [ 118.876793, 30.086115 ], [ 118.877586, 30.099575 ], [ 118.874412, 30.103271 ], [ 118.861698, 30.102564 ], [ 118.851234, 30.1169 ], [ 118.853661, 30.132265 ], [ 118.875496, 30.127413 ], [ 118.885697, 30.130438 ], [ 118.892067, 30.136749 ], [ 118.892479, 30.146824 ], [ 118.886414, 30.151272 ], [ 118.873878, 30.142376 ], [ 118.850426, 30.143993 ], [ 118.843552, 30.148846 ], [ 118.840721, 30.161785 ], [ 118.852982, 30.170713 ], [ 118.868584, 30.171616 ], [ 118.899559, 30.191296 ], [ 118.921028, 30.214649 ], [ 118.900932, 30.22201 ], [ 118.889839, 30.234631 ], [ 118.887504, 30.262829 ], [ 118.875092, 30.285994 ], [ 118.879419, 30.318166 ], [ 118.89476, 30.330671 ], [ 118.915962, 30.337978 ], [ 118.93959, 30.360409 ], [ 118.952843, 30.364056 ], [ 118.97773, 30.35393 ], [ 119.00283, 30.33119 ], [ 119.042236, 30.310474 ], [ 119.053085, 30.308388 ], [ 119.085205, 30.329624 ], [ 119.120369, 30.31188 ], [ 119.14579, 30.311346 ], [ 119.158997, 30.30397 ], [ 119.225159, 30.295492 ], [ 119.248459, 30.346293 ], [ 119.267525, 30.344385 ], [ 119.28318, 30.348906 ], [ 119.322815, 30.376244 ], [ 119.33419, 30.373215 ], [ 119.347878, 30.357336 ], [ 119.358459, 30.354996 ], [ 119.396721, 30.371313 ], [ 119.400114, 30.376281 ], [ 119.408494, 30.375718 ], [ 119.440542, 30.395636 ], [ 119.443634, 30.410916 ], [ 119.448283, 30.415262 ], [ 119.487524, 30.411161 ], [ 119.50947, 30.403531 ], [ 119.530857, 30.41161 ], [ 119.535571, 30.428641 ], [ 119.560313, 30.44825 ], [ 119.577837, 30.42677 ], [ 119.597061, 30.42238 ], [ 119.62307, 30.434364 ], [ 119.631112, 30.444395 ], [ 119.644649, 30.445459 ], [ 119.643088, 30.437296 ], [ 119.627053, 30.427306 ], [ 119.630711, 30.419524 ], [ 119.628462, 30.397801 ], [ 119.633278, 30.394894 ], [ 119.642228, 30.397723 ], [ 119.650314, 30.40771 ], [ 119.659121, 30.405 ], [ 119.67726, 30.4111 ], [ 119.688994, 30.427587 ], [ 119.701538, 30.432056 ], [ 119.698786, 30.448895 ], [ 119.690348, 30.455989 ], [ 119.705542, 30.490766 ], [ 119.70543, 30.511722 ], [ 119.68776, 30.559815 ], [ 119.716422, 30.565097 ], [ 119.726085, 30.554764 ] ] ] ] } },
{ "type": "Feature", "properties": { "name": "境界线", "gb": "" }, "geometry": { "type": "MultiLineString", "coordinates": [ [ [ 117.188042, 23.617241 ], [ 117.188019, 23.598696 ], [ 117.186997, 23.588497 ], [ 117.191002, 23.575512 ], [ 117.197029, 23.566233 ], [ 117.206062, 23.556021 ], [ 117.21611, 23.54859 ], [ 117.216057, 23.548555 ], [ 117.22583, 23.540268 ], [ 117.230347, 23.533047 ], [ 117.235359, 23.525354 ], [ 117.238968, 23.520908 ], [ 117.243988, 23.513905 ], [ 117.249008, 23.50667 ], [ 117.254517, 23.499424 ], [ 117.259537, 23.491961 ], [ 117.263847, 23.486347 ], [ 117.268417, 23.480501 ], [ 117.271553, 23.476751 ], [ 117.274406, 23.472782 ] ], [ [ 117.372452, 23.369833 ], [ 117.380654, 23.360905 ], [ 117.387337, 23.351561 ], [ 117.397667, 23.339367 ], [ 117.405518, 23.327467 ], [ 117.411972, 23.318813 ], [ 117.414383, 23.316458 ], [ 117.418427, 23.310617 ] ] ] } },
{ "type": "Feature", "properties": { "name": "黄山市", "gb": "156341000" }, "geometry": { "type": "MultiPolygon", "coordinates": [ [ [ [ 118.062306, 30.521487 ], [ 118.068936, 30.514234 ], [ 118.097103, 30.517124 ], [ 118.117551, 30.51248 ], [ 118.124683, 30.501945 ], [ 118.114352, 30.495583 ], [ 118.113691, 30.480516 ], [ 118.109756, 30.474689 ], [ 118.095709, 30.472212 ], [ 118.098334, 30.459863 ], [ 118.107622, 30.450245 ], [ 118.102125, 30.43155 ], [ 118.118292, 30.425717 ], [ 118.139065, 30.43661 ], [ 118.151495, 30.436032 ], [ 118.157286, 30.445836 ], [ 118.17593, 30.453572 ], [ 118.162958, 30.455164 ], [ 118.16644, 30.46122 ], [ 118.203725, 30.473198 ], [ 118.209075, 30.462885 ], [ 118.226177, 30.448111 ], [ 118.213508, 30.433245 ], [ 118.21777, 30.414313 ], [ 118.250269, 30.393466 ], [ 118.246357, 30.387939 ], [ 118.250425, 30.381064 ], [ 118.272991, 30.382761 ], [ 118.286137, 30.371512 ], [ 118.294781, 30.372637 ], [ 118.293634, 30.358121 ], [ 118.298505, 30.351797 ], [ 118.294787, 30.345457 ], [ 118.296619, 30.332149 ], [ 118.30503, 30.322974 ], [ 118.305369, 30.316349 ], [ 118.304572, 30.31287 ], [ 118.295933, 30.311428 ], [ 118.291273, 30.301777 ], [ 118.30928, 30.296171 ], [ 118.298504, 30.290576 ], [ 118.306341, 30.287222 ], [ 118.28762, 30.285501 ], [ 118.269775, 30.275144 ], [ 118.27258, 30.260029 ], [ 118.257271, 30.253481 ], [ 118.265171, 30.246408 ], [ 118.26133, 30.239583 ], [ 118.265333, 30.234058 ], [ 118.279217, 30.236246 ], [ 118.288, 30.231557 ], [ 118.288967, 30.215316 ], [ 118.283605, 30.198366 ], [ 118.308285, 30.198236 ], [ 118.320401, 30.17649 ], [ 118.341629, 30.163895 ], [ 118.329526, 30.155362 ], [ 118.340624, 30.132206 ], [ 118.354552, 30.120814 ], [ 118.346712, 30.111273 ], [ 118.37432, 30.096061 ], [ 118.386584, 30.109454 ], [ 118.409392, 30.097276 ], [ 118.432817, 30.10673 ], [ 118.443553, 30.095872 ], [ 118.458771, 30.096907 ], [ 118.470939, 30.081777 ], [ 118.478584, 30.078654 ], [ 118.483854, 30.083694 ], [ 118.491972, 30.082011 ], [ 118.49551, 30.069388 ], [ 118.485036, 30.066006 ], [ 118.485197, 30.061925 ], [ 118.49663, 30.061624 ], [ 118.509417, 30.041669 ], [ 118.505882, 30.02603 ], [ 118.493695, 30.021315 ], [ 118.498535, 30.012039 ], [ 118.498776, 29.997214 ], [ 118.513067, 29.967794 ], [ 118.519541, 29.966 ], [ 118.525938, 29.972689 ], [ 118.541218, 29.956728 ], [ 118.5626, 29.96439 ], [ 118.570631, 29.976489 ], [ 118.582448, 29.981156 ], [ 118.608054, 29.982974 ], [ 118.609253, 30.005568 ], [ 118.640362, 30.031993 ], [ 118.649551, 30.024699 ], [ 118.657725, 30.024123 ], [ 118.686555, 30.033329 ], [ 118.688717, 30.049691 ], [ 118.698653, 30.065547 ], [ 118.724293, 30.069672 ], [ 118.729732, 30.066032 ], [ 118.73459, 30.072294 ], [ 118.738084, 30.093202 ], [ 118.75045, 30.080648 ], [ 118.763931, 30.074226 ], [ 118.791283, 30.083058 ], [ 118.803259, 30.090719 ], [ 118.803077, 30.096849 ], [ 118.844711, 30.115347 ], [ 118.852619, 30.113301 ], [ 118.861698, 30.102564 ], [ 118.874412, 30.103271 ], [ 118.877586, 30.099575 ], [ 118.876793, 30.086115 ], [ 118.882599, 30.078989 ], [ 118.886818, 30.056026 ], [ 118.885498, 30.036493 ], [ 118.898224, 30.026939 ], [ 118.890868, 30.019232 ], [ 118.891502, 29.951298 ], [ 118.883316, 29.946266 ], [ 118.835022, 29.941494 ], [ 118.834221, 29.930721 ], [ 118.841057, 29.909853 ], [ 118.834183, 29.895647 ], [ 118.779571, 29.848223 ], [ 118.771393, 29.843866 ], [ 118.760063, 29.850517 ], [ 118.755844, 29.848913 ], [ 118.748459, 29.839285 ], [ 118.753464, 29.821177 ], [ 118.733177, 29.814987 ], [ 118.731064, 29.795731 ], [ 118.743179, 29.75676 ], [ 118.739227, 29.739796 ], [ 118.722381, 29.71664 ], [ 118.691055, 29.699898 ], [ 118.643196, 29.648748 ], [ 118.632156, 29.646448 ], [ 118.615044, 29.652853 ], [ 118.572449, 29.637903 ], [ 118.551964, 29.620911 ], [ 118.529404, 29.592907 ], [ 118.498688, 29.570848 ], [ 118.490891, 29.533924 ], [ 118.480423, 29.517857 ], [ 118.45285, 29.510691 ], [ 118.435522, 29.514353 ], [ 118.424095, 29.505081 ], [ 118.404678, 29.511316 ], [ 118.376221, 29.507217 ], [ 118.354279, 29.481071 ], [ 118.340329, 29.481841 ], [ 118.316818, 29.49794 ], [ 118.303726, 29.489645 ], [ 118.301933, 29.477259 ], [ 118.311272, 29.443361 ], [ 118.307655, 29.429825 ], [ 118.299805, 29.423151 ], [ 118.270103, 29.432217 ], [ 118.240433, 29.434628 ], [ 118.218689, 29.424456 ], [ 118.189453, 29.395222 ], [ 118.167847, 29.410486 ], [ 118.126816, 29.424973 ], [ 118.12413, 29.435045 ], [ 118.133285, 29.440134 ], [ 118.134293, 29.447475 ], [ 118.122314, 29.47447 ], [ 118.138496, 29.492197 ], [ 118.13765, 29.502279 ], [ 118.132088, 29.508673 ], [ 118.092247, 29.535532 ], [ 118.045403, 29.545609 ], [ 118.037628, 29.56872 ], [ 118.008888, 29.579794 ], [ 117.993385, 29.578791 ], [ 117.975891, 29.563559 ], [ 117.969002, 29.570856 ], [ 117.959786, 29.572634 ], [ 117.928406, 29.551811 ], [ 117.915749, 29.557234 ], [ 117.884804, 29.548553 ], [ 117.871399, 29.548922 ], [ 117.858452, 29.55686 ], [ 117.830528, 29.563316 ], [ 117.817551, 29.574459 ], [ 117.806747, 29.576675 ], [ 117.789696, 29.572884 ], [ 117.76564, 29.559639 ], [ 117.747734, 29.562943 ], [ 117.730736, 29.554102 ], [ 117.704169, 29.551642 ], [ 117.685219, 29.558558 ], [ 117.679611, 29.566765 ], [ 117.675888, 29.596079 ], [ 117.66375, 29.599647 ], [ 117.656227, 29.614487 ], [ 117.642981, 29.617549 ], [ 117.58448, 29.587049 ], [ 117.53569, 29.599678 ], [ 117.527092, 29.614958 ], [ 117.50853, 29.627394 ], [ 117.508942, 29.636799 ], [ 117.525627, 29.649563 ], [ 117.525276, 29.656666 ], [ 117.507782, 29.666819 ], [ 117.492058, 29.662085 ], [ 117.481506, 29.663816 ], [ 117.44854, 29.69055 ], [ 117.4496, 29.751541 ], [ 117.429161, 29.763489 ], [ 117.404213, 29.797627 ], [ 117.403595, 29.804956 ], [ 117.419243, 29.836981 ], [ 117.415367, 29.851385 ], [ 117.378532, 29.845964 ], [ 117.370445, 29.820433 ], [ 117.353653, 29.814983 ], [ 117.342445, 29.824724 ], [ 117.331253, 29.852572 ], [ 117.315285, 29.844605 ], [ 117.294502, 29.841627 ], [ 117.287094, 29.825268 ], [ 117.252708, 29.833595 ], [ 117.24411, 29.844273 ], [ 117.256455, 29.883156 ], [ 117.248383, 29.911493 ], [ 117.228157, 29.923641 ], [ 117.200882, 29.929974 ], [ 117.203912, 29.94456 ], [ 117.198723, 29.961617 ], [ 117.199538, 29.977902 ], [ 117.206754, 29.983198 ], [ 117.243573, 29.983141 ], [ 117.266919, 29.998987 ], [ 117.280488, 29.994285 ], [ 117.294439, 30.001216 ], [ 117.329733, 30.00467 ], [ 117.33438, 30.012292 ], [ 117.352901, 30.014733 ], [ 117.376682, 30.008098 ], [ 117.382289, 30.011643 ], [ 117.384737, 30.031812 ], [ 117.391875, 30.034918 ], [ 117.406984, 30.034877 ], [ 117.429842, 30.023128 ], [ 117.44691, 30.027357 ], [ 117.456603, 30.044745 ], [ 117.464553, 30.038738 ], [ 117.490055, 30.034605 ], [ 117.522399, 30.051649 ], [ 117.528834, 30.050768 ], [ 117.533545, 30.057803 ], [ 117.530021, 30.086427 ], [ 117.523005, 30.096215 ], [ 117.533142, 30.113011 ], [ 117.549032, 30.103566 ], [ 117.555125, 30.086103 ], [ 117.564724, 30.093626 ], [ 117.566003, 30.104259 ], [ 117.560036, 30.108425 ], [ 117.563755, 30.11442 ], [ 117.594034, 30.131921 ], [ 117.604573, 30.133366 ], [ 117.610184, 30.114362 ], [ 117.626347, 30.101979 ], [ 117.635597, 30.104374 ], [ 117.639349, 30.111654 ], [ 117.656533, 30.111661 ], [ 117.668726, 30.115062 ], [ 117.672016, 30.125007 ], [ 117.681306, 30.128707 ], [ 117.677754, 30.135479 ], [ 117.693233, 30.145902 ], [ 117.748951, 30.156559 ], [ 117.760134, 30.162292 ], [ 117.776599, 30.156183 ], [ 117.786984, 30.168123 ], [ 117.800202, 30.172748 ], [ 117.809079, 30.184616 ], [ 117.814115, 30.186709 ], [ 117.822662, 30.182099 ], [ 117.846816, 30.195003 ], [ 117.855318, 30.218306 ], [ 117.849635, 30.222693 ], [ 117.820802, 30.227293 ], [ 117.819983, 30.246913 ], [ 117.849137, 30.262958 ], [ 117.855728, 30.271289 ], [ 117.887953, 30.273644 ], [ 117.879625, 30.286047 ], [ 117.881105, 30.296549 ], [ 117.895141, 30.298535 ], [ 117.915238, 30.322674 ], [ 117.923899, 30.322739 ], [ 117.927134, 30.328751 ], [ 117.920421, 30.333858 ], [ 117.934875, 30.338697 ], [ 117.914026, 30.366319 ], [ 117.927043, 30.368214 ], [ 117.949982, 30.394338 ], [ 117.952508, 30.404082 ], [ 117.946176, 30.405744 ], [ 117.933367, 30.428907 ], [ 117.946152, 30.450323 ], [ 117.941002, 30.456088 ], [ 117.929267, 30.457189 ], [ 117.941647, 30.481597 ], [ 117.954002, 30.491798 ], [ 117.950634, 30.497959 ], [ 117.962684, 30.517077 ], [ 117.983944, 30.498838 ], [ 117.992207, 30.496913 ], [ 118.012104, 30.503393 ], [ 118.016199, 30.497023 ], [ 118.023534, 30.495456 ], [ 118.052926, 30.511306 ], [ 118.062306, 30.521487 ] ] ] ] } },
{ "type": "Feature", "properties": { "name": "徐州市", "gb": "156320300" }, "geometry": { "type": "MultiPolygon", "coordinates": [ [ [ [ 116.794548, 34.97538 ], [ 116.793045, 34.932697 ], [ 116.803337, 34.929432 ], [ 116.799317, 34.974125 ], [ 116.807976, 34.969639 ], [ 116.817291, 34.928528 ], [ 116.847084, 34.928562 ], [ 116.90612, 34.895355 ], [ 116.913643, 34.882057 ], [ 116.95816, 34.877258 ], [ 116.961975, 34.869339 ], [ 116.970085, 34.870071 ], [ 116.982224, 34.818142 ], [ 116.997498, 34.808605 ], [ 116.994492, 34.802246 ], [ 117.007263, 34.801033 ], [ 117.048042, 34.772533 ], [ 117.044144, 34.756783 ], [ 117.058746, 34.752308 ], [ 117.06015, 34.729313 ], [ 117.074791, 34.718407 ], [ 117.079743, 34.708878 ], [ 117.067833, 34.697865 ], [ 117.058083, 34.667591 ], [ 117.059456, 34.65612 ], [ 117.066933, 34.645798 ], [ 117.078026, 34.64143 ], [ 117.122742, 34.640015 ], [ 117.143456, 34.578999 ], [ 117.152107, 34.564781 ], [ 117.14827, 34.556558 ], [ 117.143608, 34.529858 ], [ 117.155914, 34.502003 ], [ 117.163666, 34.493778 ], [ 117.185295, 34.500595 ], [ 117.181893, 34.491264 ], [ 117.174729, 34.492588 ], [ 117.167687, 34.48243 ], [ 117.185303, 34.478321 ], [ 117.196075, 34.461983 ], [ 117.212265, 34.471912 ], [ 117.202629, 34.459064 ], [ 117.215218, 34.454388 ], [ 117.224777, 34.457592 ], [ 117.234108, 34.454834 ], [ 117.240074, 34.458588 ], [ 117.239586, 34.467785 ], [ 117.248573, 34.463196 ], [ 117.256989, 34.4949 ], [ 117.253731, 34.504169 ], [ 117.265518, 34.507545 ], [ 117.267845, 34.524941 ], [ 117.262207, 34.537251 ], [ 117.280884, 34.539074 ], [ 117.293854, 34.551373 ], [ 117.285774, 34.558006 ], [ 117.296196, 34.561645 ], [ 117.304901, 34.556831 ], [ 117.303963, 34.568565 ], [ 117.317947, 34.563614 ], [ 117.320274, 34.573658 ], [ 117.310676, 34.569775 ], [ 117.312599, 34.576382 ], [ 117.333138, 34.582741 ], [ 117.352501, 34.594639 ], [ 117.390145, 34.581508 ], [ 117.39776, 34.577773 ], [ 117.403099, 34.571472 ], [ 117.400253, 34.556805 ], [ 117.404883, 34.547665 ], [ 117.45948, 34.494656 ], [ 117.476074, 34.491146 ], [ 117.484871, 34.479641 ], [ 117.52803, 34.473496 ], [ 117.543007, 34.4771 ], [ 117.563972, 34.466221 ], [ 117.580879, 34.468662 ], [ 117.59586, 34.47683 ], [ 117.607132, 34.488152 ], [ 117.650612, 34.502457 ], [ 117.667206, 34.519005 ], [ 117.67936, 34.544262 ], [ 117.721786, 34.541794 ], [ 117.771706, 34.522331 ], [ 117.795303, 34.52216 ], [ 117.786636, 34.586407 ], [ 117.795067, 34.638565 ], [ 117.80426, 34.651314 ], [ 117.814499, 34.654266 ], [ 117.85218, 34.648731 ], [ 117.896019, 34.648647 ], [ 117.900246, 34.65435 ], [ 117.894257, 34.664947 ], [ 117.901863, 34.67498 ], [ 117.916878, 34.677853 ], [ 117.928772, 34.673634 ], [ 117.946869, 34.678768 ], [ 117.974548, 34.671898 ], [ 118.002907, 34.653545 ], [ 118.022156, 34.661644 ], [ 118.087006, 34.65443 ], [ 118.094971, 34.648624 ], [ 118.095863, 34.632561 ], [ 118.107124, 34.623741 ], [ 118.107747, 34.618605 ], [ 118.106628, 34.60828 ], [ 118.085297, 34.592411 ], [ 118.076737, 34.580017 ], [ 118.074883, 34.559624 ], [ 118.091522, 34.565857 ], [ 118.110588, 34.565537 ], [ 118.132782, 34.553768 ], [ 118.161598, 34.553036 ], [ 118.169823, 34.546764 ], [ 118.165466, 34.512856 ], [ 118.137703, 34.508759 ], [ 118.129532, 34.498741 ], [ 118.12941, 34.489796 ], [ 118.136718, 34.483012 ], [ 118.173477, 34.4529 ], [ 118.175163, 34.43568 ], [ 118.162666, 34.39336 ], [ 118.191826, 34.386589 ], [ 118.208412, 34.392056 ], [ 118.211433, 34.403515 ], [ 118.224228, 34.403149 ], [ 118.241165, 34.411099 ], [ 118.260788, 34.40929 ], [ 118.289863, 34.427792 ], [ 118.319481, 34.428162 ], [ 118.360893, 34.421738 ], [ 118.39965, 34.438042 ], [ 118.407337, 34.421493 ], [ 118.416406, 34.422905 ], [ 118.426381, 34.414014 ], [ 118.43595, 34.41237 ], [ 118.454948, 34.410624 ], [ 118.480815, 34.415175 ], [ 118.490831, 34.428982 ], [ 118.519657, 34.441037 ], [ 118.556596, 34.429033 ], [ 118.568675, 34.417714 ], [ 118.579802, 34.422253 ], [ 118.586191, 34.437977 ], [ 118.605039, 34.458858 ], [ 118.617045, 34.463808 ], [ 118.617627, 34.448158 ], [ 118.636462, 34.437421 ], [ 118.648494, 34.422843 ], [ 118.660572, 34.421055 ], [ 118.67257, 34.412625 ], [ 118.659864, 34.386741 ], [ 118.65295, 34.383333 ], [ 118.643241, 34.389707 ], [ 118.638638, 34.386733 ], [ 118.639127, 34.357825 ], [ 118.633502, 34.358168 ], [ 118.627222, 34.346426 ], [ 118.61502, 34.345917 ], [ 118.627166, 34.338707 ], [ 118.632711, 34.329934 ], [ 118.6292, 34.313907 ], [ 118.62286, 34.308134 ], [ 118.612235, 34.308328 ], [ 118.612392, 34.311725 ], [ 118.583039, 34.311069 ], [ 118.567051, 34.303172 ], [ 118.557657, 34.274198 ], [ 118.555258, 34.247381 ], [ 118.557299, 34.238558 ], [ 118.568406, 34.233739 ], [ 118.556172, 34.198018 ], [ 118.554527, 34.173759 ], [ 118.543248, 34.164369 ], [ 118.521491, 34.170946 ], [ 118.504843, 34.165743 ], [ 118.5, 34.159765 ], [ 118.497738, 34.149791 ], [ 118.50387, 34.149791 ], [ 118.499301, 34.133022 ], [ 118.500766, 34.121434 ], [ 118.510182, 34.11896 ], [ 118.46785, 34.098131 ], [ 118.44536, 34.107918 ], [ 118.431808, 34.106015 ], [ 118.375178, 34.118886 ], [ 118.320284, 34.121055 ], [ 118.284146, 34.104148 ], [ 118.227123, 34.101597 ], [ 118.217256, 34.108282 ], [ 118.209106, 34.126258 ], [ 118.208278, 34.143235 ], [ 118.179008, 34.165018 ], [ 118.165827, 34.161953 ], [ 118.152985, 34.166354 ], [ 118.144041, 34.162171 ], [ 118.149316, 34.149649 ], [ 118.146427, 34.139004 ], [ 118.140836, 34.136781 ], [ 118.115337, 34.145199 ], [ 118.09231, 34.143211 ], [ 118.076422, 34.168516 ], [ 118.065423, 34.174869 ], [ 118.053089, 34.148761 ], [ 118.02247, 34.1474 ], [ 118.011162, 34.138025 ], [ 117.994426, 34.138481 ], [ 117.989075, 34.106845 ], [ 117.995165, 34.107063 ], [ 118.002834, 34.099557 ], [ 117.99937, 34.09205 ], [ 118.003435, 34.08608 ], [ 118.042191, 34.095645 ], [ 118.058868, 34.060002 ], [ 118.051549, 34.049511 ], [ 118.061655, 34.017382 ], [ 118.045551, 34.009932 ], [ 118.033258, 34.016317 ], [ 118.026355, 34.013186 ], [ 118.022423, 33.99714 ], [ 118.02692, 33.985562 ], [ 118.043034, 33.984988 ], [ 118.045821, 33.971968 ], [ 118.077782, 33.968041 ], [ 118.079289, 33.950949 ], [ 118.075987, 33.951138 ], [ 118.074919, 33.942856 ], [ 118.096059, 33.940212 ], [ 118.10035, 33.933343 ], [ 118.109452, 33.936927 ], [ 118.111968, 33.956007 ], [ 118.118995, 33.957167 ], [ 118.123357, 33.953344 ], [ 118.135494, 33.93613 ], [ 118.146058, 33.897812 ], [ 118.162635, 33.882757 ], [ 118.170965, 33.847181 ], [ 118.179331, 33.843079 ], [ 118.181347, 33.821918 ], [ 118.17746, 33.817865 ], [ 118.163226, 33.821864 ], [ 118.155128, 33.798688 ], [ 118.156838, 33.792073 ], [ 118.168712, 33.781282 ], [ 118.167662, 33.770761 ], [ 118.172471, 33.765621 ], [ 118.162619, 33.760052 ], [ 118.163028, 33.750839 ], [ 118.14183, 33.750465 ], [ 118.124863, 33.754177 ], [ 118.111626, 33.764473 ], [ 118.078415, 33.767746 ], [ 118.03347, 33.751251 ], [ 117.969368, 33.750839 ], [ 117.959221, 33.764515 ], [ 117.949967, 33.755116 ], [ 117.946205, 33.738167 ], [ 117.934318, 33.731377 ], [ 117.910774, 33.736603 ], [ 117.881966, 33.729572 ], [ 117.848915, 33.73835 ], [ 117.808991, 33.736141 ], [ 117.792274, 33.739117 ], [ 117.750084, 33.719273 ], [ 117.7258, 33.728981 ], [ 117.71348, 33.750396 ], [ 117.708305, 33.759388 ], [ 117.722374, 33.764893 ], [ 117.727669, 33.778755 ], [ 117.724815, 33.791397 ], [ 117.739494, 33.814232 ], [ 117.73175, 33.836658 ], [ 117.742355, 33.856232 ], [ 117.740311, 33.863163 ], [ 117.746025, 33.87458 ], [ 117.748062, 33.896599 ], [ 117.74276, 33.901901 ], [ 117.720329, 33.902309 ], [ 117.712585, 33.897007 ], [ 117.711365, 33.890892 ], [ 117.690155, 33.902309 ], [ 117.68486, 33.926365 ], [ 117.660393, 33.944717 ], [ 117.664062, 33.956539 ], [ 117.651825, 33.970814 ], [ 117.651421, 33.984676 ], [ 117.661209, 33.998539 ], [ 117.659577, 34.002617 ], [ 117.648155, 34.017296 ], [ 117.619209, 34.032791 ], [ 117.617577, 34.044617 ], [ 117.601265, 34.0438 ], [ 117.597191, 34.038502 ], [ 117.604119, 34.027492 ], [ 117.600449, 34.019337 ], [ 117.602898, 34.009144 ], [ 117.580879, 34.004658 ], [ 117.578842, 33.99691 ], [ 117.560082, 33.986309 ], [ 117.552742, 33.989162 ], [ 117.553558, 33.998947 ], [ 117.539032, 34.015087 ], [ 117.537819, 34.040096 ], [ 117.508646, 34.062353 ], [ 117.499123, 34.062977 ], [ 117.494652, 34.053593 ], [ 117.470932, 34.04887 ], [ 117.42453, 34.028397 ], [ 117.404427, 34.02824 ], [ 117.393898, 34.036341 ], [ 117.386925, 34.038689 ], [ 117.383919, 34.057091 ], [ 117.375839, 34.063477 ], [ 117.361572, 34.065731 ], [ 117.359688, 34.069485 ], [ 117.365509, 34.074745 ], [ 117.365509, 34.080566 ], [ 117.345986, 34.097469 ], [ 117.309547, 34.089394 ], [ 117.298653, 34.07587 ], [ 117.274429, 34.085827 ], [ 117.262596, 34.085636 ], [ 117.237061, 34.079628 ], [ 117.218094, 34.068737 ], [ 117.214813, 34.072231 ], [ 117.18663, 34.070179 ], [ 117.168602, 34.081787 ], [ 117.164665, 34.088924 ], [ 117.147385, 34.086105 ], [ 117.142311, 34.089111 ], [ 117.143262, 34.099383 ], [ 117.144188, 34.107704 ], [ 117.116211, 34.107891 ], [ 117.108887, 34.1124 ], [ 117.109634, 34.117657 ], [ 117.122971, 34.118034 ], [ 117.125412, 34.123478 ], [ 117.116394, 34.133057 ], [ 117.088043, 34.140381 ], [ 117.09198, 34.152588 ], [ 117.064263, 34.149239 ], [ 117.054985, 34.158035 ], [ 117.036774, 34.161602 ], [ 117.030884, 34.171135 ], [ 117.016022, 34.174091 ], [ 117.013954, 34.178787 ], [ 117.025223, 34.206203 ], [ 117.037613, 34.211464 ], [ 117.041184, 34.229679 ], [ 117.033295, 34.235687 ], [ 117.039307, 34.247707 ], [ 117.036865, 34.254845 ], [ 117.030106, 34.257473 ], [ 117.023346, 34.25428 ], [ 117.016022, 34.246582 ], [ 117.010147, 34.251762 ], [ 117.010521, 34.263763 ], [ 117.003319, 34.266716 ], [ 116.992615, 34.26284 ], [ 116.990578, 34.271885 ], [ 116.96917, 34.276501 ], [ 116.959938, 34.289974 ], [ 116.96077, 34.304466 ], [ 116.971153, 34.312275 ], [ 116.961693, 34.313141 ], [ 116.958732, 34.320953 ], [ 116.970818, 34.338287 ], [ 116.973144, 34.349274 ], [ 116.972465, 34.363026 ], [ 116.946014, 34.370014 ], [ 116.95607, 34.393814 ], [ 116.899566, 34.410751 ], [ 116.864799, 34.412048 ], [ 116.857277, 34.398815 ], [ 116.846382, 34.398556 ], [ 116.845604, 34.404522 ], [ 116.829514, 34.402187 ], [ 116.823044, 34.390011 ], [ 116.808955, 34.404651 ], [ 116.773048, 34.434059 ], [ 116.767426, 34.45792 ], [ 116.756378, 34.463699 ], [ 116.71032, 34.476601 ], [ 116.624701, 34.486428 ], [ 116.583321, 34.492435 ], [ 116.572464, 34.487106 ], [ 116.561607, 34.490265 ], [ 116.557457, 34.499344 ], [ 116.582725, 34.499939 ], [ 116.590424, 34.508427 ], [ 116.589439, 34.515335 ], [ 116.575821, 34.517902 ], [ 116.542404, 34.547169 ], [ 116.509941, 34.547409 ], [ 116.517876, 34.557751 ], [ 116.489739, 34.569294 ], [ 116.48156, 34.576992 ], [ 116.48156, 34.586369 ], [ 116.491676, 34.588173 ], [ 116.491844, 34.59124 ], [ 116.474342, 34.593105 ], [ 116.470139, 34.614628 ], [ 116.462921, 34.614628 ], [ 116.452103, 34.623527 ], [ 116.428528, 34.626171 ], [ 116.423965, 34.631943 ], [ 116.430458, 34.642525 ], [ 116.425888, 34.649498 ], [ 116.416023, 34.654308 ], [ 116.390297, 34.649498 ], [ 116.382599, 34.631943 ], [ 116.368698, 34.640724 ], [ 116.358986, 34.652348 ], [ 116.374023, 34.660988 ], [ 116.374306, 34.675446 ], [ 116.36895, 34.680573 ], [ 116.387589, 34.69875 ], [ 116.374542, 34.718323 ], [ 116.359863, 34.713661 ], [ 116.353805, 34.719486 ], [ 116.363121, 34.72974 ], [ 116.354965, 34.738361 ], [ 116.356132, 34.747448 ], [ 116.358231, 34.750477 ], [ 116.395744, 34.750244 ], [ 116.395584, 34.755688 ], [ 116.388756, 34.758865 ], [ 116.390152, 34.765392 ], [ 116.39801, 34.766937 ], [ 116.398186, 34.782078 ], [ 116.392937, 34.796276 ], [ 116.396599, 34.811665 ], [ 116.404907, 34.816303 ], [ 116.402222, 34.831936 ], [ 116.40591, 34.850833 ], [ 116.412926, 34.866096 ], [ 116.432587, 34.880402 ], [ 116.439735, 34.893738 ], [ 116.448029, 34.903408 ], [ 116.449593, 34.898449 ], [ 116.459694, 34.89851 ], [ 116.57605, 34.917885 ], [ 116.598389, 34.923538 ], [ 116.608215, 34.934502 ], [ 116.617996, 34.937904 ], [ 116.686867, 34.935112 ], [ 116.697784, 34.941025 ], [ 116.697746, 34.935299 ], [ 116.729538, 34.925484 ], [ 116.746849, 34.918388 ], [ 116.744842, 34.909348 ], [ 116.748856, 34.908092 ], [ 116.774216, 34.917133 ], [ 116.781746, 34.947258 ], [ 116.791283, 34.942238 ], [ 116.792038, 34.952282 ], [ 116.780991, 34.959309 ], [ 116.77848, 34.968601 ], [ 116.784256, 34.966087 ], [ 116.781864, 34.975418 ], [ 116.78109, 34.980484 ], [ 116.794548, 34.97538 ] ] ] ] } },
{ "type": "Feature", "properties": { "name": "境界线", "gb": "" }, "geometry": { "type": "MultiLineString", "coordinates": [ [ [ 113.528167, 22.182167 ], [ 113.528361, 22.1845 ], [ 113.529167, 22.186556 ], [ 113.530194, 22.187917 ], [ 113.529222, 22.188528 ], [ 113.533465, 22.194301 ], [ 113.533611, 22.1945 ], [ 113.535639, 22.202306 ] ], [ [ 113.537275, 22.161598 ], [ 113.532139, 22.172083 ] ], [ [ 113.534944, 22.213525 ], [ 113.535292, 22.213492 ], [ 113.535439, 22.213475 ], [ 113.535706, 22.213558 ], [ 113.536333, 22.213636 ], [ 113.538142, 22.213642 ], [ 113.5409, 22.213033 ], [ 113.541181, 22.213022 ], [ 113.541331, 22.213086 ], [ 113.541533, 22.213325 ], [ 113.541717, 22.213233 ], [ 113.541956, 22.213672 ], [ 113.542014, 22.213694 ], [ 113.542408, 22.214286 ], [ 113.542464, 22.214433 ], [ 113.543392, 22.216314 ], [ 113.544356, 22.216953 ], [ 113.545189, 22.216922 ], [ 113.545478, 22.216811 ], [ 113.546506, 22.216797 ], [ 113.546567, 22.216783 ], [ 113.547039, 22.216781 ] ], [ [ 113.549347, 22.140398 ], [ 113.549556, 22.145361 ], [ 113.54525, 22.150778 ] ], [ [ 113.548465, 22.119388 ], [ 113.548851, 22.128581 ] ], [ [ 113.565539, 22.101387 ], [ 113.549639, 22.108861 ] ], [ [ 113.551304, 22.215623 ], [ 113.552028, 22.216 ], [ 113.558007, 22.213796 ] ], [ [ 113.568972, 22.209083 ], [ 113.571056, 22.204028 ], [ 113.583855, 22.204059 ] ], [ [ 113.570738, 22.092197 ], [ 113.570566, 22.085323 ] ], [ [ 113.591523, 22.076667 ], [ 113.577285, 22.076667 ] ], [ [ 113.597874, 22.204093 ], [ 113.60525, 22.204111 ] ], [ [ 113.612832, 22.080885 ], [ 113.610222, 22.076667 ], [ 113.605761, 22.076667 ] ], [ [ 113.612076, 22.19356 ], [ 113.620332, 22.180799 ] ], [ [ 113.627026, 22.103829 ], [ 113.619891, 22.092297 ] ], [ [ 113.627065, 22.17039 ], [ 113.630139, 22.165639 ], [ 113.630139, 22.162763 ] ], [ [ 113.630139, 22.124211 ], [ 113.630139, 22.116106 ] ], [ [ 113.630139, 22.151154 ], [ 113.630139, 22.136697 ] ] ] } },
{ "type": "Feature", "properties": { "name": "境界线", "gb": "" }, "geometry": { "type": "MultiLineString", "coordinates": [ [ [ 109.819076, 20.116817 ], [ 109.82515, 20.117752 ], [ 109.835877, 20.118187 ], [ 109.849747, 20.119207 ], [ 109.869003, 20.120445 ], [ 109.886803, 20.12093 ], [ 109.902893, 20.121805 ], [ 109.918457, 20.123119 ], [ 109.936958, 20.124548 ], [ 109.953789, 20.125217 ], [ 109.975701, 20.126778 ], [ 109.997902, 20.127424 ], [ 110.01712, 20.129333 ] ], [ [ 110.11602, 20.135727 ], [ 110.124329, 20.135588 ], [ 110.149902, 20.137266 ], [ 110.177879, 20.139952 ], [ 110.221786, 20.141399 ], [ 110.254433, 20.143789 ], [ 110.261848, 20.147293 ], [ 110.283478, 20.155706 ], [ 110.312714, 20.169235 ], [ 110.348023, 20.183674 ], [ 110.363083, 20.191832 ] ], [ [ 110.437767, 20.223362 ], [ 110.453583, 20.231077 ], [ 110.500427, 20.250969 ], [ 110.541733, 20.269497 ], [ 110.581123, 20.287025 ], [ 110.603188, 20.297482 ] ] ] } },
{ "type": "Feature", "properties": { "name": "滁州市", "gb": "156341100" }, "geometry": { "type": "MultiPolygon", "coordinates": [ [ [ [ 118.214531, 33.176448 ], [ 118.213035, 33.108082 ], [ 118.21759, 33.082546 ], [ 118.235863, 33.039642 ], [ 118.238045, 32.995754 ], [ 118.257248, 32.974239 ], [ 118.296158, 32.969852 ], [ 118.307381, 32.963165 ], [ 118.292572, 32.955528 ], [ 118.25518, 32.947662 ], [ 118.227684, 32.927528 ], [ 118.224869, 32.920906 ], [ 118.238899, 32.87648 ], [ 118.240677, 32.84985 ], [ 118.2537, 32.848564 ], [ 118.265243, 32.857162 ], [ 118.279976, 32.860905 ], [ 118.284622, 32.845024 ], [ 118.29924, 32.824219 ], [ 118.300697, 32.812729 ], [ 118.292885, 32.799507 ], [ 118.291588, 32.785755 ], [ 118.296623, 32.777443 ], [ 118.302017, 32.775089 ], [ 118.317574, 32.780422 ], [ 118.321449, 32.767994 ], [ 118.328712, 32.763554 ], [ 118.342743, 32.775326 ], [ 118.355514, 32.7761 ], [ 118.361946, 32.770981 ], [ 118.361992, 32.723717 ], [ 118.419464, 32.720753 ], [ 118.445595, 32.74155 ], [ 118.456039, 32.733162 ], [ 118.476028, 32.7281 ], [ 118.546135, 32.733639 ], [ 118.574997, 32.724316 ], [ 118.59079, 32.727322 ], [ 118.612007, 32.744015 ], [ 118.633087, 32.747467 ], [ 118.639092, 32.744354 ], [ 118.638413, 32.735203 ], [ 118.658554, 32.735485 ], [ 118.698681, 32.721093 ], [ 118.706917, 32.721516 ], [ 118.746834, 32.741436 ], [ 118.744148, 32.757538 ], [ 118.736122, 32.761799 ], [ 118.731987, 32.784786 ], [ 118.739197, 32.818871 ], [ 118.734543, 32.843262 ], [ 118.741379, 32.857399 ], [ 118.755524, 32.856945 ], [ 118.758446, 32.84951 ], [ 118.784943, 32.851177 ], [ 118.802215, 32.856949 ], [ 118.805603, 32.862637 ], [ 118.799286, 32.872597 ], [ 118.80616, 32.888783 ], [ 118.803543, 32.919338 ], [ 118.811501, 32.922432 ], [ 118.826904, 32.918068 ], [ 118.8349, 32.922996 ], [ 118.847137, 32.960442 ], [ 118.871658, 32.961666 ], [ 118.881273, 32.954424 ], [ 118.891617, 32.941849 ], [ 118.928581, 32.940346 ], [ 118.996796, 32.960571 ], [ 119.015831, 32.960026 ], [ 119.020271, 32.95261 ], [ 119.022224, 32.931694 ], [ 119.013672, 32.926559 ], [ 119.012131, 32.90731 ], [ 119.038345, 32.912148 ], [ 119.041138, 32.892368 ], [ 119.047519, 32.883552 ], [ 119.085732, 32.848465 ], [ 119.100975, 32.827549 ], [ 119.116379, 32.824066 ], [ 119.167702, 32.833935 ], [ 119.178001, 32.832832 ], [ 119.180603, 32.827656 ], [ 119.185883, 32.790695 ], [ 119.194733, 32.754738 ], [ 119.202827, 32.742428 ], [ 119.204475, 32.722206 ], [ 119.200958, 32.701618 ], [ 119.186699, 32.674572 ], [ 119.201485, 32.659161 ], [ 119.214386, 32.633678 ], [ 119.213325, 32.613968 ], [ 119.22567, 32.60915 ], [ 119.223288, 32.604725 ], [ 119.216492, 32.60014 ], [ 119.214851, 32.578602 ], [ 119.206894, 32.574848 ], [ 119.185341, 32.589928 ], [ 119.178055, 32.601765 ], [ 119.175034, 32.600212 ], [ 119.165512, 32.577438 ], [ 119.148369, 32.563751 ], [ 119.14901, 32.556854 ], [ 119.161239, 32.547916 ], [ 119.162949, 32.540543 ], [ 119.148292, 32.528416 ], [ 119.146339, 32.515373 ], [ 119.136788, 32.501316 ], [ 119.142296, 32.494568 ], [ 119.129013, 32.493427 ], [ 119.092712, 32.469975 ], [ 119.07962, 32.454601 ], [ 119.058805, 32.464512 ], [ 119.057358, 32.485039 ], [ 119.028366, 32.517429 ], [ 119.004845, 32.51897 ], [ 118.985901, 32.507584 ], [ 118.974556, 32.508461 ], [ 118.963394, 32.517361 ], [ 118.959381, 32.531422 ], [ 118.929428, 32.559444 ], [ 118.920792, 32.560959 ], [ 118.900307, 32.553253 ], [ 118.884453, 32.558781 ], [ 118.882607, 32.561104 ], [ 118.89003, 32.566036 ], [ 118.900276, 32.588127 ], [ 118.898209, 32.592522 ], [ 118.878105, 32.590088 ], [ 118.86586, 32.575363 ], [ 118.833252, 32.57082 ], [ 118.81218, 32.586052 ], [ 118.819763, 32.598557 ], [ 118.814529, 32.607357 ], [ 118.804146, 32.603153 ], [ 118.795448, 32.589058 ], [ 118.782097, 32.585587 ], [ 118.769485, 32.591282 ], [ 118.764343, 32.604435 ], [ 118.751877, 32.604618 ], [ 118.729698, 32.593239 ], [ 118.716782, 32.610863 ], [ 118.695023, 32.610279 ], [ 118.693054, 32.606869 ], [ 118.68631, 32.593449 ], [ 118.64566, 32.599205 ], [ 118.63205, 32.584236 ], [ 118.586998, 32.601898 ], [ 118.566444, 32.589554 ], [ 118.556328, 32.569958 ], [ 118.562073, 32.557953 ], [ 118.600426, 32.538403 ], [ 118.608894, 32.513744 ], [ 118.603332, 32.505787 ], [ 118.586197, 32.501431 ], [ 118.584122, 32.49205 ], [ 118.595474, 32.476761 ], [ 118.623939, 32.47119 ], [ 118.64341, 32.475662 ], [ 118.664902, 32.471226 ], [ 118.683037, 32.476543 ], [ 118.673439, 32.389408 ], [ 118.688858, 32.384865 ], [ 118.693863, 32.378677 ], [ 118.697128, 32.370503 ], [ 118.68615, 32.370888 ], [ 118.697372, 32.357529 ], [ 118.689263, 32.346546 ], [ 118.699577, 32.341373 ], [ 118.69735, 32.334557 ], [ 118.677261, 32.327888 ], [ 118.687492, 32.32111 ], [ 118.68602, 32.318634 ], [ 118.665153, 32.318188 ], [ 118.649712, 32.301018 ], [ 118.663223, 32.294823 ], [ 118.653381, 32.26437 ], [ 118.666481, 32.255432 ], [ 118.65683, 32.251621 ], [ 118.661827, 32.242954 ], [ 118.65628, 32.234413 ], [ 118.656952, 32.220146 ], [ 118.643257, 32.222214 ], [ 118.637283, 32.210243 ], [ 118.619774, 32.206005 ], [ 118.610763, 32.20998 ], [ 118.573235, 32.197853 ], [ 118.565285, 32.205318 ], [ 118.554909, 32.199108 ], [ 118.507742, 32.194953 ], [ 118.501526, 32.196232 ], [ 118.498665, 32.184051 ], [ 118.48838, 32.179745 ], [ 118.482338, 32.164398 ], [ 118.489899, 32.145264 ], [ 118.489578, 32.132412 ], [ 118.495125, 32.129475 ], [ 118.493317, 32.125401 ], [ 118.467834, 32.123463 ], [ 118.458481, 32.107918 ], [ 118.414629, 32.089318 ], [ 118.405602, 32.091225 ], [ 118.403153, 32.084644 ], [ 118.387703, 32.083294 ], [ 118.381455, 32.062249 ], [ 118.368773, 32.059226 ], [ 118.367459, 32.048869 ], [ 118.32191, 32.025124 ], [ 118.299069, 31.992412 ], [ 118.217282, 31.928653 ], [ 118.197623, 31.928651 ], [ 118.18365, 31.918997 ], [ 118.183491, 31.913084 ], [ 118.165461, 31.904317 ], [ 118.1538, 31.908443 ], [ 118.128825, 31.903956 ], [ 118.114036, 31.907405 ], [ 118.105495, 31.896273 ], [ 118.080482, 31.879207 ], [ 118.079288, 31.85498 ], [ 118.065761, 31.852206 ], [ 118.062946, 31.863248 ], [ 118.052216, 31.863065 ], [ 118.031954, 31.857499 ], [ 118.034689, 31.850054 ], [ 118.029563, 31.847923 ], [ 118.016981, 31.86036 ], [ 118.010756, 31.85835 ], [ 118.009876, 31.872787 ], [ 117.969655, 31.88956 ], [ 117.963705, 31.904805 ], [ 117.953245, 31.904248 ], [ 117.927166, 31.921503 ], [ 117.894057, 31.931581 ], [ 117.868211, 31.928927 ], [ 117.863638, 31.931713 ], [ 117.860864, 31.956284 ], [ 117.84127, 31.96466 ], [ 117.824327, 31.996861 ], [ 117.810851, 31.997735 ], [ 117.81145, 32.001857 ], [ 117.817558, 32.011967 ], [ 117.833334, 32.014746 ], [ 117.827774, 32.029898 ], [ 117.8303, 32.039284 ], [ 117.855462, 32.039251 ], [ 117.875609, 32.061278 ], [ 117.873881, 32.067415 ], [ 117.868786, 32.067939 ], [ 117.864875, 32.086228 ], [ 117.856266, 32.090215 ], [ 117.855704, 32.095893 ], [ 117.862452, 32.09962 ], [ 117.861919, 32.108867 ], [ 117.856925, 32.109874 ], [ 117.852607, 32.105019 ], [ 117.846094, 32.108091 ], [ 117.854247, 32.126943 ], [ 117.87019, 32.141675 ], [ 117.870355, 32.161395 ], [ 117.863531, 32.169701 ], [ 117.861536, 32.197307 ], [ 117.853366, 32.213354 ], [ 117.832246, 32.224203 ], [ 117.822208, 32.23062 ], [ 117.810624, 32.229619 ], [ 117.806059, 32.222957 ], [ 117.791814, 32.218096 ], [ 117.7723, 32.240163 ], [ 117.762984, 32.242084 ], [ 117.747431, 32.238017 ], [ 117.740895, 32.240832 ], [ 117.737628, 32.24968 ], [ 117.717726, 32.244327 ], [ 117.714408, 32.237607 ], [ 117.708173, 32.236606 ], [ 117.700836, 32.239402 ], [ 117.706094, 32.247391 ], [ 117.698087, 32.254977 ], [ 117.649536, 32.261974 ], [ 117.612954, 32.250939 ], [ 117.600478, 32.23998 ], [ 117.588858, 32.243273 ], [ 117.583428, 32.237051 ], [ 117.56806, 32.232559 ], [ 117.554727, 32.215215 ], [ 117.493431, 32.202818 ], [ 117.456725, 32.235469 ], [ 117.444281, 32.237897 ], [ 117.433109, 32.231282 ], [ 117.415178, 32.25025 ], [ 117.423243, 32.262116 ], [ 117.408748, 32.27339 ], [ 117.401054, 32.270897 ], [ 117.389649, 32.283411 ], [ 117.419374, 32.337185 ], [ 117.4281, 32.342921 ], [ 117.439222, 32.34082 ], [ 117.437112, 32.366592 ], [ 117.433565, 32.373597 ], [ 117.410465, 32.377653 ], [ 117.387664, 32.397507 ], [ 117.372153, 32.386568 ], [ 117.368195, 32.375828 ], [ 117.348847, 32.390019 ], [ 117.371904, 32.399356 ], [ 117.378849, 32.408766 ], [ 117.381723, 32.418648 ], [ 117.376858, 32.434188 ], [ 117.39335, 32.461822 ], [ 117.393274, 32.480454 ], [ 117.381354, 32.476092 ], [ 117.369717, 32.460707 ], [ 117.355753, 32.458426 ], [ 117.322924, 32.439163 ], [ 117.31144, 32.44564 ], [ 117.314873, 32.450895 ], [ 117.312153, 32.454814 ], [ 117.303361, 32.455433 ], [ 117.278506, 32.445214 ], [ 117.247336, 32.459571 ], [ 117.215728, 32.46255 ], [ 117.202265, 32.475084 ], [ 117.20624, 32.480165 ], [ 117.20281, 32.499148 ], [ 117.205835, 32.516572 ], [ 117.197464, 32.526409 ], [ 117.196434, 32.538424 ], [ 117.20951, 32.561763 ], [ 117.19269, 32.589173 ], [ 117.187078, 32.616673 ], [ 117.171996, 32.641639 ], [ 117.170957, 32.657846 ], [ 117.153869, 32.686308 ], [ 117.178669, 32.700227 ], [ 117.185135, 32.720126 ], [ 117.192923, 32.727917 ], [ 117.201329, 32.726107 ], [ 117.187887, 32.736564 ], [ 117.225284, 32.766851 ], [ 117.230999, 32.779249 ], [ 117.224044, 32.78537 ], [ 117.233765, 32.788925 ], [ 117.240392, 32.803853 ], [ 117.25046, 32.809231 ], [ 117.260026, 32.804718 ], [ 117.272922, 32.807202 ], [ 117.278, 32.81272 ], [ 117.277495, 32.820506 ], [ 117.292189, 32.818702 ], [ 117.303091, 32.824663 ], [ 117.305477, 32.830883 ], [ 117.336699, 32.830501 ], [ 117.354422, 32.841659 ], [ 117.411757, 32.834167 ], [ 117.414829, 32.848614 ], [ 117.460316, 32.839541 ], [ 117.474068, 32.847446 ], [ 117.487953, 32.868786 ], [ 117.495812, 32.873531 ], [ 117.501384, 32.869776 ], [ 117.506616, 32.873165 ], [ 117.50892, 32.889191 ], [ 117.493201, 32.899234 ], [ 117.509066, 32.937427 ], [ 117.524142, 32.941445 ], [ 117.521249, 32.968158 ], [ 117.524554, 32.982915 ], [ 117.554611, 32.960783 ], [ 117.594503, 32.926528 ], [ 117.621021, 32.927655 ], [ 117.639556, 32.91224 ], [ 117.654083, 32.913302 ], [ 117.666856, 32.919407 ], [ 117.69911, 33.000614 ], [ 117.710546, 33.007396 ], [ 117.728382, 33.003536 ], [ 117.736737, 33.006365 ], [ 117.757751, 33.042204 ], [ 117.766823, 33.049319 ], [ 117.78409, 33.045756 ], [ 117.802059, 33.02959 ], [ 117.856253, 33.03809 ], [ 117.881811, 33.047888 ], [ 117.888136, 33.027542 ], [ 117.896662, 33.020555 ], [ 117.874154, 33.00509 ], [ 117.88048, 33.0041 ], [ 117.889105, 32.990796 ], [ 117.907168, 32.98775 ], [ 117.92947, 33.002127 ], [ 117.931384, 33.009459 ], [ 117.943348, 33.017666 ], [ 117.955606, 33.004792 ], [ 117.968941, 33.00493 ], [ 117.980713, 33.015658 ], [ 117.992017, 33.013121 ], [ 118.000063, 33.002349 ], [ 118.021542, 33.008334 ], [ 118.030336, 33.01916 ], [ 118.030913, 33.026108 ], [ 118.019807, 33.040233 ], [ 118.007646, 33.031898 ], [ 117.998912, 33.034512 ], [ 117.993828, 33.046423 ], [ 117.994846, 33.058538 ], [ 118.011996, 33.059778 ], [ 118.024696, 33.0699 ], [ 118.023311, 33.078896 ], [ 118.046421, 33.071259 ], [ 118.062082, 33.083063 ], [ 118.060229, 33.102449 ], [ 118.075439, 33.113612 ], [ 118.068917, 33.1318 ], [ 118.057454, 33.137889 ], [ 118.038273, 33.134835 ], [ 118.059201, 33.14135 ], [ 118.057043, 33.147827 ], [ 118.065727, 33.145966 ], [ 118.147362, 33.175049 ], [ 118.148979, 33.199322 ], [ 118.167557, 33.218143 ], [ 118.186638, 33.214138 ], [ 118.197197, 33.206493 ], [ 118.208374, 33.193462 ], [ 118.214531, 33.176448 ] ] ] ] } },
{ "type": "Feature", "properties": { "name": "无锡市", "gb": "156320200" }, "geometry": { "type": "MultiPolygon", "coordinates": [ [ [ [ 120.368293, 31.946211 ], [ 120.386779, 31.931632 ], [ 120.374517, 31.915511 ], [ 120.386228, 31.908881 ], [ 120.397809, 31.909054 ], [ 120.438486, 31.895517 ], [ 120.438358, 31.890922 ], [ 120.460006, 31.892147 ], [ 120.462252, 31.878872 ], [ 120.469398, 31.876887 ], [ 120.472787, 31.879991 ], [ 120.485448, 31.875159 ], [ 120.49788, 31.852356 ], [ 120.498642, 31.843388 ], [ 120.505616, 31.846864 ], [ 120.525707, 31.832046 ], [ 120.524795, 31.814878 ], [ 120.517098, 31.812417 ], [ 120.518864, 31.800482 ], [ 120.529528, 31.790294 ], [ 120.551086, 31.796111 ], [ 120.570512, 31.793232 ], [ 120.579942, 31.784908 ], [ 120.591464, 31.761722 ], [ 120.595597, 31.746723 ], [ 120.59072, 31.740568 ], [ 120.583005, 31.738926 ], [ 120.574022, 31.729073 ], [ 120.579368, 31.716861 ], [ 120.587857, 31.717121 ], [ 120.596724, 31.709228 ], [ 120.559758, 31.683364 ], [ 120.564633, 31.663528 ], [ 120.552074, 31.658505 ], [ 120.556082, 31.655303 ], [ 120.561892, 31.658133 ], [ 120.588336, 31.654131 ], [ 120.59315, 31.646876 ], [ 120.586702, 31.628316 ], [ 120.594807, 31.617968 ], [ 120.587714, 31.613669 ], [ 120.572907, 31.616342 ], [ 120.554112, 31.602859 ], [ 120.539275, 31.607509 ], [ 120.540914, 31.579135 ], [ 120.555576, 31.576354 ], [ 120.565441, 31.579733 ], [ 120.565367, 31.587818 ], [ 120.57824, 31.587597 ], [ 120.590979, 31.57718 ], [ 120.595376, 31.550369 ], [ 120.599206, 31.548186 ], [ 120.600012, 31.523189 ], [ 120.590619, 31.518139 ], [ 120.587252, 31.533153 ], [ 120.579305, 31.527206 ], [ 120.574507, 31.507263 ], [ 120.549708, 31.509899 ], [ 120.539167, 31.489796 ], [ 120.547907, 31.486039 ], [ 120.546841, 31.477817 ], [ 120.526521, 31.468789 ], [ 120.517286, 31.470124 ], [ 120.497042, 31.459389 ], [ 120.491555, 31.451169 ], [ 120.455503, 31.447393 ], [ 120.417962, 31.450775 ], [ 120.401083, 31.443708 ], [ 120.313584, 31.400069 ], [ 120.206164, 31.339484 ], [ 120.130095, 31.294849 ], [ 120.103896, 31.282577 ], [ 120.000788, 31.251171 ], [ 119.91399, 31.171341 ], [ 119.908951, 31.175247 ], [ 119.881355, 31.168381 ], [ 119.830711, 31.178888 ], [ 119.794487, 31.164284 ], [ 119.779724, 31.182732 ], [ 119.756134, 31.175123 ], [ 119.720047, 31.173101 ], [ 119.692925, 31.158628 ], [ 119.678589, 31.167898 ], [ 119.667358, 31.16729 ], [ 119.637032, 31.151684 ], [ 119.63211, 31.139343 ], [ 119.593613, 31.134554 ], [ 119.577072, 31.136492 ], [ 119.551605, 31.157043 ], [ 119.529899, 31.164911 ], [ 119.536717, 31.175461 ], [ 119.549061, 31.180867 ], [ 119.549485, 31.221856 ], [ 119.544709, 31.227457 ], [ 119.535073, 31.226427 ], [ 119.522817, 31.240637 ], [ 119.527967, 31.262354 ], [ 119.528282, 31.296728 ], [ 119.520679, 31.30097 ], [ 119.514575, 31.315056 ], [ 119.527682, 31.335989 ], [ 119.521759, 31.367226 ], [ 119.536716, 31.391799 ], [ 119.538466, 31.400959 ], [ 119.532262, 31.404884 ], [ 119.532047, 31.411127 ], [ 119.542231, 31.415447 ], [ 119.548003, 31.413065 ], [ 119.551061, 31.417253 ], [ 119.549972, 31.436196 ], [ 119.574101, 31.433321 ], [ 119.585088, 31.442884 ], [ 119.586767, 31.466018 ], [ 119.565504, 31.463905 ], [ 119.560224, 31.470195 ], [ 119.569026, 31.482109 ], [ 119.562587, 31.506687 ], [ 119.570239, 31.509394 ], [ 119.57751, 31.504944 ], [ 119.588918, 31.534597 ], [ 119.610186, 31.5643 ], [ 119.619797, 31.561749 ], [ 119.639242, 31.578338 ], [ 119.637108, 31.606101 ], [ 119.657826, 31.613391 ], [ 119.667178, 31.612646 ], [ 119.682861, 31.605711 ], [ 119.693792, 31.579946 ], [ 119.710179, 31.557964 ], [ 119.728639, 31.565081 ], [ 119.83922, 31.529063 ], [ 119.863254, 31.551703 ], [ 119.878599, 31.553535 ], [ 119.891799, 31.548684 ], [ 119.933839, 31.558181 ], [ 119.940827, 31.544251 ], [ 119.962435, 31.540616 ], [ 119.971962, 31.526441 ], [ 119.972643, 31.5152 ], [ 119.988456, 31.503346 ], [ 120.01102, 31.508779 ], [ 120.019409, 31.501811 ], [ 120.032449, 31.500091 ], [ 120.042074, 31.492232 ], [ 120.041424, 31.482753 ], [ 120.033017, 31.452508 ], [ 120.032699, 31.428725 ], [ 120.015938, 31.383848 ], [ 120.018215, 31.366154 ], [ 120.024837, 31.355025 ], [ 120.041476, 31.344744 ], [ 120.079443, 31.334333 ], [ 120.093191, 31.336314 ], [ 120.08846, 31.353617 ], [ 120.037925, 31.362005 ], [ 120.03392, 31.369333 ], [ 120.037808, 31.406419 ], [ 120.050832, 31.438398 ], [ 120.073239, 31.451809 ], [ 120.10518, 31.463169 ], [ 120.101176, 31.471098 ], [ 120.102608, 31.480128 ], [ 120.125077, 31.506495 ], [ 120.11086, 31.520996 ], [ 120.102651, 31.513646 ], [ 120.098323, 31.514884 ], [ 120.097998, 31.542244 ], [ 120.092594, 31.550485 ], [ 120.074877, 31.556365 ], [ 120.0636, 31.554787 ], [ 120.054106, 31.56063 ], [ 120.051277, 31.565153 ], [ 120.054568, 31.574362 ], [ 120.069423, 31.608046 ], [ 120.112339, 31.63301 ], [ 120.124831, 31.66192 ], [ 120.120569, 31.66866 ], [ 120.120398, 31.686221 ], [ 120.139556, 31.677533 ], [ 120.148101, 31.685602 ], [ 120.138131, 31.695308 ], [ 120.154266, 31.722723 ], [ 120.151134, 31.759504 ], [ 120.159492, 31.763879 ], [ 120.178032, 31.75309 ], [ 120.198549, 31.75435 ], [ 120.198048, 31.764681 ], [ 120.17661, 31.795971 ], [ 120.16588, 31.804638 ], [ 120.162303, 31.806509 ], [ 120.168753, 31.805678 ], [ 120.174295, 31.813942 ], [ 120.158492, 31.834044 ], [ 120.176787, 31.853194 ], [ 120.180648, 31.863128 ], [ 120.169143, 31.871762 ], [ 120.150861, 31.870802 ], [ 120.140234, 31.859773 ], [ 120.119908, 31.862149 ], [ 120.080356, 31.855118 ], [ 120.037348, 31.825387 ], [ 120.029551, 31.824515 ], [ 120.018446, 31.830841 ], [ 120.001276, 31.827033 ], [ 119.996351, 31.842722 ], [ 119.985485, 31.856629 ], [ 119.999472, 31.862247 ], [ 120.008367, 31.873 ], [ 120.010121, 31.88446 ], [ 119.993929, 31.896687 ], [ 119.998666, 31.909871 ], [ 120.014334, 31.918103 ], [ 120.001815, 31.938215 ], [ 120.004175, 31.953587 ], [ 120.013485, 31.969902 ], [ 120.014351, 31.96929 ], [ 120.029476, 31.963174 ], [ 120.093559, 31.952695 ], [ 120.150516, 31.934242 ], [ 120.231317, 31.934924 ], [ 120.25, 31.937345 ], [ 120.325522, 31.970092 ], [ 120.367272, 31.995932 ], [ 120.368293, 31.946211 ] ] ] ] } },
{ "type": "Feature", "properties": { "name": "境界线", "gb": "" }, "geometry": { "type": "MultiLineString", "coordinates": [ [ [ 120.506295, 27.088596 ], [ 120.464886, 27.13361 ], [ 120.458456, 27.143329 ], [ 120.435486, 27.170673 ], [ 120.432465, 27.174261 ], [ 120.428734, 27.178772 ], [ 120.424766, 27.182816 ], [ 120.421822, 27.186884 ], [ 120.417595, 27.190922 ], [ 120.41362, 27.194965 ], [ 120.409363, 27.199923 ], [ 120.407478, 27.202866 ], [ 120.406349, 27.206285 ], [ 120.406548, 27.208355 ], [ 120.406746, 27.210426 ], [ 120.4077, 27.213202 ], [ 120.408935, 27.214838 ], [ 120.410072, 27.220144 ], [ 120.41053, 27.221991 ], [ 120.410721, 27.224291 ], [ 120.410652, 27.226585 ], [ 120.409286, 27.22954 ], [ 120.407952, 27.231117 ], [ 120.405541, 27.234508 ], [ 120.403152, 27.23698 ], [ 120.401207, 27.242216 ], [ 120.400101, 27.244719 ], [ 120.400246, 27.248854 ], [ 120.400177, 27.251148 ], [ 120.40194, 27.252565 ], [ 120.40422, 27.253763 ], [ 120.406784, 27.254051 ], [ 120.409843, 27.254808 ], [ 120.412682, 27.254642 ], [ 120.417045, 27.254969 ], [ 120.419853, 27.255718 ], [ 120.421883, 27.256683 ], [ 120.422562, 27.259913 ], [ 120.422493, 27.262436 ], [ 120.42086, 27.265614 ], [ 120.419502, 27.26811 ], [ 120.416863, 27.270348 ], [ 120.413193, 27.27256 ], [ 120.40979, 27.274782 ], [ 120.407387, 27.277712 ] ] ] } },
{ "type": "Feature", "properties": { "name": "南京市", "gb": "156320100" }, "geometry": { "type": "MultiPolygon", "coordinates": [ [ [ [ 118.716782, 32.610863 ], [ 118.729698, 32.593239 ], [ 118.751877, 32.604618 ], [ 118.764343, 32.604435 ], [ 118.769485, 32.591282 ], [ 118.782097, 32.585587 ], [ 118.795448, 32.589058 ], [ 118.804146, 32.603153 ], [ 118.814529, 32.607357 ], [ 118.819763, 32.598557 ], [ 118.81218, 32.586052 ], [ 118.833252, 32.57082 ], [ 118.86586, 32.575363 ], [ 118.878105, 32.590088 ], [ 118.898209, 32.592522 ], [ 118.900276, 32.588127 ], [ 118.89003, 32.566036 ], [ 118.882607, 32.561104 ], [ 118.884453, 32.558781 ], [ 118.900307, 32.553253 ], [ 118.920792, 32.560959 ], [ 118.929428, 32.559444 ], [ 118.959381, 32.531422 ], [ 118.963394, 32.517361 ], [ 118.974556, 32.508461 ], [ 118.985901, 32.507584 ], [ 119.004845, 32.51897 ], [ 119.028366, 32.517429 ], [ 119.057358, 32.485039 ], [ 119.058805, 32.464512 ], [ 119.045386, 32.464427 ], [ 119.03061, 32.454603 ], [ 119.013199, 32.458305 ], [ 119.024318, 32.433453 ], [ 119.017601, 32.423266 ], [ 119.010442, 32.420597 ], [ 119.00624, 32.409554 ], [ 119.018485, 32.393284 ], [ 119.028232, 32.390654 ], [ 119.032249, 32.384991 ], [ 119.016853, 32.381216 ], [ 119.014737, 32.376976 ], [ 119.020312, 32.370963 ], [ 119.023985, 32.374363 ], [ 119.03118, 32.372589 ], [ 119.036191, 32.365874 ], [ 119.021004, 32.349945 ], [ 119.034011, 32.331464 ], [ 119.028766, 32.311459 ], [ 119.036194, 32.305975 ], [ 119.032441, 32.293887 ], [ 119.036986, 32.278351 ], [ 119.030706, 32.260328 ], [ 119.068971, 32.251205 ], [ 119.078989, 32.241098 ], [ 119.118144, 32.246968 ], [ 119.153208, 32.244679 ], [ 119.220107, 32.226256 ], [ 119.235608, 32.221806 ], [ 119.233925, 32.217165 ], [ 119.215314, 32.202417 ], [ 119.209633, 32.192205 ], [ 119.189731, 32.18688 ], [ 119.174595, 32.190632 ], [ 119.150788, 32.182853 ], [ 119.145134, 32.18959 ], [ 119.129402, 32.195321 ], [ 119.076271, 32.180455 ], [ 119.069647, 32.163529 ], [ 119.039555, 32.162294 ], [ 119.013337, 32.13098 ], [ 119.005717, 32.128276 ], [ 119.003555, 32.118004 ], [ 119.02656, 32.118506 ], [ 119.025709, 32.115694 ], [ 119.04402, 32.112511 ], [ 119.045016, 32.10627 ], [ 119.055704, 32.105961 ], [ 119.066031, 32.111188 ], [ 119.072237, 32.108923 ], [ 119.077198, 32.099034 ], [ 119.094623, 32.090808 ], [ 119.092845, 32.064715 ], [ 119.080691, 32.051053 ], [ 119.08779, 32.037039 ], [ 119.089077, 32.01641 ], [ 119.084615, 32.005025 ], [ 119.093488, 32.001833 ], [ 119.099852, 32.008495 ], [ 119.115066, 31.980142 ], [ 119.100207, 31.967615 ], [ 119.087323, 31.976082 ], [ 119.076348, 31.975676 ], [ 119.06713, 31.969101 ], [ 119.06547, 31.977498 ], [ 119.028826, 31.964771 ], [ 119.021024, 31.957574 ], [ 119.035205, 31.939818 ], [ 119.096525, 31.937171 ], [ 119.113971, 31.896482 ], [ 119.112103, 31.888864 ], [ 119.101854, 31.886238 ], [ 119.095248, 31.868001 ], [ 119.088491, 31.862291 ], [ 119.067942, 31.86673 ], [ 119.046712, 31.863569 ], [ 119.014963, 31.846746 ], [ 119.005536, 31.847675 ], [ 119.000229, 31.842031 ], [ 118.995183, 31.847479 ], [ 118.974674, 31.845221 ], [ 118.96518, 31.828341 ], [ 118.982074, 31.819004 ], [ 118.999967, 31.796439 ], [ 119.000124, 31.789315 ], [ 118.98847, 31.780158 ], [ 118.986441, 31.784853 ], [ 118.973582, 31.785876 ], [ 118.976675, 31.772793 ], [ 118.973304, 31.76956 ], [ 118.984135, 31.765796 ], [ 118.994099, 31.769476 ], [ 119.005139, 31.781536 ], [ 119.04728, 31.792276 ], [ 119.05985, 31.784637 ], [ 119.069797, 31.78737 ], [ 119.0736, 31.783012 ], [ 119.068888, 31.770325 ], [ 119.080564, 31.772917 ], [ 119.089803, 31.766481 ], [ 119.091035, 31.756878 ], [ 119.101144, 31.754424 ], [ 119.103611, 31.748159 ], [ 119.121211, 31.735819 ], [ 119.121726, 31.729413 ], [ 119.140251, 31.71957 ], [ 119.139833, 31.713605 ], [ 119.153848, 31.700328 ], [ 119.170152, 31.699297 ], [ 119.183109, 31.691705 ], [ 119.186156, 31.686783 ], [ 119.181491, 31.669469 ], [ 119.187349, 31.667323 ], [ 119.188469, 31.657296 ], [ 119.180556, 31.655112 ], [ 119.178515, 31.64969 ], [ 119.200731, 31.649409 ], [ 119.205529, 31.632614 ], [ 119.223754, 31.631879 ], [ 119.230297, 31.627166 ], [ 119.231978, 31.623176 ], [ 119.210745, 31.587424 ], [ 119.213105, 31.580643 ], [ 119.209337, 31.571635 ], [ 119.192068, 31.553089 ], [ 119.180049, 31.552477 ], [ 119.173346, 31.530524 ], [ 119.193662, 31.532804 ], [ 119.192875, 31.523596 ], [ 119.179714, 31.503289 ], [ 119.149904, 31.496058 ], [ 119.141718, 31.488454 ], [ 119.151461, 31.48246 ], [ 119.145166, 31.461706 ], [ 119.135578, 31.454129 ], [ 119.137649, 31.446286 ], [ 119.150019, 31.44102 ], [ 119.157014, 31.442821 ], [ 119.161684, 31.436597 ], [ 119.167493, 31.383629 ], [ 119.186527, 31.380637 ], [ 119.203825, 31.357906 ], [ 119.213005, 31.357054 ], [ 119.212804, 31.350864 ], [ 119.192967, 31.33234 ], [ 119.18763, 31.311035 ], [ 119.181834, 31.303685 ], [ 119.159317, 31.300915 ], [ 119.136459, 31.270967 ], [ 119.106728, 31.257763 ], [ 119.084724, 31.235825 ], [ 119.059349, 31.242533 ], [ 119.042221, 31.237761 ], [ 119.02861, 31.243059 ], [ 119.018456, 31.246288 ], [ 118.987946, 31.233974 ], [ 118.929161, 31.244152 ], [ 118.893844, 31.230221 ], [ 118.874084, 31.24124 ], [ 118.829704, 31.234859 ], [ 118.809921, 31.239683 ], [ 118.783638, 31.232437 ], [ 118.769508, 31.246592 ], [ 118.770722, 31.256168 ], [ 118.754891, 31.279572 ], [ 118.720512, 31.282495 ], [ 118.697624, 31.304766 ], [ 118.711533, 31.305227 ], [ 118.713057, 31.326432 ], [ 118.742035, 31.367096 ], [ 118.752747, 31.367783 ], [ 118.764046, 31.36186 ], [ 118.80703, 31.373074 ], [ 118.840317, 31.39823 ], [ 118.864285, 31.426024 ], [ 118.876, 31.451344 ], [ 118.87873, 31.479179 ], [ 118.88414, 31.519609 ], [ 118.868363, 31.549179 ], [ 118.874039, 31.580332 ], [ 118.8647, 31.616764 ], [ 118.859612, 31.624331 ], [ 118.828345, 31.63674 ], [ 118.804596, 31.624138 ], [ 118.795471, 31.626661 ], [ 118.788765, 31.632849 ], [ 118.780457, 31.657135 ], [ 118.789597, 31.671791 ], [ 118.769196, 31.685772 ], [ 118.746635, 31.68211 ], [ 118.728645, 31.644081 ], [ 118.721397, 31.636749 ], [ 118.69912, 31.643387 ], [ 118.667175, 31.642227 ], [ 118.645958, 31.652983 ], [ 118.640579, 31.670387 ], [ 118.642181, 31.680012 ], [ 118.661507, 31.688957 ], [ 118.686737, 31.712334 ], [ 118.671951, 31.733173 ], [ 118.649643, 31.742552 ], [ 118.631622, 31.765675 ], [ 118.623825, 31.7675 ], [ 118.595078, 31.760599 ], [ 118.58461, 31.75005 ], [ 118.548897, 31.737406 ], [ 118.524696, 31.746073 ], [ 118.534614, 31.758459 ], [ 118.528686, 31.764633 ], [ 118.488136, 31.785786 ], [ 118.480759, 31.800512 ], [ 118.485298, 31.811287 ], [ 118.506485, 31.829531 ], [ 118.501604, 31.846692 ], [ 118.487907, 31.843241 ], [ 118.46215, 31.852846 ], [ 118.455803, 31.865677 ], [ 118.459129, 31.8764 ], [ 118.452362, 31.882854 ], [ 118.424919, 31.898397 ], [ 118.410271, 31.896328 ], [ 118.403481, 31.915093 ], [ 118.376801, 31.92281 ], [ 118.364098, 31.937202 ], [ 118.359192, 31.95162 ], [ 118.361023, 31.965595 ], [ 118.370155, 31.973179 ], [ 118.370636, 31.987837 ], [ 118.380028, 31.997711 ], [ 118.390465, 32.023785 ], [ 118.380424, 32.035366 ], [ 118.381455, 32.062249 ], [ 118.387703, 32.083294 ], [ 118.403153, 32.084644 ], [ 118.405602, 32.091225 ], [ 118.414629, 32.089318 ], [ 118.458481, 32.107918 ], [ 118.467834, 32.123463 ], [ 118.493317, 32.125401 ], [ 118.495125, 32.129475 ], [ 118.489578, 32.132412 ], [ 118.489899, 32.145264 ], [ 118.482338, 32.164398 ], [ 118.48838, 32.179745 ], [ 118.498665, 32.184051 ], [ 118.501526, 32.196232 ], [ 118.507742, 32.194953 ], [ 118.554909, 32.199108 ], [ 118.565285, 32.205318 ], [ 118.573235, 32.197853 ], [ 118.610763, 32.20998 ], [ 118.619774, 32.206005 ], [ 118.637283, 32.210243 ], [ 118.643257, 32.222214 ], [ 118.656952, 32.220146 ], [ 118.65628, 32.234413 ], [ 118.661827, 32.242954 ], [ 118.65683, 32.251621 ], [ 118.666481, 32.255432 ], [ 118.653381, 32.26437 ], [ 118.663223, 32.294823 ], [ 118.649712, 32.301018 ], [ 118.665153, 32.318188 ], [ 118.68602, 32.318634 ], [ 118.687492, 32.32111 ], [ 118.677261, 32.327888 ], [ 118.69735, 32.334557 ], [ 118.699577, 32.341373 ], [ 118.689263, 32.346546 ], [ 118.697372, 32.357529 ], [ 118.68615, 32.370888 ], [ 118.697128, 32.370503 ], [ 118.693863, 32.378677 ], [ 118.688858, 32.384865 ], [ 118.673439, 32.389408 ], [ 118.683037, 32.476543 ], [ 118.664902, 32.471226 ], [ 118.64341, 32.475662 ], [ 118.623939, 32.47119 ], [ 118.595474, 32.476761 ], [ 118.584122, 32.49205 ], [ 118.586197, 32.501431 ], [ 118.603332, 32.505787 ], [ 118.608894, 32.513744 ], [ 118.600426, 32.538403 ], [ 118.562073, 32.557953 ], [ 118.556328, 32.569958 ], [ 118.566444, 32.589554 ], [ 118.586998, 32.601898 ], [ 118.63205, 32.584236 ], [ 118.64566, 32.599205 ], [ 118.68631, 32.593449 ], [ 118.693054, 32.606869 ], [ 118.695023, 32.610279 ], [ 118.716782, 32.610863 ] ], [ [ 119.191163, 31.369419 ], [ 119.192441, 31.369287 ], [ 119.192391, 31.371438 ], [ 119.191163, 31.369419 ] ] ] ] } },
{ "type": "Feature", "properties": { "name": "丽水市", "gb": "156331100" }, "geometry": { "type": "MultiPolygon", "coordinates": [ [ [ [ 120.267897, 28.952943 ], [ 120.273627, 28.933611 ], [ 120.303458, 28.936544 ], [ 120.305399, 28.926348 ], [ 120.311007, 28.921363 ], [ 120.302396, 28.897324 ], [ 120.312696, 28.888785 ], [ 120.312054, 28.879319 ], [ 120.339337, 28.861279 ], [ 120.353513, 28.844347 ], [ 120.381468, 28.832654 ], [ 120.387491, 28.835539 ], [ 120.388409, 28.849943 ], [ 120.396746, 28.858701 ], [ 120.402477, 28.848182 ], [ 120.411827, 28.852786 ], [ 120.422313, 28.834819 ], [ 120.411344, 28.825471 ], [ 120.402726, 28.80625 ], [ 120.406328, 28.801317 ], [ 120.39919, 28.790854 ], [ 120.381753, 28.79009 ], [ 120.368897, 28.775266 ], [ 120.363623, 28.759331 ], [ 120.365682, 28.743221 ], [ 120.341181, 28.731363 ], [ 120.339256, 28.726655 ], [ 120.344956, 28.725938 ], [ 120.350227, 28.710304 ], [ 120.328866, 28.70529 ], [ 120.319316, 28.692513 ], [ 120.318816, 28.669812 ], [ 120.333262, 28.656039 ], [ 120.353177, 28.649862 ], [ 120.353234, 28.641288 ], [ 120.345827, 28.641724 ], [ 120.345418, 28.635388 ], [ 120.366885, 28.619636 ], [ 120.364281, 28.613637 ], [ 120.368141, 28.608947 ], [ 120.374756, 28.608943 ], [ 120.377043, 28.585339 ], [ 120.367343, 28.574847 ], [ 120.366347, 28.581094 ], [ 120.354135, 28.582455 ], [ 120.343517, 28.57671 ], [ 120.328151, 28.583644 ], [ 120.31591, 28.57378 ], [ 120.319943, 28.564935 ], [ 120.317593, 28.557127 ], [ 120.309804, 28.559729 ], [ 120.285654, 28.538088 ], [ 120.291743, 28.514387 ], [ 120.297025, 28.51059 ], [ 120.302341, 28.512068 ], [ 120.308519, 28.525803 ], [ 120.313283, 28.525476 ], [ 120.336858, 28.498875 ], [ 120.37614, 28.500674 ], [ 120.383175, 28.482724 ], [ 120.377199, 28.46275 ], [ 120.367774, 28.454056 ], [ 120.367638, 28.449249 ], [ 120.377009, 28.440015 ], [ 120.372465, 28.414489 ], [ 120.364029, 28.418938 ], [ 120.361019, 28.428162 ], [ 120.33931, 28.434762 ], [ 120.333731, 28.430477 ], [ 120.334505, 28.415351 ], [ 120.328511, 28.413392 ], [ 120.329111, 28.402879 ], [ 120.340515, 28.395263 ], [ 120.330525, 28.387327 ], [ 120.330283, 28.374511 ], [ 120.352442, 28.368694 ], [ 120.357704, 28.359159 ], [ 120.356193, 28.34797 ], [ 120.343032, 28.335589 ], [ 120.368035, 28.328203 ], [ 120.373198, 28.32066 ], [ 120.390231, 28.318859 ], [ 120.410561, 28.30569 ], [ 120.422133, 28.270688 ], [ 120.419058, 28.251859 ], [ 120.429652, 28.249751 ], [ 120.432463, 28.24535 ], [ 120.433098, 28.237444 ], [ 120.417706, 28.221613 ], [ 120.399267, 28.222544 ], [ 120.409021, 28.218459 ], [ 120.414551, 28.201976 ], [ 120.421843, 28.199812 ], [ 120.426859, 28.190029 ], [ 120.408997, 28.180432 ], [ 120.41668, 28.164823 ], [ 120.414254, 28.158521 ], [ 120.389208, 28.155313 ], [ 120.380086, 28.148232 ], [ 120.402241, 28.134564 ], [ 120.407917, 28.123231 ], [ 120.407435, 28.117611 ], [ 120.393496, 28.101626 ], [ 120.385656, 28.096992 ], [ 120.376259, 28.098758 ], [ 120.363651, 28.090491 ], [ 120.360334, 28.098722 ], [ 120.354497, 28.098844 ], [ 120.353841, 28.091077 ], [ 120.372569, 28.060288 ], [ 120.363417, 28.05495 ], [ 120.342284, 28.052845 ], [ 120.339745, 28.043666 ], [ 120.345182, 28.03696 ], [ 120.343855, 28.028094 ], [ 120.329499, 27.997028 ], [ 120.330502, 27.993195 ], [ 120.343966, 27.991527 ], [ 120.345655, 27.986725 ], [ 120.334851, 27.975096 ], [ 120.324932, 27.97101 ], [ 120.3236, 27.979051 ], [ 120.318301, 27.982833 ], [ 120.288273, 27.981421 ], [ 120.27168, 27.960889 ], [ 120.260903, 27.960683 ], [ 120.25312, 27.965029 ], [ 120.254388, 27.970331 ], [ 120.247752, 27.969935 ], [ 120.237519, 27.938928 ], [ 120.226237, 27.934216 ], [ 120.196846, 27.939554 ], [ 120.174358, 27.9554 ], [ 120.168991, 27.963206 ], [ 120.174052, 27.97317 ], [ 120.159711, 27.985526 ], [ 120.133934, 27.978461 ], [ 120.102181, 27.98701 ], [ 120.08165, 27.970002 ], [ 120.072867, 27.971345 ], [ 120.074699, 27.977093 ], [ 120.065746, 27.974488 ], [ 120.060226, 27.965754 ], [ 120.065077, 27.9611 ], [ 120.062298, 27.954819 ], [ 120.040897, 27.953989 ], [ 120.021717, 27.942023 ], [ 120.011522, 27.943428 ], [ 120.002434, 27.952582 ], [ 120.000499, 27.946086 ], [ 119.989854, 27.942926 ], [ 119.963495, 27.94235 ], [ 119.957395, 27.951604 ], [ 119.964401, 27.967397 ], [ 119.958996, 27.978241 ], [ 119.931297, 27.974513 ], [ 119.902776, 27.957635 ], [ 119.886886, 27.956081 ], [ 119.873394, 27.974613 ], [ 119.869793, 27.971133 ], [ 119.867116, 27.974761 ], [ 119.859276, 27.960757 ], [ 119.850525, 27.965793 ], [ 119.842148, 27.96468 ], [ 119.825588, 27.956051 ], [ 119.846588, 27.938476 ], [ 119.832987, 27.92394 ], [ 119.830666, 27.914231 ], [ 119.817384, 27.916841 ], [ 119.80075, 27.928838 ], [ 119.783643, 27.913689 ], [ 119.782198, 27.903111 ], [ 119.791864, 27.902447 ], [ 119.796413, 27.891633 ], [ 119.780327, 27.865522 ], [ 119.780571, 27.799005 ], [ 119.767155, 27.797158 ], [ 119.758281, 27.802236 ], [ 119.742687, 27.783999 ], [ 119.71472, 27.762355 ], [ 119.679101, 27.751645 ], [ 119.674163, 27.736411 ], [ 119.643126, 27.715428 ], [ 119.645948, 27.700069 ], [ 119.652443, 27.69566 ], [ 119.633641, 27.67349 ], [ 119.603783, 27.678175 ], [ 119.580994, 27.674191 ], [ 119.55114, 27.679796 ], [ 119.537826, 27.670902 ], [ 119.533333, 27.647951 ], [ 119.523788, 27.655388 ], [ 119.499306, 27.660215 ], [ 119.488097, 27.657449 ], [ 119.486175, 27.646484 ], [ 119.491516, 27.623436 ], [ 119.477402, 27.588621 ], [ 119.479942, 27.573544 ], [ 119.472252, 27.548933 ], [ 119.461571, 27.529543 ], [ 119.446709, 27.516594 ], [ 119.433456, 27.511824 ], [ 119.424622, 27.521971 ], [ 119.42186, 27.534071 ], [ 119.411621, 27.542685 ], [ 119.371773, 27.538017 ], [ 119.33419, 27.506559 ], [ 119.339447, 27.493174 ], [ 119.335404, 27.486963 ], [ 119.280144, 27.460838 ], [ 119.273056, 27.444227 ], [ 119.261162, 27.432703 ], [ 119.239545, 27.424695 ], [ 119.214729, 27.425369 ], [ 119.126541, 27.437511 ], [ 119.119407, 27.442722 ], [ 119.126587, 27.476105 ], [ 119.119072, 27.487078 ], [ 119.105507, 27.485054 ], [ 119.085823, 27.472559 ], [ 119.072121, 27.476049 ], [ 119.052887, 27.474094 ], [ 119.006355, 27.50001 ], [ 118.981224, 27.47929 ], [ 118.953247, 27.481689 ], [ 118.955933, 27.46386 ], [ 118.911392, 27.461613 ], [ 118.900696, 27.467688 ], [ 118.886592, 27.486743 ], [ 118.876739, 27.519247 ], [ 118.871551, 27.522734 ], [ 118.858231, 27.520443 ], [ 118.854706, 27.525681 ], [ 118.868881, 27.537115 ], [ 118.883278, 27.536133 ], [ 118.894341, 27.543364 ], [ 118.904282, 27.57638 ], [ 118.899391, 27.600063 ], [ 118.902725, 27.623087 ], [ 118.895981, 27.638371 ], [ 118.89653, 27.650516 ], [ 118.868217, 27.6915 ], [ 118.867378, 27.698435 ], [ 118.870727, 27.709974 ], [ 118.891388, 27.717394 ], [ 118.864787, 27.745491 ], [ 118.831568, 27.836455 ], [ 118.824241, 27.851081 ], [ 118.826164, 27.882006 ], [ 118.803047, 27.924534 ], [ 118.79171, 27.93729 ], [ 118.773193, 27.93939 ], [ 118.743897, 27.95513 ], [ 118.722885, 27.978706 ], [ 118.725632, 28.038052 ], [ 118.711907, 28.056383 ], [ 118.712425, 28.062799 ], [ 118.748688, 28.100388 ], [ 118.79248, 28.123295 ], [ 118.800011, 28.146898 ], [ 118.791741, 28.174173 ], [ 118.762962, 28.173952 ], [ 118.761147, 28.177849 ], [ 118.765556, 28.187475 ], [ 118.800842, 28.224133 ], [ 118.802673, 28.241093 ], [ 118.79541, 28.248657 ], [ 118.779587, 28.24935 ], [ 118.759094, 28.252563 ], [ 118.752093, 28.255973 ], [ 118.728737, 28.278921 ], [ 118.722244, 28.305506 ], [ 118.708748, 28.31238 ], [ 118.69595, 28.310782 ], [ 118.696675, 28.330144 ], [ 118.715169, 28.341272 ], [ 118.73299, 28.358849 ], [ 118.738425, 28.381876 ], [ 118.75249, 28.402095 ], [ 118.750131, 28.41998 ], [ 118.717239, 28.415905 ], [ 118.726342, 28.460097 ], [ 118.719883, 28.465549 ], [ 118.724984, 28.48307 ], [ 118.718298, 28.496719 ], [ 118.721054, 28.502629 ], [ 118.738522, 28.513616 ], [ 118.746398, 28.527815 ], [ 118.759444, 28.527113 ], [ 118.770989, 28.521101 ], [ 118.780935, 28.534158 ], [ 118.793696, 28.539306 ], [ 118.800703, 28.536195 ], [ 118.818006, 28.551622 ], [ 118.835348, 28.543386 ], [ 118.844035, 28.545363 ], [ 118.849871, 28.533273 ], [ 118.860863, 28.532123 ], [ 118.864913, 28.516805 ], [ 118.896292, 28.547603 ], [ 118.909101, 28.566573 ], [ 118.905129, 28.594921 ], [ 118.913621, 28.603919 ], [ 118.91147, 28.615013 ], [ 118.921741, 28.626154 ], [ 118.920023, 28.634718 ], [ 118.926579, 28.644838 ], [ 118.949396, 28.651968 ], [ 118.958172, 28.646268 ], [ 119.012873, 28.705162 ], [ 119.039915, 28.715924 ], [ 119.041802, 28.724094 ], [ 119.058836, 28.736514 ], [ 119.083095, 28.738475 ], [ 119.094649, 28.750754 ], [ 119.114259, 28.741022 ], [ 119.134407, 28.741285 ], [ 119.161995, 28.755915 ], [ 119.167382, 28.753776 ], [ 119.190597, 28.781743 ], [ 119.20097, 28.778767 ], [ 119.205435, 28.772149 ], [ 119.213863, 28.774056 ], [ 119.239962, 28.764518 ], [ 119.262656, 28.788875 ], [ 119.272695, 28.806486 ], [ 119.300354, 28.810394 ], [ 119.307899, 28.815624 ], [ 119.313362, 28.814532 ], [ 119.31609, 28.807433 ], [ 119.321909, 28.783166 ], [ 119.329541, 28.77867 ], [ 119.331902, 28.76836 ], [ 119.339042, 28.760959 ], [ 119.352268, 28.762969 ], [ 119.354663, 28.77249 ], [ 119.365536, 28.780325 ], [ 119.367953, 28.788602 ], [ 119.380978, 28.789543 ], [ 119.388617, 28.785545 ], [ 119.413443, 28.752428 ], [ 119.457676, 28.765671 ], [ 119.460048, 28.769786 ], [ 119.468226, 28.767708 ], [ 119.47054, 28.748728 ], [ 119.464211, 28.747094 ], [ 119.465344, 28.743487 ], [ 119.455715, 28.745242 ], [ 119.461396, 28.710537 ], [ 119.454871, 28.68423 ], [ 119.459984, 28.670218 ], [ 119.475625, 28.664023 ], [ 119.469007, 28.657155 ], [ 119.451207, 28.654676 ], [ 119.453882, 28.642161 ], [ 119.460688, 28.636334 ], [ 119.477839, 28.643369 ], [ 119.487754, 28.627939 ], [ 119.494495, 28.636433 ], [ 119.516128, 28.641949 ], [ 119.504302, 28.629414 ], [ 119.50713, 28.609831 ], [ 119.491462, 28.583025 ], [ 119.48837, 28.559093 ], [ 119.496572, 28.55372 ], [ 119.509503, 28.5654 ], [ 119.530513, 28.557629 ], [ 119.53107, 28.540606 ], [ 119.542343, 28.534809 ], [ 119.550549, 28.538485 ], [ 119.579612, 28.537168 ], [ 119.584398, 28.542313 ], [ 119.595972, 28.528868 ], [ 119.613946, 28.527238 ], [ 119.622481, 28.523876 ], [ 119.626473, 28.516454 ], [ 119.627658, 28.529747 ], [ 119.640507, 28.537088 ], [ 119.649695, 28.549767 ], [ 119.658176, 28.550333 ], [ 119.660513, 28.538281 ], [ 119.670803, 28.529572 ], [ 119.684962, 28.535829 ], [ 119.697374, 28.530629 ], [ 119.703514, 28.538482 ], [ 119.703224, 28.547128 ], [ 119.714382, 28.557404 ], [ 119.71531, 28.569384 ], [ 119.745736, 28.578671 ], [ 119.744279, 28.595819 ], [ 119.770557, 28.590176 ], [ 119.766527, 28.611713 ], [ 119.748151, 28.638667 ], [ 119.75931, 28.644236 ], [ 119.771823, 28.636363 ], [ 119.79259, 28.638671 ], [ 119.806614, 28.656948 ], [ 119.810539, 28.68493 ], [ 119.809658, 28.68863 ], [ 119.802359, 28.687827 ], [ 119.808242, 28.69526 ], [ 119.823374, 28.699062 ], [ 119.830117, 28.709659 ], [ 119.827703, 28.713378 ], [ 119.83756, 28.721138 ], [ 119.860766, 28.721227 ], [ 119.868467, 28.731061 ], [ 119.871164, 28.739951 ], [ 119.867274, 28.744878 ], [ 119.876295, 28.755744 ], [ 119.882799, 28.747813 ], [ 119.897708, 28.757405 ], [ 119.896004, 28.766045 ], [ 119.916295, 28.785214 ], [ 119.918628, 28.797462 ], [ 119.910745, 28.802707 ], [ 119.919548, 28.80439 ], [ 119.927938, 28.799143 ], [ 119.944279, 28.790319 ], [ 119.962576, 28.788223 ], [ 119.967188, 28.797426 ], [ 119.975189, 28.798472 ], [ 120.000463, 28.784081 ], [ 120.024324, 28.760836 ], [ 120.044639, 28.766258 ], [ 120.081229, 28.790219 ], [ 120.092692, 28.771542 ], [ 120.115009, 28.764016 ], [ 120.128398, 28.76387 ], [ 120.133874, 28.770091 ], [ 120.13441, 28.7818 ], [ 120.142429, 28.78673 ], [ 120.171835, 28.775999 ], [ 120.177925, 28.785032 ], [ 120.195866, 28.786199 ], [ 120.20231, 28.791255 ], [ 120.20606, 28.79838 ], [ 120.196464, 28.803257 ], [ 120.195359, 28.811924 ], [ 120.201853, 28.81751 ], [ 120.207061, 28.832381 ], [ 120.23693, 28.850411 ], [ 120.257859, 28.874386 ], [ 120.257531, 28.910837 ], [ 120.246457, 28.915473 ], [ 120.249715, 28.932846 ], [ 120.262342, 28.948534 ], [ 120.267897, 28.952943 ] ] ] ] } },
{ "type": "Feature", "properties": { "name": "宿迁市", "gb": "156321300" }, "geometry": { "type": "MultiPolygon", "coordinates": [ [ [ [ 119.03669, 34.42182 ], [ 119.055875, 34.417046 ], [ 119.055622, 34.421015 ], [ 119.083803, 34.421775 ], [ 119.081188, 34.41087 ], [ 119.056524, 34.408275 ], [ 119.049157, 34.377024 ], [ 119.051401, 34.350751 ], [ 119.07015, 34.343252 ], [ 119.067826, 34.330098 ], [ 119.076562, 34.316584 ], [ 119.075181, 34.302107 ], [ 119.066141, 34.299643 ], [ 119.066354, 34.289915 ], [ 119.071129, 34.287404 ], [ 119.06581, 34.268695 ], [ 119.084155, 34.263567 ], [ 119.092715, 34.205669 ], [ 119.108174, 34.203016 ], [ 119.109841, 34.20712 ], [ 119.124182, 34.206743 ], [ 119.1348, 34.198439 ], [ 119.13421, 34.190821 ], [ 119.128815, 34.190646 ], [ 119.126281, 34.183168 ], [ 119.138722, 34.172887 ], [ 119.13482, 34.167058 ], [ 119.139914, 34.159782 ], [ 119.120785, 34.14238 ], [ 119.134589, 34.135489 ], [ 119.141998, 34.133609 ], [ 119.146466, 34.137314 ], [ 119.163916, 34.129973 ], [ 119.171091, 34.119504 ], [ 119.162182, 34.111637 ], [ 119.169033, 34.09457 ], [ 119.152098, 34.07665 ], [ 119.149505, 34.057645 ], [ 119.142498, 34.046261 ], [ 119.124323, 34.030203 ], [ 119.106872, 34.024407 ], [ 119.081573, 34.00497 ], [ 119.073889, 33.985928 ], [ 119.037625, 33.970529 ], [ 119.036617, 33.962045 ], [ 119.046037, 33.958516 ], [ 119.050017, 33.941276 ], [ 118.996062, 33.895892 ], [ 118.990702, 33.898075 ], [ 118.992691, 33.905399 ], [ 118.965563, 33.920997 ], [ 118.947182, 33.917011 ], [ 118.93227, 33.903362 ], [ 118.923352, 33.903499 ], [ 118.902036, 33.891336 ], [ 118.882271, 33.887335 ], [ 118.863658, 33.894232 ], [ 118.85791, 33.890859 ], [ 118.857839, 33.88415 ], [ 118.828958, 33.863497 ], [ 118.813889, 33.846549 ], [ 118.804633, 33.827371 ], [ 118.795598, 33.822684 ], [ 118.801592, 33.794993 ], [ 118.78873, 33.77518 ], [ 118.789993, 33.769843 ], [ 118.802259, 33.768083 ], [ 118.79444, 33.748771 ], [ 118.809967, 33.723305 ], [ 118.803068, 33.712505 ], [ 118.808505, 33.710275 ], [ 118.80837, 33.705764 ], [ 118.803372, 33.69959 ], [ 118.793991, 33.697756 ], [ 118.789826, 33.682025 ], [ 118.786623, 33.6676 ], [ 118.792122, 33.659761 ], [ 118.793122, 33.645712 ], [ 118.750838, 33.640211 ], [ 118.75848, 33.618692 ], [ 118.776386, 33.592635 ], [ 118.799524, 33.576228 ], [ 118.799489, 33.57203 ], [ 118.783285, 33.541248 ], [ 118.782225, 33.506341 ], [ 118.773132, 33.49067 ], [ 118.775719, 33.442415 ], [ 118.73725, 33.391861 ], [ 118.771022, 33.346464 ], [ 118.507111, 33.257535 ], [ 118.485762, 33.243497 ], [ 118.401665, 33.187125 ], [ 118.273621, 33.208939 ], [ 118.214531, 33.176448 ], [ 118.208374, 33.193462 ], [ 118.197197, 33.206493 ], [ 118.186638, 33.214138 ], [ 118.167557, 33.218143 ], [ 118.148979, 33.199322 ], [ 118.147362, 33.175049 ], [ 118.065727, 33.145966 ], [ 118.057043, 33.147827 ], [ 118.034271, 33.142044 ], [ 118.032242, 33.154453 ], [ 118.027107, 33.158627 ], [ 117.983986, 33.177803 ], [ 117.981056, 33.183792 ], [ 117.98896, 33.206211 ], [ 117.972855, 33.228828 ], [ 117.946602, 33.224449 ], [ 117.931892, 33.22686 ], [ 117.932266, 33.235348 ], [ 117.939758, 33.246071 ], [ 117.93779, 33.265362 ], [ 117.964729, 33.280975 ], [ 117.979866, 33.314121 ], [ 117.981132, 33.328564 ], [ 117.972086, 33.335594 ], [ 117.960571, 33.346401 ], [ 117.961716, 33.35075 ], [ 117.998909, 33.352741 ], [ 118.019142, 33.375515 ], [ 118.021789, 33.390865 ], [ 118.014122, 33.412266 ], [ 118.014877, 33.429237 ], [ 118.030434, 33.470177 ], [ 118.046844, 33.491142 ], [ 118.051384, 33.495094 ], [ 118.073898, 33.492092 ], [ 118.104942, 33.482895 ], [ 118.0998, 33.520565 ], [ 118.104973, 33.565178 ], [ 118.112061, 33.58638 ], [ 118.106758, 33.617405 ], [ 118.157112, 33.664738 ], [ 118.157379, 33.703281 ], [ 118.161636, 33.713795 ], [ 118.146431, 33.725414 ], [ 118.153396, 33.732918 ], [ 118.167099, 33.730953 ], [ 118.178696, 33.735657 ], [ 118.176087, 33.745091 ], [ 118.163028, 33.750839 ], [ 118.162619, 33.760052 ], [ 118.172471, 33.765621 ], [ 118.167662, 33.770761 ], [ 118.168712, 33.781282 ], [ 118.156838, 33.792073 ], [ 118.155128, 33.798688 ], [ 118.163226, 33.821864 ], [ 118.17746, 33.817865 ], [ 118.181347, 33.821918 ], [ 118.179331, 33.843079 ], [ 118.170965, 33.847181 ], [ 118.162635, 33.882757 ], [ 118.146058, 33.897812 ], [ 118.135494, 33.93613 ], [ 118.123357, 33.953344 ], [ 118.118995, 33.957167 ], [ 118.111968, 33.956007 ], [ 118.109452, 33.936927 ], [ 118.10035, 33.933343 ], [ 118.096059, 33.940212 ], [ 118.074919, 33.942856 ], [ 118.075987, 33.951138 ], [ 118.079289, 33.950949 ], [ 118.077782, 33.968041 ], [ 118.045821, 33.971968 ], [ 118.043034, 33.984988 ], [ 118.02692, 33.985562 ], [ 118.022423, 33.99714 ], [ 118.026355, 34.013186 ], [ 118.033258, 34.016317 ], [ 118.045551, 34.009932 ], [ 118.061655, 34.017382 ], [ 118.051549, 34.049511 ], [ 118.058868, 34.060002 ], [ 118.042191, 34.095645 ], [ 118.003435, 34.08608 ], [ 117.99937, 34.09205 ], [ 118.002834, 34.099557 ], [ 117.995165, 34.107063 ], [ 117.989075, 34.106845 ], [ 117.994426, 34.138481 ], [ 118.011162, 34.138025 ], [ 118.02247, 34.1474 ], [ 118.053089, 34.148761 ], [ 118.065423, 34.174869 ], [ 118.076422, 34.168516 ], [ 118.09231, 34.143211 ], [ 118.115337, 34.145199 ], [ 118.140836, 34.136781 ], [ 118.146427, 34.139004 ], [ 118.149316, 34.149649 ], [ 118.144041, 34.162171 ], [ 118.152985, 34.166354 ], [ 118.165827, 34.161953 ], [ 118.179008, 34.165018 ], [ 118.208278, 34.143235 ], [ 118.209106, 34.126258 ], [ 118.217256, 34.108282 ], [ 118.227123, 34.101597 ], [ 118.284146, 34.104148 ], [ 118.320284, 34.121055 ], [ 118.375178, 34.118886 ], [ 118.431808, 34.106015 ], [ 118.44536, 34.107918 ], [ 118.46785, 34.098131 ], [ 118.510182, 34.11896 ], [ 118.500766, 34.121434 ], [ 118.499301, 34.133022 ], [ 118.50387, 34.149791 ], [ 118.497738, 34.149791 ], [ 118.5, 34.159765 ], [ 118.504843, 34.165743 ], [ 118.521491, 34.170946 ], [ 118.543248, 34.164369 ], [ 118.554527, 34.173759 ], [ 118.556172, 34.198018 ], [ 118.568406, 34.233739 ], [ 118.557299, 34.238558 ], [ 118.555258, 34.247381 ], [ 118.557657, 34.274198 ], [ 118.567051, 34.303172 ], [ 118.583039, 34.311069 ], [ 118.612392, 34.311725 ], [ 118.612235, 34.308328 ], [ 118.62286, 34.308134 ], [ 118.6292, 34.313907 ], [ 118.632711, 34.329934 ], [ 118.627166, 34.338707 ], [ 118.61502, 34.345917 ], [ 118.627222, 34.346426 ], [ 118.633502, 34.358168 ], [ 118.639127, 34.357825 ], [ 118.668293, 34.340696 ], [ 118.691192, 34.348681 ], [ 118.702202, 34.336541 ], [ 118.724471, 34.330732 ], [ 118.728344, 34.324318 ], [ 118.746045, 34.330827 ], [ 118.7563, 34.323008 ], [ 118.759611, 34.312911 ], [ 118.780481, 34.313047 ], [ 118.800777, 34.33871 ], [ 118.807356, 34.358914 ], [ 118.832149, 34.370005 ], [ 118.905985, 34.369685 ], [ 118.90545, 34.378825 ], [ 118.922639, 34.373957 ], [ 118.937602, 34.380122 ], [ 118.948546, 34.367345 ], [ 118.945014, 34.350502 ], [ 118.95716, 34.348832 ], [ 118.954261, 34.351602 ], [ 118.956506, 34.362301 ], [ 118.980005, 34.385138 ], [ 118.989332, 34.404415 ], [ 119.009943, 34.40722 ], [ 119.029781, 34.400735 ], [ 119.03669, 34.42182 ] ] ] ] } },
{ "type": "Feature", "properties": { "name": "境界线", "gb": "" }, "geometry": { "type": "MultiLineString", "coordinates": [ [ [ 117.188042, 23.617241 ], [ 117.188019, 23.598696 ], [ 117.186997, 23.588497 ], [ 117.191002, 23.575512 ], [ 117.197029, 23.566233 ], [ 117.206062, 23.556021 ], [ 117.21611, 23.54859 ], [ 117.216057, 23.548555 ], [ 117.22583, 23.540268 ], [ 117.230347, 23.533047 ], [ 117.235359, 23.525354 ], [ 117.238968, 23.520908 ], [ 117.243988, 23.513905 ], [ 117.249008, 23.50667 ], [ 117.254517, 23.499424 ], [ 117.259537, 23.491961 ], [ 117.263847, 23.486347 ], [ 117.268417, 23.480501 ], [ 117.271553, 23.476751 ], [ 117.274406, 23.472782 ] ], [ [ 117.372452, 23.369833 ], [ 117.380654, 23.360905 ], [ 117.387337, 23.351561 ], [ 117.397667, 23.339367 ], [ 117.405518, 23.327467 ], [ 117.411972, 23.318813 ], [ 117.414383, 23.316458 ], [ 117.418427, 23.310617 ] ] ] } },
{ "type": "Feature", "properties": { "name": "台州市", "gb": "156331000" }, "geometry": { "type": "MultiPolygon", "coordinates": [ [ [ [ 121.176829, 28.239225 ], [ 121.167411, 28.213707 ], [ 121.15211, 28.229294 ], [ 121.176829, 28.239225 ] ] ], [ [ [ 121.207585, 28.326219 ], [ 121.20572, 28.325343 ], [ 121.204969, 28.327593 ], [ 121.204772, 28.328424 ], [ 121.205816, 28.329345 ], [ 121.206097, 28.332604 ], [ 121.207197, 28.332882 ], [ 121.208536, 28.329128 ], [ 121.207585, 28.326219 ] ] ], [ [ [ 121.915869, 28.455287 ], [ 121.913097, 28.45185 ], [ 121.909719, 28.447466 ], [ 121.904452, 28.44388 ], [ 121.90064, 28.44527 ], [ 121.89656, 28.441952 ], [ 121.891525, 28.437859 ], [ 121.888097, 28.433953 ], [ 121.885185, 28.436153 ], [ 121.884496, 28.441877 ], [ 121.881121, 28.439326 ], [ 121.877783, 28.435611 ], [ 121.872952, 28.432678 ], [ 121.866434, 28.428499 ], [ 121.864553, 28.428574 ], [ 121.864846, 28.429912 ], [ 121.866326, 28.433332 ], [ 121.869208, 28.43387 ], [ 121.873142, 28.435546 ], [ 121.876523, 28.438691 ], [ 121.878493, 28.441974 ], [ 121.876698, 28.442668 ], [ 121.876901, 28.444907 ], [ 121.880629, 28.447825 ], [ 121.88579, 28.452502 ], [ 121.891617, 28.451833 ], [ 121.894312, 28.451577 ], [ 121.89755, 28.455108 ], [ 121.905899, 28.454357 ], [ 121.912334, 28.456066 ], [ 121.915869, 28.455287 ] ] ], [ [ [ 121.900249, 28.482135 ], [ 121.878526, 28.477332 ], [ 121.876896, 28.484705 ], [ 121.879884, 28.504425 ], [ 121.893185, 28.516084 ], [ 121.913055, 28.500506 ], [ 121.900249, 28.482135 ] ] ], [ [ [ 121.803064, 28.703619 ], [ 121.793552, 28.693873 ], [ 121.784722, 28.683226 ], [ 121.750791, 28.691616 ], [ 121.759513, 28.693867 ], [ 121.760611, 28.707363 ], [ 121.771582, 28.705891 ], [ 121.772793, 28.695683 ], [ 121.778856, 28.694616 ], [ 121.789312, 28.697558 ], [ 121.8025, 28.709302 ], [ 121.803064, 28.703619 ] ] ], [ [ [ 121.923622, 28.712726 ], [ 121.918699, 28.707848 ], [ 121.911591, 28.718281 ], [ 121.918222, 28.722043 ], [ 121.929511, 28.723133 ], [ 121.937268, 28.724119 ], [ 121.933474, 28.719353 ], [ 121.927924, 28.713124 ], [ 121.923622, 28.712726 ] ] ], [ [ [ 121.866024, 28.73008 ], [ 121.860034, 28.726494 ], [ 121.848902, 28.732362 ], [ 121.845386, 28.746041 ], [ 121.848246, 28.752069 ], [ 121.8692, 28.754023 ], [ 121.890536, 28.76521 ], [ 121.901186, 28.762552 ], [ 121.891663, 28.754889 ], [ 121.878056, 28.753286 ], [ 121.868808, 28.745072 ], [ 121.860762, 28.742192 ], [ 121.861806, 28.738924 ], [ 121.868853, 28.731992 ], [ 121.866024, 28.73008 ] ] ], [ [ [ 121.857746, 28.785524 ], [ 121.836925, 28.772971 ], [ 121.840509, 28.78125 ], [ 121.843207, 28.795951 ], [ 121.848543, 28.811027 ], [ 121.858584, 28.816215 ], [ 121.867723, 28.811392 ], [ 121.857746, 28.785524 ] ] ], [ [ [ 121.701336, 28.905534 ], [ 121.700511, 28.894225 ], [ 121.697115, 28.889802 ], [ 121.691645, 28.885448 ], [ 121.687007, 28.884916 ], [ 121.684736, 28.891062 ], [ 121.676394, 28.89569 ], [ 121.67286, 28.893064 ], [ 121.672085, 28.886885 ], [ 121.656661, 28.896366 ], [ 121.674934, 28.903939 ], [ 121.689316, 28.905372 ], [ 121.701336, 28.905534 ] ] ], [ [ [ 121.603787, 29.140489 ], [ 121.568211, 29.135359 ], [ 121.541519, 29.144884 ], [ 121.532436, 29.161273 ], [ 121.543809, 29.173961 ], [ 121.572318, 29.170801 ], [ 121.598323, 29.155207 ], [ 121.603787, 29.140489 ] ] ], [ [ [ 121.160857, 29.347004 ], [ 121.15965, 29.328389 ], [ 121.168703, 29.325264 ], [ 121.176911, 29.331267 ], [ 121.189119, 29.325432 ], [ 121.183367, 29.319074 ], [ 121.185468, 29.314477 ], [ 121.195454, 29.316985 ], [ 121.195182, 29.308797 ], [ 121.173982, 29.292888 ], [ 121.171285, 29.276286 ], [ 121.174153, 29.270696 ], [ 121.17147, 29.265025 ], [ 121.163284, 29.264947 ], [ 121.161661, 29.253376 ], [ 121.167907, 29.235693 ], [ 121.162252, 29.211326 ], [ 121.171988, 29.207472 ], [ 121.217433, 29.212153 ], [ 121.222481, 29.201765 ], [ 121.229412, 29.198074 ], [ 121.228989, 29.182431 ], [ 121.258309, 29.1545 ], [ 121.249939, 29.121292 ], [ 121.252292, 29.117862 ], [ 121.265063, 29.11338 ], [ 121.265142, 29.104161 ], [ 121.282922, 29.093519 ], [ 121.290786, 29.096201 ], [ 121.29662, 29.116077 ], [ 121.305831, 29.118396 ], [ 121.306178, 29.108011 ], [ 121.313271, 29.109398 ], [ 121.344647, 29.137526 ], [ 121.339804, 29.146059 ], [ 121.344613, 29.160161 ], [ 121.361477, 29.17994 ], [ 121.349799, 29.181966 ], [ 121.351333, 29.189371 ], [ 121.375443, 29.203275 ], [ 121.4001, 29.181002 ], [ 121.396585, 29.164016 ], [ 121.400044, 29.160141 ], [ 121.43713, 29.162635 ], [ 121.470427, 29.143551 ], [ 121.49924, 29.137949 ], [ 121.503622, 29.124016 ], [ 121.531956, 29.125371 ], [ 121.573285, 29.119373 ], [ 121.641514, 29.104291 ], [ 121.633622, 29.093613 ], [ 121.630114, 29.042116 ], [ 121.591998, 29.040515 ], [ 121.577459, 29.052896 ], [ 121.543316, 29.051713 ], [ 121.544561, 29.03316 ], [ 121.528011, 29.011401 ], [ 121.557504, 29.011915 ], [ 121.550443, 29.045797 ], [ 121.576727, 29.047595 ], [ 121.5919, 29.035541 ], [ 121.627068, 29.037304 ], [ 121.648498, 29.052005 ], [ 121.676017, 29.042331 ], [ 121.682369, 28.990794 ], [ 121.665917, 28.976679 ], [ 121.702715, 28.95745 ], [ 121.707567, 28.93369 ], [ 121.693618, 28.914843 ], [ 121.651378, 28.899038 ], [ 121.610045, 28.918062 ], [ 121.56296, 28.932939 ], [ 121.549006, 28.904848 ], [ 121.584745, 28.910137 ], [ 121.601964, 28.897707 ], [ 121.616081, 28.905394 ], [ 121.651214, 28.884808 ], [ 121.643746, 28.861146 ], [ 121.673007, 28.86267 ], [ 121.687788, 28.805384 ], [ 121.678165, 28.786503 ], [ 121.664956, 28.726801 ], [ 121.634344, 28.704999 ], [ 121.568355, 28.6915 ], [ 121.529797, 28.693136 ], [ 121.450592, 28.694673 ], [ 121.450198, 28.686551 ], [ 121.538659, 28.654385 ], [ 121.557347, 28.632887 ], [ 121.578086, 28.590488 ], [ 121.624449, 28.523592 ], [ 121.603408, 28.490141 ], [ 121.580223, 28.495248 ], [ 121.602392, 28.483105 ], [ 121.604565, 28.482854 ], [ 121.606219, 28.482663 ], [ 121.623906, 28.494111 ], [ 121.636441, 28.477517 ], [ 121.657803, 28.470113 ], [ 121.656762, 28.456379 ], [ 121.61031, 28.471294 ], [ 121.600251, 28.46415 ], [ 121.595218, 28.4301 ], [ 121.637423, 28.41378 ], [ 121.645907, 28.397531 ], [ 121.64462, 28.371229 ], [ 121.624518, 28.360448 ], [ 121.628323, 28.341641 ], [ 121.651116, 28.345163 ], [ 121.639628, 28.315165 ], [ 121.640354, 28.289369 ], [ 121.618005, 28.27925 ], [ 121.617027, 28.261743 ], [ 121.593357, 28.250454 ], [ 121.582065, 28.257283 ], [ 121.578222, 28.301755 ], [ 121.546272, 28.318307 ], [ 121.509749, 28.331103 ], [ 121.459905, 28.327268 ], [ 121.460807, 28.304646 ], [ 121.443666, 28.294796 ], [ 121.439694, 28.266576 ], [ 121.422599, 28.258676 ], [ 121.402994, 28.213847 ], [ 121.376442, 28.207962 ], [ 121.36882, 28.194024 ], [ 121.385214, 28.176084 ], [ 121.358935, 28.139342 ], [ 121.322498, 28.14003 ], [ 121.281059, 28.081996 ], [ 121.237316, 28.082093 ], [ 121.217463, 28.055652 ], [ 121.182427, 28.04367 ], [ 121.147262, 28.054883 ], [ 121.14824, 28.081023 ], [ 121.13441, 28.100498 ], [ 121.129551, 28.136544 ], [ 121.163928, 28.148999 ], [ 121.200135, 28.170541 ], [ 121.208645, 28.197303 ], [ 121.194266, 28.217304 ], [ 121.211134, 28.258078 ], [ 121.227326, 28.263406 ], [ 121.238255, 28.280137 ], [ 121.214313, 28.329765 ], [ 121.214525, 28.359834 ], [ 121.204338, 28.373386 ], [ 121.205314, 28.376901 ], [ 121.207779, 28.3738 ], [ 121.218454, 28.376224 ], [ 121.224987, 28.387893 ], [ 121.241502, 28.388762 ], [ 121.253786, 28.411146 ], [ 121.232348, 28.425929 ], [ 121.217881, 28.425437 ], [ 121.221861, 28.440814 ], [ 121.212432, 28.441313 ], [ 121.201696, 28.460082 ], [ 121.190438, 28.469993 ], [ 121.190827, 28.476413 ], [ 121.176446, 28.481632 ], [ 121.167894, 28.498676 ], [ 121.168231, 28.508393 ], [ 121.151197, 28.524975 ], [ 121.125437, 28.524764 ], [ 121.1179, 28.534793 ], [ 121.10226, 28.541349 ], [ 121.083957, 28.520516 ], [ 121.086925, 28.508189 ], [ 121.073144, 28.496762 ], [ 121.072809, 28.486289 ], [ 121.066394, 28.483358 ], [ 121.000237, 28.482981 ], [ 120.996277, 28.475706 ], [ 120.983069, 28.484875 ], [ 120.961597, 28.486205 ], [ 120.953595, 28.497608 ], [ 120.958628, 28.510034 ], [ 120.956206, 28.515091 ], [ 120.949772, 28.511646 ], [ 120.950208, 28.502378 ], [ 120.925041, 28.508991 ], [ 120.906962, 28.492612 ], [ 120.889556, 28.487402 ], [ 120.88147, 28.493177 ], [ 120.864787, 28.494865 ], [ 120.850609, 28.518661 ], [ 120.842762, 28.516873 ], [ 120.82865, 28.5258 ], [ 120.828467, 28.533177 ], [ 120.838116, 28.548569 ], [ 120.82529, 28.558571 ], [ 120.822344, 28.569402 ], [ 120.795373, 28.577546 ], [ 120.794755, 28.591592 ], [ 120.788467, 28.585716 ], [ 120.765812, 28.596834 ], [ 120.753502, 28.595033 ], [ 120.753356, 28.60812 ], [ 120.743174, 28.613966 ], [ 120.725002, 28.60665 ], [ 120.702752, 28.614376 ], [ 120.691421, 28.590182 ], [ 120.664785, 28.583007 ], [ 120.649989, 28.588779 ], [ 120.635629, 28.582032 ], [ 120.644992, 28.567088 ], [ 120.637616, 28.562399 ], [ 120.626814, 28.567487 ], [ 120.617404, 28.560487 ], [ 120.623586, 28.55035 ], [ 120.621458, 28.538108 ], [ 120.559165, 28.534999 ], [ 120.544759, 28.536588 ], [ 120.53555, 28.548247 ], [ 120.509037, 28.562144 ], [ 120.501852, 28.560948 ], [ 120.494324, 28.566846 ], [ 120.496021, 28.570807 ], [ 120.489162, 28.581883 ], [ 120.480064, 28.587158 ], [ 120.465278, 28.589828 ], [ 120.444301, 28.586922 ], [ 120.425798, 28.571686 ], [ 120.425334, 28.564126 ], [ 120.430276, 28.558271 ], [ 120.427923, 28.542116 ], [ 120.425518, 28.536956 ], [ 120.417798, 28.536317 ], [ 120.41806, 28.525064 ], [ 120.409015, 28.508092 ], [ 120.415003, 28.494852 ], [ 120.396957, 28.477365 ], [ 120.394679, 28.467994 ], [ 120.385563, 28.475259 ], [ 120.383175, 28.482724 ], [ 120.37614, 28.500674 ], [ 120.336858, 28.498875 ], [ 120.313283, 28.525476 ], [ 120.308519, 28.525803 ], [ 120.302341, 28.512068 ], [ 120.297025, 28.51059 ], [ 120.291743, 28.514387 ], [ 120.285654, 28.538088 ], [ 120.309804, 28.559729 ], [ 120.317593, 28.557127 ], [ 120.319943, 28.564935 ], [ 120.31591, 28.57378 ], [ 120.328151, 28.583644 ], [ 120.343517, 28.57671 ], [ 120.354135, 28.582455 ], [ 120.366347, 28.581094 ], [ 120.367343, 28.574847 ], [ 120.377043, 28.585339 ], [ 120.374756, 28.608943 ], [ 120.368141, 28.608947 ], [ 120.364281, 28.613637 ], [ 120.366885, 28.619636 ], [ 120.345418, 28.635388 ], [ 120.345827, 28.641724 ], [ 120.353234, 28.641288 ], [ 120.353177, 28.649862 ], [ 120.333262, 28.656039 ], [ 120.318816, 28.669812 ], [ 120.319316, 28.692513 ], [ 120.328866, 28.70529 ], [ 120.350227, 28.710304 ], [ 120.344956, 28.725938 ], [ 120.339256, 28.726655 ], [ 120.341181, 28.731363 ], [ 120.365682, 28.743221 ], [ 120.363623, 28.759331 ], [ 120.368897, 28.775266 ], [ 120.381753, 28.79009 ], [ 120.39919, 28.790854 ], [ 120.406328, 28.801317 ], [ 120.402726, 28.80625 ], [ 120.411344, 28.825471 ], [ 120.422313, 28.834819 ], [ 120.437254, 28.844576 ], [ 120.457812, 28.841823 ], [ 120.462401, 28.844676 ], [ 120.47694, 28.831337 ], [ 120.482491, 28.849222 ], [ 120.498146, 28.859916 ], [ 120.490527, 28.871961 ], [ 120.504697, 28.876658 ], [ 120.511061, 28.894154 ], [ 120.529612, 28.8691 ], [ 120.541664, 28.871044 ], [ 120.548604, 28.865005 ], [ 120.556784, 28.864377 ], [ 120.577061, 28.87322 ], [ 120.599521, 28.892927 ], [ 120.64512, 28.905921 ], [ 120.660435, 28.91995 ], [ 120.655818, 28.940631 ], [ 120.669516, 28.960881 ], [ 120.668851, 28.975927 ], [ 120.685956, 28.982929 ], [ 120.693088, 28.982159 ], [ 120.694793, 28.975026 ], [ 120.711742, 28.976169 ], [ 120.714437, 28.981712 ], [ 120.724975, 28.986123 ], [ 120.717018, 28.997949 ], [ 120.720516, 29.006405 ], [ 120.713211, 29.038172 ], [ 120.703507, 29.036209 ], [ 120.700892, 29.024124 ], [ 120.690302, 29.035063 ], [ 120.68949, 29.041676 ], [ 120.697233, 29.047085 ], [ 120.688936, 29.054045 ], [ 120.698647, 29.05943 ], [ 120.701157, 29.076824 ], [ 120.690024, 29.092716 ], [ 120.715071, 29.110091 ], [ 120.718991, 29.120572 ], [ 120.736314, 29.11604 ], [ 120.741095, 29.12012 ], [ 120.741003, 29.12903 ], [ 120.716111, 29.135654 ], [ 120.709671, 29.140275 ], [ 120.707958, 29.147918 ], [ 120.722295, 29.164175 ], [ 120.75117, 29.181983 ], [ 120.764724, 29.201585 ], [ 120.768728, 29.197624 ], [ 120.773476, 29.201138 ], [ 120.76845, 29.209766 ], [ 120.771461, 29.217167 ], [ 120.779373, 29.218463 ], [ 120.777558, 29.226958 ], [ 120.804978, 29.239599 ], [ 120.814145, 29.232876 ], [ 120.823234, 29.233804 ], [ 120.852322, 29.25728 ], [ 120.85708, 29.257519 ], [ 120.862554, 29.246441 ], [ 120.881246, 29.241329 ], [ 120.887757, 29.243854 ], [ 120.891299, 29.251575 ], [ 120.883292, 29.267769 ], [ 120.887345, 29.273442 ], [ 120.898913, 29.277278 ], [ 120.898161, 29.287935 ], [ 120.907562, 29.30388 ], [ 120.919582, 29.301624 ], [ 120.921576, 29.296961 ], [ 120.94563, 29.287417 ], [ 120.954593, 29.30028 ], [ 120.966978, 29.306596 ], [ 120.972173, 29.321377 ], [ 120.980003, 29.320528 ], [ 120.979152, 29.310957 ], [ 120.989754, 29.310223 ], [ 120.999789, 29.317268 ], [ 120.998179, 29.320076 ], [ 121.01499, 29.324826 ], [ 121.023161, 29.310893 ], [ 121.037309, 29.311958 ], [ 121.048844, 29.325022 ], [ 121.071, 29.324694 ], [ 121.091868, 29.321615 ], [ 121.097114, 29.308272 ], [ 121.110362, 29.30607 ], [ 121.115587, 29.3235 ], [ 121.113003, 29.334417 ], [ 121.118424, 29.340179 ], [ 121.130542, 29.341176 ], [ 121.14623, 29.333479 ], [ 121.160857, 29.347004 ] ] ] ] } },
{ "type": "Feature", "properties": { "name": "泰州市", "gb": "156321200" }, "geometry": { "type": "MultiPolygon", "coordinates": [ [ [ [ 120.293805, 32.958722 ], [ 120.275358, 32.954868 ], [ 120.287658, 32.947802 ], [ 120.287396, 32.936191 ], [ 120.277717, 32.928754 ], [ 120.27191, 32.933029 ], [ 120.271291, 32.927827 ], [ 120.232907, 32.929863 ], [ 120.219761, 32.914096 ], [ 120.211121, 32.916046 ], [ 120.19779, 32.932184 ], [ 120.170826, 32.931745 ], [ 120.179031, 32.897601 ], [ 120.174355, 32.893906 ], [ 120.17186, 32.879644 ], [ 120.200958, 32.870016 ], [ 120.206333, 32.855143 ], [ 120.18942, 32.851373 ], [ 120.188622, 32.836334 ], [ 120.178878, 32.838194 ], [ 120.177094, 32.833604 ], [ 120.186774, 32.826039 ], [ 120.181301, 32.810206 ], [ 120.163721, 32.816449 ], [ 120.153891, 32.811229 ], [ 120.16654, 32.799909 ], [ 120.153004, 32.78524 ], [ 120.182246, 32.775644 ], [ 120.186675, 32.777196 ], [ 120.187299, 32.78762 ], [ 120.191751, 32.791907 ], [ 120.214095, 32.794236 ], [ 120.228721, 32.77931 ], [ 120.215575, 32.766749 ], [ 120.196846, 32.760551 ], [ 120.200794, 32.755806 ], [ 120.197812, 32.744892 ], [ 120.191302, 32.741677 ], [ 120.175105, 32.74351 ], [ 120.172903, 32.724543 ], [ 120.151781, 32.7178 ], [ 120.153438, 32.708885 ], [ 120.127777, 32.698018 ], [ 120.11456, 32.6827 ], [ 120.117144, 32.674496 ], [ 120.112084, 32.656061 ], [ 120.116907, 32.648749 ], [ 120.115157, 32.636242 ], [ 120.103325, 32.631552 ], [ 120.106138, 32.616124 ], [ 120.117292, 32.612465 ], [ 120.135878, 32.620177 ], [ 120.156203, 32.619015 ], [ 120.170021, 32.623762 ], [ 120.170056, 32.631799 ], [ 120.178026, 32.63216 ], [ 120.192549, 32.622727 ], [ 120.190779, 32.605574 ], [ 120.197321, 32.603437 ], [ 120.201831, 32.593538 ], [ 120.218655, 32.584455 ], [ 120.24824, 32.598565 ], [ 120.254177, 32.59308 ], [ 120.254925, 32.572884 ], [ 120.263684, 32.545976 ], [ 120.259883, 32.50402 ], [ 120.254015, 32.503059 ], [ 120.253113, 32.493931 ], [ 120.259699, 32.489457 ], [ 120.266728, 32.471271 ], [ 120.283776, 32.390149 ], [ 120.278954, 32.379606 ], [ 120.28432, 32.372723 ], [ 120.296807, 32.37452 ], [ 120.30443, 32.363831 ], [ 120.345884, 32.37992 ], [ 120.347279, 32.370203 ], [ 120.353228, 32.369845 ], [ 120.351542, 32.363613 ], [ 120.342651, 32.35806 ], [ 120.344944, 32.346582 ], [ 120.340395, 32.343003 ], [ 120.348648, 32.325971 ], [ 120.361702, 32.313813 ], [ 120.345514, 32.299541 ], [ 120.34765, 32.276331 ], [ 120.341741, 32.254964 ], [ 120.349776, 32.243492 ], [ 120.358666, 32.240225 ], [ 120.368595, 32.223682 ], [ 120.340407, 32.171876 ], [ 120.351414, 32.132675 ], [ 120.431806, 32.125295 ], [ 120.457741, 32.11204 ], [ 120.507799, 32.09518 ], [ 120.515983, 32.072238 ], [ 120.51311, 32.065643 ], [ 120.546544, 32.055105 ], [ 120.554055, 32.03514 ], [ 120.552583, 32.011318 ], [ 120.51779, 32.029877 ], [ 120.501779, 32.046437 ], [ 120.458067, 32.046972 ], [ 120.403085, 32.021951 ], [ 120.367272, 31.995932 ], [ 120.325522, 31.970092 ], [ 120.25, 31.937345 ], [ 120.231317, 31.934924 ], [ 120.150516, 31.934242 ], [ 120.093559, 31.952695 ], [ 120.029476, 31.963174 ], [ 120.014351, 31.96929 ], [ 120.013485, 31.969902 ], [ 119.969338, 32.01763 ], [ 119.925153, 32.089946 ], [ 119.900127, 32.159345 ], [ 119.884101, 32.226032 ], [ 119.868999, 32.263597 ], [ 119.859148, 32.275476 ], [ 119.819227, 32.305146 ], [ 119.844006, 32.327877 ], [ 119.832748, 32.356728 ], [ 119.841032, 32.364539 ], [ 119.848791, 32.363732 ], [ 119.851917, 32.386343 ], [ 119.841272, 32.392051 ], [ 119.839729, 32.398162 ], [ 119.851158, 32.40391 ], [ 119.847165, 32.41258 ], [ 119.849112, 32.418145 ], [ 119.868384, 32.420863 ], [ 119.855445, 32.445103 ], [ 119.856199, 32.45644 ], [ 119.849086, 32.468308 ], [ 119.822749, 32.462823 ], [ 119.809884, 32.474409 ], [ 119.815524, 32.478631 ], [ 119.81805, 32.498899 ], [ 119.817627, 32.539059 ], [ 119.834132, 32.541984 ], [ 119.832664, 32.56147 ], [ 119.816204, 32.563131 ], [ 119.8116, 32.567212 ], [ 119.811886, 32.579789 ], [ 119.816994, 32.587831 ], [ 119.816838, 32.609273 ], [ 119.809394, 32.629132 ], [ 119.823786, 32.631477 ], [ 119.828142, 32.642992 ], [ 119.850161, 32.638318 ], [ 119.872028, 32.618058 ], [ 119.894031, 32.621629 ], [ 119.906625, 32.628476 ], [ 119.905458, 32.631363 ], [ 119.905036, 32.633344 ], [ 119.886433, 32.673772 ], [ 119.875, 32.673362 ], [ 119.866365, 32.681028 ], [ 119.875166, 32.700223 ], [ 119.857411, 32.705361 ], [ 119.850099, 32.729053 ], [ 119.839883, 32.734735 ], [ 119.837915, 32.749073 ], [ 119.854655, 32.758753 ], [ 119.858683, 32.778078 ], [ 119.842877, 32.781959 ], [ 119.829838, 32.775656 ], [ 119.824715, 32.780889 ], [ 119.826126, 32.796295 ], [ 119.826903, 32.803323 ], [ 119.823131, 32.805629 ], [ 119.789968, 32.808904 ], [ 119.793378, 32.82349 ], [ 119.80018, 32.824475 ], [ 119.797652, 32.84049 ], [ 119.78916, 32.839738 ], [ 119.789201, 32.843568 ], [ 119.802, 32.854756 ], [ 119.779578, 32.892672 ], [ 119.77898, 32.898549 ], [ 119.785523, 32.901641 ], [ 119.787863, 32.908773 ], [ 119.779689, 32.914283 ], [ 119.757926, 32.913556 ], [ 119.756202, 32.906147 ], [ 119.75184, 32.905023 ], [ 119.713635, 32.903672 ], [ 119.716916, 32.920515 ], [ 119.711598, 32.939922 ], [ 119.686868, 32.953243 ], [ 119.685807, 32.967244 ], [ 119.697234, 32.973957 ], [ 119.69648, 32.985661 ], [ 119.708826, 33.002004 ], [ 119.706946, 33.008203 ], [ 119.691656, 33.010142 ], [ 119.688574, 33.018617 ], [ 119.687994, 33.038488 ], [ 119.695256, 33.041668 ], [ 119.694394, 33.047781 ], [ 119.682159, 33.047753 ], [ 119.681496, 33.069956 ], [ 119.685526, 33.081348 ], [ 119.673339, 33.095711 ], [ 119.667101, 33.093091 ], [ 119.668333, 33.086279 ], [ 119.657785, 33.090273 ], [ 119.642475, 33.107572 ], [ 119.643598, 33.113442 ], [ 119.638649, 33.113092 ], [ 119.635142, 33.120567 ], [ 119.642544, 33.122146 ], [ 119.637685, 33.136597 ], [ 119.639038, 33.156723 ], [ 119.652032, 33.161507 ], [ 119.664755, 33.178131 ], [ 119.677201, 33.182626 ], [ 119.687345, 33.211616 ], [ 119.692924, 33.207489 ], [ 119.701355, 33.208893 ], [ 119.702234, 33.213826 ], [ 119.687235, 33.213933 ], [ 119.687566, 33.219515 ], [ 119.708214, 33.216155 ], [ 119.709106, 33.220389 ], [ 119.728005, 33.209401 ], [ 119.723514, 33.176003 ], [ 119.728544, 33.172345 ], [ 119.746708, 33.172605 ], [ 119.733108, 33.14779 ], [ 119.742746, 33.132555 ], [ 119.762558, 33.13133 ], [ 119.802716, 33.148524 ], [ 119.853369, 33.159057 ], [ 119.86526, 33.150742 ], [ 119.861934, 33.144239 ], [ 119.870893, 33.1414 ], [ 119.889777, 33.152826 ], [ 119.911973, 33.15133 ], [ 119.930483, 33.157222 ], [ 119.976739, 33.150885 ], [ 119.991649, 33.157362 ], [ 120.042751, 33.165387 ], [ 120.07627, 33.183378 ], [ 120.21315, 33.138922 ], [ 120.292102, 33.131228 ], [ 120.284603, 33.107426 ], [ 120.28911, 33.097727 ], [ 120.286474, 33.084993 ], [ 120.307068, 33.057031 ], [ 120.304059, 33.021211 ], [ 120.30839, 32.998621 ], [ 120.293805, 32.958722 ] ] ] ] } },
{ "type": "Feature", "properties": { "name": "境界线", "gb": "" }, "geometry": { "type": "MultiLineString", "coordinates": [ [ [ 73.881449, 38.578733 ], [ 73.89119, 38.581017 ], [ 73.896225, 38.579277 ], [ 73.901848, 38.568253 ], [ 73.903687, 38.560555 ], [ 73.903793, 38.560116 ], [ 73.905403, 38.553806 ], [ 73.909576, 38.543568 ], [ 73.914925, 38.538662 ], [ 73.923203, 38.536366 ], [ 73.924095, 38.536278 ], [ 73.934052, 38.535278 ], [ 73.949661, 38.533672 ], [ 73.964668, 38.533447 ], [ 73.975594, 38.532825 ], [ 73.985313, 38.531368 ], [ 73.987816, 38.52985 ], [ 73.997551, 38.52393 ], [ 74.00869, 38.525055 ], [ 74.020653, 38.5382 ], [ 74.020912, 38.538483 ], [ 74.031281, 38.541729 ], [ 74.037125, 38.541653 ], [ 74.047905, 38.54216 ], [ 74.077568, 38.542782 ], [ 74.079102, 38.542683 ], [ 74.087425, 38.542156 ], [ 74.083199, 38.54781 ], [ 74.081154, 38.553463 ], [ 74.07869, 38.560131 ], [ 74.073669, 38.568062 ], [ 74.072433, 38.570675 ], [ 74.065392, 38.585571 ], [ 74.076485, 38.598328 ], [ 74.084778, 38.611031 ], [ 74.108658, 38.611382 ], [ 74.109337, 38.611393 ], [ 74.115211, 38.614529 ], [ 74.118477, 38.624729 ], [ 74.121376, 38.64859 ], [ 74.129761, 38.662048 ], [ 74.133057, 38.668049 ], [ 74.13459, 38.670841 ], [ 74.139587, 38.674702 ], [ 74.144943, 38.676849 ], [ 74.155731, 38.674114 ], [ 74.162476, 38.670082 ], [ 74.163864, 38.66925 ], [ 74.175537, 38.667221 ], [ 74.186333, 38.664482 ], [ 74.19622, 38.661739 ], [ 74.205475, 38.660095 ], [ 74.226761, 38.656315 ], [ 74.234604, 38.656364 ], [ 74.246483, 38.656441 ], [ 74.251289, 38.65649 ], [ 74.266762, 38.656651 ], [ 74.289215, 38.655109 ], [ 74.30764, 38.652126 ], [ 74.337044, 38.654865 ], [ 74.340645, 38.655075 ], [ 74.344566, 38.6553 ], [ 74.350487, 38.655643 ], [ 74.362137, 38.655704 ], [ 74.374725, 38.654823 ], [ 74.382034, 38.653049 ], [ 74.38282, 38.652859 ], [ 74.392433, 38.650524 ], [ 74.404274, 38.649036 ], [ 74.418686, 38.647556 ], [ 74.43306, 38.642704 ], [ 74.441162, 38.638527 ], [ 74.45285, 38.632957 ], [ 74.460251, 38.632298 ], [ 74.480148, 38.634052 ], [ 74.49382, 38.635956 ], [ 74.503685, 38.637775 ], [ 74.511642, 38.636116 ], [ 74.52211, 38.629471 ], [ 74.5345, 38.618053 ], [ 74.544212, 38.607952 ], [ 74.556969, 38.606674 ], [ 74.563248, 38.605991 ], [ 74.570419, 38.604614 ], [ 74.578346, 38.604168 ], [ 74.594643, 38.599072 ], [ 74.606316, 38.593487 ], [ 74.610794, 38.593502 ], [ 74.616135, 38.599846 ], [ 74.624184, 38.602684 ], [ 74.637634, 38.599915 ], [ 74.652908, 38.589417 ], [ 74.665497, 38.579609 ], [ 74.67807, 38.571209 ], [ 74.691544, 38.560699 ], [ 74.705917, 38.549488 ], [ 74.71489, 38.54248 ], [ 74.727448, 38.536884 ], [ 74.733719, 38.53479 ], [ 74.742088, 38.534157 ], [ 74.755562, 38.536892 ], [ 74.763435, 38.536907 ], [ 74.772621, 38.536926 ], [ 74.782036, 38.538403 ], [ 74.7901, 38.536308 ], [ 74.793694, 38.532097 ], [ 74.799973, 38.527184 ], [ 74.805359, 38.520164 ], [ 74.810745, 38.511738 ], [ 74.812561, 38.503304 ], [ 74.816154, 38.495575 ], [ 74.818848, 38.491364 ], [ 74.827797, 38.490673 ], [ 74.835846, 38.490685 ], [ 74.843887, 38.493507 ], [ 74.846268, 38.492889 ], [ 74.85463, 38.490707 ], [ 74.860008, 38.484386 ], [ 74.861649, 38.470398 ], [ 74.861824, 38.468925 ], [ 74.861855, 38.455566 ], [ 74.862221, 38.443928 ], [ 74.865677, 38.435745 ], [ 74.868057, 38.424793 ], [ 74.869499, 38.415886 ], [ 74.868637, 38.413368 ], [ 74.865524, 38.404251 ], [ 74.855713, 38.393692 ], [ 74.851265, 38.38525 ], [ 74.845764, 38.377579 ], [ 74.840797, 38.374104 ], [ 74.833038, 38.36721 ], [ 74.831085, 38.361538 ], [ 74.821259, 38.364101 ], [ 74.816986, 38.360847 ], [ 74.812035, 38.357075 ], [ 74.795113, 38.342285 ], [ 74.787994, 38.33313 ], [ 74.786682, 38.324875 ], [ 74.788658, 38.318695 ], [ 74.792931, 38.312775 ], [ 74.795563, 38.306595 ], [ 74.799187, 38.297581 ], [ 74.804184, 38.286053 ], [ 74.798851, 38.279015 ], [ 74.790428, 38.271023 ], [ 74.79438, 38.260204 ], [ 74.798332, 38.251965 ], [ 74.800323, 38.239082 ], [ 74.8097, 38.224194 ], [ 74.814178, 38.215763 ], [ 74.813332, 38.198185 ], [ 74.808014, 38.184818 ], [ 74.801826, 38.167229 ], [ 74.803642, 38.155983 ], [ 74.806335, 38.147549 ], [ 74.811707, 38.135605 ], [ 74.816185, 38.123661 ], [ 74.818909, 38.103275 ], [ 74.825157, 38.094143 ], [ 74.830513, 38.085712 ], [ 74.838539, 38.077286 ], [ 74.851013, 38.064648 ], [ 74.859039, 38.054111 ], [ 74.868858, 38.034435 ], [ 74.873314, 38.028812 ], [ 74.875923, 38.023186 ], [ 74.876709, 38.021492 ], [ 74.89109, 38.025314 ], [ 74.900253, 38.028221 ], [ 74.908867, 38.030956 ], [ 74.91954, 38.026043 ], [ 74.923103, 38.017605 ], [ 74.922226, 38.004246 ], [ 74.920464, 37.992996 ], [ 74.916, 37.987175 ], [ 74.913628, 37.97934 ], [ 74.910248, 37.972633 ], [ 74.909927, 37.972004 ], [ 74.908577, 37.967358 ], [ 74.908142, 37.958424 ], [ 74.909958, 37.94878 ], [ 74.912727, 37.94397 ], [ 74.91674, 37.936993 ], [ 74.916649, 37.927158 ], [ 74.916763, 37.915913 ], [ 74.916321, 37.908409 ], [ 74.921738, 37.900196 ], [ 74.928055, 37.894127 ], [ 74.933929, 37.884125 ], [ 74.934387, 37.876266 ], [ 74.928085, 37.86697 ], [ 74.920433, 37.855888 ], [ 74.917282, 37.85017 ], [ 74.914772, 37.845325 ], [ 74.91935, 37.837162 ], [ 74.929138, 37.828865 ], [ 74.94384, 37.820431 ], [ 74.957329, 37.814034 ], [ 74.972275, 37.805893 ], [ 74.986687, 37.798035 ], [ 74.999969, 37.787449 ], [ 75.00322, 37.783325 ], [ 75.005371, 37.776417 ], [ 75.003571, 37.771057 ], [ 74.996262, 37.767288 ], [ 74.978325, 37.758049 ], [ 74.970711, 37.751724 ], [ 74.962685, 37.741776 ], [ 74.961517, 37.74033 ], [ 74.96064, 37.739479 ], [ 74.954781, 37.733791 ], [ 74.946358, 37.72562 ], [ 74.933403, 37.7178 ], [ 74.920357, 37.717434 ], [ 74.919464, 37.707428 ], [ 74.919701, 37.703598 ], [ 74.92038, 37.69278 ], [ 74.918144, 37.684917 ], [ 74.907249, 37.679573 ], [ 74.902786, 37.677383 ], [ 74.895126, 37.673115 ], [ 74.889503, 37.668427 ], [ 74.890289, 37.661339 ], [ 74.892746, 37.656574 ], [ 74.902908, 37.642384 ], [ 74.90873, 37.63327 ], [ 74.909401, 37.631916 ], [ 74.909828, 37.631065 ], [ 74.913025, 37.624645 ], [ 74.920021, 37.608097 ], [ 74.925194, 37.589993 ], [ 74.92543, 37.589161 ], [ 74.926338, 37.582016 ], [ 74.928146, 37.57201 ], [ 74.937737, 37.559345 ], [ 74.954155, 37.549564 ], [ 74.966125, 37.543827 ], [ 74.976898, 37.539898 ], [ 74.997726, 37.530582 ], [ 75.003113, 37.525581 ], [ 74.998672, 37.519382 ], [ 74.998703, 37.519028 ], [ 74.999321, 37.51165 ], [ 75.006439, 37.508041 ], [ 75.013802, 37.507797 ], [ 75.01899, 37.50766 ], [ 75.023857, 37.508663 ], [ 75.032326, 37.50082 ], [ 75.03685, 37.50082 ], [ 75.044617, 37.503395 ], [ 75.050972, 37.506393 ], [ 75.062325, 37.512344 ], [ 75.062531, 37.512386 ], [ 75.06591, 37.513058 ], [ 75.070396, 37.512341 ], [ 75.075333, 37.510906 ], [ 75.077568, 37.506973 ], [ 75.079803, 37.499825 ], [ 75.08786, 37.486958 ], [ 75.102646, 37.475155 ], [ 75.113388, 37.466568 ], [ 75.126381, 37.459049 ], [ 75.13414, 37.446362 ], [ 75.135757, 37.441174 ], [ 75.144249, 37.426514 ], [ 75.14782, 37.419361 ], [ 75.150047, 37.413998 ], [ 75.15004, 37.409355 ], [ 75.148239, 37.404354 ], [ 75.14286, 37.402573 ], [ 75.133408, 37.39687 ], [ 75.129402, 37.392582 ], [ 75.122902, 37.388123 ], [ 75.120651, 37.381695 ], [ 75.126015, 37.37347 ], [ 75.135582, 37.367622 ], [ 75.136513, 37.36113 ], [ 75.136948, 37.355412 ], [ 75.130737, 37.350475 ], [ 75.125565, 37.34687 ], [ 75.12439, 37.339348 ], [ 75.123253, 37.32864 ], [ 75.12291, 37.325413 ], [ 75.122566, 37.322197 ], [ 75.115852, 37.316841 ], [ 75.102646, 37.314533 ], [ 75.090569, 37.316685 ], [ 75.088425, 37.316887 ], [ 75.075363, 37.318127 ], [ 75.069244, 37.314819 ], [ 75.061485, 37.310631 ], [ 75.044037, 37.303848 ], [ 75.030609, 37.299564 ], [ 75.014954, 37.29385 ], [ 75.00618, 37.291611 ], [ 75.004807, 37.29126 ], [ 75.003075, 37.290859 ], [ 74.98745, 37.287239 ], [ 74.972244, 37.28545 ], [ 74.954353, 37.28759 ], [ 74.940041, 37.285439 ], [ 74.929764, 37.281502 ], [ 74.9244, 37.277924 ], [ 74.921722, 37.271851 ], [ 74.920616, 37.263092 ], [ 74.916885, 37.24551 ], [ 74.913071, 37.238796 ], [ 74.90834, 37.233894 ], [ 74.896385, 37.230919 ], [ 74.887998, 37.231222 ], [ 74.879093, 37.231222 ] ] ] } },
{ "type": "Feature", "properties": { "name": "湖州市", "gb": "156330500" }, "geometry": { "type": "MultiPolygon", "coordinates": [ [ [ [ 119.779724, 31.182732 ], [ 119.794487, 31.164284 ], [ 119.830711, 31.178888 ], [ 119.881355, 31.168381 ], [ 119.908951, 31.175247 ], [ 119.91399, 31.171341 ], [ 119.917092, 31.159147 ], [ 119.937286, 31.1352 ], [ 119.942436, 31.104212 ], [ 119.954888, 31.091347 ], [ 119.965836, 31.069797 ], [ 119.977402, 31.060867 ], [ 119.979202, 31.043333 ], [ 119.991982, 31.026543 ], [ 120.048874, 31.007517 ], [ 120.1019, 30.963211 ], [ 120.150825, 30.936314 ], [ 120.173447, 30.937414 ], [ 120.241875, 30.929483 ], [ 120.305603, 30.935093 ], [ 120.369284, 30.952931 ], [ 120.359673, 30.93708 ], [ 120.353613, 30.894373 ], [ 120.359253, 30.889761 ], [ 120.411453, 30.897089 ], [ 120.415787, 30.901812 ], [ 120.411316, 30.926022 ], [ 120.416351, 30.93306 ], [ 120.422783, 30.932335 ], [ 120.433502, 30.917959 ], [ 120.435287, 30.894133 ], [ 120.447395, 30.87842 ], [ 120.43914, 30.871973 ], [ 120.43956, 30.861652 ], [ 120.443337, 30.854187 ], [ 120.457001, 30.845642 ], [ 120.451897, 30.820917 ], [ 120.467926, 30.806471 ], [ 120.4701, 30.796068 ], [ 120.483604, 30.77648 ], [ 120.495483, 30.7711 ], [ 120.47982, 30.765457 ], [ 120.465447, 30.766727 ], [ 120.469537, 30.757935 ], [ 120.467811, 30.749762 ], [ 120.482189, 30.731126 ], [ 120.462077, 30.704173 ], [ 120.438095, 30.704132 ], [ 120.437245, 30.694286 ], [ 120.450988, 30.68784 ], [ 120.448701, 30.683268 ], [ 120.423219, 30.682815 ], [ 120.375234, 30.671686 ], [ 120.369534, 30.659833 ], [ 120.360661, 30.656522 ], [ 120.346947, 30.66726 ], [ 120.337279, 30.656502 ], [ 120.337994, 30.647337 ], [ 120.335426, 30.62244 ], [ 120.331048, 30.618467 ], [ 120.299032, 30.612445 ], [ 120.294485, 30.598681 ], [ 120.312313, 30.587292 ], [ 120.314659, 30.581796 ], [ 120.311293, 30.574948 ], [ 120.293452, 30.562779 ], [ 120.295452, 30.522093 ], [ 120.274242, 30.507672 ], [ 120.237784, 30.506771 ], [ 120.225321, 30.511784 ], [ 120.197365, 30.5118 ], [ 120.178198, 30.503111 ], [ 120.173584, 30.490462 ], [ 120.177983, 30.482461 ], [ 120.14619, 30.470031 ], [ 120.136446, 30.485132 ], [ 120.110076, 30.476698 ], [ 120.091786, 30.487254 ], [ 120.095634, 30.49771 ], [ 120.06401, 30.499846 ], [ 120.054769, 30.473305 ], [ 120.054705, 30.460022 ], [ 120.063521, 30.447606 ], [ 120.059881, 30.432334 ], [ 120.033608, 30.428449 ], [ 120.0337, 30.437615 ], [ 120.025125, 30.440679 ], [ 120.009453, 30.4384 ], [ 119.997988, 30.447524 ], [ 119.982577, 30.448301 ], [ 119.959609, 30.432116 ], [ 119.940195, 30.449933 ], [ 119.932645, 30.447664 ], [ 119.915084, 30.463469 ], [ 119.909225, 30.459942 ], [ 119.870014, 30.462643 ], [ 119.871619, 30.475083 ], [ 119.84607, 30.501365 ], [ 119.831391, 30.498809 ], [ 119.816512, 30.512731 ], [ 119.797237, 30.506477 ], [ 119.757403, 30.518407 ], [ 119.762507, 30.52407 ], [ 119.767239, 30.55224 ], [ 119.762121, 30.558493 ], [ 119.74891, 30.553562 ], [ 119.726085, 30.554764 ], [ 119.716422, 30.565097 ], [ 119.68776, 30.559815 ], [ 119.70543, 30.511722 ], [ 119.705542, 30.490766 ], [ 119.690348, 30.455989 ], [ 119.698786, 30.448895 ], [ 119.701538, 30.432056 ], [ 119.688994, 30.427587 ], [ 119.67726, 30.4111 ], [ 119.659121, 30.405 ], [ 119.650314, 30.40771 ], [ 119.642228, 30.397723 ], [ 119.633278, 30.394894 ], [ 119.628462, 30.397801 ], [ 119.630711, 30.419524 ], [ 119.627053, 30.427306 ], [ 119.643088, 30.437296 ], [ 119.644649, 30.445459 ], [ 119.631112, 30.444395 ], [ 119.62307, 30.434364 ], [ 119.597061, 30.42238 ], [ 119.577837, 30.42677 ], [ 119.560313, 30.44825 ], [ 119.535571, 30.428641 ], [ 119.530857, 30.41161 ], [ 119.50947, 30.403531 ], [ 119.487524, 30.411161 ], [ 119.448283, 30.415262 ], [ 119.443634, 30.410916 ], [ 119.440542, 30.395636 ], [ 119.408494, 30.375718 ], [ 119.400114, 30.376281 ], [ 119.401932, 30.384516 ], [ 119.372223, 30.394812 ], [ 119.364113, 30.411127 ], [ 119.345878, 30.420151 ], [ 119.346016, 30.441925 ], [ 119.333138, 30.461926 ], [ 119.335625, 30.477272 ], [ 119.329384, 30.498615 ], [ 119.333702, 30.510744 ], [ 119.32296, 30.533943 ], [ 119.313683, 30.536276 ], [ 119.299011, 30.523045 ], [ 119.269776, 30.515369 ], [ 119.26236, 30.517921 ], [ 119.253159, 30.534918 ], [ 119.238853, 30.540016 ], [ 119.239197, 30.555828 ], [ 119.263504, 30.582325 ], [ 119.241852, 30.606474 ], [ 119.238301, 30.61675 ], [ 119.246971, 30.621582 ], [ 119.281753, 30.618008 ], [ 119.311279, 30.6243 ], [ 119.325447, 30.639366 ], [ 119.332474, 30.658131 ], [ 119.343185, 30.672064 ], [ 119.380508, 30.688162 ], [ 119.391937, 30.687649 ], [ 119.39695, 30.682123 ], [ 119.410011, 30.648594 ], [ 119.42833, 30.646668 ], [ 119.43927, 30.652798 ], [ 119.447662, 30.67384 ], [ 119.486534, 30.717861 ], [ 119.480637, 30.746546 ], [ 119.48552, 30.758665 ], [ 119.485176, 30.782961 ], [ 119.496147, 30.79092 ], [ 119.511742, 30.777996 ], [ 119.531219, 30.7843 ], [ 119.540177, 30.80625 ], [ 119.570267, 30.838839 ], [ 119.571737, 30.857439 ], [ 119.555458, 30.882706 ], [ 119.558937, 30.916601 ], [ 119.564117, 30.931238 ], [ 119.574875, 30.941942 ], [ 119.582588, 30.970999 ], [ 119.629173, 31.021801 ], [ 119.62648, 31.048634 ], [ 119.630112, 31.066483 ], [ 119.624702, 31.087831 ], [ 119.641411, 31.105137 ], [ 119.64444, 31.115656 ], [ 119.63211, 31.139343 ], [ 119.637032, 31.151684 ], [ 119.667358, 31.16729 ], [ 119.678589, 31.167898 ], [ 119.692925, 31.158628 ], [ 119.720047, 31.173101 ], [ 119.756134, 31.175123 ], [ 119.779724, 31.182732 ] ] ] ] } },
{ "type": "Feature", "properties": { "name": "连云港市", "gb": "156320700" }, "geometry": { "type": "MultiPolygon", "coordinates": [ [ [ [ 119.368272, 34.763444 ], [ 119.440207, 34.768268 ], [ 119.472568, 34.765947 ], [ 119.463169, 34.749949 ], [ 119.434655, 34.759957 ], [ 119.3944, 34.757777 ], [ 119.368272, 34.763444 ] ] ], [ [ [ 119.814717, 34.985322 ], [ 119.815064, 34.98443 ], [ 119.813944, 34.985813 ], [ 119.8125, 34.985975 ], [ 119.810955, 34.986398 ], [ 119.810799, 34.98661 ], [ 119.811798, 34.986763 ], [ 119.813941, 34.986024 ], [ 119.814717, 34.985322 ] ] ], [ [ [ 119.821094, 34.99029 ], [ 119.820577, 34.990032 ], [ 119.820341, 34.99035 ], [ 119.820329, 34.990784 ], [ 119.820804, 34.991063 ], [ 119.821094, 34.99029 ] ] ], [ [ [ 119.82395, 34.994389 ], [ 119.821576, 34.994212 ], [ 119.820797, 34.995725 ], [ 119.820191, 34.995851 ], [ 119.822085, 34.996579 ], [ 119.823761, 34.995502 ], [ 119.825006, 34.994636 ], [ 119.82395, 34.994389 ] ] ], [ [ [ 119.892274, 35.010094 ], [ 119.894413, 35.009234 ], [ 119.892795, 35.008104 ], [ 119.892988, 35.006878 ], [ 119.89257, 35.007065 ], [ 119.890858, 35.00693 ], [ 119.889405, 35.006862 ], [ 119.888725, 35.009003 ], [ 119.888681, 35.009064 ], [ 119.888431, 35.010087 ], [ 119.889955, 35.009714 ], [ 119.890783, 35.009574 ], [ 119.892274, 35.010094 ] ] ], [ [ [ 119.368272, 34.763444 ], [ 119.374054, 34.752013 ], [ 119.448493, 34.748203 ], [ 119.498822, 34.728146 ], [ 119.477718, 34.715093 ], [ 119.449527, 34.675272 ], [ 119.477262, 34.657673 ], [ 119.524643, 34.619699 ], [ 119.537197, 34.631265 ], [ 119.560393, 34.593958 ], [ 119.63849, 34.562154 ], [ 119.650229, 34.528896 ], [ 119.640695, 34.514795 ], [ 119.647146, 34.522018 ], [ 119.715217, 34.525452 ], [ 119.767366, 34.5044 ], [ 119.79217, 34.483716 ], [ 119.791193, 34.466062 ], [ 119.813324, 34.466692 ], [ 119.791327, 34.448823 ], [ 119.792823, 34.443838 ], [ 119.793812, 34.430871 ], [ 119.782076, 34.407303 ], [ 119.799111, 34.380347 ], [ 119.778145, 34.372189 ], [ 119.769089, 34.357259 ], [ 119.749055, 34.348443 ], [ 119.750308, 34.329552 ], [ 119.738059, 34.321494 ], [ 119.73341, 34.308676 ], [ 119.718947, 34.30235 ], [ 119.702905, 34.286415 ], [ 119.657755, 34.256899 ], [ 119.6301, 34.246959 ], [ 119.570653, 34.21026 ], [ 119.54674, 34.2078 ], [ 119.527188, 34.189929 ], [ 119.497312, 34.172891 ], [ 119.504617, 34.163037 ], [ 119.521059, 34.1658 ], [ 119.52888, 34.158153 ], [ 119.515362, 34.137212 ], [ 119.533004, 34.110972 ], [ 119.54155, 34.115279 ], [ 119.55616, 34.103002 ], [ 119.572228, 34.100821 ], [ 119.583319, 34.091803 ], [ 119.580736, 34.079525 ], [ 119.57464, 34.073011 ], [ 119.560889, 34.071913 ], [ 119.546695, 34.0635 ], [ 119.564849, 34.034946 ], [ 119.566519, 34.021446 ], [ 119.559147, 34.016015 ], [ 119.514075, 34.033142 ], [ 119.502447, 34.013914 ], [ 119.488303, 34.011944 ], [ 119.434745, 33.981953 ], [ 119.422509, 33.991705 ], [ 119.423097, 34.00348 ], [ 119.397568, 34.005004 ], [ 119.399484, 34.021232 ], [ 119.392519, 34.025853 ], [ 119.385151, 34.043258 ], [ 119.380603, 34.043295 ], [ 119.370129, 34.03162 ], [ 119.321405, 34.02862 ], [ 119.303288, 34.033479 ], [ 119.290434, 34.049178 ], [ 119.264488, 34.042737 ], [ 119.260779, 34.033276 ], [ 119.250201, 34.032796 ], [ 119.232609, 34.041671 ], [ 119.215217, 34.058857 ], [ 119.199308, 34.060745 ], [ 119.185004, 34.078007 ], [ 119.183684, 34.090677 ], [ 119.173664, 34.096952 ], [ 119.169033, 34.09457 ], [ 119.162182, 34.111637 ], [ 119.171091, 34.119504 ], [ 119.163916, 34.129973 ], [ 119.146466, 34.137314 ], [ 119.141998, 34.133609 ], [ 119.134589, 34.135489 ], [ 119.120785, 34.14238 ], [ 119.139914, 34.159782 ], [ 119.13482, 34.167058 ], [ 119.138722, 34.172887 ], [ 119.126281, 34.183168 ], [ 119.128815, 34.190646 ], [ 119.13421, 34.190821 ], [ 119.1348, 34.198439 ], [ 119.124182, 34.206743 ], [ 119.109841, 34.20712 ], [ 119.108174, 34.203016 ], [ 119.092715, 34.205669 ], [ 119.084155, 34.263567 ], [ 119.06581, 34.268695 ], [ 119.071129, 34.287404 ], [ 119.066354, 34.289915 ], [ 119.066141, 34.299643 ], [ 119.075181, 34.302107 ], [ 119.076562, 34.316584 ], [ 119.067826, 34.330098 ], [ 119.07015, 34.343252 ], [ 119.051401, 34.350751 ], [ 119.049157, 34.377024 ], [ 119.056524, 34.408275 ], [ 119.081188, 34.41087 ], [ 119.083803, 34.421775 ], [ 119.055622, 34.421015 ], [ 119.055875, 34.417046 ], [ 119.03669, 34.42182 ], [ 119.029781, 34.400735 ], [ 119.009943, 34.40722 ], [ 118.989332, 34.404415 ], [ 118.980005, 34.385138 ], [ 118.956506, 34.362301 ], [ 118.954261, 34.351602 ], [ 118.95716, 34.348832 ], [ 118.945014, 34.350502 ], [ 118.948546, 34.367345 ], [ 118.937602, 34.380122 ], [ 118.922639, 34.373957 ], [ 118.90545, 34.378825 ], [ 118.905985, 34.369685 ], [ 118.832149, 34.370005 ], [ 118.807356, 34.358914 ], [ 118.800777, 34.33871 ], [ 118.780481, 34.313047 ], [ 118.759611, 34.312911 ], [ 118.7563, 34.323008 ], [ 118.746045, 34.330827 ], [ 118.728344, 34.324318 ], [ 118.724471, 34.330732 ], [ 118.702202, 34.336541 ], [ 118.691192, 34.348681 ], [ 118.668293, 34.340696 ], [ 118.639127, 34.357825 ], [ 118.638638, 34.386733 ], [ 118.643241, 34.389707 ], [ 118.65295, 34.383333 ], [ 118.659864, 34.386741 ], [ 118.67257, 34.412625 ], [ 118.660572, 34.421055 ], [ 118.648494, 34.422843 ], [ 118.636462, 34.437421 ], [ 118.617627, 34.448158 ], [ 118.617045, 34.463808 ], [ 118.605039, 34.458858 ], [ 118.586191, 34.437977 ], [ 118.579802, 34.422253 ], [ 118.568675, 34.417714 ], [ 118.556596, 34.429033 ], [ 118.519657, 34.441037 ], [ 118.490831, 34.428982 ], [ 118.480815, 34.415175 ], [ 118.454948, 34.410624 ], [ 118.43595, 34.41237 ], [ 118.426381, 34.414014 ], [ 118.416406, 34.422905 ], [ 118.407337, 34.421493 ], [ 118.39965, 34.438042 ], [ 118.405624, 34.44738 ], [ 118.413414, 34.481239 ], [ 118.427193, 34.493004 ], [ 118.434471, 34.513332 ], [ 118.434738, 34.528469 ], [ 118.423363, 34.559109 ], [ 118.418114, 34.591972 ], [ 118.423096, 34.607513 ], [ 118.431061, 34.618427 ], [ 118.443329, 34.624756 ], [ 118.450653, 34.621677 ], [ 118.463463, 34.63586 ], [ 118.45504, 34.660114 ], [ 118.460823, 34.677834 ], [ 118.479828, 34.676105 ], [ 118.491272, 34.679638 ], [ 118.499855, 34.693291 ], [ 118.515213, 34.698151 ], [ 118.518138, 34.713889 ], [ 118.519462, 34.717365 ], [ 118.531723, 34.719273 ], [ 118.550163, 34.710556 ], [ 118.568092, 34.718582 ], [ 118.590324, 34.719215 ], [ 118.611061, 34.700363 ], [ 118.632027, 34.693432 ], [ 118.658852, 34.701557 ], [ 118.682945, 34.68494 ], [ 118.729942, 34.701488 ], [ 118.768028, 34.729157 ], [ 118.770157, 34.737385 ], [ 118.765816, 34.742264 ], [ 118.722885, 34.748611 ], [ 118.71508, 34.760876 ], [ 118.72715, 34.779514 ], [ 118.731392, 34.795971 ], [ 118.762146, 34.791172 ], [ 118.768888, 34.797915 ], [ 118.769073, 34.828461 ], [ 118.759483, 34.848324 ], [ 118.78421, 34.846821 ], [ 118.790138, 34.850864 ], [ 118.801033, 34.865383 ], [ 118.818069, 34.905727 ], [ 118.857208, 34.949635 ], [ 118.852121, 35.02606 ], [ 118.863419, 35.038761 ], [ 118.902176, 35.050552 ], [ 118.908318, 35.06284 ], [ 118.913948, 35.065048 ], [ 118.933869, 35.046387 ], [ 118.941071, 35.044437 ], [ 118.966888, 35.051136 ], [ 118.986679, 35.050819 ], [ 119.0103, 35.058922 ], [ 119.056274, 35.057018 ], [ 119.074234, 35.061302 ], [ 119.107063, 35.058224 ], [ 119.116684, 35.063561 ], [ 119.136345, 35.100838 ], [ 119.193907, 35.119 ], [ 119.212845, 35.112556 ], [ 119.232994, 35.124809 ], [ 119.25087, 35.12627 ], [ 119.270836, 35.120415 ], [ 119.285774, 35.114906 ], [ 119.296283, 35.083642 ], [ 119.229537, 35.058777 ], [ 119.21414, 35.041311 ], [ 119.203786, 35.003733 ], [ 119.198016, 34.962248 ], [ 119.201517, 34.920264 ], [ 119.195638, 34.894397 ], [ 119.20215, 34.88117 ], [ 119.190317, 34.831342 ], [ 119.24351, 34.784192 ], [ 119.264308, 34.796074 ], [ 119.32655, 34.762098 ], [ 119.368272, 34.763444 ] ] ], [ [ [ 119.909718, 35.141338 ], [ 119.909915, 35.140918 ], [ 119.910466, 35.141083 ], [ 119.910735, 35.141024 ], [ 119.910822, 35.141003 ], [ 119.911079, 35.140327 ], [ 119.91111, 35.140313 ], [ 119.911187, 35.140076 ], [ 119.911533, 35.140088 ], [ 119.911553, 35.139985 ], [ 119.912194, 35.13978 ], [ 119.912421, 35.139861 ], [ 119.912621, 35.139931 ], [ 119.914041, 35.140296 ], [ 119.914105, 35.140329 ], [ 119.914193, 35.14034 ], [ 119.91422, 35.140339 ], [ 119.914399, 35.140316 ], [ 119.914664, 35.140309 ], [ 119.914774, 35.1403 ], [ 119.914372, 35.138851 ], [ 119.911649, 35.139232 ], [ 119.909324, 35.138599 ], [ 119.905216, 35.139182 ], [ 119.906138, 35.139917 ], [ 119.907054, 35.13994 ], [ 119.908445, 35.141387 ], [ 119.908537, 35.141515 ], [ 119.908608, 35.141629 ], [ 119.90925, 35.141374 ], [ 119.909718, 35.141338 ] ] ] ] } },
{ "type": "Feature", "properties": { "name": "芜湖市", "gb": "156340200" }, "geometry": { "type": "MultiPolygon", "coordinates": [ [ [ [ 118.198474, 31.528873 ], [ 118.214006, 31.526512 ], [ 118.243889, 31.535614 ], [ 118.269798, 31.508268 ], [ 118.288003, 31.499179 ], [ 118.304827, 31.502397 ], [ 118.311636, 31.493834 ], [ 118.315615, 31.487305 ], [ 118.308147, 31.45505 ], [ 118.312145, 31.44157 ], [ 118.318995, 31.437838 ], [ 118.334646, 31.451842 ], [ 118.339989, 31.468519 ], [ 118.371054, 31.520577 ], [ 118.379652, 31.518489 ], [ 118.398069, 31.499889 ], [ 118.40513, 31.497844 ], [ 118.410354, 31.504079 ], [ 118.417581, 31.481542 ], [ 118.42828, 31.473266 ], [ 118.424475, 31.458533 ], [ 118.419275, 31.458457 ], [ 118.439644, 31.395042 ], [ 118.456664, 31.399827 ], [ 118.461699, 31.399895 ], [ 118.46366, 31.394376 ], [ 118.483344, 31.395913 ], [ 118.490192, 31.406956 ], [ 118.519786, 31.404254 ], [ 118.516498, 31.382952 ], [ 118.548058, 31.358002 ], [ 118.552457, 31.348617 ], [ 118.544639, 31.337258 ], [ 118.547894, 31.322886 ], [ 118.567357, 31.303978 ], [ 118.569573, 31.295204 ], [ 118.575352, 31.29219 ], [ 118.603957, 31.298193 ], [ 118.609888, 31.295676 ], [ 118.652847, 31.306787 ], [ 118.655067, 31.272138 ], [ 118.64109, 31.248938 ], [ 118.676696, 31.216413 ], [ 118.694752, 31.186343 ], [ 118.713291, 31.17649 ], [ 118.728124, 31.151002 ], [ 118.706129, 31.143901 ], [ 118.679666, 31.121566 ], [ 118.682092, 31.100931 ], [ 118.685593, 31.099213 ], [ 118.673503, 31.09123 ], [ 118.672321, 31.08602 ], [ 118.678767, 31.074353 ], [ 118.674673, 31.068825 ], [ 118.650925, 31.059544 ], [ 118.653158, 31.047653 ], [ 118.631844, 31.026954 ], [ 118.624416, 31.023223 ], [ 118.610735, 31.024807 ], [ 118.600854, 31.032779 ], [ 118.599595, 31.042789 ], [ 118.591088, 31.0468 ], [ 118.580239, 31.042385 ], [ 118.5767, 31.022525 ], [ 118.564609, 31.016453 ], [ 118.581751, 30.992239 ], [ 118.575347, 30.987266 ], [ 118.567172, 30.967838 ], [ 118.540551, 30.973453 ], [ 118.523769, 30.956824 ], [ 118.509079, 30.955102 ], [ 118.509899, 30.941453 ], [ 118.488211, 30.944333 ], [ 118.506461, 30.928404 ], [ 118.508235, 30.920642 ], [ 118.484768, 30.902969 ], [ 118.488965, 30.892266 ], [ 118.485823, 30.883018 ], [ 118.466192, 30.881445 ], [ 118.468552, 30.875579 ], [ 118.493132, 30.861985 ], [ 118.473015, 30.834217 ], [ 118.477035, 30.824771 ], [ 118.491543, 30.821032 ], [ 118.501897, 30.809951 ], [ 118.476724, 30.789457 ], [ 118.474847, 30.765469 ], [ 118.464964, 30.763682 ], [ 118.446218, 30.780648 ], [ 118.447656, 30.801616 ], [ 118.426295, 30.797373 ], [ 118.407881, 30.816795 ], [ 118.417206, 30.819718 ], [ 118.421549, 30.815303 ], [ 118.426414, 30.818449 ], [ 118.416973, 30.84161 ], [ 118.405441, 30.847486 ], [ 118.393218, 30.844226 ], [ 118.379236, 30.852123 ], [ 118.353394, 30.844828 ], [ 118.341442, 30.826983 ], [ 118.313165, 30.822359 ], [ 118.302261, 30.810878 ], [ 118.295595, 30.800567 ], [ 118.302147, 30.778419 ], [ 118.290331, 30.775566 ], [ 118.285287, 30.758286 ], [ 118.270315, 30.74138 ], [ 118.272447, 30.734045 ], [ 118.277755, 30.728441 ], [ 118.283901, 30.729067 ], [ 118.291527, 30.717495 ], [ 118.302666, 30.718798 ], [ 118.308189, 30.71507 ], [ 118.304816, 30.702091 ], [ 118.284179, 30.702608 ], [ 118.275549, 30.713013 ], [ 118.263582, 30.714804 ], [ 118.25557, 30.713355 ], [ 118.244232, 30.699173 ], [ 118.223745, 30.706858 ], [ 118.22335, 30.715322 ], [ 118.211002, 30.717248 ], [ 118.199483, 30.703753 ], [ 118.18788, 30.703377 ], [ 118.167768, 30.693701 ], [ 118.165244, 30.687023 ], [ 118.155876, 30.686652 ], [ 118.151687, 30.670016 ], [ 118.122684, 30.645153 ], [ 118.118313, 30.644145 ], [ 118.118805, 30.651502 ], [ 118.114588, 30.653715 ], [ 118.093693, 30.641762 ], [ 118.094285, 30.655754 ], [ 118.129359, 30.702599 ], [ 118.121764, 30.707798 ], [ 118.117508, 30.722515 ], [ 118.108845, 30.722154 ], [ 118.102687, 30.741325 ], [ 118.093965, 30.746587 ], [ 118.081281, 30.742502 ], [ 118.063326, 30.746874 ], [ 118.059382, 30.763161 ], [ 118.033382, 30.776552 ], [ 117.993113, 30.783791 ], [ 117.980293, 30.798942 ], [ 117.963786, 30.796367 ], [ 117.961929, 30.807606 ], [ 117.986442, 30.826982 ], [ 117.979778, 30.845847 ], [ 117.990414, 30.855394 ], [ 118.008982, 30.861838 ], [ 118.014603, 30.859967 ], [ 118.015635, 30.849929 ], [ 118.0349, 30.845792 ], [ 118.04137, 30.858282 ], [ 118.034451, 30.860589 ], [ 118.043933, 30.87189 ], [ 118.056558, 30.873508 ], [ 118.075223, 30.86869 ], [ 118.128458, 30.90533 ], [ 118.13689, 30.900589 ], [ 118.149606, 30.904909 ], [ 118.154774, 30.909979 ], [ 118.146501, 30.950818 ], [ 118.154093, 30.964954 ], [ 118.154682, 30.971912 ], [ 118.115313, 30.968551 ], [ 118.092139, 30.977614 ], [ 118.073794, 31.015002 ], [ 118.028801, 31.021601 ], [ 118.01873, 31.034254 ], [ 118.008554, 31.036017 ], [ 118.004861, 31.047781 ], [ 118.018449, 31.068184 ], [ 118.003081, 31.080827 ], [ 118.000114, 31.074326 ], [ 117.990003, 31.070185 ], [ 117.978943, 31.092382 ], [ 117.937993, 31.068667 ], [ 117.911991, 31.07203 ], [ 117.888646, 31.08547 ], [ 117.865751, 31.127257 ], [ 117.85415, 31.136459 ], [ 117.833302, 31.142157 ], [ 117.808455, 31.137718 ], [ 117.784619, 31.123097 ], [ 117.768227, 31.106043 ], [ 117.726796, 31.012456 ], [ 117.719977, 31.012776 ], [ 117.714097, 31.019495 ], [ 117.692151, 31.011747 ], [ 117.694631, 31.005438 ], [ 117.688543, 30.991666 ], [ 117.6729, 30.971742 ], [ 117.665193, 30.971356 ], [ 117.657907, 30.964259 ], [ 117.655098, 30.942501 ], [ 117.642468, 30.961866 ], [ 117.618596, 30.976986 ], [ 117.608912, 30.975113 ], [ 117.601162, 30.980083 ], [ 117.586349, 30.981003 ], [ 117.575798, 30.971749 ], [ 117.565541, 30.97071 ], [ 117.54807, 30.97704 ], [ 117.539428, 30.96875 ], [ 117.526734, 30.973655 ], [ 117.533346, 30.993133 ], [ 117.502272, 31.004941 ], [ 117.489462, 31.021647 ], [ 117.486195, 31.033357 ], [ 117.475236, 31.040949 ], [ 117.48753, 31.049166 ], [ 117.512071, 31.050368 ], [ 117.525987, 31.085206 ], [ 117.524299, 31.098273 ], [ 117.511435, 31.108188 ], [ 117.512384, 31.112825 ], [ 117.521375, 31.109975 ], [ 117.524884, 31.11426 ], [ 117.523837, 31.144463 ], [ 117.556313, 31.153344 ], [ 117.55442, 31.172556 ], [ 117.549732, 31.178071 ], [ 117.542164, 31.166688 ], [ 117.53465, 31.166491 ], [ 117.532016, 31.1748 ], [ 117.536564, 31.177772 ], [ 117.525475, 31.202674 ], [ 117.52978, 31.20936 ], [ 117.551367, 31.220059 ], [ 117.567514, 31.253928 ], [ 117.567678, 31.270154 ], [ 117.583119, 31.278344 ], [ 117.615428, 31.282254 ], [ 117.614089, 31.287696 ], [ 117.609838, 31.287646 ], [ 117.611624, 31.297378 ], [ 117.628688, 31.297891 ], [ 117.634518, 31.304347 ], [ 117.633639, 31.324597 ], [ 117.648342, 31.331956 ], [ 117.652283, 31.36379 ], [ 117.659317, 31.374985 ], [ 117.657131, 31.385997 ], [ 117.664596, 31.385726 ], [ 117.687366, 31.409514 ], [ 117.698159, 31.459815 ], [ 117.723005, 31.477174 ], [ 117.729726, 31.487235 ], [ 117.763766, 31.488522 ], [ 117.768699, 31.485509 ], [ 117.766961, 31.477645 ], [ 117.758009, 31.481624 ], [ 117.765245, 31.474623 ], [ 117.772405, 31.481763 ], [ 117.768669, 31.489268 ], [ 117.775729, 31.491924 ], [ 117.781871, 31.486052 ], [ 117.804586, 31.481152 ], [ 117.817807, 31.481368 ], [ 117.827401, 31.492235 ], [ 117.838052, 31.481989 ], [ 117.900683, 31.506915 ], [ 117.920862, 31.499455 ], [ 117.934381, 31.488968 ], [ 117.960247, 31.500972 ], [ 117.966072, 31.497478 ], [ 117.954913, 31.491255 ], [ 117.953845, 31.480865 ], [ 117.979692, 31.474026 ], [ 117.976089, 31.468925 ], [ 117.962467, 31.467593 ], [ 117.969143, 31.439517 ], [ 117.973782, 31.435267 ], [ 117.979226, 31.43444 ], [ 117.985808, 31.440444 ], [ 118.111265, 31.412226 ], [ 118.159669, 31.401077 ], [ 118.163408, 31.404022 ], [ 118.156822, 31.414414 ], [ 118.165382, 31.432355 ], [ 118.126726, 31.438724 ], [ 118.123272, 31.443857 ], [ 118.122513, 31.463717 ], [ 118.134456, 31.472633 ], [ 118.139712, 31.468991 ], [ 118.14521, 31.47174 ], [ 118.130557, 31.503942 ], [ 118.127915, 31.51573 ], [ 118.131736, 31.520928 ], [ 118.147353, 31.521943 ], [ 118.176948, 31.540194 ], [ 118.191574, 31.537606 ], [ 118.198474, 31.528873 ] ] ] ] } },
{ "type": "Feature", "properties": { "name": "嘉兴市", "gb": "156330400" }, "geometry": { "type": "MultiPolygon", "coordinates": [ [ [ [ 120.990074, 30.989895 ], [ 120.992218, 30.974798 ], [ 120.985626, 30.965214 ], [ 120.986923, 30.951242 ], [ 120.989525, 30.908375 ], [ 120.981461, 30.895309 ], [ 121.000885, 30.888693 ], [ 121.011925, 30.877727 ], [ 121.004662, 30.857334 ], [ 120.986145, 30.838718 ], [ 120.983032, 30.828995 ], [ 120.987701, 30.824984 ], [ 121.008537, 30.838148 ], [ 121.032735, 30.827631 ], [ 121.036384, 30.826235 ], [ 121.041077, 30.835644 ], [ 121.062546, 30.853638 ], [ 121.1157, 30.857037 ], [ 121.122673, 30.839993 ], [ 121.133278, 30.833595 ], [ 121.12429, 30.823961 ], [ 121.118416, 30.808889 ], [ 121.119659, 30.788258 ], [ 121.129456, 30.782072 ], [ 121.154579, 30.786594 ], [ 121.173195, 30.779016 ], [ 121.202698, 30.788002 ], [ 121.223007, 30.785507 ], [ 121.235298, 30.76009 ], [ 121.253723, 30.74997 ], [ 121.264748, 30.738293 ], [ 121.269058, 30.728523 ], [ 121.267601, 30.70163 ], [ 121.274768, 30.694376 ], [ 121.230451, 30.668884 ], [ 121.174594, 30.64544 ], [ 121.154976, 30.633503 ], [ 121.144795, 30.604389 ], [ 121.121365, 30.596095 ], [ 121.080731, 30.591422 ], [ 121.048326, 30.580194 ], [ 121.002995, 30.5558 ], [ 120.945105, 30.504844 ], [ 120.933182, 30.478727 ], [ 120.933352, 30.477914 ], [ 120.945567, 30.419735 ], [ 120.914683, 30.416966 ], [ 120.915816, 30.39172 ], [ 120.908721, 30.372704 ], [ 120.999621, 30.320239 ], [ 120.933961, 30.279469 ], [ 120.891293, 30.264987 ], [ 120.870594, 30.265509 ], [ 120.809117, 30.257868 ], [ 120.783868, 30.258593 ], [ 120.755472, 30.266696 ], [ 120.72549, 30.299437 ], [ 120.702018, 30.356449 ], [ 120.675744, 30.375304 ], [ 120.636348, 30.3895 ], [ 120.502378, 30.392518 ], [ 120.44115, 30.382382 ], [ 120.434106, 30.376121 ], [ 120.408358, 30.318838 ], [ 120.373061, 30.347126 ], [ 120.38331, 30.372598 ], [ 120.396194, 30.375272 ], [ 120.395342, 30.386253 ], [ 120.340234, 30.370085 ], [ 120.337021, 30.378587 ], [ 120.316605, 30.379611 ], [ 120.309885, 30.397289 ], [ 120.301567, 30.395633 ], [ 120.301763, 30.39987 ], [ 120.328317, 30.418262 ], [ 120.327543, 30.427577 ], [ 120.336537, 30.444041 ], [ 120.332264, 30.460453 ], [ 120.332828, 30.466692 ], [ 120.338677, 30.46647 ], [ 120.335155, 30.474122 ], [ 120.322265, 30.472785 ], [ 120.321958, 30.498689 ], [ 120.314546, 30.523174 ], [ 120.295452, 30.522093 ], [ 120.293452, 30.562779 ], [ 120.311293, 30.574948 ], [ 120.314659, 30.581796 ], [ 120.312313, 30.587292 ], [ 120.294485, 30.598681 ], [ 120.299032, 30.612445 ], [ 120.331048, 30.618467 ], [ 120.335426, 30.62244 ], [ 120.337994, 30.647337 ], [ 120.337279, 30.656502 ], [ 120.346947, 30.66726 ], [ 120.360661, 30.656522 ], [ 120.369534, 30.659833 ], [ 120.375234, 30.671686 ], [ 120.423219, 30.682815 ], [ 120.448701, 30.683268 ], [ 120.450988, 30.68784 ], [ 120.437245, 30.694286 ], [ 120.438095, 30.704132 ], [ 120.462077, 30.704173 ], [ 120.482189, 30.731126 ], [ 120.467811, 30.749762 ], [ 120.469537, 30.757935 ], [ 120.465447, 30.766727 ], [ 120.47982, 30.765457 ], [ 120.495483, 30.7711 ], [ 120.507065, 30.767185 ], [ 120.526549, 30.798015 ], [ 120.581482, 30.859053 ], [ 120.636581, 30.862619 ], [ 120.647156, 30.857868 ], [ 120.658638, 30.863935 ], [ 120.672707, 30.885685 ], [ 120.705208, 30.90073 ], [ 120.70668, 30.924107 ], [ 120.703331, 30.936213 ], [ 120.682541, 30.954409 ], [ 120.70153, 30.972935 ], [ 120.725807, 30.971693 ], [ 120.739273, 30.965622 ], [ 120.761864, 30.980596 ], [ 120.76738, 30.99682 ], [ 120.775459, 31.001864 ], [ 120.804252, 31.009308 ], [ 120.821106, 31.008158 ], [ 120.832802, 30.98781 ], [ 120.839073, 30.984076 ], [ 120.895119, 31.011978 ], [ 120.954895, 31.026175 ], [ 120.961548, 31.019232 ], [ 120.983925, 31.012695 ], [ 120.994995, 31.001501 ], [ 120.990074, 30.989895 ] ] ] ] } },
{ "type": "Feature", "properties": { "name": "南通市", "gb": "156320600" }, "geometry": { "type": "MultiPolygon", "coordinates": [ [ [ [ 120.38659, 32.710276 ], [ 120.384108, 32.693208 ], [ 120.404991, 32.68931 ], [ 120.414444, 32.680016 ], [ 120.426082, 32.677482 ], [ 120.431789, 32.650056 ], [ 120.437929, 32.643263 ], [ 120.437885, 32.632138 ], [ 120.474361, 32.634989 ], [ 120.493071, 32.625146 ], [ 120.491872, 32.639848 ], [ 120.503577, 32.641353 ], [ 120.536892, 32.634091 ], [ 120.554673, 32.639608 ], [ 120.574521, 32.637767 ], [ 120.594967, 32.652764 ], [ 120.605655, 32.637541 ], [ 120.616915, 32.630819 ], [ 120.609919, 32.605484 ], [ 120.616449, 32.605883 ], [ 120.620051, 32.616793 ], [ 120.624142, 32.617517 ], [ 120.641194, 32.61801 ], [ 120.651414, 32.606848 ], [ 120.653098, 32.596024 ], [ 120.642184, 32.590949 ], [ 120.647282, 32.58683 ], [ 120.649599, 32.576231 ], [ 120.657771, 32.575651 ], [ 120.667048, 32.590727 ], [ 120.678271, 32.598849 ], [ 120.703428, 32.605898 ], [ 120.713287, 32.602522 ], [ 120.72575, 32.587267 ], [ 120.73018, 32.587096 ], [ 120.735349, 32.587734 ], [ 120.735277, 32.600442 ], [ 120.739082, 32.603703 ], [ 120.763505, 32.607763 ], [ 120.788689, 32.604061 ], [ 120.786882, 32.580739 ], [ 120.789931, 32.580761 ], [ 120.827204, 32.599307 ], [ 120.83329, 32.608663 ], [ 120.848991, 32.606161 ], [ 120.866009, 32.611588 ], [ 120.853054, 32.614501 ], [ 120.846843, 32.608912 ], [ 120.846562, 32.620458 ], [ 120.858466, 32.620772 ], [ 120.858772, 32.632399 ], [ 120.891587, 32.633867 ], [ 120.965556, 32.65099 ], [ 120.970615, 32.635323 ], [ 120.951242, 32.613275 ], [ 121.006744, 32.596989 ], [ 121.015279, 32.602778 ], [ 121.039828, 32.589019 ], [ 121.027528, 32.566378 ], [ 121.053613, 32.55387 ], [ 121.109823, 32.541484 ], [ 121.196259, 32.502074 ], [ 121.186865, 32.476401 ], [ 121.206541, 32.46706 ], [ 121.22212, 32.48356 ], [ 121.260675, 32.470638 ], [ 121.247736, 32.45666 ], [ 121.28281, 32.44796 ], [ 121.291213, 32.460522 ], [ 121.334583, 32.444144 ], [ 121.413287, 32.403175 ], [ 121.415661, 32.324459 ], [ 121.436843, 32.307134 ], [ 121.436268, 32.277928 ], [ 121.457903, 32.239211 ], [ 121.483203, 32.231983 ], [ 121.468798, 32.210325 ], [ 121.380152, 32.214606 ], [ 121.360956, 32.20257 ], [ 121.411103, 32.197684 ], [ 121.41155, 32.175556 ], [ 121.453368, 32.152301 ], [ 121.488372, 32.168018 ], [ 121.507734, 32.149848 ], [ 121.440268, 32.138691 ], [ 121.517932, 32.136364 ], [ 121.51322, 32.1125 ], [ 121.534153, 32.105586 ], [ 121.564564, 32.095835 ], [ 121.573907, 32.112143 ], [ 121.600018, 32.102953 ], [ 121.595474, 32.083538 ], [ 121.619139, 32.076716 ], [ 121.627959, 32.099312 ], [ 121.675238, 32.069011 ], [ 121.682879, 32.083446 ], [ 121.725128, 32.063583 ], [ 121.751453, 32.040848 ], [ 121.732233, 32.023901 ], [ 121.781358, 31.99013 ], [ 121.804995, 31.966411 ], [ 121.82656, 31.958538 ], [ 121.835737, 31.932092 ], [ 121.85032, 31.920295 ], [ 121.881277, 31.857249 ], [ 121.880397, 31.831998 ], [ 121.925288, 31.76358 ], [ 121.931705, 31.737033 ], [ 121.953827, 31.736666 ], [ 121.948277, 31.705726 ], [ 121.88312, 31.690795 ], [ 121.879638, 31.632657 ], [ 121.797707, 31.648727 ], [ 121.639717, 31.697618 ], [ 121.628395, 31.695354 ], [ 121.598518, 31.708483 ], [ 121.59761, 31.703503 ], [ 121.58992, 31.703503 ], [ 121.495987, 31.752167 ], [ 121.452751, 31.76009 ], [ 121.427807, 31.769291 ], [ 121.416039, 31.775679 ], [ 121.4049, 31.794332 ], [ 121.406715, 31.803141 ], [ 121.386615, 31.824557 ], [ 121.367264, 31.848284 ], [ 121.289795, 31.871572 ], [ 121.221222, 31.848349 ], [ 121.180206, 31.827146 ], [ 121.117714, 31.775599 ], [ 121.098747, 31.765061 ], [ 121.070926, 31.781008 ], [ 121.029574, 31.785708 ], [ 120.996967, 31.78702 ], [ 120.91793, 31.808144 ], [ 120.899039, 31.81596 ], [ 120.884639, 31.828278 ], [ 120.783342, 32.001138 ], [ 120.772177, 32.006926 ], [ 120.732971, 32.008461 ], [ 120.645213, 32.006138 ], [ 120.579965, 32.005146 ], [ 120.552583, 32.011318 ], [ 120.554055, 32.03514 ], [ 120.546544, 32.055105 ], [ 120.51311, 32.065643 ], [ 120.515983, 32.072238 ], [ 120.507799, 32.09518 ], [ 120.457741, 32.11204 ], [ 120.431806, 32.125295 ], [ 120.351414, 32.132675 ], [ 120.340407, 32.171876 ], [ 120.368595, 32.223682 ], [ 120.358666, 32.240225 ], [ 120.349776, 32.243492 ], [ 120.341741, 32.254964 ], [ 120.34765, 32.276331 ], [ 120.345514, 32.299541 ], [ 120.361702, 32.313813 ], [ 120.348648, 32.325971 ], [ 120.340395, 32.343003 ], [ 120.344944, 32.346582 ], [ 120.342651, 32.35806 ], [ 120.351542, 32.363613 ], [ 120.353228, 32.369845 ], [ 120.347279, 32.370203 ], [ 120.345884, 32.37992 ], [ 120.30443, 32.363831 ], [ 120.296807, 32.37452 ], [ 120.28432, 32.372723 ], [ 120.278954, 32.379606 ], [ 120.283776, 32.390149 ], [ 120.266728, 32.471271 ], [ 120.259699, 32.489457 ], [ 120.253113, 32.493931 ], [ 120.254015, 32.503059 ], [ 120.259883, 32.50402 ], [ 120.263684, 32.545976 ], [ 120.254925, 32.572884 ], [ 120.254177, 32.59308 ], [ 120.24824, 32.598565 ], [ 120.218655, 32.584455 ], [ 120.201831, 32.593538 ], [ 120.197321, 32.603437 ], [ 120.207993, 32.629169 ], [ 120.212802, 32.630702 ], [ 120.218989, 32.651085 ], [ 120.223212, 32.651364 ], [ 120.222484, 32.659338 ], [ 120.218901, 32.660221 ], [ 120.219751, 32.67808 ], [ 120.242871, 32.674862 ], [ 120.245697, 32.682035 ], [ 120.271859, 32.681651 ], [ 120.312198, 32.707464 ], [ 120.313766, 32.700935 ], [ 120.32554, 32.700946 ], [ 120.328049, 32.706491 ], [ 120.367382, 32.709375 ], [ 120.375618, 32.714656 ], [ 120.38659, 32.710276 ] ] ] ] } },
{ "type": "Feature", "properties": { "name": "六安市", "gb": "156341500" }, "geometry": { "type": "MultiPolygon", "coordinates": [ [ [ [ 116.020374, 32.591425 ], [ 116.034148, 32.556347 ], [ 116.089068, 32.540824 ], [ 116.117519, 32.47343 ], [ 116.141268, 32.460393 ], [ 116.146567, 32.441658 ], [ 116.165011, 32.441203 ], [ 116.17087, 32.428057 ], [ 116.177621, 32.431868 ], [ 116.185135, 32.455024 ], [ 116.205586, 32.450196 ], [ 116.20847, 32.465156 ], [ 116.222169, 32.46276 ], [ 116.234221, 32.467793 ], [ 116.240277, 32.458382 ], [ 116.246001, 32.458458 ], [ 116.247805, 32.464186 ], [ 116.240815, 32.482945 ], [ 116.262334, 32.498111 ], [ 116.263955, 32.520794 ], [ 116.299682, 32.525563 ], [ 116.324674, 32.520508 ], [ 116.347445, 32.48076 ], [ 116.393148, 32.447201 ], [ 116.405811, 32.444469 ], [ 116.43416, 32.452159 ], [ 116.473394, 32.440155 ], [ 116.482997, 32.42859 ], [ 116.47244, 32.411757 ], [ 116.495634, 32.401577 ], [ 116.478111, 32.38523 ], [ 116.479722, 32.362895 ], [ 116.501732, 32.346126 ], [ 116.518176, 32.315199 ], [ 116.527055, 32.242623 ], [ 116.518245, 32.226841 ], [ 116.497036, 32.21367 ], [ 116.517294, 32.202021 ], [ 116.505502, 32.187413 ], [ 116.506499, 32.17481 ], [ 116.526295, 32.147639 ], [ 116.525953, 32.12493 ], [ 116.520117, 32.116879 ], [ 116.541354, 32.085801 ], [ 116.542356, 32.076975 ], [ 116.540607, 32.063986 ], [ 116.547187, 32.045556 ], [ 116.540357, 32.028889 ], [ 116.537607, 32.02637 ], [ 116.585117, 32.01805 ], [ 116.619529, 31.995988 ], [ 116.638489, 31.994636 ], [ 116.650518, 31.985363 ], [ 116.671937, 31.981259 ], [ 116.677609, 31.975554 ], [ 116.680517, 31.962924 ], [ 116.67743, 31.940059 ], [ 116.683328, 31.902738 ], [ 116.702378, 31.903657 ], [ 116.717957, 31.920613 ], [ 116.763698, 31.91797 ], [ 116.757256, 31.907037 ], [ 116.743158, 31.898602 ], [ 116.750264, 31.891852 ], [ 116.746241, 31.889217 ], [ 116.742394, 31.887997 ], [ 116.732219, 31.895706 ], [ 116.72516, 31.894109 ], [ 116.725461, 31.883083 ], [ 116.709418, 31.886241 ], [ 116.711248, 31.879214 ], [ 116.71649, 31.878042 ], [ 116.718945, 31.859547 ], [ 116.728289, 31.8595 ], [ 116.733673, 31.864708 ], [ 116.736423, 31.853997 ], [ 116.729097, 31.84319 ], [ 116.714785, 31.840864 ], [ 116.697294, 31.830857 ], [ 116.694257, 31.824161 ], [ 116.697852, 31.822859 ], [ 116.688699, 31.820761 ], [ 116.685118, 31.825059 ], [ 116.683581, 31.819363 ], [ 116.708196, 31.796179 ], [ 116.712774, 31.781374 ], [ 116.724, 31.782843 ], [ 116.732144, 31.771551 ], [ 116.743714, 31.770346 ], [ 116.751256, 31.774327 ], [ 116.759669, 31.768255 ], [ 116.759817, 31.761753 ], [ 116.7477, 31.742749 ], [ 116.756435, 31.738607 ], [ 116.758815, 31.730444 ], [ 116.742984, 31.724858 ], [ 116.740235, 31.717127 ], [ 116.76339, 31.717645 ], [ 116.768042, 31.713723 ], [ 116.759757, 31.711473 ], [ 116.754594, 31.688305 ], [ 116.763739, 31.664992 ], [ 116.752806, 31.6583 ], [ 116.75, 31.650084 ], [ 116.749869, 31.645054 ], [ 116.759623, 31.639548 ], [ 116.762585, 31.588643 ], [ 116.759161, 31.574059 ], [ 116.773454, 31.558089 ], [ 116.782065, 31.557811 ], [ 116.788678, 31.543154 ], [ 116.798481, 31.54172 ], [ 116.818649, 31.523326 ], [ 116.827281, 31.52201 ], [ 116.835589, 31.528843 ], [ 116.840399, 31.52482 ], [ 116.873692, 31.537502 ], [ 116.894347, 31.539126 ], [ 116.903287, 31.534073 ], [ 116.96983, 31.541873 ], [ 116.972923, 31.538107 ], [ 116.985384, 31.539896 ], [ 116.987398, 31.545954 ], [ 116.982982, 31.559788 ], [ 116.989066, 31.562694 ], [ 116.998077, 31.560709 ], [ 117.000699, 31.550297 ], [ 117.017239, 31.548985 ], [ 117.045958, 31.537462 ], [ 117.057236, 31.551331 ], [ 117.065312, 31.554825 ], [ 117.077036, 31.554694 ], [ 117.105965, 31.544503 ], [ 117.12138, 31.545399 ], [ 117.136889, 31.556986 ], [ 117.151879, 31.547674 ], [ 117.188318, 31.554543 ], [ 117.212453, 31.542352 ], [ 117.222029, 31.547169 ], [ 117.235709, 31.524245 ], [ 117.234836, 31.511033 ], [ 117.249638, 31.503378 ], [ 117.228616, 31.491745 ], [ 117.183653, 31.493994 ], [ 117.141209, 31.484926 ], [ 117.086029, 31.411143 ], [ 117.083793, 31.393722 ], [ 117.069579, 31.365322 ], [ 117.0731, 31.344628 ], [ 117.062781, 31.32482 ], [ 117.063084, 31.316011 ], [ 117.069507, 31.311355 ], [ 117.062419, 31.290081 ], [ 117.042077, 31.291422 ], [ 117.038913, 31.285079 ], [ 117.043198, 31.273083 ], [ 117.028455, 31.260118 ], [ 117.021353, 31.260169 ], [ 117.011071, 31.271198 ], [ 116.998855, 31.267186 ], [ 116.984632, 31.25151 ], [ 116.974402, 31.250254 ], [ 116.961184, 31.226739 ], [ 116.947634, 31.18728 ], [ 116.938527, 31.17677 ], [ 116.942811, 31.169597 ], [ 116.938562, 31.162352 ], [ 116.917076, 31.162154 ], [ 116.906446, 31.145825 ], [ 116.87679, 31.130227 ], [ 116.845284, 31.127188 ], [ 116.837593, 31.131605 ], [ 116.830013, 31.126065 ], [ 116.83003, 31.120206 ], [ 116.836692, 31.115196 ], [ 116.838131, 31.106786 ], [ 116.819082, 31.100029 ], [ 116.787089, 31.068954 ], [ 116.779768, 31.066649 ], [ 116.777717, 31.071093 ], [ 116.766072, 31.073369 ], [ 116.743393, 31.062316 ], [ 116.720887, 31.063935 ], [ 116.703227, 31.045906 ], [ 116.683126, 31.050089 ], [ 116.666177, 31.067725 ], [ 116.656633, 31.057216 ], [ 116.644279, 31.053503 ], [ 116.619017, 31.077118 ], [ 116.608942, 31.077726 ], [ 116.606682, 31.06885 ], [ 116.58132, 31.053951 ], [ 116.562767, 31.053227 ], [ 116.552519, 31.032781 ], [ 116.540746, 31.023421 ], [ 116.525951, 31.023799 ], [ 116.532044, 31.073114 ], [ 116.542234, 31.094194 ], [ 116.557612, 31.113258 ], [ 116.547265, 31.158609 ], [ 116.552324, 31.174025 ], [ 116.55004, 31.181223 ], [ 116.543489, 31.18531 ], [ 116.533417, 31.182376 ], [ 116.533406, 31.176904 ], [ 116.513207, 31.163466 ], [ 116.502044, 31.14353 ], [ 116.492054, 31.148846 ], [ 116.46047, 31.136053 ], [ 116.452945, 31.128065 ], [ 116.429349, 31.131374 ], [ 116.426332, 31.141426 ], [ 116.433021, 31.146339 ], [ 116.426166, 31.145493 ], [ 116.406148, 31.167521 ], [ 116.385787, 31.164798 ], [ 116.367333, 31.169419 ], [ 116.358659, 31.176103 ], [ 116.348163, 31.173841 ], [ 116.340367, 31.167057 ], [ 116.338517, 31.15656 ], [ 116.327914, 31.148723 ], [ 116.315146, 31.14801 ], [ 116.299785, 31.138728 ], [ 116.299484, 31.1265 ], [ 116.290464, 31.118447 ], [ 116.285011, 31.119815 ], [ 116.261687, 31.100012 ], [ 116.256877, 31.084007 ], [ 116.229487, 31.076263 ], [ 116.220914, 31.066539 ], [ 116.203082, 31.060156 ], [ 116.181294, 31.063182 ], [ 116.176188, 31.070331 ], [ 116.177212, 31.085686 ], [ 116.171781, 31.095426 ], [ 116.156958, 31.105253 ], [ 116.114235, 31.090082 ], [ 116.09259, 31.097522 ], [ 116.088031, 31.085709 ], [ 116.071748, 31.075974 ], [ 116.064144, 31.075766 ], [ 116.048856, 31.05533 ], [ 116.04061, 31.01687 ], [ 116.009789, 31.014109 ], [ 116.004837, 31.019508 ], [ 116.001419, 31.03686 ], [ 115.988884, 31.036829 ], [ 115.978539, 31.04418 ], [ 115.960533, 31.048618 ], [ 115.935509, 31.046259 ], [ 115.935593, 31.071476 ], [ 115.887665, 31.104382 ], [ 115.882377, 31.111603 ], [ 115.881401, 31.127089 ], [ 115.875023, 31.144224 ], [ 115.864174, 31.14995 ], [ 115.852013, 31.145559 ], [ 115.832451, 31.12932 ], [ 115.808029, 31.133139 ], [ 115.792633, 31.130047 ], [ 115.773331, 31.11449 ], [ 115.758735, 31.120354 ], [ 115.750519, 31.144695 ], [ 115.735237, 31.155125 ], [ 115.722816, 31.176849 ], [ 115.695549, 31.203278 ], [ 115.657837, 31.212496 ], [ 115.638382, 31.21044 ], [ 115.623886, 31.186949 ], [ 115.598572, 31.176041 ], [ 115.588997, 31.149452 ], [ 115.5765, 31.147551 ], [ 115.554375, 31.162609 ], [ 115.537208, 31.189247 ], [ 115.534416, 31.23411 ], [ 115.521683, 31.255579 ], [ 115.499245, 31.271082 ], [ 115.469431, 31.267373 ], [ 115.459053, 31.272848 ], [ 115.453934, 31.28212 ], [ 115.457382, 31.315214 ], [ 115.442635, 31.315996 ], [ 115.437554, 31.339708 ], [ 115.42884, 31.352102 ], [ 115.422081, 31.353996 ], [ 115.401833, 31.343174 ], [ 115.385681, 31.345749 ], [ 115.377396, 31.353107 ], [ 115.372643, 31.374762 ], [ 115.385193, 31.391582 ], [ 115.379593, 31.398777 ], [ 115.364372, 31.405039 ], [ 115.377518, 31.420271 ], [ 115.381096, 31.449011 ], [ 115.368683, 31.482622 ], [ 115.370712, 31.501698 ], [ 115.387817, 31.511295 ], [ 115.419342, 31.538668 ], [ 115.427597, 31.572336 ], [ 115.435936, 31.587669 ], [ 115.481277, 31.612387 ], [ 115.473671, 31.647495 ], [ 115.477585, 31.659048 ], [ 115.491806, 31.675665 ], [ 115.520454, 31.694921 ], [ 115.565498, 31.714329 ], [ 115.634802, 31.755105 ], [ 115.673279, 31.782377 ], [ 115.684677, 31.779202 ], [ 115.697, 31.769143 ], [ 115.719025, 31.763941 ], [ 115.72496, 31.767139 ], [ 115.729179, 31.781626 ], [ 115.760758, 31.787434 ], [ 115.790626, 31.773985 ], [ 115.796509, 31.775457 ], [ 115.798889, 31.76543 ], [ 115.808639, 31.761932 ], [ 115.822014, 31.776342 ], [ 115.829826, 31.77533 ], [ 115.841423, 31.785358 ], [ 115.850205, 31.777269 ], [ 115.879463, 31.778893 ], [ 115.892288, 31.794201 ], [ 115.905663, 31.797159 ], [ 115.904762, 31.801493 ], [ 115.904358, 31.820019 ], [ 115.887383, 31.846056 ], [ 115.886383, 31.876896 ], [ 115.905914, 31.892895 ], [ 115.914047, 31.909565 ], [ 115.915329, 31.921045 ], [ 115.907639, 31.954334 ], [ 115.917122, 31.989815 ], [ 115.924245, 31.99827 ], [ 115.912583, 32.026649 ], [ 115.920189, 32.042999 ], [ 115.920532, 32.059517 ], [ 115.934616, 32.075924 ], [ 115.934502, 32.086956 ], [ 115.924141, 32.090584 ], [ 115.918991, 32.106247 ], [ 115.920708, 32.128948 ], [ 115.928833, 32.146992 ], [ 115.930763, 32.166019 ], [ 115.901878, 32.221508 ], [ 115.903221, 32.244457 ], [ 115.912621, 32.270691 ], [ 115.890709, 32.296642 ], [ 115.898994, 32.326077 ], [ 115.889496, 32.35191 ], [ 115.882439, 32.419975 ], [ 115.859955, 32.465874 ], [ 115.860176, 32.470001 ], [ 115.874283, 32.475346 ], [ 115.875061, 32.49049 ], [ 115.865135, 32.497021 ], [ 115.862282, 32.505314 ], [ 115.838676, 32.50441 ], [ 115.837128, 32.509476 ], [ 115.863975, 32.526871 ], [ 115.868049, 32.544731 ], [ 115.896294, 32.563946 ], [ 115.919518, 32.571156 ], [ 115.927532, 32.571016 ], [ 115.946917, 32.587097 ], [ 115.956971, 32.603017 ], [ 115.979502, 32.608599 ], [ 116.006017, 32.601365 ], [ 116.020374, 32.591425 ] ] ] ] } },
{ "type": "Feature", "properties": { "name": "蚌埠市", "gb": "156340300" }, "geometry": { "type": "MultiPolygon", "coordinates": [ [ [ [ 117.267282, 33.489467 ], [ 117.272522, 33.489404 ], [ 117.273935, 33.496554 ], [ 117.292884, 33.494777 ], [ 117.306459, 33.492761 ], [ 117.317162, 33.474875 ], [ 117.350121, 33.472241 ], [ 117.385574, 33.458486 ], [ 117.395595, 33.44308 ], [ 117.392708, 33.427533 ], [ 117.407351, 33.40824 ], [ 117.421669, 33.401078 ], [ 117.427676, 33.375845 ], [ 117.46375, 33.353534 ], [ 117.4821, 33.346237 ], [ 117.50052, 33.347567 ], [ 117.544641, 33.327658 ], [ 117.551657, 33.331933 ], [ 117.579985, 33.324387 ], [ 117.607634, 33.340733 ], [ 117.625717, 33.343477 ], [ 117.63734, 33.336022 ], [ 117.643684, 33.330716 ], [ 117.66171, 33.328628 ], [ 117.670106, 33.309381 ], [ 117.678697, 33.30777 ], [ 117.689997, 33.292782 ], [ 117.73043, 33.276089 ], [ 117.754976, 33.277313 ], [ 117.771206, 33.283153 ], [ 117.798407, 33.275616 ], [ 117.806722, 33.283776 ], [ 117.808394, 33.303454 ], [ 117.81122, 33.30014 ], [ 117.846406, 33.297736 ], [ 117.8508, 33.320467 ], [ 117.856626, 33.328646 ], [ 117.885141, 33.328347 ], [ 117.898488, 33.34187 ], [ 117.907945, 33.344231 ], [ 117.915003, 33.333488 ], [ 117.92097, 33.331681 ], [ 117.949376, 33.32917 ], [ 117.972086, 33.335594 ], [ 117.981132, 33.328564 ], [ 117.979866, 33.314121 ], [ 117.964729, 33.280975 ], [ 117.93779, 33.265362 ], [ 117.939758, 33.246071 ], [ 117.932266, 33.235348 ], [ 117.931892, 33.22686 ], [ 117.946602, 33.224449 ], [ 117.972855, 33.228828 ], [ 117.98896, 33.206211 ], [ 117.981056, 33.183792 ], [ 117.983986, 33.177803 ], [ 118.027107, 33.158627 ], [ 118.032242, 33.154453 ], [ 118.034271, 33.142044 ], [ 118.057043, 33.147827 ], [ 118.059201, 33.14135 ], [ 118.038273, 33.134835 ], [ 118.057454, 33.137889 ], [ 118.068917, 33.1318 ], [ 118.075439, 33.113612 ], [ 118.060229, 33.102449 ], [ 118.062082, 33.083063 ], [ 118.046421, 33.071259 ], [ 118.023311, 33.078896 ], [ 118.024696, 33.0699 ], [ 118.011996, 33.059778 ], [ 117.994846, 33.058538 ], [ 117.993828, 33.046423 ], [ 117.998912, 33.034512 ], [ 118.007646, 33.031898 ], [ 118.019807, 33.040233 ], [ 118.030913, 33.026108 ], [ 118.030336, 33.01916 ], [ 118.021542, 33.008334 ], [ 118.000063, 33.002349 ], [ 117.992017, 33.013121 ], [ 117.980713, 33.015658 ], [ 117.968941, 33.00493 ], [ 117.955606, 33.004792 ], [ 117.943348, 33.017666 ], [ 117.931384, 33.009459 ], [ 117.92947, 33.002127 ], [ 117.907168, 32.98775 ], [ 117.889105, 32.990796 ], [ 117.88048, 33.0041 ], [ 117.874154, 33.00509 ], [ 117.896662, 33.020555 ], [ 117.888136, 33.027542 ], [ 117.881811, 33.047888 ], [ 117.856253, 33.03809 ], [ 117.802059, 33.02959 ], [ 117.78409, 33.045756 ], [ 117.766823, 33.049319 ], [ 117.757751, 33.042204 ], [ 117.736737, 33.006365 ], [ 117.728382, 33.003536 ], [ 117.710546, 33.007396 ], [ 117.69911, 33.000614 ], [ 117.666856, 32.919407 ], [ 117.654083, 32.913302 ], [ 117.639556, 32.91224 ], [ 117.621021, 32.927655 ], [ 117.594503, 32.926528 ], [ 117.554611, 32.960783 ], [ 117.524554, 32.982915 ], [ 117.521249, 32.968158 ], [ 117.524142, 32.941445 ], [ 117.509066, 32.937427 ], [ 117.493201, 32.899234 ], [ 117.50892, 32.889191 ], [ 117.506616, 32.873165 ], [ 117.501384, 32.869776 ], [ 117.495812, 32.873531 ], [ 117.487953, 32.868786 ], [ 117.474068, 32.847446 ], [ 117.460316, 32.839541 ], [ 117.414829, 32.848614 ], [ 117.411757, 32.834167 ], [ 117.354422, 32.841659 ], [ 117.336699, 32.830501 ], [ 117.305477, 32.830883 ], [ 117.303091, 32.824663 ], [ 117.292189, 32.818702 ], [ 117.277495, 32.820506 ], [ 117.278, 32.81272 ], [ 117.272922, 32.807202 ], [ 117.260026, 32.804718 ], [ 117.25046, 32.809231 ], [ 117.240392, 32.803853 ], [ 117.233765, 32.788925 ], [ 117.224044, 32.78537 ], [ 117.230999, 32.779249 ], [ 117.225284, 32.766851 ], [ 117.187887, 32.736564 ], [ 117.17932, 32.736579 ], [ 117.170323, 32.74481 ], [ 117.152041, 32.741174 ], [ 117.145325, 32.752998 ], [ 117.120289, 32.759899 ], [ 117.094828, 32.748197 ], [ 117.079741, 32.750736 ], [ 117.077209, 32.742024 ], [ 117.087117, 32.727822 ], [ 117.068758, 32.716099 ], [ 117.059645, 32.72566 ], [ 117.044315, 32.717742 ], [ 117.037879, 32.72244 ], [ 117.055648, 32.730714 ], [ 117.03694, 32.737994 ], [ 117.025744, 32.75462 ], [ 117.012634, 32.75942 ], [ 116.996099, 32.781197 ], [ 116.95577, 32.793953 ], [ 116.928492, 32.809797 ], [ 116.917467, 32.81044 ], [ 116.914733, 32.82619 ], [ 116.908867, 32.829909 ], [ 116.906055, 32.826883 ], [ 116.890614, 32.83725 ], [ 116.89505, 32.837883 ], [ 116.888688, 32.84823 ], [ 116.883991, 32.849367 ], [ 116.880423, 32.844118 ], [ 116.83479, 32.875675 ], [ 116.834184, 32.890801 ], [ 116.807997, 32.894252 ], [ 116.786301, 32.905828 ], [ 116.779818, 32.921106 ], [ 116.762299, 32.923716 ], [ 116.756315, 32.917153 ], [ 116.753217, 32.925673 ], [ 116.725496, 32.931654 ], [ 116.727234, 32.936666 ], [ 116.743924, 32.946612 ], [ 116.744703, 32.951286 ], [ 116.736536, 32.955119 ], [ 116.734873, 32.969754 ], [ 116.736201, 32.974425 ], [ 116.745204, 32.97625 ], [ 116.751827, 32.990211 ], [ 116.748687, 33.003076 ], [ 116.762465, 33.003828 ], [ 116.771442, 32.998178 ], [ 116.792298, 32.995722 ], [ 116.813366, 33.000646 ], [ 116.806833, 33.029883 ], [ 116.7888, 33.036402 ], [ 116.784314, 33.047698 ], [ 116.76962, 33.046129 ], [ 116.743043, 33.056742 ], [ 116.742837, 33.062224 ], [ 116.747588, 33.080981 ], [ 116.756253, 33.087486 ], [ 116.763775, 33.10623 ], [ 116.761808, 33.115855 ], [ 116.750693, 33.131293 ], [ 116.760592, 33.148606 ], [ 116.764281, 33.147 ], [ 116.788313, 33.174288 ], [ 116.805691, 33.157327 ], [ 116.812959, 33.158998 ], [ 116.819187, 33.175358 ], [ 116.812301, 33.181938 ], [ 116.814361, 33.196516 ], [ 116.823242, 33.207589 ], [ 116.823854, 33.215655 ], [ 116.820028, 33.216374 ], [ 116.815829, 33.233786 ], [ 116.818872, 33.245066 ], [ 116.808025, 33.252012 ], [ 116.801177, 33.276763 ], [ 116.790442, 33.279324 ], [ 116.79626, 33.298247 ], [ 116.802623, 33.305258 ], [ 116.816675, 33.302661 ], [ 116.837126, 33.286593 ], [ 116.859821, 33.281361 ], [ 116.867268, 33.286452 ], [ 116.869544, 33.301435 ], [ 116.886802, 33.299621 ], [ 116.920612, 33.311069 ], [ 116.938655, 33.304596 ], [ 116.942334, 33.29206 ], [ 116.953705, 33.280434 ], [ 116.970049, 33.276703 ], [ 116.980078, 33.275341 ], [ 116.998438, 33.283034 ], [ 117.005335, 33.278 ], [ 117.012566, 33.279729 ], [ 117.009821, 33.292758 ], [ 117.024096, 33.296577 ], [ 117.089888, 33.286351 ], [ 117.094109, 33.312758 ], [ 117.086385, 33.318719 ], [ 117.062105, 33.319633 ], [ 117.05989, 33.327632 ], [ 117.078153, 33.346902 ], [ 117.084895, 33.345829 ], [ 117.091772, 33.357609 ], [ 117.062447, 33.374983 ], [ 117.045768, 33.37295 ], [ 117.061228, 33.400048 ], [ 117.07854, 33.408367 ], [ 117.088159, 33.399801 ], [ 117.10205, 33.397545 ], [ 117.102193, 33.392446 ], [ 117.120029, 33.382055 ], [ 117.127601, 33.388795 ], [ 117.138145, 33.41151 ], [ 117.121456, 33.425047 ], [ 117.122198, 33.435651 ], [ 117.134039, 33.445162 ], [ 117.147236, 33.439568 ], [ 117.155142, 33.458314 ], [ 117.197149, 33.425209 ], [ 117.202347, 33.454539 ], [ 117.219624, 33.450019 ], [ 117.222035, 33.476615 ], [ 117.236803, 33.487533 ], [ 117.237915, 33.500152 ], [ 117.267282, 33.489467 ] ] ] ] } },
{ "type": "Feature", "properties": { "name": "温州市", "gb": "156330300" }, "geometry": { "type": "MultiPolygon", "coordinates": [ [ [ [ 121.081992, 27.470836 ], [ 121.097191, 27.460754 ], [ 121.102695, 27.450585 ], [ 121.106872, 27.447515 ], [ 121.085473, 27.45477 ], [ 121.064855, 27.463494 ], [ 121.058893, 27.464984 ], [ 121.059888, 27.459521 ], [ 121.066491, 27.447542 ], [ 121.04468, 27.461955 ], [ 121.053461, 27.477241 ], [ 121.067893, 27.478415 ], [ 121.081992, 27.470836 ] ] ], [ [ [ 121.200741, 27.620927 ], [ 121.195179, 27.619697 ], [ 121.192023, 27.620589 ], [ 121.197246, 27.62979 ], [ 121.204223, 27.635268 ], [ 121.209554, 27.635148 ], [ 121.21501, 27.634949 ], [ 121.212292, 27.630128 ], [ 121.206119, 27.623444 ], [ 121.200741, 27.620927 ] ] ], [ [ [ 120.981325, 27.659635 ], [ 120.966592, 27.647973 ], [ 120.968214, 27.654862 ], [ 120.965962, 27.667292 ], [ 120.976406, 27.672882 ], [ 120.985203, 27.662843 ], [ 120.981325, 27.659635 ] ] ], [ [ [ 121.187056, 27.86815 ], [ 121.189569, 27.848195 ], [ 121.171639, 27.84149 ], [ 121.172651, 27.816673 ], [ 121.145465, 27.821981 ], [ 121.121825, 27.816392 ], [ 121.08946, 27.820112 ], [ 121.106571, 27.846257 ], [ 121.137344, 27.856629 ], [ 121.152159, 27.853578 ], [ 121.187056, 27.86815 ] ] ], [ [ [ 121.047347, 27.877796 ], [ 121.061311, 27.849157 ], [ 121.030576, 27.849739 ], [ 121.034548, 27.879404 ], [ 121.047347, 27.877796 ] ] ], [ [ [ 121.137822, 27.877527 ], [ 121.108196, 27.868231 ], [ 121.117784, 27.897946 ], [ 121.152831, 27.908682 ], [ 121.137822, 27.877527 ] ] ], [ [ [ 121.121606, 27.94977 ], [ 121.079564, 27.941935 ], [ 121.038349, 27.951755 ], [ 121.03979, 27.966642 ], [ 121.074602, 27.987554 ], [ 121.112606, 27.986718 ], [ 121.138867, 27.963085 ], [ 121.121606, 27.94977 ] ] ], [ [ [ 121.211418, 27.992719 ], [ 121.179583, 27.975899 ], [ 121.175229, 27.992783 ], [ 121.193918, 28.002021 ], [ 121.211418, 27.992719 ] ] ], [ [ [ 121.202187, 28.334093 ], [ 121.185357, 28.322398 ], [ 121.173611, 28.346586 ], [ 121.198484, 28.363562 ], [ 121.202187, 28.334093 ] ] ], [ [ [ 120.702752, 28.614376 ], [ 120.725002, 28.60665 ], [ 120.743174, 28.613966 ], [ 120.753356, 28.60812 ], [ 120.753502, 28.595033 ], [ 120.765812, 28.596834 ], [ 120.788467, 28.585716 ], [ 120.794755, 28.591592 ], [ 120.795373, 28.577546 ], [ 120.822344, 28.569402 ], [ 120.82529, 28.558571 ], [ 120.838116, 28.548569 ], [ 120.828467, 28.533177 ], [ 120.82865, 28.5258 ], [ 120.842762, 28.516873 ], [ 120.850609, 28.518661 ], [ 120.864787, 28.494865 ], [ 120.88147, 28.493177 ], [ 120.889556, 28.487402 ], [ 120.906962, 28.492612 ], [ 120.925041, 28.508991 ], [ 120.950208, 28.502378 ], [ 120.949772, 28.511646 ], [ 120.956206, 28.515091 ], [ 120.958628, 28.510034 ], [ 120.953595, 28.497608 ], [ 120.961597, 28.486205 ], [ 120.983069, 28.484875 ], [ 120.996277, 28.475706 ], [ 121.000237, 28.482981 ], [ 121.066394, 28.483358 ], [ 121.072809, 28.486289 ], [ 121.073144, 28.496762 ], [ 121.086925, 28.508189 ], [ 121.083957, 28.520516 ], [ 121.10226, 28.541349 ], [ 121.1179, 28.534793 ], [ 121.125437, 28.524764 ], [ 121.151197, 28.524975 ], [ 121.168231, 28.508393 ], [ 121.167894, 28.498676 ], [ 121.176446, 28.481632 ], [ 121.190827, 28.476413 ], [ 121.190438, 28.469993 ], [ 121.201696, 28.460082 ], [ 121.212432, 28.441313 ], [ 121.221861, 28.440814 ], [ 121.217881, 28.425437 ], [ 121.232348, 28.425929 ], [ 121.253786, 28.411146 ], [ 121.241502, 28.388762 ], [ 121.224987, 28.387893 ], [ 121.218454, 28.376224 ], [ 121.207779, 28.3738 ], [ 121.205314, 28.376901 ], [ 121.204338, 28.373386 ], [ 121.203097, 28.389488 ], [ 121.170236, 28.387526 ], [ 121.184399, 28.357814 ], [ 121.146918, 28.342406 ], [ 121.147887, 28.325221 ], [ 121.117813, 28.2753 ], [ 121.13157, 28.244489 ], [ 121.119616, 28.206421 ], [ 121.097602, 28.17728 ], [ 121.09179, 28.146072 ], [ 121.074463, 28.153344 ], [ 121.063353, 28.140217 ], [ 121.023939, 28.111383 ], [ 121.006733, 28.090874 ], [ 121.011391, 28.037176 ], [ 120.997491, 28.008596 ], [ 120.96688, 27.983958 ], [ 120.941239, 27.973569 ], [ 120.971513, 27.940135 ], [ 120.940323, 27.903431 ], [ 120.894939, 27.942241 ], [ 120.887485, 27.939867 ], [ 120.867703, 27.932085 ], [ 120.912339, 27.89042 ], [ 120.911721, 27.879576 ], [ 120.831326, 27.76875 ], [ 120.801454, 27.781984 ], [ 120.774857, 27.801523 ], [ 120.763566, 27.790428 ], [ 120.737883, 27.73931 ], [ 120.745663, 27.721706 ], [ 120.721307, 27.707975 ], [ 120.699097, 27.711858 ], [ 120.686007, 27.67199 ], [ 120.672254, 27.621199 ], [ 120.647911, 27.591135 ], [ 120.628759, 27.584124 ], [ 120.600888, 27.590141 ], [ 120.609471, 27.574869 ], [ 120.63836, 27.556623 ], [ 120.663557, 27.500763 ], [ 120.665618, 27.499955 ], [ 120.666815, 27.499082 ], [ 120.665219, 27.495176 ], [ 120.663786, 27.493236 ], [ 120.679807, 27.465542 ], [ 120.653202, 27.449395 ], [ 120.638488, 27.405572 ], [ 120.649478, 27.395795 ], [ 120.648164, 27.371738 ], [ 120.629178, 27.364317 ], [ 120.620207, 27.380753 ], [ 120.583743, 27.383929 ], [ 120.5762, 27.395278 ], [ 120.547248, 27.406423 ], [ 120.539782, 27.387859 ], [ 120.555883, 27.370899 ], [ 120.531966, 27.358311 ], [ 120.525369, 27.326184 ], [ 120.555532, 27.309712 ], [ 120.548751, 27.283885 ], [ 120.524869, 27.263665 ], [ 120.532968, 27.244732 ], [ 120.508975, 27.207696 ], [ 120.474753, 27.167389 ], [ 120.462312, 27.177217 ], [ 120.466423, 27.19721 ], [ 120.453933, 27.222854 ], [ 120.430943, 27.213877 ], [ 120.423117, 27.186306 ], [ 120.433013, 27.17361 ], [ 120.407478, 27.202866 ], [ 120.410652, 27.226585 ], [ 120.400101, 27.244719 ], [ 120.40194, 27.252565 ], [ 120.421883, 27.256683 ], [ 120.422493, 27.262436 ], [ 120.403687, 27.281075 ], [ 120.397812, 27.297474 ], [ 120.352364, 27.34696 ], [ 120.344452, 27.370886 ], [ 120.34655, 27.39596 ], [ 120.337654, 27.400808 ], [ 120.324074, 27.398432 ], [ 120.31755, 27.409992 ], [ 120.296776, 27.398268 ], [ 120.273926, 27.395672 ], [ 120.261955, 27.408482 ], [ 120.256637, 27.431086 ], [ 120.249313, 27.434818 ], [ 120.173172, 27.42223 ], [ 120.153496, 27.425432 ], [ 120.134529, 27.42222 ], [ 120.122307, 27.401033 ], [ 120.103912, 27.396225 ], [ 120.096809, 27.384342 ], [ 120.057831, 27.354687 ], [ 120.031898, 27.3444 ], [ 120.023285, 27.348091 ], [ 120.0, 27.382803 ], [ 119.965485, 27.371658 ], [ 119.939751, 27.346968 ], [ 119.934364, 27.334505 ], [ 119.936714, 27.317841 ], [ 119.928336, 27.317492 ], [ 119.904556, 27.319023 ], [ 119.871284, 27.305782 ], [ 119.862282, 27.309147 ], [ 119.865875, 27.31848 ], [ 119.845993, 27.324186 ], [ 119.833832, 27.321003 ], [ 119.838615, 27.307819 ], [ 119.833374, 27.304029 ], [ 119.809517, 27.305227 ], [ 119.794838, 27.313341 ], [ 119.765205, 27.309834 ], [ 119.76667, 27.326328 ], [ 119.773834, 27.32526 ], [ 119.777351, 27.332073 ], [ 119.737953, 27.367783 ], [ 119.743653, 27.37937 ], [ 119.737701, 27.381309 ], [ 119.734862, 27.391068 ], [ 119.72924, 27.398487 ], [ 119.70816, 27.408102 ], [ 119.699166, 27.428253 ], [ 119.685928, 27.433344 ], [ 119.681435, 27.442453 ], [ 119.695068, 27.448994 ], [ 119.702568, 27.460545 ], [ 119.704208, 27.494019 ], [ 119.700478, 27.51911 ], [ 119.685104, 27.541685 ], [ 119.663025, 27.538857 ], [ 119.659798, 27.543005 ], [ 119.662636, 27.571165 ], [ 119.625046, 27.596592 ], [ 119.622383, 27.622843 ], [ 119.642006, 27.636282 ], [ 119.638512, 27.668068 ], [ 119.633641, 27.67349 ], [ 119.652443, 27.69566 ], [ 119.645948, 27.700069 ], [ 119.643126, 27.715428 ], [ 119.674163, 27.736411 ], [ 119.679101, 27.751645 ], [ 119.71472, 27.762355 ], [ 119.742687, 27.783999 ], [ 119.758281, 27.802236 ], [ 119.767155, 27.797158 ], [ 119.780571, 27.799005 ], [ 119.780327, 27.865522 ], [ 119.796413, 27.891633 ], [ 119.791864, 27.902447 ], [ 119.782198, 27.903111 ], [ 119.783643, 27.913689 ], [ 119.80075, 27.928838 ], [ 119.817384, 27.916841 ], [ 119.830666, 27.914231 ], [ 119.832987, 27.92394 ], [ 119.846588, 27.938476 ], [ 119.825588, 27.956051 ], [ 119.842148, 27.96468 ], [ 119.850525, 27.965793 ], [ 119.859276, 27.960757 ], [ 119.867116, 27.974761 ], [ 119.869793, 27.971133 ], [ 119.873394, 27.974613 ], [ 119.886886, 27.956081 ], [ 119.902776, 27.957635 ], [ 119.931297, 27.974513 ], [ 119.958996, 27.978241 ], [ 119.964401, 27.967397 ], [ 119.957395, 27.951604 ], [ 119.963495, 27.94235 ], [ 119.989854, 27.942926 ], [ 120.000499, 27.946086 ], [ 120.002434, 27.952582 ], [ 120.011522, 27.943428 ], [ 120.021717, 27.942023 ], [ 120.040897, 27.953989 ], [ 120.062298, 27.954819 ], [ 120.065077, 27.9611 ], [ 120.060226, 27.965754 ], [ 120.065746, 27.974488 ], [ 120.074699, 27.977093 ], [ 120.072867, 27.971345 ], [ 120.08165, 27.970002 ], [ 120.102181, 27.98701 ], [ 120.133934, 27.978461 ], [ 120.159711, 27.985526 ], [ 120.174052, 27.97317 ], [ 120.168991, 27.963206 ], [ 120.174358, 27.9554 ], [ 120.196846, 27.939554 ], [ 120.226237, 27.934216 ], [ 120.237519, 27.938928 ], [ 120.247752, 27.969935 ], [ 120.254388, 27.970331 ], [ 120.25312, 27.965029 ], [ 120.260903, 27.960683 ], [ 120.27168, 27.960889 ], [ 120.288273, 27.981421 ], [ 120.318301, 27.982833 ], [ 120.3236, 27.979051 ], [ 120.324932, 27.97101 ], [ 120.334851, 27.975096 ], [ 120.345655, 27.986725 ], [ 120.343966, 27.991527 ], [ 120.330502, 27.993195 ], [ 120.329499, 27.997028 ], [ 120.343855, 28.028094 ], [ 120.345182, 28.03696 ], [ 120.339745, 28.043666 ], [ 120.342284, 28.052845 ], [ 120.363417, 28.05495 ], [ 120.372569, 28.060288 ], [ 120.353841, 28.091077 ], [ 120.354497, 28.098844 ], [ 120.360334, 28.098722 ], [ 120.363651, 28.090491 ], [ 120.376259, 28.098758 ], [ 120.385656, 28.096992 ], [ 120.393496, 28.101626 ], [ 120.407435, 28.117611 ], [ 120.407917, 28.123231 ], [ 120.402241, 28.134564 ], [ 120.380086, 28.148232 ], [ 120.389208, 28.155313 ], [ 120.414254, 28.158521 ], [ 120.41668, 28.164823 ], [ 120.408997, 28.180432 ], [ 120.426859, 28.190029 ], [ 120.421843, 28.199812 ], [ 120.414551, 28.201976 ], [ 120.409021, 28.218459 ], [ 120.399267, 28.222544 ], [ 120.417706, 28.221613 ], [ 120.433098, 28.237444 ], [ 120.432463, 28.24535 ], [ 120.429652, 28.249751 ], [ 120.419058, 28.251859 ], [ 120.422133, 28.270688 ], [ 120.410561, 28.30569 ], [ 120.390231, 28.318859 ], [ 120.373198, 28.32066 ], [ 120.368035, 28.328203 ], [ 120.343032, 28.335589 ], [ 120.356193, 28.34797 ], [ 120.357704, 28.359159 ], [ 120.352442, 28.368694 ], [ 120.330283, 28.374511 ], [ 120.330525, 28.387327 ], [ 120.340515, 28.395263 ], [ 120.329111, 28.402879 ], [ 120.328511, 28.413392 ], [ 120.334505, 28.415351 ], [ 120.333731, 28.430477 ], [ 120.33931, 28.434762 ], [ 120.361019, 28.428162 ], [ 120.364029, 28.418938 ], [ 120.372465, 28.414489 ], [ 120.377009, 28.440015 ], [ 120.367638, 28.449249 ], [ 120.367774, 28.454056 ], [ 120.377199, 28.46275 ], [ 120.383175, 28.482724 ], [ 120.385563, 28.475259 ], [ 120.394679, 28.467994 ], [ 120.396957, 28.477365 ], [ 120.415003, 28.494852 ], [ 120.409015, 28.508092 ], [ 120.41806, 28.525064 ], [ 120.417798, 28.536317 ], [ 120.425518, 28.536956 ], [ 120.427923, 28.542116 ], [ 120.430276, 28.558271 ], [ 120.425334, 28.564126 ], [ 120.425798, 28.571686 ], [ 120.444301, 28.586922 ], [ 120.465278, 28.589828 ], [ 120.480064, 28.587158 ], [ 120.489162, 28.581883 ], [ 120.496021, 28.570807 ], [ 120.494324, 28.566846 ], [ 120.501852, 28.560948 ], [ 120.509037, 28.562144 ], [ 120.53555, 28.548247 ], [ 120.544759, 28.536588 ], [ 120.559165, 28.534999 ], [ 120.621458, 28.538108 ], [ 120.623586, 28.55035 ], [ 120.617404, 28.560487 ], [ 120.626814, 28.567487 ], [ 120.637616, 28.562399 ], [ 120.644992, 28.567088 ], [ 120.635629, 28.582032 ], [ 120.649989, 28.588779 ], [ 120.664785, 28.583007 ], [ 120.691421, 28.590182 ], [ 120.702752, 28.614376 ] ] ] ] } },
{ "type": "Feature", "properties": { "name": "苏州市", "gb": "156320500" }, "geometry": { "type": "MultiPolygon", "coordinates": [ [ [ [ 120.552583, 32.011318 ], [ 120.579965, 32.005146 ], [ 120.645213, 32.006138 ], [ 120.732971, 32.008461 ], [ 120.772177, 32.006926 ], [ 120.783342, 32.001138 ], [ 120.884639, 31.828278 ], [ 120.899039, 31.81596 ], [ 120.91793, 31.808144 ], [ 120.996967, 31.78702 ], [ 121.029574, 31.785708 ], [ 121.070926, 31.781008 ], [ 121.098747, 31.765061 ], [ 121.098499, 31.760625 ], [ 121.234139, 31.670788 ], [ 121.258118, 31.652081 ], [ 121.313949, 31.585772 ], [ 121.364998, 31.559324 ], [ 121.382355, 31.545032 ], [ 121.335267, 31.508766 ], [ 121.332901, 31.50695 ], [ 121.320999, 31.502085 ], [ 121.303818, 31.510864 ], [ 121.298551, 31.498998 ], [ 121.290001, 31.490805 ], [ 121.249443, 31.477226 ], [ 121.23291, 31.490833 ], [ 121.191132, 31.473993 ], [ 121.178047, 31.448889 ], [ 121.14885, 31.440832 ], [ 121.164833, 31.427912 ], [ 121.146683, 31.418058 ], [ 121.153984, 31.408136 ], [ 121.141342, 31.38648 ], [ 121.111893, 31.378639 ], [ 121.106354, 31.360598 ], [ 121.114319, 31.347023 ], [ 121.12986, 31.346718 ], [ 121.133957, 31.328686 ], [ 121.125732, 31.326645 ], [ 121.117104, 31.312891 ], [ 121.124321, 31.305494 ], [ 121.145554, 31.302572 ], [ 121.145463, 31.285577 ], [ 121.141457, 31.281584 ], [ 121.109184, 31.27895 ], [ 121.078987, 31.285772 ], [ 121.058838, 31.265526 ], [ 121.060249, 31.210009 ], [ 121.072105, 31.161409 ], [ 121.043762, 31.154497 ], [ 121.046684, 31.139877 ], [ 121.010307, 31.141247 ], [ 120.975639, 31.13232 ], [ 120.958771, 31.140837 ], [ 120.880409, 31.136251 ], [ 120.858162, 31.109486 ], [ 120.895622, 31.085688 ], [ 120.890869, 31.040564 ], [ 120.895416, 31.033108 ], [ 120.895119, 31.011978 ], [ 120.839073, 30.984076 ], [ 120.832802, 30.98781 ], [ 120.821106, 31.008158 ], [ 120.804252, 31.009308 ], [ 120.775459, 31.001864 ], [ 120.76738, 30.99682 ], [ 120.761864, 30.980596 ], [ 120.739273, 30.965622 ], [ 120.725807, 30.971693 ], [ 120.70153, 30.972935 ], [ 120.682541, 30.954409 ], [ 120.703331, 30.936213 ], [ 120.70668, 30.924107 ], [ 120.705208, 30.90073 ], [ 120.672707, 30.885685 ], [ 120.658638, 30.863935 ], [ 120.647156, 30.857868 ], [ 120.636581, 30.862619 ], [ 120.581482, 30.859053 ], [ 120.526549, 30.798015 ], [ 120.507065, 30.767185 ], [ 120.495483, 30.7711 ], [ 120.483604, 30.77648 ], [ 120.4701, 30.796068 ], [ 120.467926, 30.806471 ], [ 120.451897, 30.820917 ], [ 120.457001, 30.845642 ], [ 120.443337, 30.854187 ], [ 120.43956, 30.861652 ], [ 120.43914, 30.871973 ], [ 120.447395, 30.87842 ], [ 120.435287, 30.894133 ], [ 120.433502, 30.917959 ], [ 120.422783, 30.932335 ], [ 120.416351, 30.93306 ], [ 120.411316, 30.926022 ], [ 120.415787, 30.901812 ], [ 120.411453, 30.897089 ], [ 120.359253, 30.889761 ], [ 120.353613, 30.894373 ], [ 120.359673, 30.93708 ], [ 120.369284, 30.952931 ], [ 120.305603, 30.935093 ], [ 120.241875, 30.929483 ], [ 120.173447, 30.937414 ], [ 120.150825, 30.936314 ], [ 120.1019, 30.963211 ], [ 120.048874, 31.007517 ], [ 119.991982, 31.026543 ], [ 119.979202, 31.043333 ], [ 119.977402, 31.060867 ], [ 119.965836, 31.069797 ], [ 119.954888, 31.091347 ], [ 119.942436, 31.104212 ], [ 119.937286, 31.1352 ], [ 119.917092, 31.159147 ], [ 119.91399, 31.171341 ], [ 120.000788, 31.251171 ], [ 120.103896, 31.282577 ], [ 120.130095, 31.294849 ], [ 120.206164, 31.339484 ], [ 120.313584, 31.400069 ], [ 120.401083, 31.443708 ], [ 120.417962, 31.450775 ], [ 120.455503, 31.447393 ], [ 120.491555, 31.451169 ], [ 120.497042, 31.459389 ], [ 120.517286, 31.470124 ], [ 120.526521, 31.468789 ], [ 120.546841, 31.477817 ], [ 120.547907, 31.486039 ], [ 120.539167, 31.489796 ], [ 120.549708, 31.509899 ], [ 120.574507, 31.507263 ], [ 120.579305, 31.527206 ], [ 120.587252, 31.533153 ], [ 120.590619, 31.518139 ], [ 120.600012, 31.523189 ], [ 120.599206, 31.548186 ], [ 120.595376, 31.550369 ], [ 120.590979, 31.57718 ], [ 120.57824, 31.587597 ], [ 120.565367, 31.587818 ], [ 120.565441, 31.579733 ], [ 120.555576, 31.576354 ], [ 120.540914, 31.579135 ], [ 120.539275, 31.607509 ], [ 120.554112, 31.602859 ], [ 120.572907, 31.616342 ], [ 120.587714, 31.613669 ], [ 120.594807, 31.617968 ], [ 120.586702, 31.628316 ], [ 120.59315, 31.646876 ], [ 120.588336, 31.654131 ], [ 120.561892, 31.658133 ], [ 120.556082, 31.655303 ], [ 120.552074, 31.658505 ], [ 120.564633, 31.663528 ], [ 120.559758, 31.683364 ], [ 120.596724, 31.709228 ], [ 120.587857, 31.717121 ], [ 120.579368, 31.716861 ], [ 120.574022, 31.729073 ], [ 120.583005, 31.738926 ], [ 120.59072, 31.740568 ], [ 120.595597, 31.746723 ], [ 120.591464, 31.761722 ], [ 120.579942, 31.784908 ], [ 120.570512, 31.793232 ], [ 120.551086, 31.796111 ], [ 120.529528, 31.790294 ], [ 120.518864, 31.800482 ], [ 120.517098, 31.812417 ], [ 120.524795, 31.814878 ], [ 120.525707, 31.832046 ], [ 120.505616, 31.846864 ], [ 120.498642, 31.843388 ], [ 120.49788, 31.852356 ], [ 120.485448, 31.875159 ], [ 120.472787, 31.879991 ], [ 120.469398, 31.876887 ], [ 120.462252, 31.878872 ], [ 120.460006, 31.892147 ], [ 120.438358, 31.890922 ], [ 120.438486, 31.895517 ], [ 120.397809, 31.909054 ], [ 120.386228, 31.908881 ], [ 120.374517, 31.915511 ], [ 120.386779, 31.931632 ], [ 120.368293, 31.946211 ], [ 120.367272, 31.995932 ], [ 120.403085, 32.021951 ], [ 120.458067, 32.046972 ], [ 120.501779, 32.046437 ], [ 120.51779, 32.029877 ], [ 120.552583, 32.011318 ] ] ] ] } },
{ "type": "Feature", "properties": { "name": "阜阳市", "gb": "156341200" }, "geometry": { "type": "MultiPolygon", "coordinates": [ [ [ [ 115.63195, 33.586838 ], [ 115.64583, 33.54622 ], [ 115.673814, 33.508334 ], [ 115.715034, 33.512533 ], [ 115.763654, 33.492712 ], [ 115.780914, 33.48279 ], [ 115.790533, 33.470343 ], [ 115.808111, 33.466506 ], [ 115.828041, 33.453506 ], [ 115.843387, 33.452643 ], [ 115.886761, 33.410529 ], [ 115.887031, 33.404867 ], [ 115.893061, 33.401504 ], [ 115.889937, 33.368264 ], [ 115.904288, 33.345522 ], [ 115.921338, 33.313559 ], [ 115.922011, 33.302482 ], [ 115.907112, 33.295369 ], [ 115.90995, 33.264672 ], [ 115.903358, 33.264527 ], [ 115.903211, 33.252104 ], [ 115.90478, 33.245447 ], [ 115.912569, 33.244122 ], [ 115.920691, 33.230892 ], [ 115.912231, 33.221032 ], [ 115.906334, 33.222021 ], [ 115.877664, 33.247887 ], [ 115.830208, 33.264766 ], [ 115.828462, 33.20915 ], [ 115.848528, 33.202134 ], [ 115.845223, 33.191482 ], [ 115.828168, 33.180532 ], [ 115.827789, 33.174265 ], [ 115.817076, 33.162592 ], [ 115.820114, 33.156385 ], [ 115.831657, 33.158697 ], [ 115.845223, 33.155153 ], [ 115.845881, 33.138079 ], [ 115.832161, 33.137188 ], [ 115.838768, 33.126064 ], [ 115.873481, 33.126551 ], [ 115.861684, 33.099156 ], [ 115.886036, 33.092608 ], [ 115.894905, 33.096855 ], [ 115.907773, 33.088531 ], [ 115.920311, 33.09165 ], [ 115.928282, 33.100849 ], [ 115.930097, 33.087017 ], [ 115.95875, 33.084923 ], [ 115.962259, 33.069201 ], [ 115.967898, 33.068797 ], [ 115.970178, 33.075272 ], [ 115.976677, 33.076992 ], [ 115.986114, 33.064195 ], [ 116.012464, 33.06001 ], [ 116.013225, 33.05319 ], [ 116.004636, 33.049455 ], [ 116.007203, 33.044621 ], [ 116.035411, 33.050983 ], [ 116.046341, 33.048896 ], [ 116.051518, 33.019841 ], [ 116.05871, 33.00936 ], [ 116.048375, 33.004871 ], [ 116.04283, 32.997232 ], [ 116.062304, 32.98601 ], [ 116.074857, 32.989148 ], [ 116.115695, 32.985625 ], [ 116.119239, 32.985133 ], [ 116.119578, 32.978353 ], [ 116.125302, 32.98023 ], [ 116.125141, 32.987955 ], [ 116.129423, 32.987809 ], [ 116.160534, 32.970802 ], [ 116.163855, 32.965422 ], [ 116.161603, 32.942998 ], [ 116.197734, 32.89567 ], [ 116.246863, 32.888512 ], [ 116.237537, 32.869964 ], [ 116.258466, 32.87089 ], [ 116.258352, 32.86608 ], [ 116.265703, 32.862232 ], [ 116.286421, 32.857898 ], [ 116.344363, 32.878097 ], [ 116.356128, 32.886127 ], [ 116.356672, 32.895392 ], [ 116.364241, 32.900502 ], [ 116.385643, 32.89365 ], [ 116.387961, 32.891156 ], [ 116.383423, 32.883934 ], [ 116.376681, 32.880742 ], [ 116.378157, 32.855326 ], [ 116.405197, 32.848266 ], [ 116.417982, 32.856548 ], [ 116.436354, 32.846843 ], [ 116.439045, 32.833468 ], [ 116.435052, 32.825511 ], [ 116.435514, 32.803536 ], [ 116.444142, 32.788338 ], [ 116.441411, 32.77794 ], [ 116.437457, 32.778142 ], [ 116.443209, 32.758193 ], [ 116.442895, 32.754727 ], [ 116.435862, 32.753255 ], [ 116.437642, 32.738359 ], [ 116.45099, 32.729173 ], [ 116.450426, 32.715782 ], [ 116.438023, 32.711212 ], [ 116.437517, 32.70374 ], [ 116.455036, 32.682825 ], [ 116.471482, 32.682412 ], [ 116.477785, 32.67827 ], [ 116.490891, 32.685035 ], [ 116.512888, 32.663428 ], [ 116.518963, 32.6635 ], [ 116.530462, 32.638096 ], [ 116.536019, 32.605268 ], [ 116.551739, 32.601903 ], [ 116.550274, 32.586925 ], [ 116.589903, 32.593583 ], [ 116.618105, 32.584272 ], [ 116.625982, 32.576716 ], [ 116.629081, 32.556877 ], [ 116.606616, 32.547791 ], [ 116.568071, 32.54696 ], [ 116.554853, 32.541794 ], [ 116.520493, 32.505912 ], [ 116.525235, 32.49021 ], [ 116.514973, 32.482893 ], [ 116.51095, 32.463205 ], [ 116.502548, 32.45947 ], [ 116.490271, 32.467814 ], [ 116.483596, 32.443817 ], [ 116.473394, 32.440155 ], [ 116.43416, 32.452159 ], [ 116.405811, 32.444469 ], [ 116.393148, 32.447201 ], [ 116.347445, 32.48076 ], [ 116.324674, 32.520508 ], [ 116.299682, 32.525563 ], [ 116.263955, 32.520794 ], [ 116.262334, 32.498111 ], [ 116.240815, 32.482945 ], [ 116.247805, 32.464186 ], [ 116.246001, 32.458458 ], [ 116.240277, 32.458382 ], [ 116.234221, 32.467793 ], [ 116.222169, 32.46276 ], [ 116.20847, 32.465156 ], [ 116.205586, 32.450196 ], [ 116.185135, 32.455024 ], [ 116.177621, 32.431868 ], [ 116.17087, 32.428057 ], [ 116.165011, 32.441203 ], [ 116.146567, 32.441658 ], [ 116.141268, 32.460393 ], [ 116.117519, 32.47343 ], [ 116.089068, 32.540824 ], [ 116.034148, 32.556347 ], [ 116.020374, 32.591425 ], [ 116.006017, 32.601365 ], [ 115.979502, 32.608599 ], [ 115.956971, 32.603017 ], [ 115.946917, 32.587097 ], [ 115.927532, 32.571016 ], [ 115.919518, 32.571156 ], [ 115.903999, 32.581482 ], [ 115.88958, 32.579624 ], [ 115.856178, 32.540142 ], [ 115.829315, 32.52697 ], [ 115.831406, 32.509949 ], [ 115.827476, 32.503578 ], [ 115.813354, 32.502392 ], [ 115.77388, 32.46764 ], [ 115.772156, 32.497955 ], [ 115.75872, 32.506348 ], [ 115.746666, 32.478458 ], [ 115.719582, 32.480091 ], [ 115.692169, 32.497326 ], [ 115.685387, 32.496929 ], [ 115.679573, 32.488026 ], [ 115.689675, 32.473705 ], [ 115.679573, 32.468285 ], [ 115.665199, 32.467499 ], [ 115.670364, 32.44817 ], [ 115.654724, 32.412498 ], [ 115.648476, 32.411407 ], [ 115.644913, 32.428883 ], [ 115.6362, 32.425514 ], [ 115.623283, 32.411163 ], [ 115.608971, 32.414269 ], [ 115.591488, 32.427434 ], [ 115.577438, 32.426922 ], [ 115.558518, 32.40802 ], [ 115.544937, 32.404915 ], [ 115.545769, 32.411621 ], [ 115.55838, 32.420204 ], [ 115.539207, 32.423409 ], [ 115.52787, 32.441444 ], [ 115.508461, 32.447632 ], [ 115.497482, 32.487015 ], [ 115.47744, 32.504456 ], [ 115.470947, 32.521515 ], [ 115.45546, 32.520077 ], [ 115.427734, 32.532997 ], [ 115.435295, 32.547382 ], [ 115.402283, 32.552547 ], [ 115.401573, 32.576206 ], [ 115.327316, 32.564549 ], [ 115.309982, 32.566776 ], [ 115.309883, 32.554565 ], [ 115.297402, 32.553951 ], [ 115.290184, 32.565929 ], [ 115.296722, 32.587566 ], [ 115.282547, 32.583565 ], [ 115.276477, 32.589847 ], [ 115.272919, 32.593529 ], [ 115.260826, 32.591339 ], [ 115.247704, 32.595364 ], [ 115.191528, 32.590481 ], [ 115.181725, 32.597172 ], [ 115.179197, 32.605617 ], [ 115.196655, 32.613953 ], [ 115.192657, 32.619495 ], [ 115.180748, 32.62212 ], [ 115.189537, 32.629395 ], [ 115.184509, 32.639542 ], [ 115.188942, 32.645702 ], [ 115.202446, 32.640533 ], [ 115.20652, 32.660473 ], [ 115.195068, 32.65736 ], [ 115.191978, 32.670013 ], [ 115.176163, 32.666447 ], [ 115.173653, 32.686752 ], [ 115.177276, 32.774448 ], [ 115.174171, 32.793217 ], [ 115.177643, 32.796249 ], [ 115.198089, 32.792191 ], [ 115.1819, 32.813751 ], [ 115.186035, 32.824135 ], [ 115.177856, 32.838467 ], [ 115.194641, 32.841469 ], [ 115.191345, 32.856792 ], [ 115.156959, 32.863396 ], [ 115.138275, 32.885826 ], [ 115.133911, 32.899525 ], [ 115.124847, 32.903976 ], [ 115.099388, 32.898998 ], [ 115.066506, 32.910412 ], [ 115.025482, 32.908615 ], [ 115.01857, 32.91378 ], [ 115.031761, 32.919727 ], [ 115.029907, 32.929794 ], [ 114.999153, 32.942375 ], [ 114.933998, 32.936478 ], [ 114.927948, 32.939129 ], [ 114.919075, 32.95779 ], [ 114.907394, 32.969496 ], [ 114.885498, 32.973736 ], [ 114.875145, 32.985489 ], [ 114.878197, 32.994492 ], [ 114.887558, 33.001308 ], [ 114.889137, 33.01487 ], [ 114.924103, 33.021664 ], [ 114.911636, 33.042103 ], [ 114.90551, 33.070908 ], [ 114.89462, 33.081588 ], [ 114.889824, 33.088535 ], [ 114.898651, 33.129761 ], [ 114.921028, 33.140694 ], [ 114.92878, 33.158951 ], [ 114.956123, 33.155739 ], [ 114.973375, 33.144737 ], [ 114.96431, 33.132011 ], [ 114.982002, 33.121521 ], [ 114.983368, 33.109611 ], [ 114.989777, 33.103519 ], [ 115.012268, 33.097233 ], [ 115.025826, 33.088272 ], [ 115.039024, 33.09491 ], [ 115.055023, 33.086441 ], [ 115.10659, 33.083576 ], [ 115.150345, 33.089058 ], [ 115.157898, 33.092846 ], [ 115.16832, 33.115944 ], [ 115.178818, 33.122295 ], [ 115.22419, 33.130299 ], [ 115.241179, 33.139835 ], [ 115.255531, 33.130749 ], [ 115.287025, 33.137615 ], [ 115.286781, 33.178448 ], [ 115.292602, 33.201702 ], [ 115.321564, 33.228485 ], [ 115.334969, 33.270424 ], [ 115.333069, 33.298847 ], [ 115.339653, 33.311787 ], [ 115.353706, 33.320232 ], [ 115.357918, 33.328781 ], [ 115.356651, 33.33794 ], [ 115.343857, 33.34993 ], [ 115.336624, 33.37117 ], [ 115.31031, 33.374714 ], [ 115.310913, 33.385963 ], [ 115.32682, 33.397881 ], [ 115.310276, 33.426447 ], [ 115.30851, 33.440079 ], [ 115.313812, 33.4491 ], [ 115.339966, 33.455189 ], [ 115.344368, 33.468555 ], [ 115.339592, 33.504055 ], [ 115.357926, 33.519672 ], [ 115.367462, 33.522037 ], [ 115.392547, 33.50555 ], [ 115.403221, 33.528523 ], [ 115.407524, 33.559216 ], [ 115.452049, 33.570942 ], [ 115.462356, 33.561848 ], [ 115.481087, 33.555885 ], [ 115.551697, 33.559376 ], [ 115.569504, 33.579567 ], [ 115.63195, 33.586838 ] ] ] ] } },
{ "type": "Feature", "properties": { "name": "宁波市", "gb": "156330200" }, "geometry": { "type": "MultiPolygon", "coordinates": [ [ [ [ 122.23644, 28.857529 ], [ 122.229172, 28.856657 ], [ 122.225489, 28.860327 ], [ 122.227565, 28.864721 ], [ 122.236883, 28.866172 ], [ 122.238597, 28.864194 ], [ 122.23644, 28.857529 ] ] ], [ [ [ 122.255927, 28.882188 ], [ 122.248563, 28.881108 ], [ 122.247524, 28.883019 ], [ 122.253974, 28.883705 ], [ 122.25643, 28.885554 ], [ 122.256131, 28.890214 ], [ 122.256171, 28.891418 ], [ 122.260234, 28.889442 ], [ 122.26295, 28.887223 ], [ 122.262592, 28.883663 ], [ 122.255927, 28.882188 ] ] ], [ [ [ 121.830827, 29.059313 ], [ 121.818781, 29.055206 ], [ 121.788162, 29.081829 ], [ 121.788779, 29.099915 ], [ 121.816583, 29.10137 ], [ 121.827883, 29.095702 ], [ 121.830827, 29.059313 ] ] ], [ [ [ 121.972939, 29.136549 ], [ 121.981969, 29.108297 ], [ 121.960973, 29.099854 ], [ 121.961189, 29.074969 ], [ 121.952096, 29.054818 ], [ 121.932297, 29.061846 ], [ 121.925038, 29.078237 ], [ 121.907429, 29.080154 ], [ 121.889592, 29.111187 ], [ 121.878766, 29.120793 ], [ 121.871225, 29.090974 ], [ 121.835086, 29.094227 ], [ 121.828526, 29.10596 ], [ 121.791201, 29.116608 ], [ 121.774927, 29.141056 ], [ 121.79665, 29.149694 ], [ 121.834582, 29.140827 ], [ 121.863551, 29.144336 ], [ 121.869907, 29.136297 ], [ 121.873124, 29.146607 ], [ 121.920214, 29.168549 ], [ 121.939572, 29.184803 ], [ 121.973274, 29.157449 ], [ 121.972939, 29.136549 ] ] ], [ [ [ 121.975936, 29.17032 ], [ 121.966291, 29.168837 ], [ 121.948548, 29.188806 ], [ 121.972268, 29.194489 ], [ 121.966807, 29.183615 ], [ 121.975936, 29.17032 ] ] ], [ [ [ 122.063302, 29.169459 ], [ 122.027648, 29.156769 ], [ 122.015231, 29.168484 ], [ 122.032211, 29.188232 ], [ 122.033847, 29.209985 ], [ 122.044719, 29.198033 ], [ 122.039795, 29.181842 ], [ 122.063302, 29.169459 ] ] ], [ [ [ 122.221358, 29.437237 ], [ 122.221682, 29.432446 ], [ 122.217604, 29.432758 ], [ 122.207995, 29.432376 ], [ 122.20165, 29.426574 ], [ 122.197559, 29.420667 ], [ 122.191209, 29.416884 ], [ 122.183014, 29.416941 ], [ 122.179113, 29.412388 ], [ 122.178275, 29.407667 ], [ 122.182266, 29.403119 ], [ 122.174784, 29.402224 ], [ 122.169865, 29.404085 ], [ 122.174372, 29.407599 ], [ 122.175249, 29.413401 ], [ 122.17531, 29.416657 ], [ 122.174411, 29.421611 ], [ 122.17652, 29.425847 ], [ 122.181974, 29.425341 ], [ 122.188418, 29.427986 ], [ 122.192332, 29.42664 ], [ 122.196714, 29.433774 ], [ 122.195115, 29.438134 ], [ 122.2029, 29.440629 ], [ 122.21083, 29.44158 ], [ 122.221358, 29.437237 ] ] ], [ [ [ 121.993695, 29.903045 ], [ 121.944414, 29.8936 ], [ 121.922168, 29.930229 ], [ 121.965227, 29.957095 ], [ 121.997734, 29.919529 ], [ 121.993695, 29.903045 ] ] ], [ [ [ 121.362288, 30.342129 ], [ 121.438882, 30.295013 ], [ 121.4645, 30.275001 ], [ 121.482038, 30.248659 ], [ 121.517895, 30.219516 ], [ 121.549509, 30.170532 ], [ 121.618957, 30.069562 ], [ 121.629624, 30.055645 ], [ 121.649875, 30.068391 ], [ 121.677875, 30.016364 ], [ 121.674878, 30.001158 ], [ 121.730881, 29.977422 ], [ 121.757352, 29.976535 ], [ 121.804729, 29.960671 ], [ 121.819168, 29.948624 ], [ 121.881562, 29.927258 ], [ 121.914795, 29.921185 ], [ 121.935705, 29.890537 ], [ 121.993853, 29.889439 ], [ 122.026211, 29.893835 ], [ 122.058028, 29.887447 ], [ 122.076752, 29.890431 ], [ 122.117463, 29.907786 ], [ 122.133478, 29.90027 ], [ 122.138096, 29.881178 ], [ 122.058757, 29.84518 ], [ 122.02345, 29.823686 ], [ 122.025258, 29.792815 ], [ 121.997042, 29.766873 ], [ 121.928653, 29.751267 ], [ 121.905615, 29.752431 ], [ 121.889108, 29.740732 ], [ 121.885999, 29.716967 ], [ 121.865536, 29.697865 ], [ 121.80047, 29.669516 ], [ 121.77554, 29.652013 ], [ 121.758023, 29.629674 ], [ 121.745643, 29.607899 ], [ 121.715256, 29.588216 ], [ 121.698629, 29.560987 ], [ 121.681318, 29.562457 ], [ 121.643635, 29.546439 ], [ 121.616851, 29.550082 ], [ 121.611398, 29.535423 ], [ 121.584929, 29.520495 ], [ 121.552643, 29.529432 ], [ 121.526246, 29.507869 ], [ 121.517007, 29.528152 ], [ 121.455349, 29.513635 ], [ 121.461377, 29.498746 ], [ 121.439518, 29.475128 ], [ 121.445874, 29.439615 ], [ 121.442581, 29.414569 ], [ 121.468501, 29.42164 ], [ 121.475606, 29.466255 ], [ 121.509983, 29.491265 ], [ 121.529009, 29.468623 ], [ 121.51347, 29.419947 ], [ 121.487742, 29.411368 ], [ 121.494808, 29.397163 ], [ 121.513882, 29.40148 ], [ 121.545173, 29.44119 ], [ 121.543497, 29.452398 ], [ 121.569119, 29.471949 ], [ 121.599047, 29.485203 ], [ 121.622807, 29.488755 ], [ 121.657138, 29.505162 ], [ 121.689491, 29.529785 ], [ 121.724728, 29.541306 ], [ 121.746919, 29.528625 ], [ 121.762973, 29.536675 ], [ 121.759459, 29.501263 ], [ 121.77229, 29.469396 ], [ 121.801728, 29.475167 ], [ 121.818813, 29.495989 ], [ 121.830009, 29.531359 ], [ 121.825937, 29.547328 ], [ 121.798003, 29.549055 ], [ 121.742806, 29.545014 ], [ 121.747717, 29.559767 ], [ 121.775657, 29.575126 ], [ 121.794457, 29.605346 ], [ 121.81872, 29.613257 ], [ 121.875198, 29.616234 ], [ 121.928699, 29.643221 ], [ 121.955561, 29.633223 ], [ 121.975732, 29.614298 ], [ 121.979288, 29.545117 ], [ 121.955562, 29.511539 ], [ 121.955998, 29.477379 ], [ 121.975874, 29.467941 ], [ 121.962207, 29.420456 ], [ 121.925224, 29.385966 ], [ 121.923711, 29.355138 ], [ 121.941436, 29.338487 ], [ 121.928062, 29.322858 ], [ 121.924969, 29.285842 ], [ 121.951632, 29.284611 ], [ 121.966788, 29.263885 ], [ 121.933836, 29.195556 ], [ 121.908218, 29.189756 ], [ 121.876062, 29.167657 ], [ 121.845621, 29.160621 ], [ 121.805133, 29.159515 ], [ 121.781708, 29.174112 ], [ 121.783388, 29.1957 ], [ 121.797621, 29.250177 ], [ 121.796749, 29.271826 ], [ 121.801993, 29.301756 ], [ 121.819114, 29.310514 ], [ 121.820803, 29.330501 ], [ 121.797896, 29.333069 ], [ 121.805623, 29.371264 ], [ 121.773247, 29.363566 ], [ 121.788117, 29.346344 ], [ 121.779744, 29.298369 ], [ 121.781863, 29.27588 ], [ 121.775735, 29.239549 ], [ 121.761592, 29.208458 ], [ 121.756266, 29.161211 ], [ 121.747484, 29.150472 ], [ 121.704955, 29.132382 ], [ 121.662772, 29.165574 ], [ 121.627057, 29.18795 ], [ 121.603073, 29.232468 ], [ 121.600169, 29.266772 ], [ 121.574461, 29.256677 ], [ 121.581873, 29.229673 ], [ 121.534015, 29.222626 ], [ 121.52496, 29.188231 ], [ 121.543809, 29.173961 ], [ 121.532436, 29.161273 ], [ 121.541519, 29.144884 ], [ 121.497876, 29.153704 ], [ 121.484821, 29.167916 ], [ 121.465792, 29.154286 ], [ 121.452578, 29.167728 ], [ 121.43713, 29.162635 ], [ 121.400044, 29.160141 ], [ 121.396585, 29.164016 ], [ 121.4001, 29.181002 ], [ 121.375443, 29.203275 ], [ 121.351333, 29.189371 ], [ 121.349799, 29.181966 ], [ 121.361477, 29.17994 ], [ 121.344613, 29.160161 ], [ 121.339804, 29.146059 ], [ 121.344647, 29.137526 ], [ 121.313271, 29.109398 ], [ 121.306178, 29.108011 ], [ 121.305831, 29.118396 ], [ 121.29662, 29.116077 ], [ 121.290786, 29.096201 ], [ 121.282922, 29.093519 ], [ 121.265142, 29.104161 ], [ 121.265063, 29.11338 ], [ 121.252292, 29.117862 ], [ 121.249939, 29.121292 ], [ 121.258309, 29.1545 ], [ 121.228989, 29.182431 ], [ 121.229412, 29.198074 ], [ 121.222481, 29.201765 ], [ 121.217433, 29.212153 ], [ 121.171988, 29.207472 ], [ 121.162252, 29.211326 ], [ 121.167907, 29.235693 ], [ 121.161661, 29.253376 ], [ 121.163284, 29.264947 ], [ 121.17147, 29.265025 ], [ 121.174153, 29.270696 ], [ 121.171285, 29.276286 ], [ 121.173982, 29.292888 ], [ 121.195182, 29.308797 ], [ 121.195454, 29.316985 ], [ 121.185468, 29.314477 ], [ 121.183367, 29.319074 ], [ 121.189119, 29.325432 ], [ 121.19248, 29.326151 ], [ 121.191097, 29.342806 ], [ 121.22062, 29.361921 ], [ 121.224232, 29.373939 ], [ 121.22402, 29.408874 ], [ 121.224648, 29.41567 ], [ 121.21136, 29.420391 ], [ 121.211057, 29.432103 ], [ 121.204793, 29.439811 ], [ 121.22056, 29.448636 ], [ 121.209648, 29.455577 ], [ 121.211491, 29.477288 ], [ 121.223818, 29.491812 ], [ 121.216476, 29.498411 ], [ 121.217221, 29.507004 ], [ 121.226468, 29.521486 ], [ 121.21825, 29.531652 ], [ 121.192267, 29.540043 ], [ 121.168116, 29.538839 ], [ 121.149193, 29.545786 ], [ 121.140603, 29.543637 ], [ 121.127358, 29.557807 ], [ 121.116189, 29.550427 ], [ 121.109135, 29.554355 ], [ 121.108878, 29.568037 ], [ 121.116075, 29.577315 ], [ 121.112094, 29.585672 ], [ 121.099543, 29.589047 ], [ 121.110014, 29.603812 ], [ 121.10868, 29.616251 ], [ 121.099899, 29.629106 ], [ 121.070589, 29.638039 ], [ 121.070057, 29.66741 ], [ 121.059887, 29.674333 ], [ 121.056278, 29.701159 ], [ 121.051972, 29.701718 ], [ 121.029183, 29.66368 ], [ 121.020933, 29.674123 ], [ 121.006768, 29.671587 ], [ 120.986568, 29.678284 ], [ 120.985293, 29.684185 ], [ 120.990111, 29.690707 ], [ 120.996667, 29.685451 ], [ 121.013606, 29.683522 ], [ 121.018149, 29.69447 ], [ 121.006381, 29.703889 ], [ 121.005981, 29.71297 ], [ 121.016578, 29.719563 ], [ 121.03485, 29.718983 ], [ 121.02298, 29.726955 ], [ 121.014531, 29.723982 ], [ 121.006082, 29.736977 ], [ 121.011331, 29.746943 ], [ 121.031116, 29.747196 ], [ 121.019522, 29.767842 ], [ 121.029762, 29.770888 ], [ 121.048808, 29.763545 ], [ 121.063311, 29.768737 ], [ 121.103342, 29.80496 ], [ 121.091599, 29.81554 ], [ 121.092418, 29.822909 ], [ 121.099951, 29.82823 ], [ 121.100241, 29.843782 ], [ 121.069934, 29.851164 ], [ 121.064261, 29.856721 ], [ 121.055103, 29.85339 ], [ 121.035407, 29.866938 ], [ 121.022833, 29.884543 ], [ 121.01431, 29.887779 ], [ 121.00992, 29.900839 ], [ 121.013818, 29.909623 ], [ 121.021901, 29.908032 ], [ 121.028863, 29.914109 ], [ 121.026711, 29.918575 ], [ 121.04353, 29.957612 ], [ 121.046869, 29.96133 ], [ 121.057403, 29.96026 ], [ 121.079737, 29.973051 ], [ 121.087896, 29.989684 ], [ 121.063779, 30.007651 ], [ 121.03361, 30.00119 ], [ 121.030249, 30.006405 ], [ 121.033773, 30.018092 ], [ 121.011953, 30.01436 ], [ 120.985877, 30.030276 ], [ 120.983006, 30.046717 ], [ 120.98758, 30.063559 ], [ 120.972204, 30.072527 ], [ 120.960832, 30.094394 ], [ 120.955086, 30.097108 ], [ 120.950127, 30.093936 ], [ 120.94037, 30.099069 ], [ 120.937939, 30.108913 ], [ 120.926636, 30.120253 ], [ 120.932008, 30.127184 ], [ 120.923869, 30.167047 ], [ 120.891293, 30.264987 ], [ 120.933961, 30.279469 ], [ 120.999621, 30.320239 ], [ 121.048855, 30.291771 ], [ 121.073772, 30.26901 ], [ 121.091868, 30.280359 ], [ 121.072897, 30.311998 ], [ 121.144972, 30.365981 ], [ 121.160339, 30.33001 ], [ 121.181169, 30.336664 ], [ 121.175345, 30.361813 ], [ 121.265724, 30.36933 ], [ 121.270975, 30.404436 ], [ 121.333926, 30.383138 ], [ 121.373916, 30.358406 ], [ 121.362288, 30.342129 ] ] ] ] } },
{ "type": "Feature", "properties": { "name": "常州市", "gb": "156320400" }, "geometry": { "type": "MultiPolygon", "coordinates": [ [ [ [ 119.192391, 31.371438 ], [ 119.192441, 31.369287 ], [ 119.191163, 31.369419 ], [ 119.192391, 31.371438 ] ] ], [ [ [ 119.839884, 32.061775 ], [ 119.856663, 32.055849 ], [ 119.865797, 32.06107 ], [ 119.871169, 32.046841 ], [ 119.878453, 32.041354 ], [ 119.884355, 32.049113 ], [ 119.893245, 32.048832 ], [ 119.89109, 32.04215 ], [ 119.900197, 32.019538 ], [ 119.912064, 32.006344 ], [ 119.940411, 32.005507 ], [ 119.969338, 32.01763 ], [ 120.013485, 31.969902 ], [ 120.004175, 31.953587 ], [ 120.001815, 31.938215 ], [ 120.014334, 31.918103 ], [ 119.998666, 31.909871 ], [ 119.993929, 31.896687 ], [ 120.010121, 31.88446 ], [ 120.008367, 31.873 ], [ 119.999472, 31.862247 ], [ 119.985485, 31.856629 ], [ 119.996351, 31.842722 ], [ 120.001276, 31.827033 ], [ 120.018446, 31.830841 ], [ 120.029551, 31.824515 ], [ 120.037348, 31.825387 ], [ 120.080356, 31.855118 ], [ 120.119908, 31.862149 ], [ 120.140234, 31.859773 ], [ 120.150861, 31.870802 ], [ 120.169143, 31.871762 ], [ 120.180648, 31.863128 ], [ 120.176787, 31.853194 ], [ 120.158492, 31.834044 ], [ 120.174295, 31.813942 ], [ 120.168753, 31.805678 ], [ 120.162303, 31.806509 ], [ 120.16588, 31.804638 ], [ 120.17661, 31.795971 ], [ 120.198048, 31.764681 ], [ 120.198549, 31.75435 ], [ 120.178032, 31.75309 ], [ 120.159492, 31.763879 ], [ 120.151134, 31.759504 ], [ 120.154266, 31.722723 ], [ 120.138131, 31.695308 ], [ 120.148101, 31.685602 ], [ 120.139556, 31.677533 ], [ 120.120398, 31.686221 ], [ 120.120569, 31.66866 ], [ 120.124831, 31.66192 ], [ 120.112339, 31.63301 ], [ 120.069423, 31.608046 ], [ 120.054568, 31.574362 ], [ 120.051277, 31.565153 ], [ 120.054106, 31.56063 ], [ 120.0636, 31.554787 ], [ 120.074877, 31.556365 ], [ 120.092594, 31.550485 ], [ 120.097998, 31.542244 ], [ 120.098323, 31.514884 ], [ 120.102651, 31.513646 ], [ 120.11086, 31.520996 ], [ 120.125077, 31.506495 ], [ 120.102608, 31.480128 ], [ 120.101176, 31.471098 ], [ 120.10518, 31.463169 ], [ 120.073239, 31.451809 ], [ 120.050832, 31.438398 ], [ 120.037808, 31.406419 ], [ 120.03392, 31.369333 ], [ 120.037925, 31.362005 ], [ 120.08846, 31.353617 ], [ 120.093191, 31.336314 ], [ 120.079443, 31.334333 ], [ 120.041476, 31.344744 ], [ 120.024837, 31.355025 ], [ 120.018215, 31.366154 ], [ 120.015938, 31.383848 ], [ 120.032699, 31.428725 ], [ 120.033017, 31.452508 ], [ 120.041424, 31.482753 ], [ 120.042074, 31.492232 ], [ 120.032449, 31.500091 ], [ 120.019409, 31.501811 ], [ 120.01102, 31.508779 ], [ 119.988456, 31.503346 ], [ 119.972643, 31.5152 ], [ 119.971962, 31.526441 ], [ 119.962435, 31.540616 ], [ 119.940827, 31.544251 ], [ 119.933839, 31.558181 ], [ 119.891799, 31.548684 ], [ 119.878599, 31.553535 ], [ 119.863254, 31.551703 ], [ 119.83922, 31.529063 ], [ 119.728639, 31.565081 ], [ 119.710179, 31.557964 ], [ 119.693792, 31.579946 ], [ 119.682861, 31.605711 ], [ 119.667178, 31.612646 ], [ 119.657826, 31.613391 ], [ 119.637108, 31.606101 ], [ 119.639242, 31.578338 ], [ 119.619797, 31.561749 ], [ 119.610186, 31.5643 ], [ 119.588918, 31.534597 ], [ 119.57751, 31.504944 ], [ 119.570239, 31.509394 ], [ 119.562587, 31.506687 ], [ 119.569026, 31.482109 ], [ 119.560224, 31.470195 ], [ 119.565504, 31.463905 ], [ 119.586767, 31.466018 ], [ 119.585088, 31.442884 ], [ 119.574101, 31.433321 ], [ 119.549972, 31.436196 ], [ 119.551061, 31.417253 ], [ 119.548003, 31.413065 ], [ 119.542231, 31.415447 ], [ 119.532047, 31.411127 ], [ 119.532262, 31.404884 ], [ 119.538466, 31.400959 ], [ 119.536716, 31.391799 ], [ 119.521759, 31.367226 ], [ 119.527682, 31.335989 ], [ 119.514575, 31.315056 ], [ 119.520679, 31.30097 ], [ 119.528282, 31.296728 ], [ 119.527967, 31.262354 ], [ 119.522817, 31.240637 ], [ 119.535073, 31.226427 ], [ 119.544709, 31.227457 ], [ 119.549485, 31.221856 ], [ 119.549061, 31.180867 ], [ 119.536717, 31.175461 ], [ 119.529899, 31.164911 ], [ 119.514298, 31.167578 ], [ 119.472549, 31.158417 ], [ 119.429214, 31.18729 ], [ 119.419021, 31.181614 ], [ 119.406494, 31.185114 ], [ 119.385628, 31.18178 ], [ 119.384598, 31.187054 ], [ 119.399094, 31.197525 ], [ 119.4002, 31.203249 ], [ 119.372627, 31.19582 ], [ 119.365715, 31.20158 ], [ 119.359101, 31.210777 ], [ 119.359734, 31.226585 ], [ 119.380585, 31.267961 ], [ 119.355393, 31.300388 ], [ 119.350304, 31.300182 ], [ 119.339091, 31.270827 ], [ 119.331903, 31.263776 ], [ 119.310783, 31.266214 ], [ 119.271942, 31.253773 ], [ 119.254883, 31.263922 ], [ 119.241447, 31.251596 ], [ 119.228653, 31.258291 ], [ 119.214287, 31.273237 ], [ 119.194763, 31.273535 ], [ 119.192978, 31.290953 ], [ 119.181834, 31.303685 ], [ 119.18763, 31.311035 ], [ 119.192967, 31.33234 ], [ 119.212804, 31.350864 ], [ 119.213005, 31.357054 ], [ 119.203825, 31.357906 ], [ 119.186527, 31.380637 ], [ 119.167493, 31.383629 ], [ 119.161684, 31.436597 ], [ 119.157014, 31.442821 ], [ 119.150019, 31.44102 ], [ 119.137649, 31.446286 ], [ 119.135578, 31.454129 ], [ 119.145166, 31.461706 ], [ 119.151461, 31.48246 ], [ 119.141718, 31.488454 ], [ 119.149904, 31.496058 ], [ 119.179714, 31.503289 ], [ 119.192875, 31.523596 ], [ 119.193662, 31.532804 ], [ 119.173346, 31.530524 ], [ 119.180049, 31.552477 ], [ 119.192068, 31.553089 ], [ 119.209337, 31.571635 ], [ 119.213105, 31.580643 ], [ 119.210745, 31.587424 ], [ 119.231978, 31.623176 ], [ 119.230297, 31.627166 ], [ 119.254971, 31.634763 ], [ 119.292494, 31.655861 ], [ 119.316774, 31.685692 ], [ 119.323578, 31.707648 ], [ 119.314725, 31.718078 ], [ 119.31763, 31.723434 ], [ 119.323459, 31.722528 ], [ 119.324455, 31.730302 ], [ 119.320801, 31.734349 ], [ 119.311511, 31.731451 ], [ 119.301132, 31.737313 ], [ 119.303741, 31.744712 ], [ 119.297389, 31.761099 ], [ 119.302237, 31.778211 ], [ 119.313035, 31.788027 ], [ 119.314116, 31.798579 ], [ 119.30822, 31.801663 ], [ 119.309801, 31.815258 ], [ 119.321704, 31.834015 ], [ 119.323304, 31.849255 ], [ 119.334592, 31.859792 ], [ 119.354285, 31.85931 ], [ 119.36986, 31.848522 ], [ 119.383933, 31.847972 ], [ 119.394177, 31.835361 ], [ 119.414261, 31.831897 ], [ 119.422529, 31.835108 ], [ 119.427567, 31.828689 ], [ 119.435852, 31.828294 ], [ 119.437726, 31.8316 ], [ 119.429898, 31.837056 ], [ 119.42535, 31.84849 ], [ 119.410489, 31.85688 ], [ 119.421072, 31.869128 ], [ 119.417687, 31.873625 ], [ 119.448152, 31.888983 ], [ 119.455659, 31.886028 ], [ 119.46323, 31.873619 ], [ 119.470539, 31.87396 ], [ 119.501287, 31.855636 ], [ 119.553567, 31.859579 ], [ 119.574225, 31.847733 ], [ 119.584118, 31.850838 ], [ 119.586327, 31.840545 ], [ 119.601382, 31.823283 ], [ 119.59672, 31.817736 ], [ 119.598974, 31.809822 ], [ 119.609233, 31.798741 ], [ 119.619421, 31.799388 ], [ 119.623307, 31.805353 ], [ 119.629745, 31.80408 ], [ 119.633094, 31.797159 ], [ 119.639208, 31.800234 ], [ 119.643746, 31.796003 ], [ 119.640449, 31.792832 ], [ 119.642987, 31.784845 ], [ 119.650347, 31.776284 ], [ 119.684448, 31.771044 ], [ 119.690448, 31.756628 ], [ 119.702028, 31.752258 ], [ 119.704958, 31.740468 ], [ 119.729371, 31.732045 ], [ 119.739093, 31.732702 ], [ 119.729252, 31.742998 ], [ 119.733521, 31.764107 ], [ 119.735203, 31.773374 ], [ 119.753415, 31.787934 ], [ 119.760071, 31.809469 ], [ 119.784664, 31.809927 ], [ 119.780815, 31.82085 ], [ 119.79471, 31.834146 ], [ 119.805704, 31.854275 ], [ 119.780473, 31.855112 ], [ 119.765445, 31.850097 ], [ 119.758164, 31.8622 ], [ 119.759698, 31.87472 ], [ 119.748338, 31.888483 ], [ 119.749336, 31.891866 ], [ 119.754467, 31.889107 ], [ 119.758795, 31.891957 ], [ 119.767541, 31.903727 ], [ 119.778557, 31.904667 ], [ 119.777092, 31.922886 ], [ 119.784888, 31.931159 ], [ 119.772443, 31.947068 ], [ 119.765437, 31.94882 ], [ 119.763112, 31.956726 ], [ 119.774912, 31.995659 ], [ 119.775007, 32.019492 ], [ 119.784203, 32.041169 ], [ 119.794733, 32.057318 ], [ 119.82741, 32.054157 ], [ 119.839884, 32.061775 ] ] ] ] } },
{ "type": "Feature", "properties": { "name": "宿州市", "gb": "156341300" }, "geometry": { "type": "MultiPolygon", "coordinates": [ [ [ [ 116.423965, 34.631943 ], [ 116.428528, 34.626171 ], [ 116.452103, 34.623527 ], [ 116.462921, 34.614628 ], [ 116.470139, 34.614628 ], [ 116.474342, 34.593105 ], [ 116.491844, 34.59124 ], [ 116.491676, 34.588173 ], [ 116.48156, 34.586369 ], [ 116.48156, 34.576992 ], [ 116.489739, 34.569294 ], [ 116.517876, 34.557751 ], [ 116.509941, 34.547409 ], [ 116.542404, 34.547169 ], [ 116.575821, 34.517902 ], [ 116.589439, 34.515335 ], [ 116.590424, 34.508427 ], [ 116.582725, 34.499939 ], [ 116.557457, 34.499344 ], [ 116.561607, 34.490265 ], [ 116.572464, 34.487106 ], [ 116.583321, 34.492435 ], [ 116.624701, 34.486428 ], [ 116.71032, 34.476601 ], [ 116.756378, 34.463699 ], [ 116.767426, 34.45792 ], [ 116.773048, 34.434059 ], [ 116.808955, 34.404651 ], [ 116.823044, 34.390011 ], [ 116.829514, 34.402187 ], [ 116.845604, 34.404522 ], [ 116.846382, 34.398556 ], [ 116.857277, 34.398815 ], [ 116.864799, 34.412048 ], [ 116.899566, 34.410751 ], [ 116.95607, 34.393814 ], [ 116.946014, 34.370014 ], [ 116.972465, 34.363026 ], [ 116.973144, 34.349274 ], [ 116.970818, 34.338287 ], [ 116.958732, 34.320953 ], [ 116.961693, 34.313141 ], [ 116.971153, 34.312275 ], [ 116.96077, 34.304466 ], [ 116.959938, 34.289974 ], [ 116.96917, 34.276501 ], [ 116.990578, 34.271885 ], [ 116.992615, 34.26284 ], [ 117.003319, 34.266716 ], [ 117.010521, 34.263763 ], [ 117.010147, 34.251762 ], [ 117.016022, 34.246582 ], [ 117.023346, 34.25428 ], [ 117.030407, 34.233013 ], [ 117.028694, 34.223596 ], [ 117.01992, 34.216529 ], [ 117.01023, 34.216239 ], [ 117.003383, 34.221027 ], [ 117.002968, 34.234449 ], [ 116.989589, 34.223928 ], [ 116.984529, 34.210177 ], [ 116.98639, 34.196741 ], [ 116.97513, 34.194462 ], [ 116.97094, 34.183522 ], [ 116.972979, 34.177817 ], [ 116.986397, 34.173522 ], [ 116.986067, 34.166729 ], [ 116.977561, 34.154905 ], [ 116.973492, 34.156 ], [ 116.977128, 34.167714 ], [ 116.970827, 34.169139 ], [ 116.966892, 34.155344 ], [ 116.975391, 34.140832 ], [ 116.998087, 34.145753 ], [ 117.000881, 34.156957 ], [ 117.019134, 34.156814 ], [ 117.028258, 34.163665 ], [ 117.030884, 34.171135 ], [ 117.036774, 34.161602 ], [ 117.054985, 34.158035 ], [ 117.064263, 34.149239 ], [ 117.09198, 34.152588 ], [ 117.088043, 34.140381 ], [ 117.116394, 34.133057 ], [ 117.125412, 34.123478 ], [ 117.122971, 34.118034 ], [ 117.109634, 34.117657 ], [ 117.108887, 34.1124 ], [ 117.116211, 34.107891 ], [ 117.144188, 34.107704 ], [ 117.143262, 34.099383 ], [ 117.142311, 34.089111 ], [ 117.147385, 34.086105 ], [ 117.164665, 34.088924 ], [ 117.168602, 34.081787 ], [ 117.18663, 34.070179 ], [ 117.214813, 34.072231 ], [ 117.218094, 34.068737 ], [ 117.237061, 34.079628 ], [ 117.262596, 34.085636 ], [ 117.274429, 34.085827 ], [ 117.298653, 34.07587 ], [ 117.309547, 34.089394 ], [ 117.345986, 34.097469 ], [ 117.365509, 34.080566 ], [ 117.365509, 34.074745 ], [ 117.359688, 34.069485 ], [ 117.361572, 34.065731 ], [ 117.375839, 34.063477 ], [ 117.383919, 34.057091 ], [ 117.386925, 34.038689 ], [ 117.393898, 34.036341 ], [ 117.404427, 34.02824 ], [ 117.42453, 34.028397 ], [ 117.470932, 34.04887 ], [ 117.494652, 34.053593 ], [ 117.499123, 34.062977 ], [ 117.508646, 34.062353 ], [ 117.537819, 34.040096 ], [ 117.539032, 34.015087 ], [ 117.553558, 33.998947 ], [ 117.552742, 33.989162 ], [ 117.560082, 33.986309 ], [ 117.578842, 33.99691 ], [ 117.580879, 34.004658 ], [ 117.602898, 34.009144 ], [ 117.600449, 34.019337 ], [ 117.604119, 34.027492 ], [ 117.597191, 34.038502 ], [ 117.601265, 34.0438 ], [ 117.617577, 34.044617 ], [ 117.619209, 34.032791 ], [ 117.648155, 34.017296 ], [ 117.659577, 34.002617 ], [ 117.661209, 33.998539 ], [ 117.651421, 33.984676 ], [ 117.651825, 33.970814 ], [ 117.664062, 33.956539 ], [ 117.660393, 33.944717 ], [ 117.68486, 33.926365 ], [ 117.690155, 33.902309 ], [ 117.711365, 33.890892 ], [ 117.712585, 33.897007 ], [ 117.720329, 33.902309 ], [ 117.74276, 33.901901 ], [ 117.748062, 33.896599 ], [ 117.746025, 33.87458 ], [ 117.740311, 33.863163 ], [ 117.742355, 33.856232 ], [ 117.73175, 33.836658 ], [ 117.739494, 33.814232 ], [ 117.724815, 33.791397 ], [ 117.727669, 33.778755 ], [ 117.722374, 33.764893 ], [ 117.708305, 33.759388 ], [ 117.71348, 33.750396 ], [ 117.7258, 33.728981 ], [ 117.750084, 33.719273 ], [ 117.792274, 33.739117 ], [ 117.808991, 33.736141 ], [ 117.848915, 33.73835 ], [ 117.881966, 33.729572 ], [ 117.910774, 33.736603 ], [ 117.934318, 33.731377 ], [ 117.946205, 33.738167 ], [ 117.949967, 33.755116 ], [ 117.959221, 33.764515 ], [ 117.969368, 33.750839 ], [ 118.03347, 33.751251 ], [ 118.078415, 33.767746 ], [ 118.111626, 33.764473 ], [ 118.124863, 33.754177 ], [ 118.14183, 33.750465 ], [ 118.163028, 33.750839 ], [ 118.176087, 33.745091 ], [ 118.178696, 33.735657 ], [ 118.167099, 33.730953 ], [ 118.153396, 33.732918 ], [ 118.146431, 33.725414 ], [ 118.161636, 33.713795 ], [ 118.157379, 33.703281 ], [ 118.157112, 33.664738 ], [ 118.106758, 33.617405 ], [ 118.112061, 33.58638 ], [ 118.104973, 33.565178 ], [ 118.0998, 33.520565 ], [ 118.104942, 33.482895 ], [ 118.073898, 33.492092 ], [ 118.051384, 33.495094 ], [ 118.046844, 33.491142 ], [ 118.030434, 33.470177 ], [ 118.014877, 33.429237 ], [ 118.014122, 33.412266 ], [ 118.021789, 33.390865 ], [ 118.019142, 33.375515 ], [ 117.998909, 33.352741 ], [ 117.961716, 33.35075 ], [ 117.960571, 33.346401 ], [ 117.972086, 33.335594 ], [ 117.949376, 33.32917 ], [ 117.92097, 33.331681 ], [ 117.915003, 33.333488 ], [ 117.907945, 33.344231 ], [ 117.898488, 33.34187 ], [ 117.885141, 33.328347 ], [ 117.856626, 33.328646 ], [ 117.8508, 33.320467 ], [ 117.846406, 33.297736 ], [ 117.81122, 33.30014 ], [ 117.808394, 33.303454 ], [ 117.806722, 33.283776 ], [ 117.798407, 33.275616 ], [ 117.771206, 33.283153 ], [ 117.754976, 33.277313 ], [ 117.73043, 33.276089 ], [ 117.689997, 33.292782 ], [ 117.678697, 33.30777 ], [ 117.670106, 33.309381 ], [ 117.66171, 33.328628 ], [ 117.643684, 33.330716 ], [ 117.63734, 33.336022 ], [ 117.625717, 33.343477 ], [ 117.607634, 33.340733 ], [ 117.579985, 33.324387 ], [ 117.551657, 33.331933 ], [ 117.544641, 33.327658 ], [ 117.50052, 33.347567 ], [ 117.4821, 33.346237 ], [ 117.46375, 33.353534 ], [ 117.427676, 33.375845 ], [ 117.421669, 33.401078 ], [ 117.407351, 33.40824 ], [ 117.392708, 33.427533 ], [ 117.395595, 33.44308 ], [ 117.385574, 33.458486 ], [ 117.350121, 33.472241 ], [ 117.317162, 33.474875 ], [ 117.306459, 33.492761 ], [ 117.292884, 33.494777 ], [ 117.273935, 33.496554 ], [ 117.272522, 33.489404 ], [ 117.267282, 33.489467 ], [ 117.237915, 33.500152 ], [ 117.236803, 33.487533 ], [ 117.222035, 33.476615 ], [ 117.219624, 33.450019 ], [ 117.202347, 33.454539 ], [ 117.197149, 33.425209 ], [ 117.155142, 33.458314 ], [ 117.147236, 33.439568 ], [ 117.134039, 33.445162 ], [ 117.122198, 33.435651 ], [ 117.121456, 33.425047 ], [ 117.138145, 33.41151 ], [ 117.127601, 33.388795 ], [ 117.120029, 33.382055 ], [ 117.102193, 33.392446 ], [ 117.10205, 33.397545 ], [ 117.088159, 33.399801 ], [ 117.07854, 33.408367 ], [ 117.061228, 33.400048 ], [ 117.045768, 33.37295 ], [ 117.062447, 33.374983 ], [ 117.091772, 33.357609 ], [ 117.084895, 33.345829 ], [ 117.078153, 33.346902 ], [ 117.05989, 33.327632 ], [ 117.062105, 33.319633 ], [ 117.086385, 33.318719 ], [ 117.094109, 33.312758 ], [ 117.089888, 33.286351 ], [ 117.024096, 33.296577 ], [ 117.009821, 33.292758 ], [ 117.012566, 33.279729 ], [ 117.005335, 33.278 ], [ 116.998438, 33.283034 ], [ 116.980078, 33.275341 ], [ 116.970049, 33.276703 ], [ 116.953705, 33.280434 ], [ 116.942334, 33.29206 ], [ 116.938655, 33.304596 ], [ 116.920612, 33.311069 ], [ 116.925861, 33.311974 ], [ 116.928081, 33.320355 ], [ 116.926681, 33.325298 ], [ 116.914469, 33.330205 ], [ 116.921973, 33.360744 ], [ 116.933677, 33.365534 ], [ 116.930652, 33.368377 ], [ 116.934928, 33.379185 ], [ 116.949179, 33.379821 ], [ 116.964222, 33.391944 ], [ 116.959759, 33.416817 ], [ 116.965827, 33.429211 ], [ 116.954705, 33.453601 ], [ 116.944701, 33.45604 ], [ 116.941844, 33.452066 ], [ 116.930474, 33.456005 ], [ 116.92196, 33.476038 ], [ 116.909379, 33.473849 ], [ 116.899856, 33.483877 ], [ 116.909799, 33.494175 ], [ 116.899283, 33.508082 ], [ 116.907274, 33.538568 ], [ 116.918959, 33.546483 ], [ 116.930877, 33.581813 ], [ 116.893662, 33.573387 ], [ 116.886748, 33.579337 ], [ 116.889743, 33.588294 ], [ 116.871099, 33.59041 ], [ 116.861991, 33.596754 ], [ 116.867093, 33.613798 ], [ 116.855971, 33.618863 ], [ 116.856393, 33.631819 ], [ 116.872351, 33.63132 ], [ 116.873807, 33.635962 ], [ 116.873018, 33.655857 ], [ 116.864546, 33.66645 ], [ 116.871631, 33.675246 ], [ 116.880016, 33.674588 ], [ 116.885606, 33.687653 ], [ 116.89356, 33.692936 ], [ 116.895117, 33.680003 ], [ 116.923313, 33.672269 ], [ 116.927305, 33.675831 ], [ 116.922171, 33.694218 ], [ 116.923329, 33.70226 ], [ 116.931014, 33.707027 ], [ 116.932303, 33.713365 ], [ 116.923544, 33.745638 ], [ 116.927474, 33.750157 ], [ 116.945176, 33.74588 ], [ 116.937663, 33.757031 ], [ 116.935758, 33.774271 ], [ 116.942883, 33.783997 ], [ 116.944964, 33.833493 ], [ 116.951303, 33.849262 ], [ 116.955484, 33.890579 ], [ 116.959733, 33.895394 ], [ 116.983328, 33.901194 ], [ 116.991582, 33.915686 ], [ 116.984833, 33.929653 ], [ 116.993749, 33.939053 ], [ 116.986534, 33.961919 ], [ 116.965676, 33.962942 ], [ 116.952264, 33.969573 ], [ 116.970962, 33.992944 ], [ 116.972257, 34.007794 ], [ 116.967297, 34.011168 ], [ 116.962708, 34.028054 ], [ 116.943021, 34.034412 ], [ 116.939973, 34.049497 ], [ 116.960895, 34.067424 ], [ 116.966222, 34.081599 ], [ 116.922577, 34.082495 ], [ 116.918057, 34.097748 ], [ 116.908506, 34.101221 ], [ 116.90306, 34.101749 ], [ 116.90478, 34.098598 ], [ 116.878564, 34.078761 ], [ 116.860297, 34.077357 ], [ 116.852952, 34.08226 ], [ 116.843362, 34.081687 ], [ 116.83743, 34.068175 ], [ 116.822574, 34.062114 ], [ 116.811102, 34.075298 ], [ 116.814917, 34.087386 ], [ 116.806965, 34.082984 ], [ 116.797188, 34.033966 ], [ 116.80356, 34.002971 ], [ 116.796831, 33.994837 ], [ 116.788723, 34.006213 ], [ 116.777963, 34.011812 ], [ 116.744951, 34.013436 ], [ 116.74487, 34.018186 ], [ 116.701586, 34.01044 ], [ 116.655085, 34.019657 ], [ 116.593072, 34.022325 ], [ 116.588539, 34.043697 ], [ 116.575912, 34.054512 ], [ 116.562523, 34.077473 ], [ 116.559418, 34.093113 ], [ 116.546967, 34.102474 ], [ 116.528747, 34.106312 ], [ 116.522079, 34.117065 ], [ 116.530723, 34.152424 ], [ 116.540634, 34.162498 ], [ 116.556549, 34.168015 ], [ 116.564598, 34.179367 ], [ 116.560669, 34.194202 ], [ 116.541458, 34.212235 ], [ 116.536499, 34.223614 ], [ 116.538147, 34.23624 ], [ 116.569389, 34.264046 ], [ 116.574361, 34.277409 ], [ 116.561279, 34.285809 ], [ 116.497665, 34.297733 ], [ 116.484711, 34.292179 ], [ 116.460785, 34.272354 ], [ 116.450926, 34.271638 ], [ 116.44722, 34.287689 ], [ 116.439773, 34.293892 ], [ 116.413132, 34.276077 ], [ 116.383537, 34.280716 ], [ 116.364097, 34.272015 ], [ 116.358002, 34.273712 ], [ 116.367798, 34.295094 ], [ 116.357963, 34.317986 ], [ 116.296127, 34.343349 ], [ 116.278801, 34.36665 ], [ 116.264908, 34.374371 ], [ 116.230591, 34.376232 ], [ 116.208122, 34.383434 ], [ 116.20446, 34.391438 ], [ 116.211601, 34.396763 ], [ 116.210426, 34.404552 ], [ 116.199806, 34.41687 ], [ 116.180603, 34.428219 ], [ 116.173653, 34.431614 ], [ 116.169373, 34.445808 ], [ 116.154228, 34.466583 ], [ 116.175713, 34.509159 ], [ 116.194488, 34.516163 ], [ 116.185432, 34.536747 ], [ 116.191566, 34.563393 ], [ 116.185913, 34.579468 ], [ 116.203018, 34.581985 ], [ 116.211624, 34.576252 ], [ 116.220482, 34.561588 ], [ 116.232681, 34.552643 ], [ 116.240906, 34.553577 ], [ 116.251152, 34.567471 ], [ 116.248192, 34.573395 ], [ 116.257988, 34.582733 ], [ 116.275299, 34.582958 ], [ 116.276665, 34.593208 ], [ 116.27211, 34.605282 ], [ 116.293724, 34.605957 ], [ 116.295784, 34.600918 ], [ 116.312012, 34.597923 ], [ 116.322197, 34.606277 ], [ 116.323799, 34.612675 ], [ 116.319, 34.620674 ], [ 116.326035, 34.624516 ], [ 116.33403, 34.621635 ], [ 116.362511, 34.626755 ], [ 116.368698, 34.640724 ], [ 116.382599, 34.631943 ], [ 116.390297, 34.649498 ], [ 116.416023, 34.654308 ], [ 116.425888, 34.649498 ], [ 116.430458, 34.642525 ], [ 116.423965, 34.631943 ] ] ] ] } },
{ "type": "Feature", "properties": { "name": "合肥市", "gb": "156340100" }, "geometry": { "type": "MultiPolygon", "coordinates": [ [ [ [ 117.197464, 32.526409 ], [ 117.205835, 32.516572 ], [ 117.20281, 32.499148 ], [ 117.20624, 32.480165 ], [ 117.202265, 32.475084 ], [ 117.215728, 32.46255 ], [ 117.247336, 32.459571 ], [ 117.278506, 32.445214 ], [ 117.303361, 32.455433 ], [ 117.312153, 32.454814 ], [ 117.314873, 32.450895 ], [ 117.31144, 32.44564 ], [ 117.322924, 32.439163 ], [ 117.355753, 32.458426 ], [ 117.369717, 32.460707 ], [ 117.381354, 32.476092 ], [ 117.393274, 32.480454 ], [ 117.39335, 32.461822 ], [ 117.376858, 32.434188 ], [ 117.381723, 32.418648 ], [ 117.378849, 32.408766 ], [ 117.371904, 32.399356 ], [ 117.348847, 32.390019 ], [ 117.368195, 32.375828 ], [ 117.372153, 32.386568 ], [ 117.387664, 32.397507 ], [ 117.410465, 32.377653 ], [ 117.433565, 32.373597 ], [ 117.437112, 32.366592 ], [ 117.439222, 32.34082 ], [ 117.4281, 32.342921 ], [ 117.419374, 32.337185 ], [ 117.389649, 32.283411 ], [ 117.401054, 32.270897 ], [ 117.408748, 32.27339 ], [ 117.423243, 32.262116 ], [ 117.415178, 32.25025 ], [ 117.433109, 32.231282 ], [ 117.444281, 32.237897 ], [ 117.456725, 32.235469 ], [ 117.493431, 32.202818 ], [ 117.554727, 32.215215 ], [ 117.56806, 32.232559 ], [ 117.583428, 32.237051 ], [ 117.588858, 32.243273 ], [ 117.600478, 32.23998 ], [ 117.612954, 32.250939 ], [ 117.649536, 32.261974 ], [ 117.698087, 32.254977 ], [ 117.706094, 32.247391 ], [ 117.700836, 32.239402 ], [ 117.708173, 32.236606 ], [ 117.714408, 32.237607 ], [ 117.717726, 32.244327 ], [ 117.737628, 32.24968 ], [ 117.740895, 32.240832 ], [ 117.747431, 32.238017 ], [ 117.762984, 32.242084 ], [ 117.7723, 32.240163 ], [ 117.791814, 32.218096 ], [ 117.806059, 32.222957 ], [ 117.810624, 32.229619 ], [ 117.822208, 32.23062 ], [ 117.832246, 32.224203 ], [ 117.853366, 32.213354 ], [ 117.861536, 32.197307 ], [ 117.863531, 32.169701 ], [ 117.870355, 32.161395 ], [ 117.87019, 32.141675 ], [ 117.854247, 32.126943 ], [ 117.846094, 32.108091 ], [ 117.852607, 32.105019 ], [ 117.856925, 32.109874 ], [ 117.861919, 32.108867 ], [ 117.862452, 32.09962 ], [ 117.855704, 32.095893 ], [ 117.856266, 32.090215 ], [ 117.864875, 32.086228 ], [ 117.868786, 32.067939 ], [ 117.873881, 32.067415 ], [ 117.875609, 32.061278 ], [ 117.855462, 32.039251 ], [ 117.8303, 32.039284 ], [ 117.827774, 32.029898 ], [ 117.833334, 32.014746 ], [ 117.817558, 32.011967 ], [ 117.81145, 32.001857 ], [ 117.810851, 31.997735 ], [ 117.824327, 31.996861 ], [ 117.84127, 31.96466 ], [ 117.860864, 31.956284 ], [ 117.863638, 31.931713 ], [ 117.868211, 31.928927 ], [ 117.894057, 31.931581 ], [ 117.927166, 31.921503 ], [ 117.953245, 31.904248 ], [ 117.938656, 31.87596 ], [ 117.93374, 31.852951 ], [ 117.902965, 31.842159 ], [ 117.908729, 31.827961 ], [ 117.898702, 31.822756 ], [ 117.90002, 31.802806 ], [ 117.911103, 31.789388 ], [ 117.905265, 31.784992 ], [ 117.901204, 31.772674 ], [ 117.906375, 31.766439 ], [ 117.920709, 31.76186 ], [ 117.909395, 31.752821 ], [ 117.910868, 31.745695 ], [ 117.931674, 31.73285 ], [ 117.896389, 31.706398 ], [ 117.901839, 31.699157 ], [ 117.916145, 31.696788 ], [ 117.934564, 31.673801 ], [ 117.958404, 31.665291 ], [ 117.962863, 31.645401 ], [ 117.968631, 31.641101 ], [ 117.965907, 31.622459 ], [ 117.955134, 31.619121 ], [ 117.950316, 31.628493 ], [ 117.936133, 31.628674 ], [ 117.92641, 31.608387 ], [ 117.93116, 31.592089 ], [ 117.929806, 31.579814 ], [ 117.923116, 31.571259 ], [ 117.909342, 31.567725 ], [ 117.902125, 31.559041 ], [ 117.903179, 31.549572 ], [ 117.914206, 31.552032 ], [ 117.924238, 31.539622 ], [ 117.946028, 31.541158 ], [ 117.93392, 31.526849 ], [ 117.950091, 31.520729 ], [ 117.960247, 31.500972 ], [ 117.934381, 31.488968 ], [ 117.920862, 31.499455 ], [ 117.900683, 31.506915 ], [ 117.838052, 31.481989 ], [ 117.827401, 31.492235 ], [ 117.817807, 31.481368 ], [ 117.804586, 31.481152 ], [ 117.781871, 31.486052 ], [ 117.775729, 31.491924 ], [ 117.768669, 31.489268 ], [ 117.772405, 31.481763 ], [ 117.765245, 31.474623 ], [ 117.758009, 31.481624 ], [ 117.766961, 31.477645 ], [ 117.768699, 31.485509 ], [ 117.763766, 31.488522 ], [ 117.729726, 31.487235 ], [ 117.723005, 31.477174 ], [ 117.698159, 31.459815 ], [ 117.687366, 31.409514 ], [ 117.664596, 31.385726 ], [ 117.657131, 31.385997 ], [ 117.659317, 31.374985 ], [ 117.652283, 31.36379 ], [ 117.648342, 31.331956 ], [ 117.633639, 31.324597 ], [ 117.634518, 31.304347 ], [ 117.628688, 31.297891 ], [ 117.611624, 31.297378 ], [ 117.609838, 31.287646 ], [ 117.614089, 31.287696 ], [ 117.615428, 31.282254 ], [ 117.583119, 31.278344 ], [ 117.567678, 31.270154 ], [ 117.567514, 31.253928 ], [ 117.551367, 31.220059 ], [ 117.52978, 31.20936 ], [ 117.525475, 31.202674 ], [ 117.536564, 31.177772 ], [ 117.532016, 31.1748 ], [ 117.53465, 31.166491 ], [ 117.542164, 31.166688 ], [ 117.549732, 31.178071 ], [ 117.55442, 31.172556 ], [ 117.556313, 31.153344 ], [ 117.523837, 31.144463 ], [ 117.524884, 31.11426 ], [ 117.521375, 31.109975 ], [ 117.512384, 31.112825 ], [ 117.511435, 31.108188 ], [ 117.524299, 31.098273 ], [ 117.525987, 31.085206 ], [ 117.512071, 31.050368 ], [ 117.48753, 31.049166 ], [ 117.475236, 31.040949 ], [ 117.486195, 31.033357 ], [ 117.489462, 31.021647 ], [ 117.502272, 31.004941 ], [ 117.44493, 30.987439 ], [ 117.440335, 30.977222 ], [ 117.416931, 30.979027 ], [ 117.382862, 30.968632 ], [ 117.378079, 30.965787 ], [ 117.376616, 30.952607 ], [ 117.367845, 30.953809 ], [ 117.362871, 30.972425 ], [ 117.3493, 30.993308 ], [ 117.326644, 30.990449 ], [ 117.313637, 30.994182 ], [ 117.303371, 31.003767 ], [ 117.293605, 30.987169 ], [ 117.272818, 30.986908 ], [ 117.253369, 31.008409 ], [ 117.224756, 31.024388 ], [ 117.211297, 31.050927 ], [ 117.183668, 31.072346 ], [ 117.173259, 31.087846 ], [ 117.16819, 31.09109 ], [ 117.152511, 31.073518 ], [ 117.144829, 31.077556 ], [ 117.136302, 31.072616 ], [ 117.113678, 31.083423 ], [ 117.118578, 31.103626 ], [ 117.113204, 31.124716 ], [ 117.12034, 31.144748 ], [ 117.090089, 31.200366 ], [ 117.087407, 31.212059 ], [ 117.076747, 31.220427 ], [ 117.077514, 31.243284 ], [ 117.068583, 31.244786 ], [ 117.061007, 31.237882 ], [ 117.046023, 31.237731 ], [ 117.037473, 31.261659 ], [ 117.028455, 31.260118 ], [ 117.043198, 31.273083 ], [ 117.038913, 31.285079 ], [ 117.042077, 31.291422 ], [ 117.062419, 31.290081 ], [ 117.069507, 31.311355 ], [ 117.063084, 31.316011 ], [ 117.062781, 31.32482 ], [ 117.0731, 31.344628 ], [ 117.069579, 31.365322 ], [ 117.083793, 31.393722 ], [ 117.086029, 31.411143 ], [ 117.141209, 31.484926 ], [ 117.183653, 31.493994 ], [ 117.228616, 31.491745 ], [ 117.249638, 31.503378 ], [ 117.234836, 31.511033 ], [ 117.235709, 31.524245 ], [ 117.222029, 31.547169 ], [ 117.212453, 31.542352 ], [ 117.188318, 31.554543 ], [ 117.151879, 31.547674 ], [ 117.136889, 31.556986 ], [ 117.12138, 31.545399 ], [ 117.105965, 31.544503 ], [ 117.077036, 31.554694 ], [ 117.065312, 31.554825 ], [ 117.057236, 31.551331 ], [ 117.045958, 31.537462 ], [ 117.017239, 31.548985 ], [ 117.000699, 31.550297 ], [ 116.998077, 31.560709 ], [ 116.989066, 31.562694 ], [ 116.982982, 31.559788 ], [ 116.987398, 31.545954 ], [ 116.985384, 31.539896 ], [ 116.972923, 31.538107 ], [ 116.96983, 31.541873 ], [ 116.903287, 31.534073 ], [ 116.894347, 31.539126 ], [ 116.873692, 31.537502 ], [ 116.840399, 31.52482 ], [ 116.835589, 31.528843 ], [ 116.827281, 31.52201 ], [ 116.818649, 31.523326 ], [ 116.798481, 31.54172 ], [ 116.788678, 31.543154 ], [ 116.782065, 31.557811 ], [ 116.773454, 31.558089 ], [ 116.759161, 31.574059 ], [ 116.762585, 31.588643 ], [ 116.759623, 31.639548 ], [ 116.749869, 31.645054 ], [ 116.75, 31.650084 ], [ 116.752806, 31.6583 ], [ 116.763739, 31.664992 ], [ 116.754594, 31.688305 ], [ 116.759757, 31.711473 ], [ 116.768042, 31.713723 ], [ 116.76339, 31.717645 ], [ 116.740235, 31.717127 ], [ 116.742984, 31.724858 ], [ 116.758815, 31.730444 ], [ 116.756435, 31.738607 ], [ 116.7477, 31.742749 ], [ 116.759817, 31.761753 ], [ 116.759669, 31.768255 ], [ 116.751256, 31.774327 ], [ 116.743714, 31.770346 ], [ 116.732144, 31.771551 ], [ 116.724, 31.782843 ], [ 116.712774, 31.781374 ], [ 116.708196, 31.796179 ], [ 116.683581, 31.819363 ], [ 116.685118, 31.825059 ], [ 116.688699, 31.820761 ], [ 116.697852, 31.822859 ], [ 116.694257, 31.824161 ], [ 116.697294, 31.830857 ], [ 116.714785, 31.840864 ], [ 116.729097, 31.84319 ], [ 116.736423, 31.853997 ], [ 116.733673, 31.864708 ], [ 116.728289, 31.8595 ], [ 116.718945, 31.859547 ], [ 116.71649, 31.878042 ], [ 116.711248, 31.879214 ], [ 116.709418, 31.886241 ], [ 116.725461, 31.883083 ], [ 116.72516, 31.894109 ], [ 116.732219, 31.895706 ], [ 116.742394, 31.887997 ], [ 116.746241, 31.889217 ], [ 116.750264, 31.891852 ], [ 116.743158, 31.898602 ], [ 116.757256, 31.907037 ], [ 116.76568, 31.902861 ], [ 116.772439, 31.917551 ], [ 116.787679, 31.924157 ], [ 116.811006, 31.920498 ], [ 116.820072, 31.931155 ], [ 116.838724, 31.942523 ], [ 116.846038, 31.956654 ], [ 116.850982, 31.954797 ], [ 116.852608, 31.961901 ], [ 116.868203, 31.971063 ], [ 116.916599, 31.97883 ], [ 116.929777, 31.993232 ], [ 116.91743, 32.014768 ], [ 116.926998, 32.024116 ], [ 116.943768, 32.024724 ], [ 116.950842, 32.018433 ], [ 116.994192, 32.011946 ], [ 116.999884, 32.007202 ], [ 116.990626, 31.995721 ], [ 117.001505, 31.9917 ], [ 117.022364, 31.995744 ], [ 117.028955, 32.00494 ], [ 117.02283, 32.011822 ], [ 117.044864, 32.040889 ], [ 117.038197, 32.056547 ], [ 117.021921, 32.066185 ], [ 117.023758, 32.079714 ], [ 117.013526, 32.090311 ], [ 117.017864, 32.104016 ], [ 117.004614, 32.114383 ], [ 116.988777, 32.117944 ], [ 116.985196, 32.125407 ], [ 116.978097, 32.12468 ], [ 116.97719, 32.137125 ], [ 116.981519, 32.143719 ], [ 116.974889, 32.158838 ], [ 116.983808, 32.16358 ], [ 116.991824, 32.155418 ], [ 117.012296, 32.164428 ], [ 117.02292, 32.188079 ], [ 117.016679, 32.196136 ], [ 117.004352, 32.201348 ], [ 116.997681, 32.21164 ], [ 116.998094, 32.218797 ], [ 117.037349, 32.223521 ], [ 117.060973, 32.237871 ], [ 117.056347, 32.249321 ], [ 117.069156, 32.265413 ], [ 117.059487, 32.283619 ], [ 117.031772, 32.281752 ], [ 117.03858, 32.314716 ], [ 117.052486, 32.332801 ], [ 117.042357, 32.339737 ], [ 117.039017, 32.332187 ], [ 117.030554, 32.33949 ], [ 117.036936, 32.357044 ], [ 117.038502, 32.384682 ], [ 117.008271, 32.382663 ], [ 117.000612, 32.388924 ], [ 116.99779, 32.393599 ], [ 117.003545, 32.406463 ], [ 117.024991, 32.417835 ], [ 117.033902, 32.417722 ], [ 117.042882, 32.43234 ], [ 117.046166, 32.449439 ], [ 117.061293, 32.458565 ], [ 117.068045, 32.468681 ], [ 117.064776, 32.490394 ], [ 117.076292, 32.51731 ], [ 117.076758, 32.522148 ], [ 117.069067, 32.522546 ], [ 117.073531, 32.530091 ], [ 117.089835, 32.535186 ], [ 117.134221, 32.522887 ], [ 117.164539, 32.540359 ], [ 117.196434, 32.538424 ], [ 117.197464, 32.526409 ] ] ] ] } }
]
}
